Blender 4.3.2
Fra:1 Mem:27.36M (Peak 27.36M) | Time:00:00.00 | Mem:0.00M, Peak:0.00M | Scene, ViewLayer | Synchronizing object | Plane
Fra:1 Mem:27.36M (Peak 27.36M) | Time:00:00.00 | Mem:0.00M, Peak:0.00M | Scene, ViewLayer | Synchronizing object | Text
Fra:1 Mem:27.45M (Peak 27.45M) | Time:00:00.00 | Mem:0.00M, Peak:0.00M | Scene, ViewLayer | Synchronizing object | Text.001
Fra:1 Mem:27.51M (Peak 27.51M) | Time:00:00.00 | Mem:0.00M, Peak:0.00M | Scene, ViewLayer | Synchronizing object | Text.002
Fra:1 Mem:27.58M (Peak 27.58M) | Time:00:00.00 | Mem:0.00M, Peak:0.00M | Scene, ViewLayer | Synchronizing object | Breastplate
Fra:1 Mem:27.62M (Peak 27.62M) | Time:00:00.00 | Mem:0.00M, Peak:0.00M | Scene, ViewLayer | Synchronizing object | Belt
Fra:1 Mem:27.65M (Peak 27.65M) | Time:00:00.00 | Mem:0.00M, Peak:0.00M | Scene, ViewLayer | Synchronizing object | Buckle
Fra:1 Mem:27.68M (Peak 27.68M) | Time:00:00.00 | Mem:0.00M, Peak:0.00M | Scene, ViewLayer | Synchronizing object | Sleeve
Fra:1 Mem:27.72M (Peak 27.72M) | Time:00:00.00 | Mem:0.00M, Peak:0.00M | Scene, ViewLayer | Synchronizing object | Glove
Fra:1 Mem:27.76M (Peak 27.76M) | Time:00:00.00 | Mem:0.00M, Peak:0.00M | Scene, ViewLayer | Synchronizing object | Orb
Fra:1 Mem:27.79M (Peak 27.79M) | Time:00:00.01 | Mem:0.00M, Peak:0.00M | Scene, ViewLayer | Synchronizing object | Forearm Bracer
Fra:1 Mem:27.83M (Peak 27.83M) | Time:00:00.01 | Mem:0.00M, Peak:0.00M | Scene, ViewLayer | Synchronizing object | Cuff Trim
Fra:1 Mem:27.84M (Peak 27.84M) | Time:00:00.01 | Mem:0.00M, Peak:0.00M | Scene, ViewLayer | Synchronizing object | Sleeve.001
Fra:1 Mem:27.88M (Peak 27.88M) | Time:00:00.01 | Mem:0.00M, Peak:0.00M | Scene, ViewLayer | Synchronizing object | Glove.001
Fra:1 Mem:27.92M (Peak 27.92M) | Time:00:00.01 | Mem:0.00M, Peak:0.00M | Scene, ViewLayer | Synchronizing object | Forearm Bracer.001
Fra:1 Mem:27.96M (Peak 27.96M) | Time:00:00.01 | Mem:0.00M, Peak:0.00M | Scene, ViewLayer | Synchronizing object | Cuff Trim.001
Fra:1 Mem:27.97M (Peak 27.97M) | Time:00:00.01 | Mem:0.00M, Peak:0.00M | Scene, ViewLayer | Synchronizing object | Staff
Fra:1 Mem:27.98M (Peak 27.98M) | Time:00:00.01 | Mem:0.00M, Peak:0.00M | Scene, ViewLayer | Synchronizing object | Staff Gold
Fra:1 Mem:28.01M (Peak 28.01M) | Time:00:00.01 | Mem:0.00M, Peak:0.00M | Scene, ViewLayer | Synchronizing object | Arcane Crystal
Fra:1 Mem:28.04M (Peak 28.04M) | Time:00:00.01 | Mem:0.00M, Peak:0.00M | Scene, ViewLayer | Synchronizing object | Staff Crystal Crown
Fra:1 Mem:28.06M (Peak 28.06M) | Time:00:00.01 | Mem:0.00M, Peak:0.00M | Scene, ViewLayer | Synchronizing object | Staff Crystal Crown.001
Fra:1 Mem:28.07M (Peak 28.07M) | Time:00:00.01 | Mem:0.00M, Peak:0.00M | Scene, ViewLayer | Synchronizing object | Tailored Cloak
Fra:1 Mem:28.09M (Peak 28.09M) | Time:00:00.01 | Mem:0.00M, Peak:0.00M | Scene, ViewLayer | Synchronizing object | Collar
Fra:1 Mem:28.10M (Peak 28.10M) | Time:00:00.01 | Mem:0.00M, Peak:0.00M | Scene, ViewLayer | Synchronizing object | Layered Robe
Fra:1 Mem:28.10M (Peak 28.10M) | Time:00:00.01 | Mem:0.00M, Peak:0.00M | Scene, ViewLayer | Synchronizing object | Embroidered Stole
Fra:1 Mem:28.13M (Peak 28.13M) | Time:00:00.01 | Mem:0.00M, Peak:0.00M | Scene, ViewLayer | Synchronizing object | Robe Hem
Fra:1 Mem:28.16M (Peak 28.16M) | Time:00:00.01 | Mem:0.00M, Peak:0.00M | Scene, ViewLayer | Synchronizing object | Embroidered Stole.001
Fra:1 Mem:28.19M (Peak 28.19M) | Time:00:00.01 | Mem:0.00M, Peak:0.00M | Scene, ViewLayer | Synchronizing object | Robe Hem.001
Fra:1 Mem:28.22M (Peak 28.22M) | Time:00:00.01 | Mem:0.00M, Peak:0.00M | Scene, ViewLayer | Synchronizing object | Arcane Brooch
Fra:1 Mem:28.26M (Peak 28.26M) | Time:00:00.01 | Mem:0.00M, Peak:0.00M | Scene, ViewLayer | Synchronizing object | Head
Fra:1 Mem:28.29M (Peak 28.29M) | Time:00:00.01 | Mem:0.00M, Peak:0.00M | Scene, ViewLayer | Synchronizing object | Eyes L
Fra:1 Mem:28.32M (Peak 28.32M) | Time:00:00.01 | Mem:0.00M, Peak:0.00M | Scene, ViewLayer | Synchronizing object | Eyes R
Fra:1 Mem:28.36M (Peak 28.36M) | Time:00:00.01 | Mem:0.00M, Peak:0.00M | Scene, ViewLayer | Synchronizing object | Hat Brim
Fra:1 Mem:28.37M (Peak 28.37M) | Time:00:00.01 | Mem:0.00M, Peak:0.00M | Scene, ViewLayer | Synchronizing object | Hat Gem
Fra:1 Mem:28.40M (Peak 28.40M) | Time:00:00.01 | Mem:0.00M, Peak:0.00M | Scene, ViewLayer | Synchronizing object | Hair Side Lock
Fra:1 Mem:28.44M (Peak 28.44M) | Time:00:00.01 | Mem:0.00M, Peak:0.00M | Scene, ViewLayer | Synchronizing object | Ear
Fra:1 Mem:28.48M (Peak 28.48M) | Time:00:00.01 | Mem:0.00M, Peak:0.00M | Scene, ViewLayer | Synchronizing object | Hair Side Lock.001
Fra:1 Mem:28.51M (Peak 28.51M) | Time:00:00.01 | Mem:0.00M, Peak:0.00M | Scene, ViewLayer | Synchronizing object | Ear.001
Fra:1 Mem:28.55M (Peak 28.55M) | Time:00:00.01 | Mem:0.00M, Peak:0.00M | Scene, ViewLayer | Synchronizing object | Nose
Fra:1 Mem:28.58M (Peak 28.58M) | Time:00:00.01 | Mem:0.00M, Peak:0.00M | Scene, ViewLayer | Synchronizing object | Pointed Wizard Hat
Fra:1 Mem:28.59M (Peak 28.59M) | Time:00:00.01 | Mem:0.00M, Peak:0.00M | Scene, ViewLayer | Synchronizing object | Scholar rear high collar
Fra:1 Mem:28.62M (Peak 28.62M) | Time:00:00.01 | Mem:0.00M, Peak:0.00M | Scene, ViewLayer | Synchronizing object | Scholar rear high collar.001
Fra:1 Mem:28.65M (Peak 28.65M) | Time:00:00.01 | Mem:0.00M, Peak:0.00M | Scene, ViewLayer | Synchronizing object | Long robe front panel
Fra:1 Mem:28.68M (Peak 28.68M) | Time:00:00.01 | Mem:0.00M, Peak:0.00M | Scene, ViewLayer | Synchronizing object | Long robe front panel.001
Fra:1 Mem:28.71M (Peak 28.71M) | Time:00:00.01 | Mem:0.00M, Peak:0.00M | Scene, ViewLayer | Synchronizing object | Trouser
Fra:1 Mem:28.74M (Peak 28.74M) | Time:00:00.01 | Mem:0.00M, Peak:0.00M | Scene, ViewLayer | Synchronizing object | Boot
Fra:1 Mem:28.76M (Peak 28.76M) | Time:00:00.01 | Mem:0.00M, Peak:0.00M | Scene, ViewLayer | Synchronizing object | Shin Guard
Fra:1 Mem:28.80M (Peak 28.80M) | Time:00:00.01 | Mem:0.00M, Peak:0.00M | Scene, ViewLayer | Synchronizing object | Knee Guard
Fra:1 Mem:28.83M (Peak 28.83M) | Time:00:00.01 | Mem:0.00M, Peak:0.00M | Scene, ViewLayer | Synchronizing object | Trouser.001
Fra:1 Mem:28.87M (Peak 28.87M) | Time:00:00.01 | Mem:0.00M, Peak:0.00M | Scene, ViewLayer | Synchronizing object | Boot.001
Fra:1 Mem:28.89M (Peak 28.89M) | Time:00:00.01 | Mem:0.00M, Peak:0.00M | Scene, ViewLayer | Synchronizing object | Shin Guard.001
Fra:1 Mem:28.93M (Peak 28.93M) | Time:00:00.01 | Mem:0.00M, Peak:0.00M | Scene, ViewLayer | Synchronizing object | Knee Guard.001
Fra:1 Mem:28.96M (Peak 28.96M) | Time:00:00.01 | Mem:0.00M, Peak:0.00M | Scene, ViewLayer | Synchronizing object | Breastplate.001
Fra:1 Mem:29.00M (Peak 29.00M) | Time:00:00.01 | Mem:0.00M, Peak:0.00M | Scene, ViewLayer | Synchronizing object | Belt.001
Fra:1 Mem:29.03M (Peak 29.03M) | Time:00:00.01 | Mem:0.00M, Peak:0.00M | Scene, ViewLayer | Synchronizing object | Buckle.001
Fra:1 Mem:29.06M (Peak 29.06M) | Time:00:00.01 | Mem:0.00M, Peak:0.00M | Scene, ViewLayer | Synchronizing object | Sleeve.002
Fra:1 Mem:29.10M (Peak 29.10M) | Time:00:00.01 | Mem:0.00M, Peak:0.00M | Scene, ViewLayer | Synchronizing object | Glove.002
Fra:1 Mem:29.14M (Peak 29.14M) | Time:00:00.01 | Mem:0.00M, Peak:0.00M | Scene, ViewLayer | Synchronizing object | Orb.001
Fra:1 Mem:29.18M (Peak 29.18M) | Time:00:00.01 | Mem:0.00M, Peak:0.00M | Scene, ViewLayer | Synchronizing object | Forearm Bracer.002
Fra:1 Mem:29.22M (Peak 29.22M) | Time:00:00.01 | Mem:0.00M, Peak:0.00M | Scene, ViewLayer | Synchronizing object | Cuff Trim.002
Fra:1 Mem:29.24M (Peak 29.24M) | Time:00:00.01 | Mem:0.00M, Peak:0.00M | Scene, ViewLayer | Synchronizing object | Tailored shoulder mantle
Fra:1 Mem:29.27M (Peak 29.27M) | Time:00:00.01 | Mem:0.00M, Peak:0.00M | Scene, ViewLayer | Synchronizing object | Sleeve.003
Fra:1 Mem:29.29M (Peak 29.29M) | Time:00:00.01 | Mem:0.00M, Peak:0.00M | Scene, ViewLayer | Synchronizing object | Knee Guard.005
Fra:1 Mem:29.34M (Peak 29.34M) | Time:00:00.01 | Mem:0.00M, Peak:0.00M | Scene, ViewLayer | Synchronizing object | Glove.003
Fra:1 Mem:29.37M (Peak 29.37M) | Time:00:00.01 | Mem:0.00M, Peak:0.00M | Scene, ViewLayer | Synchronizing object | Shin Guard.005
Fra:1 Mem:29.41M (Peak 29.41M) | Time:00:00.01 | Mem:0.00M, Peak:0.00M | Scene, ViewLayer | Synchronizing object | Forearm Bracer.003
Fra:1 Mem:29.44M (Peak 29.44M) | Time:00:00.01 | Mem:0.00M, Peak:0.00M | Scene, ViewLayer | Synchronizing object | Boot.005
Fra:1 Mem:29.47M (Peak 29.47M) | Time:00:00.01 | Mem:0.00M, Peak:0.00M | Scene, ViewLayer | Synchronizing object | Trouser.005
Fra:1 Mem:29.49M (Peak 29.49M) | Time:00:00.01 | Mem:0.00M, Peak:0.00M | Scene, ViewLayer | Synchronizing object | Cuff Trim.003
Fra:1 Mem:29.51M (Peak 29.51M) | Time:00:00.01 | Mem:0.00M, Peak:0.00M | Scene, ViewLayer | Synchronizing object | Inlaid staff
Fra:1 Mem:29.53M (Peak 29.53M) | Time:00:00.01 | Mem:0.00M, Peak:0.00M | Scene, ViewLayer | Synchronizing object | Knee Guard.004
Fra:1 Mem:29.54M (Peak 29.54M) | Time:00:00.01 | Mem:0.00M, Peak:0.00M | Scene, ViewLayer | Synchronizing object | Staff collar
Fra:1 Mem:29.57M (Peak 29.57M) | Time:00:00.01 | Mem:0.00M, Peak:0.00M | Scene, ViewLayer | Synchronizing object | Focus crystal
Fra:1 Mem:29.59M (Peak 29.59M) | Time:00:00.01 | Mem:0.00M, Peak:0.00M | Scene, ViewLayer | Synchronizing object | Shin Guard.004
Fra:1 Mem:29.62M (Peak 29.62M) | Time:00:00.01 | Mem:0.00M, Peak:0.00M | Scene, ViewLayer | Synchronizing object | Tailored shoulder mantle.001
Fra:1 Mem:29.66M (Peak 29.66M) | Time:00:00.01 | Mem:0.00M, Peak:0.00M | Scene, ViewLayer | Synchronizing object | Boot.004
Fra:1 Mem:29.68M (Peak 29.68M) | Time:00:00.01 | Mem:0.00M, Peak:0.00M | Scene, ViewLayer | Synchronizing object | Tailored Cloak.001
Fra:1 Mem:29.69M (Peak 29.69M) | Time:00:00.01 | Mem:0.00M, Peak:0.00M | Scene, ViewLayer | Synchronizing object | Trouser.004
Fra:1 Mem:29.73M (Peak 29.73M) | Time:00:00.01 | Mem:0.00M, Peak:0.00M | Scene, ViewLayer | Synchronizing object | Collar.001
Fra:1 Mem:29.74M (Peak 29.74M) | Time:00:00.01 | Mem:0.00M, Peak:0.00M | Scene, ViewLayer | Synchronizing object | Head.001
Fra:1 Mem:29.76M (Peak 29.76M) | Time:00:00.01 | Mem:0.00M, Peak:0.00M | Scene, ViewLayer | Synchronizing object | Arch scholar under-robe hem
Fra:1 Mem:29.81M (Peak 29.81M) | Time:00:00.01 | Mem:0.00M, Peak:0.00M | Scene, ViewLayer | Synchronizing object | Scholar orbit yoke
Fra:1 Mem:29.81M (Peak 29.81M) | Time:00:00.01 | Mem:0.00M, Peak:0.00M | Scene, ViewLayer | Synchronizing object | Eyes L.001
Fra:1 Mem:29.88M (Peak 29.88M) | Time:00:00.01 | Mem:0.00M, Peak:0.00M | Scene, ViewLayer | Synchronizing object | Eyes R.001
Fra:1 Mem:29.92M (Peak 29.92M) | Time:00:00.01 | Mem:0.00M, Peak:0.00M | Scene, ViewLayer | Synchronizing object | Arch scholar star ray.001
Fra:1 Mem:29.95M (Peak 29.95M) | Time:00:00.01 | Mem:0.00M, Peak:0.00M | Scene, ViewLayer | Synchronizing object | Hat Brim.001
Fra:1 Mem:29.96M (Peak 29.96M) | Time:00:00.01 | Mem:0.00M, Peak:0.00M | Scene, ViewLayer | Synchronizing object | Split scholar rear stole.001
Fra:1 Mem:29.99M (Peak 29.99M) | Time:00:00.01 | Mem:0.00M, Peak:0.00M | Scene, ViewLayer | Synchronizing object | Hat Gem.001
Fra:1 Mem:30.03M (Peak 30.03M) | Time:00:00.01 | Mem:0.00M, Peak:0.00M | Scene, ViewLayer | Synchronizing object | Raised scholar collar.001
Fra:1 Mem:30.06M (Peak 30.06M) | Time:00:00.01 | Mem:0.00M, Peak:0.00M | Scene, ViewLayer | Synchronizing object | Hair Side Lock.002
Fra:1 Mem:30.08M (Peak 30.08M) | Time:00:00.01 | Mem:0.00M, Peak:0.00M | Scene, ViewLayer | Synchronizing object | Scholar split side lining.003
Fra:1 Mem:30.13M (Peak 30.13M) | Time:00:00.01 | Mem:0.00M, Peak:0.00M | Scene, ViewLayer | Synchronizing object | Arch scholar star ray
Fra:1 Mem:30.14M (Peak 30.14M) | Time:00:00.01 | Mem:0.00M, Peak:0.00M | Scene, ViewLayer | Synchronizing object | Ear.002
Fra:1 Mem:30.19M (Peak 30.19M) | Time:00:00.01 | Mem:0.00M, Peak:0.00M | Scene, ViewLayer | Synchronizing object | Split scholar rear stole
Fra:1 Mem:30.22M (Peak 30.22M) | Time:00:00.01 | Mem:0.00M, Peak:0.00M | Scene, ViewLayer | Synchronizing object | Hair Side Lock.003
Fra:1 Mem:30.25M (Peak 30.25M) | Time:00:00.01 | Mem:0.00M, Peak:0.00M | Scene, ViewLayer | Synchronizing object | Raised scholar collar
Fra:1 Mem:30.29M (Peak 30.29M) | Time:00:00.01 | Mem:0.00M, Peak:0.00M | Scene, ViewLayer | Synchronizing object | Ear.003
Fra:1 Mem:30.29M (Peak 30.29M) | Time:00:00.01 | Mem:0.00M, Peak:0.00M | Scene, ViewLayer | Synchronizing object | Scholar split side lining.002
Fra:1 Mem:30.35M (Peak 30.35M) | Time:00:00.01 | Mem:0.00M, Peak:0.00M | Scene, ViewLayer | Synchronizing object | Costume fastening.001
Fra:1 Mem:30.37M (Peak 30.37M) | Time:00:00.01 | Mem:0.00M, Peak:0.00M | Scene, ViewLayer | Synchronizing object | Nose.001
Fra:1 Mem:30.41M (Peak 30.41M) | Time:00:00.01 | Mem:0.00M, Peak:0.00M | Scene, ViewLayer | Synchronizing object | Robe metal seam.003
Fra:1 Mem:30.44M (Peak 30.44M) | Time:00:00.01 | Mem:0.00M, Peak:0.00M | Scene, ViewLayer | Synchronizing object | Pointed Wizard Hat.001
Fra:1 Mem:30.45M (Peak 30.45M) | Time:00:00.01 | Mem:0.00M, Peak:0.00M | Scene, ViewLayer | Synchronizing object | Scholar rear high collar.002
Fra:1 Mem:30.47M (Peak 30.47M) | Time:00:00.01 | Mem:0.00M, Peak:0.00M | Scene, ViewLayer | Synchronizing object | Embroidered robe panel.003
Fra:1 Mem:30.52M (Peak 30.52M) | Time:00:00.01 | Mem:0.00M, Peak:0.00M | Scene, ViewLayer | Synchronizing object | Scholar rear high collar.003
Fra:1 Mem:30.53M (Peak 30.53M) | Time:00:00.01 | Mem:0.00M, Peak:0.00M | Scene, ViewLayer | Synchronizing object | Robe metal seam.002
Fra:1 Mem:30.56M (Peak 30.56M) | Time:00:00.01 | Mem:0.00M, Peak:0.00M | Scene, ViewLayer | Synchronizing object | Equipped robe skirt
Fra:1 Mem:30.56M (Peak 30.56M) | Time:00:00.01 | Mem:0.00M, Peak:0.00M | Scene, ViewLayer | Synchronizing object | Embroidered robe panel
Fra:1 Mem:30.59M (Peak 30.59M) | Time:00:00.01 | Mem:0.00M, Peak:0.00M | Scene, ViewLayer | Synchronizing object | Robe metal seam
Fra:1 Mem:30.62M (Peak 30.62M) | Time:00:00.01 | Mem:0.00M, Peak:0.00M | Scene, ViewLayer | Synchronizing object | Embroidered robe panel.001
Fra:1 Mem:30.66M (Peak 30.66M) | Time:00:00.01 | Mem:0.00M, Peak:0.00M | Scene, ViewLayer | Synchronizing object | Robe metal seam.001
Fra:1 Mem:30.69M (Peak 30.69M) | Time:00:00.01 | Mem:0.00M, Peak:0.00M | Scene, ViewLayer | Synchronizing object | Embroidered robe panel.002
Fra:1 Mem:30.72M (Peak 30.72M) | Time:00:00.01 | Mem:0.00M, Peak:0.00M | Scene, ViewLayer | Synchronizing object | Costume fastening
Fra:1 Mem:30.74M (Peak 30.74M) | Time:00:00.01 | Mem:0.00M, Peak:0.00M | Scene, ViewLayer | Synchronizing object | Equipped robe skirt.001
Fra:1 Mem:30.76M (Peak 30.76M) | Time:00:00.01 | Mem:0.00M, Peak:0.00M | Scene, ViewLayer | Synchronizing object | Scholar rear high collar.005
Fra:1 Mem:30.79M (Peak 30.79M) | Time:00:00.01 | Mem:0.00M, Peak:0.00M | Scene, ViewLayer | Synchronizing object | Scholar split side lining
Fra:1 Mem:30.81M (Peak 30.81M) | Time:00:00.01 | Mem:0.00M, Peak:0.00M | Scene, ViewLayer | Synchronizing object | Scholar rear high collar.004
Fra:1 Mem:30.84M (Peak 30.84M) | Time:00:00.01 | Mem:0.00M, Peak:0.00M | Scene, ViewLayer | Synchronizing object | Pointed Wizard Hat.002
Fra:1 Mem:30.85M (Peak 30.85M) | Time:00:00.01 | Mem:0.00M, Peak:0.00M | Scene, ViewLayer | Synchronizing object | Nose.002
Fra:1 Mem:30.90M (Peak 30.90M) | Time:00:00.01 | Mem:0.00M, Peak:0.00M | Scene, ViewLayer | Synchronizing object | Ear.005
Fra:1 Mem:30.92M (Peak 30.92M) | Time:00:00.01 | Mem:0.00M, Peak:0.00M | Scene, ViewLayer | Synchronizing object | Scholar split side lining.001
Fra:1 Mem:30.96M (Peak 30.96M) | Time:00:00.01 | Mem:0.00M, Peak:0.00M | Scene, ViewLayer | Synchronizing object | Trouser.002
Fra:1 Mem:31.00M (Peak 31.00M) | Time:00:00.01 | Mem:0.00M, Peak:0.00M | Scene, ViewLayer | Synchronizing object | Boot.002
Fra:1 Mem:31.01M (Peak 31.01M) | Time:00:00.01 | Mem:0.00M, Peak:0.00M | Scene, ViewLayer | Synchronizing object | Shin Guard.002
Fra:1 Mem:31.05M (Peak 31.05M) | Time:00:00.01 | Mem:0.00M, Peak:0.00M | Scene, ViewLayer | Synchronizing object | Knee Guard.002
Fra:1 Mem:31.09M (Peak 31.09M) | Time:00:00.01 | Mem:0.00M, Peak:0.00M | Scene, ViewLayer | Synchronizing object | Trouser.003
Fra:1 Mem:31.12M (Peak 31.12M) | Time:00:00.01 | Mem:0.00M, Peak:0.00M | Scene, ViewLayer | Synchronizing object | Boot.003
Fra:1 Mem:31.14M (Peak 31.14M) | Time:00:00.01 | Mem:0.00M, Peak:0.00M | Scene, ViewLayer | Synchronizing object | Shin Guard.003
Fra:1 Mem:31.18M (Peak 31.18M) | Time:00:00.01 | Mem:0.00M, Peak:0.00M | Scene, ViewLayer | Synchronizing object | Knee Guard.003
Fra:1 Mem:31.21M (Peak 31.21M) | Time:00:00.01 | Mem:0.00M, Peak:0.00M | Scene, ViewLayer | Synchronizing object | Breastplate.002
Fra:1 Mem:31.25M (Peak 31.25M) | Time:00:00.01 | Mem:0.00M, Peak:0.00M | Scene, ViewLayer | Synchronizing object | Belt.002
Fra:1 Mem:31.28M (Peak 31.28M) | Time:00:00.01 | Mem:0.00M, Peak:0.00M | Scene, ViewLayer | Synchronizing object | Buckle.002
Fra:1 Mem:31.31M (Peak 31.31M) | Time:00:00.01 | Mem:0.00M, Peak:0.00M | Scene, ViewLayer | Synchronizing object | Sleeve.004
Fra:1 Mem:31.35M (Peak 31.35M) | Time:00:00.01 | Mem:0.00M, Peak:0.00M | Scene, ViewLayer | Synchronizing object | Glove.004
Fra:1 Mem:31.38M (Peak 31.38M) | Time:00:00.01 | Mem:0.00M, Peak:0.00M | Scene, ViewLayer | Synchronizing object | Orb.002
Fra:1 Mem:31.42M (Peak 31.42M) | Time:00:00.01 | Mem:0.00M, Peak:0.00M | Scene, ViewLayer | Synchronizing object | Forearm Bracer.004
Fra:1 Mem:31.45M (Peak 31.45M) | Time:00:00.01 | Mem:0.00M, Peak:0.00M | Scene, ViewLayer | Synchronizing object | Cuff Trim.004
Fra:1 Mem:31.47M (Peak 31.47M) | Time:00:00.01 | Mem:0.00M, Peak:0.00M | Scene, ViewLayer | Synchronizing object | Tailored shoulder mantle.002
Fra:1 Mem:31.50M (Peak 31.50M) | Time:00:00.01 | Mem:0.00M, Peak:0.00M | Scene, ViewLayer | Synchronizing object | Sleeve.005
Fra:1 Mem:31.53M (Peak 31.53M) | Time:00:00.01 | Mem:0.00M, Peak:0.00M | Scene, ViewLayer | Synchronizing object | Glove.005
Fra:1 Mem:31.57M (Peak 31.57M) | Time:00:00.01 | Mem:0.00M, Peak:0.00M | Scene, ViewLayer | Synchronizing object | Forearm Bracer.005
Fra:1 Mem:31.61M (Peak 31.61M) | Time:00:00.01 | Mem:0.00M, Peak:0.00M | Scene, ViewLayer | Synchronizing object | Cuff Trim.005
Fra:1 Mem:31.62M (Peak 31.62M) | Time:00:00.01 | Mem:0.00M, Peak:0.00M | Scene, ViewLayer | Synchronizing object | Inlaid staff.001
Fra:1 Mem:31.63M (Peak 31.63M) | Time:00:00.01 | Mem:0.00M, Peak:0.00M | Scene, ViewLayer | Synchronizing object | Staff collar.001
Fra:1 Mem:31.64M (Peak 31.64M) | Time:00:00.01 | Mem:0.00M, Peak:0.00M | Scene, ViewLayer | Synchronizing object | Hair Side Lock.005
Fra:1 Mem:31.67M (Peak 31.67M) | Time:00:00.01 | Mem:0.00M, Peak:0.00M | Scene, ViewLayer | Synchronizing object | Focus crystal.001
Fra:1 Mem:31.70M (Peak 31.70M) | Time:00:00.01 | Mem:0.00M, Peak:0.00M | Scene, ViewLayer | Synchronizing object | Crystal prong
Fra:1 Mem:31.70M (Peak 31.70M) | Time:00:00.01 | Mem:0.00M, Peak:0.00M | Scene, ViewLayer | Synchronizing object | Ear.004
Fra:1 Mem:31.74M (Peak 31.74M) | Time:00:00.01 | Mem:0.00M, Peak:0.00M | Scene, ViewLayer | Synchronizing object | Floating shard
Fra:1 Mem:31.77M (Peak 31.77M) | Time:00:00.01 | Mem:0.00M, Peak:0.00M | Scene, ViewLayer | Synchronizing object | Crystal prong.001
Fra:1 Mem:31.79M (Peak 31.79M) | Time:00:00.01 | Mem:0.00M, Peak:0.00M | Scene, ViewLayer | Synchronizing object | Floating shard.001
Fra:1 Mem:31.82M (Peak 31.82M) | Time:00:00.01 | Mem:0.00M, Peak:0.00M | Scene, ViewLayer | Synchronizing object | Hair Side Lock.004
Fra:1 Mem:31.86M (Peak 31.86M) | Time:00:00.01 | Mem:0.00M, Peak:0.00M | Scene, ViewLayer | Synchronizing object | Tailored shoulder mantle.003
Fra:1 Mem:31.89M (Peak 31.89M) | Time:00:00.01 | Mem:0.00M, Peak:0.00M | Scene, ViewLayer | Synchronizing object | Hat Gem.002
Fra:1 Mem:31.93M (Peak 31.93M) | Time:00:00.01 | Mem:0.00M, Peak:0.00M | Scene, ViewLayer | Synchronizing object | Tailored Cloak.002
Fra:1 Mem:31.94M (Peak 31.94M) | Time:00:00.01 | Mem:0.00M, Peak:0.00M | Scene, ViewLayer | Synchronizing object | Hat Brim.002
Fra:1 Mem:31.95M (Peak 31.95M) | Time:00:00.01 | Mem:0.00M, Peak:0.00M | Scene, ViewLayer | Synchronizing object | Collar.002
Fra:1 Mem:31.97M (Peak 31.97M) | Time:00:00.01 | Mem:0.00M, Peak:0.00M | Scene, ViewLayer | Synchronizing object | Eyes R.002
Fra:1 Mem:31.99M (Peak 31.99M) | Time:00:00.01 | Mem:0.00M, Peak:0.00M | Scene, ViewLayer | Synchronizing object | Head.002
Fra:1 Mem:32.03M (Peak 32.03M) | Time:00:00.01 | Mem:0.00M, Peak:0.00M | Scene, ViewLayer | Synchronizing object | Eyes L.002
Fra:1 Mem:32.07M (Peak 32.07M) | Time:00:00.01 | Mem:0.00M, Peak:0.00M | Scene, ViewLayer | Initializing
Fra:1 Mem:25.38M (Peak 32.07M) | Time:00:00.01 | Mem:0.00M, Peak:0.00M | Scene, ViewLayer | Waiting for render to start
Fra:1 Mem:25.38M (Peak 32.07M) | Time:00:00.01 | Mem:0.00M, Peak:0.00M | Scene, ViewLayer | Loading render kernels (may take a few minutes the first time)
Fra:1 Mem:25.38M (Peak 32.07M) | Time:00:00.01 | Mem:0.00M, Peak:0.00M | Scene, ViewLayer | Updating Scene
Fra:1 Mem:25.38M (Peak 32.07M) | Time:00:00.01 | Mem:0.00M, Peak:0.00M | Scene, ViewLayer | Updating Shaders
Fra:1 Mem:25.48M (Peak 32.07M) | Time:00:00.01 | Mem:0.02M, Peak:0.02M | Scene, ViewLayer | Updating Procedurals
Fra:1 Mem:25.48M (Peak 32.07M) | Time:00:00.01 | Mem:0.02M, Peak:0.02M | Scene, ViewLayer | Updating Background
Fra:1 Mem:25.48M (Peak 32.07M) | Time:00:00.01 | Mem:0.02M, Peak:0.02M | Scene, ViewLayer | Updating Camera
Fra:1 Mem:25.48M (Peak 32.07M) | Time:00:00.01 | Mem:0.02M, Peak:0.02M | Scene, ViewLayer | Updating Meshes Flags
Fra:1 Mem:25.48M (Peak 32.07M) | Time:00:00.01 | Mem:0.02M, Peak:0.02M | Scene, ViewLayer | Updating Objects
Fra:1 Mem:25.48M (Peak 32.07M) | Time:00:00.01 | Mem:0.02M, Peak:0.02M | Scene, ViewLayer | Updating Objects | Copying Transformations to device
Fra:1 Mem:25.52M (Peak 32.07M) | Time:00:00.01 | Mem:0.06M, Peak:0.06M | Scene, ViewLayer | Updating Objects | Applying Static Transformations
Fra:1 Mem:25.52M (Peak 32.07M) | Time:00:00.01 | Mem:0.06M, Peak:0.06M | Scene, ViewLayer | Updating Particle Systems
Fra:1 Mem:25.52M (Peak 32.07M) | Time:00:00.01 | Mem:0.06M, Peak:0.06M | Scene, ViewLayer | Updating Particle Systems | Copying Particles to device
Fra:1 Mem:25.52M (Peak 32.07M) | Time:00:00.01 | Mem:0.06M, Peak:0.06M | Scene, ViewLayer | Updating Meshes
Fra:1 Mem:26.24M (Peak 32.07M) | Time:00:00.02 | Mem:0.06M, Peak:0.06M | Scene, ViewLayer | Updating Mesh | Computing attributes
Fra:1 Mem:26.67M (Peak 32.07M) | Time:00:00.02 | Mem:0.07M, Peak:0.07M | Scene, ViewLayer | Updating Mesh | Copying Attributes to device
Fra:1 Mem:26.64M (Peak 32.07M) | Time:00:00.02 | Mem:0.46M, Peak:0.46M | Scene, ViewLayer | Updating Scene BVH | Building
Fra:1 Mem:26.65M (Peak 32.07M) | Time:00:00.02 | Mem:0.46M, Peak:0.46M | Scene, ViewLayer | Updating Scene BVH | Building BVH
Fra:1 Mem:26.65M (Peak 32.07M) | Time:00:00.02 | Mem:1.89M, Peak:1.89M | Scene, ViewLayer | Updating Scene BVH | Building BVH 0%
Fra:1 Mem:26.65M (Peak 32.07M) | Time:00:00.03 | Mem:3.45M, Peak:4.88M | Scene, ViewLayer | Updating Scene BVH | Copying BVH to device
Fra:1 Mem:26.65M (Peak 32.07M) | Time:00:00.03 | Mem:3.45M, Peak:4.88M | Scene, ViewLayer | Updating Mesh | Computing normals
Fra:1 Mem:28.60M (Peak 32.07M) | Time:00:00.03 | Mem:3.45M, Peak:4.88M | Scene, ViewLayer | Updating Mesh | Copying Mesh to device
Fra:1 Mem:28.60M (Peak 32.07M) | Time:00:00.03 | Mem:5.40M, Peak:5.40M | Scene, ViewLayer | Updating Objects Flags
Fra:1 Mem:28.60M (Peak 32.07M) | Time:00:00.03 | Mem:5.41M, Peak:5.41M | Scene, ViewLayer | Updating Primitive Offsets
Fra:1 Mem:28.60M (Peak 32.07M) | Time:00:00.03 | Mem:5.41M, Peak:5.41M | Scene, ViewLayer | Updating Images
Fra:1 Mem:28.60M (Peak 32.07M) | Time:00:00.03 | Mem:5.41M, Peak:5.41M | Scene, ViewLayer | Updating Camera Volume
Fra:1 Mem:28.60M (Peak 32.07M) | Time:00:00.03 | Mem:5.41M, Peak:5.41M | Scene, ViewLayer | Updating Lookup Tables
Fra:1 Mem:28.60M (Peak 32.07M) | Time:00:00.03 | Mem:5.49M, Peak:5.49M | Scene, ViewLayer | Updating Lights
Fra:1 Mem:28.60M (Peak 32.07M) | Time:00:00.03 | Mem:5.49M, Peak:5.49M | Scene, ViewLayer | Updating Lights | Computing tree
Fra:1 Mem:28.60M (Peak 32.07M) | Time:00:00.03 | Mem:5.49M, Peak:5.49M | Scene, ViewLayer | Updating Integrator
Fra:1 Mem:28.60M (Peak 32.07M) | Time:00:00.03 | Mem:5.49M, Peak:5.49M | Scene, ViewLayer | Updating Film
Fra:1 Mem:28.61M (Peak 32.07M) | Time:00:00.03 | Mem:5.41M, Peak:5.49M | Scene, ViewLayer | Updating Lookup Tables
Fra:1 Mem:28.61M (Peak 32.07M) | Time:00:00.03 | Mem:5.49M, Peak:5.49M | Scene, ViewLayer | Updating Baking
Fra:1 Mem:28.61M (Peak 32.07M) | Time:00:00.03 | Mem:5.49M, Peak:5.49M | Scene, ViewLayer | Updating Device | Writing constant memory
Fra:1 Mem:28.61M (Peak 32.07M) | Time:00:00.03 | Mem:5.49M, Peak:5.49M | Scene, ViewLayer | Sample 0/16
Fra:1 Mem:67.24M (Peak 67.24M) | Time:00:01.21 | Remaining:00:17.72 | Mem:44.12M, Peak:44.12M | Scene, ViewLayer | Sample 1/16
Fra:1 Mem:84.41M (Peak 118.74M) | Time:00:18.21 | Mem:44.12M, Peak:44.12M | Scene, ViewLayer | Sample 16/16
Fra:1 Mem:84.41M (Peak 118.74M) | Time:00:18.21 | Mem:44.12M, Peak:44.12M | Scene, ViewLayer | Finished
Saved: 'ArtSource/ActorSilhouettes/F1/Review/Arcanist-Before.png'
Time: 00:18.48 (Saving: 00:00.26)

Fra:1 Mem:32.59M (Peak 32.59M) | Time:00:00.00 | Mem:0.00M, Peak:0.00M | Scene, ViewLayer | Synchronizing object | Plane
Fra:1 Mem:32.59M (Peak 32.59M) | Time:00:00.00 | Mem:0.00M, Peak:0.00M | Scene, ViewLayer | Synchronizing object | Text
Fra:1 Mem:32.68M (Peak 32.68M) | Time:00:00.00 | Mem:0.00M, Peak:0.00M | Scene, ViewLayer | Synchronizing object | Text.001
Fra:1 Mem:32.74M (Peak 32.74M) | Time:00:00.00 | Mem:0.00M, Peak:0.00M | Scene, ViewLayer | Synchronizing object | Text.002
Fra:1 Mem:32.81M (Peak 32.81M) | Time:00:00.00 | Mem:0.00M, Peak:0.00M | Scene, ViewLayer | Synchronizing object | Breastplate
Fra:1 Mem:32.85M (Peak 32.85M) | Time:00:00.00 | Mem:0.00M, Peak:0.00M | Scene, ViewLayer | Synchronizing object | Belt
Fra:1 Mem:32.88M (Peak 32.88M) | Time:00:00.00 | Mem:0.00M, Peak:0.00M | Scene, ViewLayer | Synchronizing object | Buckle
Fra:1 Mem:32.91M (Peak 32.91M) | Time:00:00.00 | Mem:0.00M, Peak:0.00M | Scene, ViewLayer | Synchronizing object | Sleeve
Fra:1 Mem:32.95M (Peak 32.95M) | Time:00:00.00 | Mem:0.00M, Peak:0.00M | Scene, ViewLayer | Synchronizing object | Glove
Fra:1 Mem:32.99M (Peak 32.99M) | Time:00:00.00 | Mem:0.00M, Peak:0.00M | Scene, ViewLayer | Synchronizing object | Orb
Fra:1 Mem:33.03M (Peak 33.03M) | Time:00:00.00 | Mem:0.00M, Peak:0.00M | Scene, ViewLayer | Synchronizing object | Forearm Bracer
Fra:1 Mem:33.07M (Peak 33.07M) | Time:00:00.00 | Mem:0.00M, Peak:0.00M | Scene, ViewLayer | Synchronizing object | Cuff Trim
Fra:1 Mem:33.08M (Peak 33.08M) | Time:00:00.00 | Mem:0.00M, Peak:0.00M | Scene, ViewLayer | Synchronizing object | Sleeve.001
Fra:1 Mem:33.12M (Peak 33.12M) | Time:00:00.00 | Mem:0.00M, Peak:0.00M | Scene, ViewLayer | Synchronizing object | Glove.001
Fra:1 Mem:33.16M (Peak 33.16M) | Time:00:00.00 | Mem:0.00M, Peak:0.00M | Scene, ViewLayer | Synchronizing object | Forearm Bracer.001
Fra:1 Mem:33.20M (Peak 33.20M) | Time:00:00.00 | Mem:0.00M, Peak:0.00M | Scene, ViewLayer | Synchronizing object | Cuff Trim.001
Fra:1 Mem:33.21M (Peak 33.21M) | Time:00:00.00 | Mem:0.00M, Peak:0.00M | Scene, ViewLayer | Synchronizing object | Staff
Fra:1 Mem:33.23M (Peak 33.23M) | Time:00:00.00 | Mem:0.00M, Peak:0.00M | Scene, ViewLayer | Synchronizing object | Staff Gold
Fra:1 Mem:33.27M (Peak 33.27M) | Time:00:00.00 | Mem:0.00M, Peak:0.00M | Scene, ViewLayer | Synchronizing object | Arcane Crystal
Fra:1 Mem:33.30M (Peak 33.30M) | Time:00:00.00 | Mem:0.00M, Peak:0.00M | Scene, ViewLayer | Synchronizing object | Staff Crystal Crown
Fra:1 Mem:33.31M (Peak 33.31M) | Time:00:00.00 | Mem:0.00M, Peak:0.00M | Scene, ViewLayer | Synchronizing object | Staff Crystal Crown.001
Fra:1 Mem:33.33M (Peak 33.33M) | Time:00:00.00 | Mem:0.00M, Peak:0.00M | Scene, ViewLayer | Synchronizing object | Tailored Cloak
Fra:1 Mem:33.34M (Peak 33.34M) | Time:00:00.00 | Mem:0.00M, Peak:0.00M | Scene, ViewLayer | Synchronizing object | Knee Guard.005
Fra:1 Mem:33.36M (Peak 33.36M) | Time:00:00.00 | Mem:0.00M, Peak:0.00M | Scene, ViewLayer | Synchronizing object | Collar
Fra:1 Mem:33.38M (Peak 33.38M) | Time:00:00.00 | Mem:0.00M, Peak:0.00M | Scene, ViewLayer | Synchronizing object | Layered Robe
Fra:1 Mem:33.40M (Peak 33.40M) | Time:00:00.00 | Mem:0.00M, Peak:0.00M | Scene, ViewLayer | Synchronizing object | Embroidered Stole
Fra:1 Mem:33.40M (Peak 33.40M) | Time:00:00.00 | Mem:0.00M, Peak:0.00M | Scene, ViewLayer | Synchronizing object | Shin Guard.005
Fra:1 Mem:33.46M (Peak 33.46M) | Time:00:00.00 | Mem:0.00M, Peak:0.00M | Scene, ViewLayer | Synchronizing object | Robe Hem
Fra:1 Mem:33.48M (Peak 33.48M) | Time:00:00.00 | Mem:0.00M, Peak:0.00M | Scene, ViewLayer | Synchronizing object | Boot.005
Fra:1 Mem:33.51M (Peak 33.51M) | Time:00:00.00 | Mem:0.00M, Peak:0.00M | Scene, ViewLayer | Synchronizing object | Trouser.005
Fra:1 Mem:33.53M (Peak 33.53M) | Time:00:00.01 | Mem:0.00M, Peak:0.00M | Scene, ViewLayer | Synchronizing object | Embroidered Stole.001
Fra:1 Mem:33.58M (Peak 33.58M) | Time:00:00.01 | Mem:0.00M, Peak:0.00M | Scene, ViewLayer | Synchronizing object | Knee Guard.004
Fra:1 Mem:33.58M (Peak 33.58M) | Time:00:00.01 | Mem:0.00M, Peak:0.00M | Scene, ViewLayer | Synchronizing object | Robe Hem.001
Fra:1 Mem:33.64M (Peak 33.64M) | Time:00:00.01 | Mem:0.00M, Peak:0.00M | Scene, ViewLayer | Synchronizing object | Shin Guard.004
Fra:1 Mem:33.67M (Peak 33.67M) | Time:00:00.01 | Mem:0.00M, Peak:0.00M | Scene, ViewLayer | Synchronizing object | Arcane Brooch
Fra:1 Mem:33.71M (Peak 33.71M) | Time:00:00.01 | Mem:0.00M, Peak:0.00M | Scene, ViewLayer | Synchronizing object | Boot.004
Fra:1 Mem:33.73M (Peak 33.73M) | Time:00:00.01 | Mem:0.00M, Peak:0.00M | Scene, ViewLayer | Synchronizing object | Head
Fra:1 Mem:33.73M (Peak 33.73M) | Time:00:00.01 | Mem:0.00M, Peak:0.00M | Scene, ViewLayer | Synchronizing object | Trouser.004
Fra:1 Mem:33.80M (Peak 33.80M) | Time:00:00.01 | Mem:0.00M, Peak:0.00M | Scene, ViewLayer | Synchronizing object | Eyes L
Fra:1 Mem:33.81M (Peak 33.81M) | Time:00:00.01 | Mem:0.00M, Peak:0.00M | Scene, ViewLayer | Synchronizing object | Arch scholar under-robe hem
Fra:1 Mem:33.87M (Peak 33.87M) | Time:00:00.01 | Mem:0.00M, Peak:0.00M | Scene, ViewLayer | Synchronizing object | Scholar orbit yoke
Fra:1 Mem:33.87M (Peak 33.87M) | Time:00:00.01 | Mem:0.00M, Peak:0.00M | Scene, ViewLayer | Synchronizing object | Eyes R
Fra:1 Mem:33.94M (Peak 33.94M) | Time:00:00.01 | Mem:0.00M, Peak:0.00M | Scene, ViewLayer | Synchronizing object | Hat Brim
Fra:1 Mem:33.96M (Peak 33.96M) | Time:00:00.01 | Mem:0.00M, Peak:0.00M | Scene, ViewLayer | Synchronizing object | Arch scholar star ray.001
Fra:1 Mem:33.98M (Peak 33.98M) | Time:00:00.01 | Mem:0.00M, Peak:0.00M | Scene, ViewLayer | Synchronizing object | Hat Gem
Fra:1 Mem:34.02M (Peak 34.02M) | Time:00:00.01 | Mem:0.00M, Peak:0.00M | Scene, ViewLayer | Synchronizing object | Split scholar rear stole.001
Fra:1 Mem:34.05M (Peak 34.05M) | Time:00:00.01 | Mem:0.00M, Peak:0.00M | Scene, ViewLayer | Synchronizing object | Hair Side Lock
Fra:1 Mem:34.09M (Peak 34.09M) | Time:00:00.01 | Mem:0.00M, Peak:0.00M | Scene, ViewLayer | Synchronizing object | Raised scholar collar.001
Fra:1 Mem:34.12M (Peak 34.12M) | Time:00:00.01 | Mem:0.00M, Peak:0.00M | Scene, ViewLayer | Synchronizing object | Ear
Fra:1 Mem:34.15M (Peak 34.15M) | Time:00:00.01 | Mem:0.00M, Peak:0.00M | Scene, ViewLayer | Synchronizing object | Scholar split side lining.003
Fra:1 Mem:34.18M (Peak 34.18M) | Time:00:00.01 | Mem:0.00M, Peak:0.00M | Scene, ViewLayer | Synchronizing object | Hair Side Lock.001
Fra:1 Mem:34.21M (Peak 34.21M) | Time:00:00.01 | Mem:0.00M, Peak:0.00M | Scene, ViewLayer | Synchronizing object | Ear.001
Fra:1 Mem:34.25M (Peak 34.25M) | Time:00:00.01 | Mem:0.00M, Peak:0.00M | Scene, ViewLayer | Synchronizing object | Nose
Fra:1 Mem:34.28M (Peak 34.28M) | Time:00:00.01 | Mem:0.00M, Peak:0.00M | Scene, ViewLayer | Synchronizing object | Pointed Wizard Hat
Fra:1 Mem:34.29M (Peak 34.29M) | Time:00:00.01 | Mem:0.00M, Peak:0.00M | Scene, ViewLayer | Synchronizing object | Scholar rear high collar
Fra:1 Mem:34.32M (Peak 34.32M) | Time:00:00.01 | Mem:0.00M, Peak:0.00M | Scene, ViewLayer | Synchronizing object | Arch scholar star ray
Fra:1 Mem:34.35M (Peak 34.35M) | Time:00:00.01 | Mem:0.00M, Peak:0.00M | Scene, ViewLayer | Synchronizing object | Scholar rear high collar.001
Fra:1 Mem:34.38M (Peak 34.38M) | Time:00:00.01 | Mem:0.00M, Peak:0.00M | Scene, ViewLayer | Synchronizing object | Split scholar rear stole
Fra:1 Mem:34.41M (Peak 34.41M) | Time:00:00.01 | Mem:0.00M, Peak:0.00M | Scene, ViewLayer | Synchronizing object | Long robe front panel
Fra:1 Mem:34.42M (Peak 34.42M) | Time:00:00.01 | Mem:0.00M, Peak:0.00M | Scene, ViewLayer | Synchronizing object | Raised scholar collar
Fra:1 Mem:34.44M (Peak 34.44M) | Time:00:00.01 | Mem:0.00M, Peak:0.00M | Scene, ViewLayer | Synchronizing object | Long robe front panel.001
Fra:1 Mem:34.46M (Peak 34.46M) | Time:00:00.01 | Mem:0.00M, Peak:0.00M | Scene, ViewLayer | Synchronizing object | Trouser
Fra:1 Mem:34.49M (Peak 34.49M) | Time:00:00.01 | Mem:0.00M, Peak:0.00M | Scene, ViewLayer | Synchronizing object | Scholar split side lining.002
Fra:1 Mem:34.53M (Peak 34.53M) | Time:00:00.01 | Mem:0.00M, Peak:0.00M | Scene, ViewLayer | Synchronizing object | Boot
Fra:1 Mem:34.54M (Peak 34.54M) | Time:00:00.01 | Mem:0.00M, Peak:0.00M | Scene, ViewLayer | Synchronizing object | Costume fastening.001
Fra:1 Mem:34.58M (Peak 34.58M) | Time:00:00.01 | Mem:0.00M, Peak:0.00M | Scene, ViewLayer | Synchronizing object | Shin Guard
Fra:1 Mem:34.62M (Peak 34.62M) | Time:00:00.01 | Mem:0.00M, Peak:0.00M | Scene, ViewLayer | Synchronizing object | Robe metal seam.003
Fra:1 Mem:34.65M (Peak 34.65M) | Time:00:00.01 | Mem:0.00M, Peak:0.00M | Scene, ViewLayer | Synchronizing object | Knee Guard
Fra:1 Mem:34.68M (Peak 34.68M) | Time:00:00.01 | Mem:0.00M, Peak:0.00M | Scene, ViewLayer | Synchronizing object | Embroidered robe panel.003
Fra:1 Mem:34.69M (Peak 34.69M) | Time:00:00.01 | Mem:0.00M, Peak:0.00M | Scene, ViewLayer | Synchronizing object | Robe metal seam.002
Fra:1 Mem:34.71M (Peak 34.71M) | Time:00:00.01 | Mem:0.00M, Peak:0.00M | Scene, ViewLayer | Synchronizing object | Trouser.001
Fra:1 Mem:34.76M (Peak 34.76M) | Time:00:00.01 | Mem:0.00M, Peak:0.00M | Scene, ViewLayer | Synchronizing object | Embroidered robe panel.002
Fra:1 Mem:34.77M (Peak 34.77M) | Time:00:00.01 | Mem:0.00M, Peak:0.00M | Scene, ViewLayer | Synchronizing object | Equipped robe skirt.001
Fra:1 Mem:34.77M (Peak 34.77M) | Time:00:00.01 | Mem:0.00M, Peak:0.00M | Scene, ViewLayer | Synchronizing object | Boot.001
Fra:1 Mem:34.79M (Peak 34.79M) | Time:00:00.01 | Mem:0.00M, Peak:0.00M | Scene, ViewLayer | Synchronizing object | Scholar rear high collar.005
Fra:1 Mem:34.82M (Peak 34.82M) | Time:00:00.01 | Mem:0.00M, Peak:0.00M | Scene, ViewLayer | Synchronizing object | Shin Guard.001
Fra:1 Mem:34.86M (Peak 34.86M) | Time:00:00.01 | Mem:0.00M, Peak:0.00M | Scene, ViewLayer | Synchronizing object | Scholar rear high collar.004
Fra:1 Mem:34.89M (Peak 34.89M) | Time:00:00.01 | Mem:0.00M, Peak:0.00M | Scene, ViewLayer | Synchronizing object | Knee Guard.001
Fra:1 Mem:34.92M (Peak 34.92M) | Time:00:00.01 | Mem:0.00M, Peak:0.00M | Scene, ViewLayer | Synchronizing object | Pointed Wizard Hat.002
Fra:1 Mem:34.93M (Peak 34.93M) | Time:00:00.01 | Mem:0.00M, Peak:0.00M | Scene, ViewLayer | Synchronizing object | Nose.002
Fra:1 Mem:34.96M (Peak 34.96M) | Time:00:00.01 | Mem:0.00M, Peak:0.00M | Scene, ViewLayer | Synchronizing object | Breastplate.001
Fra:1 Mem:35.01M (Peak 35.01M) | Time:00:00.01 | Mem:0.00M, Peak:0.00M | Scene, ViewLayer | Synchronizing object | Ear.005
Fra:1 Mem:35.02M (Peak 35.02M) | Time:00:00.01 | Mem:0.00M, Peak:0.00M | Scene, ViewLayer | Synchronizing object | Belt.001
Fra:1 Mem:35.07M (Peak 35.07M) | Time:00:00.01 | Mem:0.00M, Peak:0.00M | Scene, ViewLayer | Synchronizing object | Hair Side Lock.005
Fra:1 Mem:35.08M (Peak 35.08M) | Time:00:00.01 | Mem:0.00M, Peak:0.00M | Scene, ViewLayer | Synchronizing object | Buckle.001
Fra:1 Mem:35.13M (Peak 35.13M) | Time:00:00.01 | Mem:0.00M, Peak:0.00M | Scene, ViewLayer | Synchronizing object | Ear.004
Fra:1 Mem:35.17M (Peak 35.17M) | Time:00:00.01 | Mem:0.00M, Peak:0.00M | Scene, ViewLayer | Synchronizing object | Hair Side Lock.004
Fra:1 Mem:35.20M (Peak 35.20M) | Time:00:00.01 | Mem:0.00M, Peak:0.00M | Scene, ViewLayer | Synchronizing object | Hat Gem.002
Fra:1 Mem:35.24M (Peak 35.24M) | Time:00:00.01 | Mem:0.00M, Peak:0.00M | Scene, ViewLayer | Synchronizing object | Hat Brim.002
Fra:1 Mem:35.25M (Peak 35.25M) | Time:00:00.01 | Mem:0.00M, Peak:0.00M | Scene, ViewLayer | Synchronizing object | Eyes R.002
Fra:1 Mem:35.28M (Peak 35.28M) | Time:00:00.01 | Mem:0.00M, Peak:0.00M | Scene, ViewLayer | Synchronizing object | Eyes L.002
Fra:1 Mem:35.32M (Peak 35.32M) | Time:00:00.01 | Mem:0.00M, Peak:0.00M | Scene, ViewLayer | Synchronizing object | Sleeve.002
Fra:1 Mem:35.34M (Peak 35.34M) | Time:00:00.01 | Mem:0.00M, Peak:0.00M | Scene, ViewLayer | Synchronizing object | Head.002
Fra:1 Mem:35.39M (Peak 35.39M) | Time:00:00.01 | Mem:0.00M, Peak:0.00M | Scene, ViewLayer | Synchronizing object | Collar.002
Fra:1 Mem:35.40M (Peak 35.40M) | Time:00:00.01 | Mem:0.00M, Peak:0.00M | Scene, ViewLayer | Synchronizing object | Glove.002
Fra:1 Mem:35.43M (Peak 35.43M) | Time:00:00.01 | Mem:0.00M, Peak:0.00M | Scene, ViewLayer | Synchronizing object | Tailored Cloak.002
Fra:1 Mem:35.45M (Peak 35.45M) | Time:00:00.01 | Mem:0.00M, Peak:0.00M | Scene, ViewLayer | Synchronizing object | Tailored shoulder mantle.003
Fra:1 Mem:35.48M (Peak 35.48M) | Time:00:00.01 | Mem:0.00M, Peak:0.00M | Scene, ViewLayer | Synchronizing object | Orb.001
Fra:1 Mem:35.51M (Peak 35.51M) | Time:00:00.01 | Mem:0.00M, Peak:0.00M | Scene, ViewLayer | Synchronizing object | Floating shard.001
Fra:1 Mem:35.55M (Peak 35.55M) | Time:00:00.01 | Mem:0.00M, Peak:0.00M | Scene, ViewLayer | Synchronizing object | Forearm Bracer.002
Fra:1 Mem:35.59M (Peak 35.59M) | Time:00:00.01 | Mem:0.00M, Peak:0.00M | Scene, ViewLayer | Synchronizing object | Crystal prong.001
Fra:1 Mem:35.60M (Peak 35.60M) | Time:00:00.01 | Mem:0.00M, Peak:0.00M | Scene, ViewLayer | Synchronizing object | Floating shard
Fra:1 Mem:35.63M (Peak 35.63M) | Time:00:00.01 | Mem:0.00M, Peak:0.00M | Scene, ViewLayer | Synchronizing object | Cuff Trim.002
Fra:1 Mem:35.65M (Peak 35.65M) | Time:00:00.01 | Mem:0.00M, Peak:0.00M | Scene, ViewLayer | Synchronizing object | Tailored shoulder mantle
Fra:1 Mem:35.68M (Peak 35.68M) | Time:00:00.01 | Mem:0.00M, Peak:0.00M | Scene, ViewLayer | Synchronizing object | Crystal prong
Fra:1 Mem:35.70M (Peak 35.70M) | Time:00:00.01 | Mem:0.00M, Peak:0.00M | Scene, ViewLayer | Synchronizing object | Focus crystal.001
Fra:1 Mem:35.70M (Peak 35.70M) | Time:00:00.01 | Mem:0.00M, Peak:0.00M | Scene, ViewLayer | Synchronizing object | Sleeve.003
Fra:1 Mem:35.75M (Peak 35.75M) | Time:00:00.01 | Mem:0.00M, Peak:0.00M | Scene, ViewLayer | Synchronizing object | Staff collar.001
Fra:1 Mem:35.76M (Peak 35.76M) | Time:00:00.01 | Mem:0.00M, Peak:0.00M | Scene, ViewLayer | Synchronizing object | Inlaid staff.001
Fra:1 Mem:35.77M (Peak 35.77M) | Time:00:00.01 | Mem:0.00M, Peak:0.00M | Scene, ViewLayer | Synchronizing object | Glove.003
Fra:1 Mem:35.80M (Peak 35.80M) | Time:00:00.01 | Mem:0.00M, Peak:0.00M | Scene, ViewLayer | Synchronizing object | Cuff Trim.005
Fra:1 Mem:35.82M (Peak 35.82M) | Time:00:00.01 | Mem:0.00M, Peak:0.00M | Scene, ViewLayer | Synchronizing object | Forearm Bracer.005
Fra:1 Mem:35.85M (Peak 35.85M) | Time:00:00.01 | Mem:0.00M, Peak:0.00M | Scene, ViewLayer | Synchronizing object | Glove.005
Fra:1 Mem:35.89M (Peak 35.89M) | Time:00:00.01 | Mem:0.00M, Peak:0.00M | Scene, ViewLayer | Synchronizing object | Forearm Bracer.003
Fra:1 Mem:35.91M (Peak 35.91M) | Time:00:00.01 | Mem:0.00M, Peak:0.00M | Scene, ViewLayer | Synchronizing object | Sleeve.005
Fra:1 Mem:35.97M (Peak 35.97M) | Time:00:00.01 | Mem:0.00M, Peak:0.00M | Scene, ViewLayer | Synchronizing object | Cuff Trim.003
Fra:1 Mem:35.97M (Peak 35.97M) | Time:00:00.01 | Mem:0.00M, Peak:0.00M | Scene, ViewLayer | Synchronizing object | Tailored shoulder mantle.002
Fra:1 Mem:36.01M (Peak 36.01M) | Time:00:00.01 | Mem:0.00M, Peak:0.00M | Scene, ViewLayer | Synchronizing object | Inlaid staff
Fra:1 Mem:36.02M (Peak 36.02M) | Time:00:00.01 | Mem:0.00M, Peak:0.00M | Scene, ViewLayer | Synchronizing object | Cuff Trim.004
Fra:1 Mem:36.03M (Peak 36.03M) | Time:00:00.01 | Mem:0.00M, Peak:0.00M | Scene, ViewLayer | Synchronizing object | Staff collar
Fra:1 Mem:36.04M (Peak 36.04M) | Time:00:00.01 | Mem:0.00M, Peak:0.00M | Scene, ViewLayer | Synchronizing object | Forearm Bracer.004
Fra:1 Mem:36.05M (Peak 36.05M) | Time:00:00.01 | Mem:0.00M, Peak:0.00M | Scene, ViewLayer | Synchronizing object | Focus crystal
Fra:1 Mem:36.10M (Peak 36.10M) | Time:00:00.01 | Mem:0.00M, Peak:0.00M | Scene, ViewLayer | Synchronizing object | Tailored shoulder mantle.001
Fra:1 Mem:36.13M (Peak 36.13M) | Time:00:00.01 | Mem:0.00M, Peak:0.00M | Scene, ViewLayer | Synchronizing object | Orb.002
Fra:1 Mem:36.16M (Peak 36.16M) | Time:00:00.01 | Mem:0.00M, Peak:0.00M | Scene, ViewLayer | Synchronizing object | Tailored Cloak.001
Fra:1 Mem:36.18M (Peak 36.18M) | Time:00:00.01 | Mem:0.00M, Peak:0.00M | Scene, ViewLayer | Synchronizing object | Collar.001
Fra:1 Mem:36.22M (Peak 36.22M) | Time:00:00.01 | Mem:0.00M, Peak:0.00M | Scene, ViewLayer | Synchronizing object | Head.001
Fra:1 Mem:36.26M (Peak 36.26M) | Time:00:00.01 | Mem:0.00M, Peak:0.00M | Scene, ViewLayer | Synchronizing object | Sleeve.004
Fra:1 Mem:36.29M (Peak 36.29M) | Time:00:00.01 | Mem:0.00M, Peak:0.00M | Scene, ViewLayer | Synchronizing object | Eyes L.001
Fra:1 Mem:36.33M (Peak 36.33M) | Time:00:00.01 | Mem:0.00M, Peak:0.00M | Scene, ViewLayer | Synchronizing object | Buckle.002
Fra:1 Mem:36.36M (Peak 36.36M) | Time:00:00.01 | Mem:0.00M, Peak:0.00M | Scene, ViewLayer | Synchronizing object | Eyes R.001
Fra:1 Mem:36.39M (Peak 36.39M) | Time:00:00.01 | Mem:0.00M, Peak:0.00M | Scene, ViewLayer | Synchronizing object | Belt.002
Fra:1 Mem:36.42M (Peak 36.42M) | Time:00:00.01 | Mem:0.00M, Peak:0.00M | Scene, ViewLayer | Synchronizing object | Hat Brim.001
Fra:1 Mem:36.44M (Peak 36.44M) | Time:00:00.01 | Mem:0.00M, Peak:0.00M | Scene, ViewLayer | Synchronizing object | Breastplate.002
Fra:1 Mem:36.45M (Peak 36.45M) | Time:00:00.01 | Mem:0.00M, Peak:0.00M | Scene, ViewLayer | Synchronizing object | Hat Gem.001
Fra:1 Mem:36.51M (Peak 36.51M) | Time:00:00.01 | Mem:0.00M, Peak:0.00M | Scene, ViewLayer | Synchronizing object | Knee Guard.003
Fra:1 Mem:36.53M (Peak 36.53M) | Time:00:00.01 | Mem:0.00M, Peak:0.00M | Scene, ViewLayer | Synchronizing object | Hair Side Lock.002
Fra:1 Mem:36.58M (Peak 36.58M) | Time:00:00.01 | Mem:0.00M, Peak:0.00M | Scene, ViewLayer | Synchronizing object | Shin Guard.003
Fra:1 Mem:36.61M (Peak 36.61M) | Time:00:00.01 | Mem:0.00M, Peak:0.00M | Scene, ViewLayer | Synchronizing object | Ear.002
Fra:1 Mem:36.65M (Peak 36.65M) | Time:00:00.01 | Mem:0.00M, Peak:0.00M | Scene, ViewLayer | Synchronizing object | Boot.003
Fra:1 Mem:36.66M (Peak 36.66M) | Time:00:00.01 | Mem:0.00M, Peak:0.00M | Scene, ViewLayer | Synchronizing object | Hair Side Lock.003
Fra:1 Mem:36.70M (Peak 36.70M) | Time:00:00.01 | Mem:0.00M, Peak:0.00M | Scene, ViewLayer | Synchronizing object | Trouser.003
Fra:1 Mem:36.74M (Peak 36.74M) | Time:00:00.01 | Mem:0.00M, Peak:0.00M | Scene, ViewLayer | Synchronizing object | Ear.003
Fra:1 Mem:36.78M (Peak 36.78M) | Time:00:00.01 | Mem:0.00M, Peak:0.00M | Scene, ViewLayer | Synchronizing object | Knee Guard.002
Fra:1 Mem:36.81M (Peak 36.81M) | Time:00:00.01 | Mem:0.00M, Peak:0.00M | Scene, ViewLayer | Synchronizing object | Nose.001
Fra:1 Mem:36.84M (Peak 36.84M) | Time:00:00.01 | Mem:0.00M, Peak:0.00M | Scene, ViewLayer | Synchronizing object | Shin Guard.002
Fra:1 Mem:36.88M (Peak 36.88M) | Time:00:00.01 | Mem:0.00M, Peak:0.00M | Scene, ViewLayer | Synchronizing object | Pointed Wizard Hat.001
Fra:1 Mem:36.89M (Peak 36.89M) | Time:00:00.01 | Mem:0.00M, Peak:0.00M | Scene, ViewLayer | Synchronizing object | Scholar rear high collar.002
Fra:1 Mem:36.91M (Peak 36.91M) | Time:00:00.01 | Mem:0.00M, Peak:0.00M | Scene, ViewLayer | Synchronizing object | Boot.002
Fra:1 Mem:36.94M (Peak 36.94M) | Time:00:00.01 | Mem:0.00M, Peak:0.00M | Scene, ViewLayer | Synchronizing object | Trouser.002
Fra:1 Mem:36.96M (Peak 36.96M) | Time:00:00.01 | Mem:0.00M, Peak:0.00M | Scene, ViewLayer | Synchronizing object | Scholar rear high collar.003
Fra:1 Mem:37.01M (Peak 37.01M) | Time:00:00.01 | Mem:0.00M, Peak:0.00M | Scene, ViewLayer | Synchronizing object | Equipped robe skirt
Fra:1 Mem:37.01M (Peak 37.01M) | Time:00:00.01 | Mem:0.00M, Peak:0.00M | Scene, ViewLayer | Synchronizing object | Scholar split side lining.001
Fra:1 Mem:37.03M (Peak 37.03M) | Time:00:00.01 | Mem:0.00M, Peak:0.00M | Scene, ViewLayer | Synchronizing object | Embroidered robe panel
Fra:1 Mem:37.05M (Peak 37.05M) | Time:00:00.01 | Mem:0.00M, Peak:0.00M | Scene, ViewLayer | Synchronizing object | Robe metal seam
Fra:1 Mem:37.07M (Peak 37.07M) | Time:00:00.01 | Mem:0.00M, Peak:0.00M | Scene, ViewLayer | Synchronizing object | Scholar split side lining
Fra:1 Mem:37.11M (Peak 37.11M) | Time:00:00.01 | Mem:0.00M, Peak:0.00M | Scene, ViewLayer | Synchronizing object | Embroidered robe panel.001
Fra:1 Mem:37.12M (Peak 37.12M) | Time:00:00.01 | Mem:0.00M, Peak:0.00M | Scene, ViewLayer | Synchronizing object | Costume fastening
Fra:1 Mem:37.15M (Peak 37.15M) | Time:00:00.01 | Mem:0.00M, Peak:0.00M | Scene, ViewLayer | Synchronizing object | Robe metal seam.001
Fra:1 Mem:37.19M (Peak 37.19M) | Time:00:00.01 | Mem:0.00M, Peak:0.00M | Scene, ViewLayer | Initializing
Fra:1 Mem:30.50M (Peak 37.19M) | Time:00:00.01 | Mem:0.00M, Peak:0.00M | Scene, ViewLayer | Waiting for render to start
Fra:1 Mem:30.50M (Peak 37.19M) | Time:00:00.01 | Mem:0.00M, Peak:0.00M | Scene, ViewLayer | Loading render kernels (may take a few minutes the first time)
Fra:1 Mem:30.50M (Peak 37.19M) | Time:00:00.01 | Mem:0.00M, Peak:0.00M | Scene, ViewLayer | Updating Scene
Fra:1 Mem:30.50M (Peak 37.19M) | Time:00:00.01 | Mem:0.00M, Peak:0.00M | Scene, ViewLayer | Updating Shaders
Fra:1 Mem:30.60M (Peak 37.19M) | Time:00:00.01 | Mem:0.02M, Peak:0.02M | Scene, ViewLayer | Updating Procedurals
Fra:1 Mem:30.60M (Peak 37.19M) | Time:00:00.01 | Mem:0.02M, Peak:0.02M | Scene, ViewLayer | Updating Background
Fra:1 Mem:30.60M (Peak 37.19M) | Time:00:00.01 | Mem:0.02M, Peak:0.02M | Scene, ViewLayer | Updating Camera
Fra:1 Mem:30.60M (Peak 37.19M) | Time:00:00.01 | Mem:0.02M, Peak:0.02M | Scene, ViewLayer | Updating Meshes Flags
Fra:1 Mem:30.60M (Peak 37.19M) | Time:00:00.01 | Mem:0.02M, Peak:0.02M | Scene, ViewLayer | Updating Objects
Fra:1 Mem:30.60M (Peak 37.19M) | Time:00:00.01 | Mem:0.02M, Peak:0.02M | Scene, ViewLayer | Updating Objects | Copying Transformations to device
Fra:1 Mem:30.64M (Peak 37.19M) | Time:00:00.01 | Mem:0.06M, Peak:0.06M | Scene, ViewLayer | Updating Objects | Applying Static Transformations
Fra:1 Mem:30.64M (Peak 37.19M) | Time:00:00.01 | Mem:0.06M, Peak:0.06M | Scene, ViewLayer | Updating Particle Systems
Fra:1 Mem:30.64M (Peak 37.19M) | Time:00:00.01 | Mem:0.06M, Peak:0.06M | Scene, ViewLayer | Updating Particle Systems | Copying Particles to device
Fra:1 Mem:30.64M (Peak 37.19M) | Time:00:00.01 | Mem:0.06M, Peak:0.06M | Scene, ViewLayer | Updating Meshes
Fra:1 Mem:31.33M (Peak 37.19M) | Time:00:00.01 | Mem:0.06M, Peak:0.06M | Scene, ViewLayer | Updating Mesh | Computing attributes
Fra:1 Mem:31.76M (Peak 37.19M) | Time:00:00.01 | Mem:0.07M, Peak:0.07M | Scene, ViewLayer | Updating Mesh | Copying Attributes to device
Fra:1 Mem:31.73M (Peak 37.19M) | Time:00:00.01 | Mem:0.46M, Peak:0.46M | Scene, ViewLayer | Updating Scene BVH | Building
Fra:1 Mem:31.73M (Peak 37.19M) | Time:00:00.01 | Mem:0.46M, Peak:0.46M | Scene, ViewLayer | Updating Scene BVH | Building BVH
Fra:1 Mem:31.73M (Peak 37.19M) | Time:00:00.01 | Mem:1.84M, Peak:1.84M | Scene, ViewLayer | Updating Scene BVH | Building BVH 0%
Fra:1 Mem:31.73M (Peak 37.19M) | Time:00:00.02 | Mem:3.35M, Peak:4.73M | Scene, ViewLayer | Updating Scene BVH | Copying BVH to device
Fra:1 Mem:31.73M (Peak 37.19M) | Time:00:00.02 | Mem:3.35M, Peak:4.73M | Scene, ViewLayer | Updating Mesh | Computing normals
Fra:1 Mem:33.64M (Peak 37.19M) | Time:00:00.02 | Mem:3.35M, Peak:4.73M | Scene, ViewLayer | Updating Mesh | Copying Mesh to device
Fra:1 Mem:33.64M (Peak 37.19M) | Time:00:00.02 | Mem:5.26M, Peak:5.26M | Scene, ViewLayer | Updating Objects Flags
Fra:1 Mem:33.64M (Peak 37.19M) | Time:00:00.02 | Mem:5.26M, Peak:5.26M | Scene, ViewLayer | Updating Primitive Offsets
Fra:1 Mem:33.64M (Peak 37.19M) | Time:00:00.02 | Mem:5.26M, Peak:5.26M | Scene, ViewLayer | Updating Images
Fra:1 Mem:33.64M (Peak 37.19M) | Time:00:00.02 | Mem:5.26M, Peak:5.26M | Scene, ViewLayer | Updating Camera Volume
Fra:1 Mem:33.64M (Peak 37.19M) | Time:00:00.02 | Mem:5.26M, Peak:5.26M | Scene, ViewLayer | Updating Lookup Tables
Fra:1 Mem:33.64M (Peak 37.19M) | Time:00:00.02 | Mem:5.34M, Peak:5.34M | Scene, ViewLayer | Updating Lights
Fra:1 Mem:33.64M (Peak 37.19M) | Time:00:00.02 | Mem:5.34M, Peak:5.34M | Scene, ViewLayer | Updating Lights | Computing tree
Fra:1 Mem:33.65M (Peak 37.19M) | Time:00:00.02 | Mem:5.34M, Peak:5.34M | Scene, ViewLayer | Updating Integrator
Fra:1 Mem:33.65M (Peak 37.19M) | Time:00:00.02 | Mem:5.34M, Peak:5.34M | Scene, ViewLayer | Updating Film
Fra:1 Mem:33.65M (Peak 37.19M) | Time:00:00.02 | Mem:5.26M, Peak:5.34M | Scene, ViewLayer | Updating Lookup Tables
Fra:1 Mem:33.65M (Peak 37.19M) | Time:00:00.02 | Mem:5.35M, Peak:5.35M | Scene, ViewLayer | Updating Baking
Fra:1 Mem:33.65M (Peak 37.19M) | Time:00:00.02 | Mem:5.35M, Peak:5.35M | Scene, ViewLayer | Updating Device | Writing constant memory
Fra:1 Mem:33.65M (Peak 37.19M) | Time:00:00.02 | Mem:5.35M, Peak:5.35M | Scene, ViewLayer | Sample 0/16
Fra:1 Mem:72.28M (Peak 72.28M) | Time:00:01.25 | Remaining:00:18.45 | Mem:43.97M, Peak:43.97M | Scene, ViewLayer | Sample 1/16
Fra:1 Mem:89.45M (Peak 123.78M) | Time:00:21.12 | Mem:43.97M, Peak:43.97M | Scene, ViewLayer | Sample 16/16
Fra:1 Mem:89.45M (Peak 123.78M) | Time:00:21.12 | Mem:43.97M, Peak:43.97M | Scene, ViewLayer | Finished
Saved: 'ArtSource/ActorSilhouettes/F1/Review/Arcanist-After.png'
Time: 00:21.40 (Saving: 00:00.27)

Fra:1 Mem:40.56M (Peak 40.56M) | Time:00:00.04 | Mem:0.00M, Peak:0.00M | Scene, ViewLayer | Synchronizing object | Text
Fra:1 Mem:40.65M (Peak 40.65M) | Time:00:00.04 | Mem:0.00M, Peak:0.00M | Scene, ViewLayer | Synchronizing object | Text.001
Fra:1 Mem:40.72M (Peak 40.72M) | Time:00:00.04 | Mem:0.00M, Peak:0.00M | Scene, ViewLayer | Synchronizing object | Text.002
Fra:1 Mem:40.84M (Peak 40.84M) | Time:00:00.04 | Mem:0.00M, Peak:0.00M | Scene, ViewLayer | Synchronizing object | Knee Guard.005
Fra:1 Mem:40.87M (Peak 40.87M) | Time:00:00.04 | Mem:0.00M, Peak:0.00M | Scene, ViewLayer | Synchronizing object | Shin Guard.005
Fra:1 Mem:40.91M (Peak 40.91M) | Time:00:00.04 | Mem:0.00M, Peak:0.00M | Scene, ViewLayer | Synchronizing object | Boot.005
Fra:1 Mem:40.92M (Peak 40.92M) | Time:00:00.04 | Mem:0.00M, Peak:0.00M | Scene, ViewLayer | Synchronizing object | Trouser.005
Fra:1 Mem:40.96M (Peak 40.96M) | Time:00:00.04 | Mem:0.00M, Peak:0.00M | Scene, ViewLayer | Synchronizing object | Knee Guard.004
Fra:1 Mem:41.00M (Peak 41.00M) | Time:00:00.04 | Mem:0.00M, Peak:0.00M | Scene, ViewLayer | Synchronizing object | Shin Guard.004
Fra:1 Mem:41.03M (Peak 41.03M) | Time:00:00.04 | Mem:0.00M, Peak:0.00M | Scene, ViewLayer | Synchronizing object | Boot.004
Fra:1 Mem:41.05M (Peak 41.05M) | Time:00:00.04 | Mem:0.00M, Peak:0.00M | Scene, ViewLayer | Synchronizing object | Trouser.004
Fra:1 Mem:41.09M (Peak 41.09M) | Time:00:00.04 | Mem:0.00M, Peak:0.00M | Scene, ViewLayer | Synchronizing object | Master hunter quiver rail.001
Fra:1 Mem:41.12M (Peak 41.12M) | Time:00:00.04 | Mem:0.00M, Peak:0.00M | Scene, ViewLayer | Synchronizing object | Master hunter quiver rail
Fra:1 Mem:41.15M (Peak 41.15M) | Time:00:00.04 | Mem:0.00M, Peak:0.00M | Scene, ViewLayer | Synchronizing object | Hunter layered hip tab.002
Fra:1 Mem:41.18M (Peak 41.18M) | Time:00:00.04 | Mem:0.00M, Peak:0.00M | Scene, ViewLayer | Synchronizing object | Hunter layered hip tab.001
Fra:1 Mem:41.21M (Peak 41.21M) | Time:00:00.04 | Mem:0.00M, Peak:0.00M | Scene, ViewLayer | Synchronizing object | Hunter layered hip tab
Fra:1 Mem:41.24M (Peak 41.24M) | Time:00:00.04 | Mem:0.00M, Peak:0.00M | Scene, ViewLayer | Synchronizing object | Hunter offside utility flap
Fra:1 Mem:41.27M (Peak 41.27M) | Time:00:00.04 | Mem:0.00M, Peak:0.00M | Scene, ViewLayer | Synchronizing object | Hunter quiver retaining hoop.001
Fra:1 Mem:41.30M (Peak 41.30M) | Time:00:00.04 | Mem:0.00M, Peak:0.00M | Scene, ViewLayer | Synchronizing object | Hunter quiver retaining hoop
Fra:1 Mem:41.32M (Peak 41.32M) | Time:00:00.04 | Mem:0.00M, Peak:0.00M | Scene, ViewLayer | Synchronizing object | Hunter quiver harness.001
Fra:1 Mem:41.35M (Peak 41.35M) | Time:00:00.04 | Mem:0.00M, Peak:0.00M | Scene, ViewLayer | Synchronizing object | Costume fastening.001
Fra:1 Mem:41.39M (Peak 41.39M) | Time:00:00.04 | Mem:0.00M, Peak:0.00M | Scene, ViewLayer | Synchronizing object | Asymmetric leather chest wrap.001
Fra:1 Mem:41.42M (Peak 41.42M) | Time:00:00.04 | Mem:0.00M, Peak:0.00M | Scene, ViewLayer | Synchronizing object | Nose.002
Fra:1 Mem:41.45M (Peak 41.45M) | Time:00:00.04 | Mem:0.00M, Peak:0.00M | Scene, ViewLayer | Synchronizing object | Ear.005
Fra:1 Mem:41.49M (Peak 41.49M) | Time:00:00.04 | Mem:0.00M, Peak:0.00M | Scene, ViewLayer | Synchronizing object | Hair Side Lock.005
Fra:1 Mem:41.52M (Peak 41.52M) | Time:00:00.04 | Mem:0.00M, Peak:0.00M | Scene, ViewLayer | Synchronizing object | Ear.004
Fra:1 Mem:41.56M (Peak 41.56M) | Time:00:00.04 | Mem:0.00M, Peak:0.00M | Scene, ViewLayer | Synchronizing object | Hair Side Lock.004
Fra:1 Mem:41.60M (Peak 41.60M) | Time:00:00.04 | Mem:0.00M, Peak:0.00M | Scene, ViewLayer | Synchronizing object | Feather.002
Fra:1 Mem:41.63M (Peak 41.63M) | Time:00:00.04 | Mem:0.00M, Peak:0.00M | Scene, ViewLayer | Synchronizing object | Forest Hood.002
Fra:1 Mem:41.67M (Peak 41.67M) | Time:00:00.04 | Mem:0.00M, Peak:0.00M | Scene, ViewLayer | Synchronizing object | Eyes R.002
Fra:1 Mem:41.70M (Peak 41.70M) | Time:00:00.04 | Mem:0.00M, Peak:0.00M | Scene, ViewLayer | Synchronizing object | Eyes L.002
Fra:1 Mem:41.74M (Peak 41.74M) | Time:00:00.04 | Mem:0.00M, Peak:0.00M | Scene, ViewLayer | Synchronizing object | Head.002
Fra:1 Mem:41.77M (Peak 41.77M) | Time:00:00.04 | Mem:0.00M, Peak:0.00M | Scene, ViewLayer | Synchronizing object | Scarf Tail.002
Fra:1 Mem:41.80M (Peak 41.80M) | Time:00:00.04 | Mem:0.00M, Peak:0.00M | Scene, ViewLayer | Synchronizing object | Scarf.002
Fra:1 Mem:41.83M (Peak 41.83M) | Time:00:00.04 | Mem:0.00M, Peak:0.00M | Scene, ViewLayer | Synchronizing object | Collar.002
Fra:1 Mem:41.84M (Peak 41.84M) | Time:00:00.04 | Mem:0.00M, Peak:0.00M | Scene, ViewLayer | Synchronizing object | Spare Arrow.008
Fra:1 Mem:41.85M (Peak 41.85M) | Time:00:00.04 | Mem:0.00M, Peak:0.00M | Scene, ViewLayer | Synchronizing object | Spare Arrow.007
Fra:1 Mem:41.86M (Peak 41.86M) | Time:00:00.04 | Mem:0.00M, Peak:0.00M | Scene, ViewLayer | Synchronizing object | Spare Arrow.006
Fra:1 Mem:41.87M (Peak 41.87M) | Time:00:00.04 | Mem:0.00M, Peak:0.00M | Scene, ViewLayer | Synchronizing object | Quiver.002
Fra:1 Mem:41.89M (Peak 41.89M) | Time:00:00.04 | Mem:0.00M, Peak:0.00M | Scene, ViewLayer | Synchronizing object | Tailored Cloak.002
Fra:1 Mem:41.90M (Peak 41.90M) | Time:00:00.04 | Mem:0.00M, Peak:0.00M | Scene, ViewLayer | Synchronizing object | Plane
Fra:1 Mem:41.90M (Peak 41.90M) | Time:00:00.04 | Mem:0.00M, Peak:0.00M | Scene, ViewLayer | Synchronizing object | Breastplate
Fra:1 Mem:41.94M (Peak 41.94M) | Time:00:00.04 | Mem:0.00M, Peak:0.00M | Scene, ViewLayer | Synchronizing object | Belt
Fra:1 Mem:41.97M (Peak 41.97M) | Time:00:00.04 | Mem:0.00M, Peak:0.00M | Scene, ViewLayer | Synchronizing object | Buckle
Fra:1 Mem:42.00M (Peak 42.00M) | Time:00:00.04 | Mem:0.00M, Peak:0.00M | Scene, ViewLayer | Synchronizing object | Sleeve
Fra:1 Mem:42.04M (Peak 42.04M) | Time:00:00.04 | Mem:0.00M, Peak:0.00M | Scene, ViewLayer | Synchronizing object | Glove
Fra:1 Mem:42.07M (Peak 42.07M) | Time:00:00.04 | Mem:0.00M, Peak:0.00M | Scene, ViewLayer | Synchronizing object | Forearm Bracer
Fra:1 Mem:42.11M (Peak 42.11M) | Time:00:00.04 | Mem:0.00M, Peak:0.00M | Scene, ViewLayer | Synchronizing object | Cuff Trim
Fra:1 Mem:42.12M (Peak 42.12M) | Time:00:00.04 | Mem:0.00M, Peak:0.00M | Scene, ViewLayer | Synchronizing object | Bow Limb
Fra:1 Mem:42.14M (Peak 42.14M) | Time:00:00.04 | Mem:0.00M, Peak:0.00M | Scene, ViewLayer | Synchronizing object | Bow Limb.001
Fra:1 Mem:42.15M (Peak 42.15M) | Time:00:00.04 | Mem:0.00M, Peak:0.00M | Scene, ViewLayer | Synchronizing object | Bow Limb.002
Fra:1 Mem:42.17M (Peak 42.17M) | Time:00:00.04 | Mem:0.00M, Peak:0.00M | Scene, ViewLayer | Synchronizing object | Bow Limb.003
Fra:1 Mem:42.19M (Peak 42.19M) | Time:00:00.04 | Mem:0.00M, Peak:0.00M | Scene, ViewLayer | Synchronizing object | Bow Limb.004
Fra:1 Mem:42.21M (Peak 42.21M) | Time:00:00.04 | Mem:0.00M, Peak:0.00M | Scene, ViewLayer | Synchronizing object | Bow Limb.005
Fra:1 Mem:42.23M (Peak 42.23M) | Time:00:00.04 | Mem:0.00M, Peak:0.00M | Scene, ViewLayer | Synchronizing object | Bow Limb.006
Fra:1 Mem:42.24M (Peak 42.24M) | Time:00:00.04 | Mem:0.00M, Peak:0.00M | Scene, ViewLayer | Synchronizing object | Bow Limb.007
Fra:1 Mem:42.26M (Peak 42.26M) | Time:00:00.04 | Mem:0.00M, Peak:0.00M | Scene, ViewLayer | Synchronizing object | Bow Limb.008
Fra:1 Mem:42.28M (Peak 42.28M) | Time:00:00.04 | Mem:0.00M, Peak:0.00M | Scene, ViewLayer | Synchronizing object | Bow Grip
Fra:1 Mem:42.31M (Peak 42.31M) | Time:00:00.04 | Mem:0.00M, Peak:0.00M | Scene, ViewLayer | Synchronizing object | Arrow rest
Fra:1 Mem:42.34M (Peak 42.34M) | Time:00:00.04 | Mem:0.00M, Peak:0.00M | Scene, ViewLayer | Synchronizing object | Arrow Shaft
Fra:1 Mem:42.37M (Peak 42.37M) | Time:00:00.04 | Mem:0.00M, Peak:0.00M | Scene, ViewLayer | Synchronizing object | Arrow Head
Fra:1 Mem:42.37M (Peak 42.37M) | Time:00:00.04 | Mem:0.00M, Peak:0.00M | Scene, ViewLayer | Synchronizing object | Arrow Fletching
Fra:1 Mem:42.40M (Peak 42.40M) | Time:00:00.04 | Mem:0.00M, Peak:0.00M | Scene, ViewLayer | Synchronizing object | Arrow Fletching.001
Fra:1 Mem:42.43M (Peak 42.43M) | Time:00:00.04 | Mem:0.00M, Peak:0.00M | Scene, ViewLayer | Synchronizing object | Arrow Fletching.002
Fra:1 Mem:42.46M (Peak 42.46M) | Time:00:00.04 | Mem:0.00M, Peak:0.00M | Scene, ViewLayer | Synchronizing object | Single leather shoulder
Fra:1 Mem:42.49M (Peak 42.49M) | Time:00:00.04 | Mem:0.00M, Peak:0.00M | Scene, ViewLayer | Synchronizing object | Sleeve.001
Fra:1 Mem:42.52M (Peak 42.52M) | Time:00:00.04 | Mem:0.00M, Peak:0.00M | Scene, ViewLayer | Synchronizing object | Glove.001
Fra:1 Mem:42.56M (Peak 42.56M) | Time:00:00.04 | Mem:0.00M, Peak:0.00M | Scene, ViewLayer | Synchronizing object | Forearm Bracer.001
Fra:1 Mem:42.60M (Peak 42.60M) | Time:00:00.04 | Mem:0.00M, Peak:0.00M | Scene, ViewLayer | Synchronizing object | Cuff Trim.001
Fra:1 Mem:42.61M (Peak 42.61M) | Time:00:00.04 | Mem:0.00M, Peak:0.00M | Scene, ViewLayer | Synchronizing object | Tailored Cloak
Fra:1 Mem:42.62M (Peak 42.62M) | Time:00:00.04 | Mem:0.00M, Peak:0.00M | Scene, ViewLayer | Synchronizing object | Quiver
Fra:1 Mem:42.63M (Peak 42.63M) | Time:00:00.04 | Mem:0.00M, Peak:0.00M | Scene, ViewLayer | Synchronizing object | Spare Arrow
Fra:1 Mem:42.65M (Peak 42.65M) | Time:00:00.04 | Mem:0.00M, Peak:0.00M | Scene, ViewLayer | Synchronizing object | Spare Arrow.001
Fra:1 Mem:42.66M (Peak 42.66M) | Time:00:00.04 | Mem:0.00M, Peak:0.00M | Scene, ViewLayer | Synchronizing object | Spare Arrow.002
Fra:1 Mem:42.67M (Peak 42.67M) | Time:00:00.04 | Mem:0.00M, Peak:0.00M | Scene, ViewLayer | Synchronizing object | Collar
Fra:1 Mem:42.68M (Peak 42.68M) | Time:00:00.04 | Mem:0.00M, Peak:0.00M | Scene, ViewLayer | Synchronizing object | Leather Vest
Fra:1 Mem:42.71M (Peak 42.71M) | Time:00:00.04 | Mem:0.00M, Peak:0.00M | Scene, ViewLayer | Synchronizing object | Vest Buckle
Fra:1 Mem:42.74M (Peak 42.74M) | Time:00:00.04 | Mem:0.00M, Peak:0.00M | Scene, ViewLayer | Synchronizing object | Leather Vest.001
Fra:1 Mem:42.77M (Peak 42.77M) | Time:00:00.04 | Mem:0.00M, Peak:0.00M | Scene, ViewLayer | Synchronizing object | Vest Buckle.001
Fra:1 Mem:42.80M (Peak 42.80M) | Time:00:00.04 | Mem:0.00M, Peak:0.00M | Scene, ViewLayer | Synchronizing object | Scarf
Fra:1 Mem:42.83M (Peak 42.83M) | Time:00:00.04 | Mem:0.00M, Peak:0.00M | Scene, ViewLayer | Synchronizing object | Scarf Tail
Fra:1 Mem:42.86M (Peak 42.86M) | Time:00:00.04 | Mem:0.00M, Peak:0.00M | Scene, ViewLayer | Synchronizing object | Cross Body Strap
Fra:1 Mem:42.89M (Peak 42.89M) | Time:00:00.04 | Mem:0.00M, Peak:0.00M | Scene, ViewLayer | Synchronizing object | Head
Fra:1 Mem:42.92M (Peak 42.92M) | Time:00:00.04 | Mem:0.00M, Peak:0.00M | Scene, ViewLayer | Synchronizing object | Eyes L
Fra:1 Mem:42.95M (Peak 42.95M) | Time:00:00.04 | Mem:0.00M, Peak:0.00M | Scene, ViewLayer | Synchronizing object | Eyes R
Fra:1 Mem:42.99M (Peak 42.99M) | Time:00:00.04 | Mem:0.00M, Peak:0.00M | Scene, ViewLayer | Synchronizing object | Forest Hood
Fra:1 Mem:43.02M (Peak 43.02M) | Time:00:00.04 | Mem:0.00M, Peak:0.00M | Scene, ViewLayer | Synchronizing object | Feather
Fra:1 Mem:43.06M (Peak 43.06M) | Time:00:00.04 | Mem:0.00M, Peak:0.00M | Scene, ViewLayer | Synchronizing object | Hair Side Lock
Fra:1 Mem:43.10M (Peak 43.10M) | Time:00:00.04 | Mem:0.00M, Peak:0.00M | Scene, ViewLayer | Synchronizing object | Ear
Fra:1 Mem:43.13M (Peak 43.13M) | Time:00:00.04 | Mem:0.00M, Peak:0.00M | Scene, ViewLayer | Synchronizing object | Hair Side Lock.001
Fra:1 Mem:43.17M (Peak 43.17M) | Time:00:00.04 | Mem:0.00M, Peak:0.00M | Scene, ViewLayer | Synchronizing object | Ear.001
Fra:1 Mem:43.20M (Peak 43.20M) | Time:00:00.04 | Mem:0.00M, Peak:0.00M | Scene, ViewLayer | Synchronizing object | Nose
Fra:1 Mem:43.24M (Peak 43.24M) | Time:00:00.04 | Mem:0.00M, Peak:0.00M | Scene, ViewLayer | Synchronizing object | Diagonal ranger sash
Fra:1 Mem:43.27M (Peak 43.27M) | Time:00:00.04 | Mem:0.00M, Peak:0.00M | Scene, ViewLayer | Synchronizing object | Trouser
Fra:1 Mem:43.30M (Peak 43.30M) | Time:00:00.04 | Mem:0.00M, Peak:0.00M | Scene, ViewLayer | Synchronizing object | Boot
Fra:1 Mem:43.32M (Peak 43.32M) | Time:00:00.04 | Mem:0.00M, Peak:0.00M | Scene, ViewLayer | Synchronizing object | Shin Guard
Fra:1 Mem:43.36M (Peak 43.36M) | Time:00:00.04 | Mem:0.00M, Peak:0.00M | Scene, ViewLayer | Synchronizing object | Knee Guard
Fra:1 Mem:43.39M (Peak 43.39M) | Time:00:00.04 | Mem:0.00M, Peak:0.00M | Scene, ViewLayer | Synchronizing object | Trouser.001
Fra:1 Mem:43.43M (Peak 43.43M) | Time:00:00.04 | Mem:0.00M, Peak:0.00M | Scene, ViewLayer | Synchronizing object | Boot.001
Fra:1 Mem:43.45M (Peak 43.45M) | Time:00:00.04 | Mem:0.00M, Peak:0.00M | Scene, ViewLayer | Synchronizing object | Shin Guard.001
Fra:1 Mem:43.49M (Peak 43.49M) | Time:00:00.04 | Mem:0.00M, Peak:0.00M | Scene, ViewLayer | Synchronizing object | Knee Guard.001
Fra:1 Mem:43.52M (Peak 43.52M) | Time:00:00.04 | Mem:0.00M, Peak:0.00M | Scene, ViewLayer | Synchronizing object | Breastplate.001
Fra:1 Mem:43.56M (Peak 43.56M) | Time:00:00.05 | Mem:0.00M, Peak:0.00M | Scene, ViewLayer | Synchronizing object | Belt.001
Fra:1 Mem:43.59M (Peak 43.59M) | Time:00:00.05 | Mem:0.00M, Peak:0.00M | Scene, ViewLayer | Synchronizing object | Buckle.001
Fra:1 Mem:43.62M (Peak 43.62M) | Time:00:00.05 | Mem:0.00M, Peak:0.00M | Scene, ViewLayer | Synchronizing object | Sleeve.002
Fra:1 Mem:43.66M (Peak 43.66M) | Time:00:00.05 | Mem:0.00M, Peak:0.00M | Scene, ViewLayer | Synchronizing object | Glove.002
Fra:1 Mem:43.69M (Peak 43.69M) | Time:00:00.05 | Mem:0.00M, Peak:0.00M | Scene, ViewLayer | Synchronizing object | Forearm Bracer.002
Fra:1 Mem:43.73M (Peak 43.73M) | Time:00:00.05 | Mem:0.00M, Peak:0.00M | Scene, ViewLayer | Synchronizing object | Cuff Trim.002
Fra:1 Mem:43.74M (Peak 43.74M) | Time:00:00.05 | Mem:0.00M, Peak:0.00M | Scene, ViewLayer | Synchronizing object | Arrow rest.001
Fra:1 Mem:43.77M (Peak 43.77M) | Time:00:00.05 | Mem:0.00M, Peak:0.00M | Scene, ViewLayer | Synchronizing object | Arrow Shaft.001
Fra:1 Mem:43.80M (Peak 43.80M) | Time:00:00.05 | Mem:0.00M, Peak:0.00M | Scene, ViewLayer | Synchronizing object | Cuff Trim.005
Fra:1 Mem:43.81M (Peak 43.81M) | Time:00:00.05 | Mem:0.00M, Peak:0.00M | Scene, ViewLayer | Synchronizing object | Forearm Bracer.005
Fra:1 Mem:43.85M (Peak 43.85M) | Time:00:00.05 | Mem:0.00M, Peak:0.00M | Scene, ViewLayer | Synchronizing object | Glove.005
Fra:1 Mem:43.88M (Peak 43.88M) | Time:00:00.05 | Mem:0.00M, Peak:0.00M | Scene, ViewLayer | Synchronizing object | Sleeve.005
Fra:1 Mem:43.92M (Peak 43.92M) | Time:00:00.05 | Mem:0.00M, Peak:0.00M | Scene, ViewLayer | Synchronizing object | Master hunter raised left guard
Fra:1 Mem:43.95M (Peak 43.95M) | Time:00:00.05 | Mem:0.00M, Peak:0.00M | Scene, ViewLayer | Synchronizing object | Tailored shoulder mantle.001
Fra:1 Mem:43.98M (Peak 43.98M) | Time:00:00.05 | Mem:0.00M, Peak:0.00M | Scene, ViewLayer | Synchronizing object | Bow horn.001
Fra:1 Mem:44.02M (Peak 44.02M) | Time:00:00.05 | Mem:0.00M, Peak:0.00M | Scene, ViewLayer | Synchronizing object | Bow tip.003
Fra:1 Mem:44.05M (Peak 44.05M) | Time:00:00.05 | Mem:0.00M, Peak:0.00M | Scene, ViewLayer | Synchronizing object | Layered bow limb.015
Fra:1 Mem:44.07M (Peak 44.07M) | Time:00:00.05 | Mem:0.00M, Peak:0.00M | Scene, ViewLayer | Synchronizing object | Layered bow limb.014
Fra:1 Mem:44.09M (Peak 44.09M) | Time:00:00.05 | Mem:0.00M, Peak:0.00M | Scene, ViewLayer | Synchronizing object | Layered bow limb.013
Fra:1 Mem:44.11M (Peak 44.11M) | Time:00:00.05 | Mem:0.00M, Peak:0.00M | Scene, ViewLayer | Synchronizing object | Layered bow limb.012
Fra:1 Mem:44.12M (Peak 44.12M) | Time:00:00.05 | Mem:0.00M, Peak:0.00M | Scene, ViewLayer | Synchronizing object | Bow horn
Fra:1 Mem:44.16M (Peak 44.16M) | Time:00:00.05 | Mem:0.00M, Peak:0.00M | Scene, ViewLayer | Synchronizing object | Bow tip.002
Fra:1 Mem:44.20M (Peak 44.20M) | Time:00:00.05 | Mem:0.00M, Peak:0.00M | Scene, ViewLayer | Synchronizing object | Layered bow limb.011
Fra:1 Mem:44.21M (Peak 44.21M) | Time:00:00.05 | Mem:0.00M, Peak:0.00M | Scene, ViewLayer | Synchronizing object | Layered bow limb.010
Fra:1 Mem:44.23M (Peak 44.23M) | Time:00:00.05 | Mem:0.00M, Peak:0.00M | Scene, ViewLayer | Synchronizing object | Layered bow limb.009
Fra:1 Mem:44.25M (Peak 44.25M) | Time:00:00.05 | Mem:0.00M, Peak:0.00M | Scene, ViewLayer | Synchronizing object | Layered bow limb.008
Fra:1 Mem:44.27M (Peak 44.27M) | Time:00:00.05 | Mem:0.00M, Peak:0.00M | Scene, ViewLayer | Synchronizing object | Bow grip.001
Fra:1 Mem:44.30M (Peak 44.30M) | Time:00:00.05 | Mem:0.00M, Peak:0.00M | Scene, ViewLayer | Synchronizing object | Arrow rest.002
Fra:1 Mem:44.33M (Peak 44.33M) | Time:00:00.05 | Mem:0.00M, Peak:0.00M | Scene, ViewLayer | Synchronizing object | Cuff Trim.004
Fra:1 Mem:44.34M (Peak 44.34M) | Time:00:00.05 | Mem:0.00M, Peak:0.00M | Scene, ViewLayer | Synchronizing object | Forearm Bracer.004
Fra:1 Mem:44.38M (Peak 44.38M) | Time:00:00.05 | Mem:0.00M, Peak:0.00M | Scene, ViewLayer | Synchronizing object | Glove.004
Fra:1 Mem:44.41M (Peak 44.41M) | Time:00:00.05 | Mem:0.00M, Peak:0.00M | Scene, ViewLayer | Synchronizing object | Sleeve.004
Fra:1 Mem:44.45M (Peak 44.45M) | Time:00:00.05 | Mem:0.00M, Peak:0.00M | Scene, ViewLayer | Synchronizing object | Buckle.002
Fra:1 Mem:44.48M (Peak 44.48M) | Time:00:00.05 | Mem:0.00M, Peak:0.00M | Scene, ViewLayer | Synchronizing object | Belt.002
Fra:1 Mem:44.51M (Peak 44.51M) | Time:00:00.05 | Mem:0.00M, Peak:0.00M | Scene, ViewLayer | Synchronizing object | Breastplate.002
Fra:1 Mem:44.55M (Peak 44.55M) | Time:00:00.05 | Mem:0.00M, Peak:0.00M | Scene, ViewLayer | Synchronizing object | Knee Guard.003
Fra:1 Mem:44.58M (Peak 44.58M) | Time:00:00.05 | Mem:0.00M, Peak:0.00M | Scene, ViewLayer | Synchronizing object | Shin Guard.003
Fra:1 Mem:44.62M (Peak 44.62M) | Time:00:00.05 | Mem:0.00M, Peak:0.00M | Scene, ViewLayer | Synchronizing object | Boot.003
Fra:1 Mem:44.64M (Peak 44.64M) | Time:00:00.05 | Mem:0.00M, Peak:0.00M | Scene, ViewLayer | Synchronizing object | Trouser.003
Fra:1 Mem:44.67M (Peak 44.67M) | Time:00:00.05 | Mem:0.00M, Peak:0.00M | Scene, ViewLayer | Synchronizing object | Knee Guard.002
Fra:1 Mem:44.71M (Peak 44.71M) | Time:00:00.05 | Mem:0.00M, Peak:0.00M | Scene, ViewLayer | Synchronizing object | Shin Guard.002
Fra:1 Mem:44.74M (Peak 44.74M) | Time:00:00.05 | Mem:0.00M, Peak:0.00M | Scene, ViewLayer | Synchronizing object | Boot.002
Fra:1 Mem:44.76M (Peak 44.76M) | Time:00:00.05 | Mem:0.00M, Peak:0.00M | Scene, ViewLayer | Synchronizing object | Trouser.002
Fra:1 Mem:44.80M (Peak 44.80M) | Time:00:00.05 | Mem:0.00M, Peak:0.00M | Scene, ViewLayer | Synchronizing object | Hunter quiver harness
Fra:1 Mem:44.83M (Peak 44.83M) | Time:00:00.05 | Mem:0.00M, Peak:0.00M | Scene, ViewLayer | Synchronizing object | Costume fastening
Fra:1 Mem:44.86M (Peak 44.86M) | Time:00:00.05 | Mem:0.00M, Peak:0.00M | Scene, ViewLayer | Synchronizing object | Asymmetric leather chest wrap
Fra:1 Mem:44.89M (Peak 44.89M) | Time:00:00.05 | Mem:0.00M, Peak:0.00M | Scene, ViewLayer | Synchronizing object | Nose.001
Fra:1 Mem:44.93M (Peak 44.93M) | Time:00:00.05 | Mem:0.00M, Peak:0.00M | Scene, ViewLayer | Synchronizing object | Ear.003
Fra:1 Mem:44.96M (Peak 44.96M) | Time:00:00.05 | Mem:0.00M, Peak:0.00M | Scene, ViewLayer | Synchronizing object | Hair Side Lock.003
Fra:1 Mem:45.00M (Peak 45.00M) | Time:00:00.05 | Mem:0.00M, Peak:0.00M | Scene, ViewLayer | Synchronizing object | Ear.002
Fra:1 Mem:45.03M (Peak 45.03M) | Time:00:00.05 | Mem:0.00M, Peak:0.00M | Scene, ViewLayer | Synchronizing object | Hair Side Lock.002
Fra:1 Mem:45.07M (Peak 45.07M) | Time:00:00.05 | Mem:0.00M, Peak:0.00M | Scene, ViewLayer | Synchronizing object | Feather.001
Fra:1 Mem:45.11M (Peak 45.11M) | Time:00:00.05 | Mem:0.00M, Peak:0.00M | Scene, ViewLayer | Synchronizing object | Forest Hood.001
Fra:1 Mem:45.14M (Peak 45.14M) | Time:00:00.05 | Mem:0.00M, Peak:0.00M | Scene, ViewLayer | Synchronizing object | Eyes R.001
Fra:1 Mem:45.18M (Peak 45.18M) | Time:00:00.05 | Mem:0.00M, Peak:0.00M | Scene, ViewLayer | Synchronizing object | Eyes L.001
Fra:1 Mem:45.21M (Peak 45.21M) | Time:00:00.05 | Mem:0.00M, Peak:0.00M | Scene, ViewLayer | Synchronizing object | Head.001
Fra:1 Mem:45.24M (Peak 45.24M) | Time:00:00.05 | Mem:0.00M, Peak:0.00M | Scene, ViewLayer | Synchronizing object | Scarf Tail.001
Fra:1 Mem:45.27M (Peak 45.27M) | Time:00:00.05 | Mem:0.00M, Peak:0.00M | Scene, ViewLayer | Synchronizing object | Scarf.001
Fra:1 Mem:45.30M (Peak 45.30M) | Time:00:00.05 | Mem:0.00M, Peak:0.00M | Scene, ViewLayer | Synchronizing object | Collar.001
Fra:1 Mem:45.31M (Peak 45.31M) | Time:00:00.05 | Mem:0.00M, Peak:0.00M | Scene, ViewLayer | Synchronizing object | Spare Arrow.005
Fra:1 Mem:45.33M (Peak 45.33M) | Time:00:00.05 | Mem:0.00M, Peak:0.00M | Scene, ViewLayer | Synchronizing object | Spare Arrow.004
Fra:1 Mem:45.34M (Peak 45.34M) | Time:00:00.05 | Mem:0.00M, Peak:0.00M | Scene, ViewLayer | Synchronizing object | Spare Arrow.003
Fra:1 Mem:45.35M (Peak 45.35M) | Time:00:00.05 | Mem:0.00M, Peak:0.00M | Scene, ViewLayer | Synchronizing object | Quiver.001
Fra:1 Mem:45.36M (Peak 45.36M) | Time:00:00.05 | Mem:0.00M, Peak:0.00M | Scene, ViewLayer | Synchronizing object | Tailored Cloak.001
Fra:1 Mem:45.38M (Peak 45.38M) | Time:00:00.05 | Mem:0.00M, Peak:0.00M | Scene, ViewLayer | Synchronizing object | Cuff Trim.003
Fra:1 Mem:45.39M (Peak 45.39M) | Time:00:00.05 | Mem:0.00M, Peak:0.00M | Scene, ViewLayer | Synchronizing object | Forearm Bracer.003
Fra:1 Mem:45.43M (Peak 45.43M) | Time:00:00.05 | Mem:0.00M, Peak:0.00M | Scene, ViewLayer | Synchronizing object | Glove.003
Fra:1 Mem:45.46M (Peak 45.46M) | Time:00:00.05 | Mem:0.00M, Peak:0.00M | Scene, ViewLayer | Synchronizing object | Sleeve.003
Fra:1 Mem:45.50M (Peak 45.50M) | Time:00:00.05 | Mem:0.00M, Peak:0.00M | Scene, ViewLayer | Synchronizing object | Tailored shoulder mantle
Fra:1 Mem:45.53M (Peak 45.53M) | Time:00:00.05 | Mem:0.00M, Peak:0.00M | Scene, ViewLayer | Synchronizing object | Bow tip.001
Fra:1 Mem:45.56M (Peak 45.56M) | Time:00:00.05 | Mem:0.00M, Peak:0.00M | Scene, ViewLayer | Synchronizing object | Layered bow limb.007
Fra:1 Mem:45.58M (Peak 45.58M) | Time:00:00.05 | Mem:0.00M, Peak:0.00M | Scene, ViewLayer | Synchronizing object | Layered bow limb.006
Fra:1 Mem:45.60M (Peak 45.60M) | Time:00:00.05 | Mem:0.00M, Peak:0.00M | Scene, ViewLayer | Synchronizing object | Layered bow limb.005
Fra:1 Mem:45.62M (Peak 45.62M) | Time:00:00.05 | Mem:0.00M, Peak:0.00M | Scene, ViewLayer | Synchronizing object | Layered bow limb.004
Fra:1 Mem:45.64M (Peak 45.64M) | Time:00:00.05 | Mem:0.00M, Peak:0.00M | Scene, ViewLayer | Synchronizing object | Bow tip
Fra:1 Mem:45.67M (Peak 45.67M) | Time:00:00.05 | Mem:0.00M, Peak:0.00M | Scene, ViewLayer | Synchronizing object | Layered bow limb.003
Fra:1 Mem:45.69M (Peak 45.69M) | Time:00:00.05 | Mem:0.00M, Peak:0.00M | Scene, ViewLayer | Synchronizing object | Layered bow limb.002
Fra:1 Mem:45.71M (Peak 45.71M) | Time:00:00.05 | Mem:0.00M, Peak:0.00M | Scene, ViewLayer | Synchronizing object | Layered bow limb.001
Fra:1 Mem:45.72M (Peak 45.72M) | Time:00:00.05 | Mem:0.00M, Peak:0.00M | Scene, ViewLayer | Synchronizing object | Layered bow limb
Fra:1 Mem:45.74M (Peak 45.74M) | Time:00:00.05 | Mem:0.00M, Peak:0.00M | Scene, ViewLayer | Synchronizing object | Bow grip
Fra:1 Mem:45.77M (Peak 45.77M) | Time:00:00.05 | Mem:0.00M, Peak:0.00M | Scene, ViewLayer | Synchronizing object | Arrow Fletching.005
Fra:1 Mem:45.80M (Peak 45.80M) | Time:00:00.05 | Mem:0.00M, Peak:0.00M | Scene, ViewLayer | Synchronizing object | Arrow Fletching.004
Fra:1 Mem:45.83M (Peak 45.83M) | Time:00:00.05 | Mem:0.00M, Peak:0.00M | Scene, ViewLayer | Synchronizing object | Arrow Fletching.003
Fra:1 Mem:45.86M (Peak 45.86M) | Time:00:00.05 | Mem:0.00M, Peak:0.00M | Scene, ViewLayer | Synchronizing object | Arrow Head.001
Fra:1 Mem:45.86M (Peak 45.86M) | Time:00:00.05 | Mem:0.00M, Peak:0.00M | Scene, ViewLayer | Initializing
Fra:1 Mem:38.32M (Peak 45.86M) | Time:00:00.06 | Mem:0.00M, Peak:0.00M | Scene, ViewLayer | Waiting for render to start
Fra:1 Mem:38.32M (Peak 45.86M) | Time:00:00.06 | Mem:0.00M, Peak:0.00M | Scene, ViewLayer | Loading render kernels (may take a few minutes the first time)
Fra:1 Mem:38.32M (Peak 45.86M) | Time:00:00.06 | Mem:0.00M, Peak:0.00M | Scene, ViewLayer | Updating Scene
Fra:1 Mem:38.32M (Peak 45.86M) | Time:00:00.06 | Mem:0.00M, Peak:0.00M | Scene, ViewLayer | Updating Shaders
Fra:1 Mem:38.43M (Peak 45.86M) | Time:00:00.06 | Mem:0.02M, Peak:0.02M | Scene, ViewLayer | Updating Procedurals
Fra:1 Mem:38.43M (Peak 45.86M) | Time:00:00.06 | Mem:0.02M, Peak:0.02M | Scene, ViewLayer | Updating Background
Fra:1 Mem:38.43M (Peak 45.86M) | Time:00:00.06 | Mem:0.02M, Peak:0.02M | Scene, ViewLayer | Updating Camera
Fra:1 Mem:38.43M (Peak 45.86M) | Time:00:00.06 | Mem:0.02M, Peak:0.02M | Scene, ViewLayer | Updating Meshes Flags
Fra:1 Mem:38.43M (Peak 45.86M) | Time:00:00.06 | Mem:0.02M, Peak:0.02M | Scene, ViewLayer | Updating Objects
Fra:1 Mem:38.43M (Peak 45.86M) | Time:00:00.06 | Mem:0.02M, Peak:0.02M | Scene, ViewLayer | Updating Objects | Copying Transformations to device
Fra:1 Mem:38.47M (Peak 45.86M) | Time:00:00.06 | Mem:0.06M, Peak:0.06M | Scene, ViewLayer | Updating Objects | Applying Static Transformations
Fra:1 Mem:38.47M (Peak 45.86M) | Time:00:00.06 | Mem:0.06M, Peak:0.06M | Scene, ViewLayer | Updating Particle Systems
Fra:1 Mem:38.47M (Peak 45.86M) | Time:00:00.06 | Mem:0.06M, Peak:0.06M | Scene, ViewLayer | Updating Particle Systems | Copying Particles to device
Fra:1 Mem:38.47M (Peak 45.86M) | Time:00:00.06 | Mem:0.06M, Peak:0.06M | Scene, ViewLayer | Updating Meshes
Fra:1 Mem:39.24M (Peak 45.86M) | Time:00:00.06 | Mem:0.06M, Peak:0.06M | Scene, ViewLayer | Updating Mesh | Computing attributes
Fra:1 Mem:39.75M (Peak 45.86M) | Time:00:00.06 | Mem:0.07M, Peak:0.07M | Scene, ViewLayer | Updating Mesh | Copying Attributes to device
Fra:1 Mem:39.72M (Peak 45.86M) | Time:00:00.06 | Mem:0.54M, Peak:0.54M | Scene, ViewLayer | Updating Scene BVH | Building
Fra:1 Mem:39.72M (Peak 45.86M) | Time:00:00.06 | Mem:0.54M, Peak:0.54M | Scene, ViewLayer | Updating Scene BVH | Building BVH
Fra:1 Mem:39.72M (Peak 45.86M) | Time:00:00.06 | Mem:2.09M, Peak:2.09M | Scene, ViewLayer | Updating Scene BVH | Building BVH 0%
Fra:1 Mem:39.72M (Peak 45.86M) | Time:00:00.12 | Mem:3.93M, Peak:5.48M | Scene, ViewLayer | Updating Scene BVH | Copying BVH to device
Fra:1 Mem:39.72M (Peak 45.86M) | Time:00:00.12 | Mem:3.93M, Peak:5.48M | Scene, ViewLayer | Updating Mesh | Computing normals
Fra:1 Mem:41.93M (Peak 45.86M) | Time:00:00.12 | Mem:3.93M, Peak:5.48M | Scene, ViewLayer | Updating Mesh | Copying Mesh to device
Fra:1 Mem:41.93M (Peak 45.86M) | Time:00:00.12 | Mem:6.14M, Peak:6.14M | Scene, ViewLayer | Updating Objects Flags
Fra:1 Mem:41.93M (Peak 45.86M) | Time:00:00.12 | Mem:6.15M, Peak:6.15M | Scene, ViewLayer | Updating Primitive Offsets
Fra:1 Mem:41.94M (Peak 45.86M) | Time:00:00.12 | Mem:6.15M, Peak:6.15M | Scene, ViewLayer | Updating Images
Fra:1 Mem:41.94M (Peak 45.86M) | Time:00:00.12 | Mem:6.15M, Peak:6.15M | Scene, ViewLayer | Updating Camera Volume
Fra:1 Mem:41.94M (Peak 45.86M) | Time:00:00.12 | Mem:6.15M, Peak:6.15M | Scene, ViewLayer | Updating Lookup Tables
Fra:1 Mem:41.94M (Peak 45.86M) | Time:00:00.12 | Mem:6.23M, Peak:6.23M | Scene, ViewLayer | Updating Lights
Fra:1 Mem:41.94M (Peak 45.86M) | Time:00:00.12 | Mem:6.23M, Peak:6.23M | Scene, ViewLayer | Updating Lights | Computing tree
Fra:1 Mem:41.94M (Peak 45.86M) | Time:00:00.12 | Mem:6.23M, Peak:6.23M | Scene, ViewLayer | Updating Integrator
Fra:1 Mem:41.94M (Peak 45.86M) | Time:00:00.12 | Mem:6.23M, Peak:6.23M | Scene, ViewLayer | Updating Film
Fra:1 Mem:41.94M (Peak 45.86M) | Time:00:00.12 | Mem:6.15M, Peak:6.23M | Scene, ViewLayer | Updating Lookup Tables
Fra:1 Mem:41.94M (Peak 45.86M) | Time:00:00.12 | Mem:6.23M, Peak:6.23M | Scene, ViewLayer | Updating Baking
Fra:1 Mem:41.94M (Peak 45.86M) | Time:00:00.12 | Mem:6.23M, Peak:6.23M | Scene, ViewLayer | Updating Device | Writing constant memory
Fra:1 Mem:41.95M (Peak 45.86M) | Time:00:00.12 | Mem:6.23M, Peak:6.23M | Scene, ViewLayer | Sample 0/16
Fra:1 Mem:80.58M (Peak 80.58M) | Time:00:02.18 | Remaining:00:30.95 | Mem:44.86M, Peak:44.86M | Scene, ViewLayer | Sample 1/16
Fra:1 Mem:97.74M (Peak 132.08M) | Time:00:25.76 | Mem:44.86M, Peak:44.86M | Scene, ViewLayer | Sample 16/16
Fra:1 Mem:97.74M (Peak 132.08M) | Time:00:25.76 | Mem:44.86M, Peak:44.86M | Scene, ViewLayer | Finished
Saved: 'ArtSource/ActorSilhouettes/F1/Review/Ranger-Before.png'
Time: 00:26.09 (Saving: 00:00.32)

Fra:1 Mem:46.52M (Peak 46.52M) | Time:00:00.01 | Mem:0.00M, Peak:0.00M | Scene, ViewLayer | Synchronizing object | Plane
Fra:1 Mem:46.61M (Peak 46.61M) | Time:00:00.01 | Mem:0.00M, Peak:0.00M | Scene, ViewLayer | Synchronizing object | Text.001
Fra:1 Mem:46.68M (Peak 46.68M) | Time:00:00.01 | Mem:0.00M, Peak:0.00M | Scene, ViewLayer | Synchronizing object | Text.002
Fra:1 Mem:46.79M (Peak 46.79M) | Time:00:00.01 | Mem:0.00M, Peak:0.00M | Scene, ViewLayer | Synchronizing object | Knee Guard.005
Fra:1 Mem:46.83M (Peak 46.83M) | Time:00:00.01 | Mem:0.00M, Peak:0.00M | Scene, ViewLayer | Synchronizing object | Shin Guard.005
Fra:1 Mem:46.86M (Peak 46.86M) | Time:00:00.01 | Mem:0.00M, Peak:0.00M | Scene, ViewLayer | Synchronizing object | Boot.005
Fra:1 Mem:46.88M (Peak 46.88M) | Time:00:00.01 | Mem:0.00M, Peak:0.00M | Scene, ViewLayer | Synchronizing object | Trouser.005
Fra:1 Mem:46.92M (Peak 46.92M) | Time:00:00.01 | Mem:0.00M, Peak:0.00M | Scene, ViewLayer | Synchronizing object | Knee Guard.004
Fra:1 Mem:46.95M (Peak 46.95M) | Time:00:00.01 | Mem:0.00M, Peak:0.00M | Scene, ViewLayer | Synchronizing object | Shin Guard.004
Fra:1 Mem:46.99M (Peak 46.99M) | Time:00:00.01 | Mem:0.00M, Peak:0.00M | Scene, ViewLayer | Synchronizing object | Boot.004
Fra:1 Mem:47.01M (Peak 47.01M) | Time:00:00.01 | Mem:0.00M, Peak:0.00M | Scene, ViewLayer | Synchronizing object | Trouser.004
Fra:1 Mem:47.05M (Peak 47.05M) | Time:00:00.01 | Mem:0.00M, Peak:0.00M | Scene, ViewLayer | Synchronizing object | Master hunter quiver rail.001
Fra:1 Mem:47.08M (Peak 47.08M) | Time:00:00.01 | Mem:0.00M, Peak:0.00M | Scene, ViewLayer | Synchronizing object | Master hunter quiver rail
Fra:1 Mem:47.11M (Peak 47.11M) | Time:00:00.01 | Mem:0.00M, Peak:0.00M | Scene, ViewLayer | Synchronizing object | Hunter layered hip tab.002
Fra:1 Mem:47.13M (Peak 47.13M) | Time:00:00.01 | Mem:0.00M, Peak:0.00M | Scene, ViewLayer | Synchronizing object | Hunter layered hip tab.001
Fra:1 Mem:47.16M (Peak 47.16M) | Time:00:00.01 | Mem:0.00M, Peak:0.00M | Scene, ViewLayer | Synchronizing object | Hunter layered hip tab
Fra:1 Mem:47.19M (Peak 47.19M) | Time:00:00.01 | Mem:0.00M, Peak:0.00M | Scene, ViewLayer | Synchronizing object | Hunter offside utility flap
Fra:1 Mem:47.22M (Peak 47.22M) | Time:00:00.01 | Mem:0.00M, Peak:0.00M | Scene, ViewLayer | Synchronizing object | Hunter quiver retaining hoop.001
Fra:1 Mem:47.25M (Peak 47.25M) | Time:00:00.01 | Mem:0.00M, Peak:0.00M | Scene, ViewLayer | Synchronizing object | Hunter quiver retaining hoop
Fra:1 Mem:47.28M (Peak 47.28M) | Time:00:00.01 | Mem:0.00M, Peak:0.00M | Scene, ViewLayer | Synchronizing object | Hunter quiver harness.001
Fra:1 Mem:47.31M (Peak 47.31M) | Time:00:00.01 | Mem:0.00M, Peak:0.00M | Scene, ViewLayer | Synchronizing object | Costume fastening.001
Fra:1 Mem:47.35M (Peak 47.35M) | Time:00:00.01 | Mem:0.00M, Peak:0.00M | Scene, ViewLayer | Synchronizing object | Asymmetric leather chest wrap.001
Fra:1 Mem:47.38M (Peak 47.38M) | Time:00:00.01 | Mem:0.00M, Peak:0.00M | Scene, ViewLayer | Synchronizing object | Nose.002
Fra:1 Mem:47.41M (Peak 47.41M) | Time:00:00.01 | Mem:0.00M, Peak:0.00M | Scene, ViewLayer | Synchronizing object | Ear.005
Fra:1 Mem:47.44M (Peak 47.44M) | Time:00:00.01 | Mem:0.00M, Peak:0.00M | Scene, ViewLayer | Synchronizing object | Hair Side Lock.005
Fra:1 Mem:47.48M (Peak 47.48M) | Time:00:00.01 | Mem:0.00M, Peak:0.00M | Scene, ViewLayer | Synchronizing object | Ear.004
Fra:1 Mem:47.52M (Peak 47.52M) | Time:00:00.01 | Mem:0.00M, Peak:0.00M | Scene, ViewLayer | Synchronizing object | Hair Side Lock.004
Fra:1 Mem:47.55M (Peak 47.55M) | Time:00:00.01 | Mem:0.00M, Peak:0.00M | Scene, ViewLayer | Synchronizing object | Feather.002
Fra:1 Mem:47.59M (Peak 47.59M) | Time:00:00.01 | Mem:0.00M, Peak:0.00M | Scene, ViewLayer | Synchronizing object | Forest Hood.002
Fra:1 Mem:47.63M (Peak 47.63M) | Time:00:00.01 | Mem:0.00M, Peak:0.00M | Scene, ViewLayer | Synchronizing object | Eyes R.002
Fra:1 Mem:47.67M (Peak 47.67M) | Time:00:00.01 | Mem:0.00M, Peak:0.00M | Scene, ViewLayer | Synchronizing object | Eyes L.002
Fra:1 Mem:47.70M (Peak 47.70M) | Time:00:00.01 | Mem:0.00M, Peak:0.00M | Scene, ViewLayer | Synchronizing object | Head.002
Fra:1 Mem:47.73M (Peak 47.73M) | Time:00:00.01 | Mem:0.00M, Peak:0.00M | Scene, ViewLayer | Synchronizing object | Scarf Tail.002
Fra:1 Mem:47.76M (Peak 47.76M) | Time:00:00.01 | Mem:0.00M, Peak:0.00M | Scene, ViewLayer | Synchronizing object | Scarf.002
Fra:1 Mem:47.79M (Peak 47.79M) | Time:00:00.01 | Mem:0.00M, Peak:0.00M | Scene, ViewLayer | Synchronizing object | Collar.002
Fra:1 Mem:47.80M (Peak 47.80M) | Time:00:00.01 | Mem:0.00M, Peak:0.00M | Scene, ViewLayer | Synchronizing object | Spare Arrow.008
Fra:1 Mem:47.82M (Peak 47.82M) | Time:00:00.01 | Mem:0.00M, Peak:0.00M | Scene, ViewLayer | Synchronizing object | Spare Arrow.007
Fra:1 Mem:47.83M (Peak 47.83M) | Time:00:00.01 | Mem:0.00M, Peak:0.00M | Scene, ViewLayer | Synchronizing object | Spare Arrow.006
Fra:1 Mem:47.84M (Peak 47.84M) | Time:00:00.01 | Mem:0.00M, Peak:0.00M | Scene, ViewLayer | Synchronizing object | Quiver.002
Fra:1 Mem:47.88M (Peak 47.88M) | Time:00:00.01 | Mem:0.00M, Peak:0.00M | Scene, ViewLayer | Synchronizing object | Tailored Cloak.002
Fra:1 Mem:47.90M (Peak 47.90M) | Time:00:00.01 | Mem:0.00M, Peak:0.00M | Scene, ViewLayer | Synchronizing object | Cuff Trim.005
Fra:1 Mem:47.91M (Peak 47.91M) | Time:00:00.01 | Mem:0.00M, Peak:0.00M | Scene, ViewLayer | Synchronizing object | Forearm Bracer.005
Fra:1 Mem:47.95M (Peak 47.95M) | Time:00:00.01 | Mem:0.00M, Peak:0.00M | Scene, ViewLayer | Synchronizing object | Glove.005
Fra:1 Mem:47.98M (Peak 47.98M) | Time:00:00.01 | Mem:0.00M, Peak:0.00M | Scene, ViewLayer | Synchronizing object | Sleeve.005
Fra:1 Mem:48.02M (Peak 48.02M) | Time:00:00.01 | Mem:0.00M, Peak:0.00M | Scene, ViewLayer | Synchronizing object | Master hunter raised left guard
Fra:1 Mem:48.05M (Peak 48.05M) | Time:00:00.01 | Mem:0.00M, Peak:0.00M | Scene, ViewLayer | Synchronizing object | Tailored shoulder mantle.001
Fra:1 Mem:48.08M (Peak 48.08M) | Time:00:00.01 | Mem:0.00M, Peak:0.00M | Scene, ViewLayer | Synchronizing object | Bow horn.001
Fra:1 Mem:48.12M (Peak 48.12M) | Time:00:00.01 | Mem:0.00M, Peak:0.00M | Scene, ViewLayer | Synchronizing object | Bow tip.003
Fra:1 Mem:48.15M (Peak 48.15M) | Time:00:00.01 | Mem:0.00M, Peak:0.00M | Scene, ViewLayer | Synchronizing object | Layered bow limb.015
Fra:1 Mem:48.17M (Peak 48.17M) | Time:00:00.01 | Mem:0.00M, Peak:0.00M | Scene, ViewLayer | Synchronizing object | Layered bow limb.014
Fra:1 Mem:48.19M (Peak 48.19M) | Time:00:00.01 | Mem:0.00M, Peak:0.00M | Scene, ViewLayer | Synchronizing object | Layered bow limb.013
Fra:1 Mem:48.21M (Peak 48.21M) | Time:00:00.01 | Mem:0.00M, Peak:0.00M | Scene, ViewLayer | Synchronizing object | Layered bow limb.012
Fra:1 Mem:48.23M (Peak 48.23M) | Time:00:00.01 | Mem:0.00M, Peak:0.00M | Scene, ViewLayer | Synchronizing object | Bow horn
Fra:1 Mem:48.25M (Peak 48.25M) | Time:00:00.01 | Mem:0.00M, Peak:0.00M | Scene, ViewLayer | Synchronizing object | Breastplate
Fra:1 Mem:48.29M (Peak 48.29M) | Time:00:00.01 | Mem:0.00M, Peak:0.00M | Scene, ViewLayer | Synchronizing object | Belt
Fra:1 Mem:48.32M (Peak 48.32M) | Time:00:00.01 | Mem:0.00M, Peak:0.00M | Scene, ViewLayer | Synchronizing object | Buckle
Fra:1 Mem:48.35M (Peak 48.35M) | Time:00:00.01 | Mem:0.00M, Peak:0.00M | Scene, ViewLayer | Synchronizing object | Sleeve
Fra:1 Mem:48.38M (Peak 48.38M) | Time:00:00.01 | Mem:0.00M, Peak:0.00M | Scene, ViewLayer | Synchronizing object | Glove
Fra:1 Mem:48.42M (Peak 48.42M) | Time:00:00.01 | Mem:0.00M, Peak:0.00M | Scene, ViewLayer | Synchronizing object | Forearm Bracer
Fra:1 Mem:48.46M (Peak 48.46M) | Time:00:00.01 | Mem:0.00M, Peak:0.00M | Scene, ViewLayer | Synchronizing object | Cuff Trim
Fra:1 Mem:48.47M (Peak 48.47M) | Time:00:00.01 | Mem:0.00M, Peak:0.00M | Scene, ViewLayer | Synchronizing object | Bow Limb
Fra:1 Mem:48.48M (Peak 48.48M) | Time:00:00.01 | Mem:0.00M, Peak:0.00M | Scene, ViewLayer | Synchronizing object | Bow Limb.001
Fra:1 Mem:48.50M (Peak 48.50M) | Time:00:00.01 | Mem:0.00M, Peak:0.00M | Scene, ViewLayer | Synchronizing object | Bow Limb.002
Fra:1 Mem:48.52M (Peak 48.52M) | Time:00:00.01 | Mem:0.00M, Peak:0.00M | Scene, ViewLayer | Synchronizing object | Bow Limb.003
Fra:1 Mem:48.54M (Peak 48.54M) | Time:00:00.01 | Mem:0.00M, Peak:0.00M | Scene, ViewLayer | Synchronizing object | Bow Limb.004
Fra:1 Mem:48.56M (Peak 48.56M) | Time:00:00.01 | Mem:0.00M, Peak:0.00M | Scene, ViewLayer | Synchronizing object | Bow Limb.005
Fra:1 Mem:48.58M (Peak 48.58M) | Time:00:00.01 | Mem:0.00M, Peak:0.00M | Scene, ViewLayer | Synchronizing object | Bow Limb.006
Fra:1 Mem:48.59M (Peak 48.59M) | Time:00:00.01 | Mem:0.00M, Peak:0.00M | Scene, ViewLayer | Synchronizing object | Bow Limb.007
Fra:1 Mem:48.61M (Peak 48.61M) | Time:00:00.01 | Mem:0.00M, Peak:0.00M | Scene, ViewLayer | Synchronizing object | Bow Limb.008
Fra:1 Mem:48.63M (Peak 48.63M) | Time:00:00.01 | Mem:0.00M, Peak:0.00M | Scene, ViewLayer | Synchronizing object | Bow Grip
Fra:1 Mem:48.66M (Peak 48.66M) | Time:00:00.01 | Mem:0.00M, Peak:0.00M | Scene, ViewLayer | Synchronizing object | Arrow rest
Fra:1 Mem:48.69M (Peak 48.69M) | Time:00:00.01 | Mem:0.00M, Peak:0.00M | Scene, ViewLayer | Synchronizing object | Arrow Shaft
Fra:1 Mem:48.72M (Peak 48.72M) | Time:00:00.01 | Mem:0.00M, Peak:0.00M | Scene, ViewLayer | Synchronizing object | Arrow Head
Fra:1 Mem:48.72M (Peak 48.72M) | Time:00:00.01 | Mem:0.00M, Peak:0.00M | Scene, ViewLayer | Synchronizing object | Arrow Fletching
Fra:1 Mem:48.75M (Peak 48.75M) | Time:00:00.01 | Mem:0.00M, Peak:0.00M | Scene, ViewLayer | Synchronizing object | Arrow Fletching.001
Fra:1 Mem:48.78M (Peak 48.78M) | Time:00:00.01 | Mem:0.00M, Peak:0.00M | Scene, ViewLayer | Synchronizing object | Arrow Fletching.002
Fra:1 Mem:48.81M (Peak 48.81M) | Time:00:00.01 | Mem:0.00M, Peak:0.00M | Scene, ViewLayer | Synchronizing object | Single leather shoulder
Fra:1 Mem:48.84M (Peak 48.84M) | Time:00:00.01 | Mem:0.00M, Peak:0.00M | Scene, ViewLayer | Synchronizing object | Sleeve.001
Fra:1 Mem:48.87M (Peak 48.87M) | Time:00:00.01 | Mem:0.00M, Peak:0.00M | Scene, ViewLayer | Synchronizing object | Glove.001
Fra:1 Mem:48.91M (Peak 48.91M) | Time:00:00.01 | Mem:0.00M, Peak:0.00M | Scene, ViewLayer | Synchronizing object | Forearm Bracer.001
Fra:1 Mem:48.94M (Peak 48.94M) | Time:00:00.01 | Mem:0.00M, Peak:0.00M | Scene, ViewLayer | Synchronizing object | Cuff Trim.001
Fra:1 Mem:48.96M (Peak 48.96M) | Time:00:00.01 | Mem:0.00M, Peak:0.00M | Scene, ViewLayer | Synchronizing object | Tailored Cloak
Fra:1 Mem:48.97M (Peak 48.97M) | Time:00:00.01 | Mem:0.00M, Peak:0.00M | Scene, ViewLayer | Synchronizing object | Quiver
Fra:1 Mem:49.01M (Peak 49.01M) | Time:00:00.01 | Mem:0.00M, Peak:0.00M | Scene, ViewLayer | Synchronizing object | Spare Arrow
Fra:1 Mem:49.02M (Peak 49.02M) | Time:00:00.01 | Mem:0.00M, Peak:0.00M | Scene, ViewLayer | Synchronizing object | Spare Arrow.001
Fra:1 Mem:49.04M (Peak 49.04M) | Time:00:00.01 | Mem:0.00M, Peak:0.00M | Scene, ViewLayer | Synchronizing object | Spare Arrow.002
Fra:1 Mem:49.05M (Peak 49.05M) | Time:00:00.01 | Mem:0.00M, Peak:0.00M | Scene, ViewLayer | Synchronizing object | Collar
Fra:1 Mem:49.06M (Peak 49.06M) | Time:00:00.01 | Mem:0.00M, Peak:0.00M | Scene, ViewLayer | Synchronizing object | Leather Vest
Fra:1 Mem:49.09M (Peak 49.09M) | Time:00:00.01 | Mem:0.00M, Peak:0.00M | Scene, ViewLayer | Synchronizing object | Vest Buckle
Fra:1 Mem:49.12M (Peak 49.12M) | Time:00:00.01 | Mem:0.00M, Peak:0.00M | Scene, ViewLayer | Synchronizing object | Leather Vest.001
Fra:1 Mem:49.15M (Peak 49.15M) | Time:00:00.01 | Mem:0.00M, Peak:0.00M | Scene, ViewLayer | Synchronizing object | Vest Buckle.001
Fra:1 Mem:49.18M (Peak 49.18M) | Time:00:00.01 | Mem:0.00M, Peak:0.00M | Scene, ViewLayer | Synchronizing object | Scarf
Fra:1 Mem:49.21M (Peak 49.21M) | Time:00:00.01 | Mem:0.00M, Peak:0.00M | Scene, ViewLayer | Synchronizing object | Scarf Tail
Fra:1 Mem:49.24M (Peak 49.24M) | Time:00:00.01 | Mem:0.00M, Peak:0.00M | Scene, ViewLayer | Synchronizing object | Cross Body Strap
Fra:1 Mem:49.27M (Peak 49.27M) | Time:00:00.01 | Mem:0.00M, Peak:0.00M | Scene, ViewLayer | Synchronizing object | Head
Fra:1 Mem:49.30M (Peak 49.30M) | Time:00:00.01 | Mem:0.00M, Peak:0.00M | Scene, ViewLayer | Synchronizing object | Eyes L
Fra:1 Mem:49.34M (Peak 49.34M) | Time:00:00.01 | Mem:0.00M, Peak:0.00M | Scene, ViewLayer | Synchronizing object | Eyes R
Fra:1 Mem:49.37M (Peak 49.37M) | Time:00:00.01 | Mem:0.00M, Peak:0.00M | Scene, ViewLayer | Synchronizing object | Forest Hood
Fra:1 Mem:49.41M (Peak 49.41M) | Time:00:00.01 | Mem:0.00M, Peak:0.00M | Scene, ViewLayer | Synchronizing object | Feather
Fra:1 Mem:49.45M (Peak 49.45M) | Time:00:00.01 | Mem:0.00M, Peak:0.00M | Scene, ViewLayer | Synchronizing object | Hair Side Lock
Fra:1 Mem:49.49M (Peak 49.49M) | Time:00:00.01 | Mem:0.00M, Peak:0.00M | Scene, ViewLayer | Synchronizing object | Ear
Fra:1 Mem:49.52M (Peak 49.52M) | Time:00:00.01 | Mem:0.00M, Peak:0.00M | Scene, ViewLayer | Synchronizing object | Hair Side Lock.001
Fra:1 Mem:49.56M (Peak 49.56M) | Time:00:00.01 | Mem:0.00M, Peak:0.00M | Scene, ViewLayer | Synchronizing object | Ear.001
Fra:1 Mem:49.59M (Peak 49.59M) | Time:00:00.01 | Mem:0.00M, Peak:0.00M | Scene, ViewLayer | Synchronizing object | Nose
Fra:1 Mem:49.63M (Peak 49.63M) | Time:00:00.01 | Mem:0.00M, Peak:0.00M | Scene, ViewLayer | Synchronizing object | Diagonal ranger sash
Fra:1 Mem:49.66M (Peak 49.66M) | Time:00:00.01 | Mem:0.00M, Peak:0.00M | Scene, ViewLayer | Synchronizing object | Trouser
Fra:1 Mem:49.69M (Peak 49.69M) | Time:00:00.01 | Mem:0.00M, Peak:0.00M | Scene, ViewLayer | Synchronizing object | Boot
Fra:1 Mem:49.71M (Peak 49.71M) | Time:00:00.01 | Mem:0.00M, Peak:0.00M | Scene, ViewLayer | Synchronizing object | Shin Guard
Fra:1 Mem:49.75M (Peak 49.75M) | Time:00:00.01 | Mem:0.00M, Peak:0.00M | Scene, ViewLayer | Synchronizing object | Knee Guard
Fra:1 Mem:49.78M (Peak 49.78M) | Time:00:00.01 | Mem:0.00M, Peak:0.00M | Scene, ViewLayer | Synchronizing object | Trouser.001
Fra:1 Mem:49.82M (Peak 49.82M) | Time:00:00.01 | Mem:0.00M, Peak:0.00M | Scene, ViewLayer | Synchronizing object | Boot.001
Fra:1 Mem:49.84M (Peak 49.84M) | Time:00:00.01 | Mem:0.00M, Peak:0.00M | Scene, ViewLayer | Synchronizing object | Shin Guard.001
Fra:1 Mem:49.87M (Peak 49.87M) | Time:00:00.01 | Mem:0.00M, Peak:0.00M | Scene, ViewLayer | Synchronizing object | Knee Guard.001
Fra:1 Mem:49.91M (Peak 49.91M) | Time:00:00.01 | Mem:0.00M, Peak:0.00M | Scene, ViewLayer | Synchronizing object | Breastplate.001
Fra:1 Mem:49.95M (Peak 49.95M) | Time:00:00.01 | Mem:0.00M, Peak:0.00M | Scene, ViewLayer | Synchronizing object | Belt.001
Fra:1 Mem:49.98M (Peak 49.98M) | Time:00:00.01 | Mem:0.00M, Peak:0.00M | Scene, ViewLayer | Synchronizing object | Buckle.001
Fra:1 Mem:50.01M (Peak 50.01M) | Time:00:00.01 | Mem:0.00M, Peak:0.00M | Scene, ViewLayer | Synchronizing object | Sleeve.002
Fra:1 Mem:50.04M (Peak 50.04M) | Time:00:00.01 | Mem:0.00M, Peak:0.00M | Scene, ViewLayer | Synchronizing object | Glove.002
Fra:1 Mem:50.08M (Peak 50.08M) | Time:00:00.01 | Mem:0.00M, Peak:0.00M | Scene, ViewLayer | Synchronizing object | Forearm Bracer.002
Fra:1 Mem:50.12M (Peak 50.12M) | Time:00:00.01 | Mem:0.00M, Peak:0.00M | Scene, ViewLayer | Synchronizing object | Cuff Trim.002
Fra:1 Mem:50.13M (Peak 50.13M) | Time:00:00.01 | Mem:0.00M, Peak:0.00M | Scene, ViewLayer | Synchronizing object | Arrow rest.001
Fra:1 Mem:50.16M (Peak 50.16M) | Time:00:00.01 | Mem:0.00M, Peak:0.00M | Scene, ViewLayer | Synchronizing object | Arrow Shaft.001
Fra:1 Mem:50.19M (Peak 50.19M) | Time:00:00.01 | Mem:0.00M, Peak:0.00M | Scene, ViewLayer | Synchronizing object | Arrow Head.001
Fra:1 Mem:50.19M (Peak 50.19M) | Time:00:00.01 | Mem:0.00M, Peak:0.00M | Scene, ViewLayer | Synchronizing object | Arrow Fletching.003
Fra:1 Mem:50.22M (Peak 50.22M) | Time:00:00.01 | Mem:0.00M, Peak:0.00M | Scene, ViewLayer | Synchronizing object | Arrow Fletching.004
Fra:1 Mem:50.25M (Peak 50.25M) | Time:00:00.01 | Mem:0.00M, Peak:0.00M | Scene, ViewLayer | Synchronizing object | Arrow Fletching.005
Fra:1 Mem:50.28M (Peak 50.28M) | Time:00:00.01 | Mem:0.00M, Peak:0.00M | Scene, ViewLayer | Synchronizing object | Bow grip
Fra:1 Mem:50.31M (Peak 50.31M) | Time:00:00.02 | Mem:0.00M, Peak:0.00M | Scene, ViewLayer | Synchronizing object | Layered bow limb
Fra:1 Mem:50.32M (Peak 50.32M) | Time:00:00.02 | Mem:0.00M, Peak:0.00M | Scene, ViewLayer | Synchronizing object | Layered bow limb.001
Fra:1 Mem:50.34M (Peak 50.34M) | Time:00:00.02 | Mem:0.00M, Peak:0.00M | Scene, ViewLayer | Synchronizing object | Layered bow limb.002
Fra:1 Mem:50.36M (Peak 50.36M) | Time:00:00.02 | Mem:0.00M, Peak:0.00M | Scene, ViewLayer | Synchronizing object | Layered bow limb.003
Fra:1 Mem:50.38M (Peak 50.38M) | Time:00:00.02 | Mem:0.00M, Peak:0.00M | Scene, ViewLayer | Synchronizing object | Bow tip
Fra:1 Mem:50.41M (Peak 50.41M) | Time:00:00.02 | Mem:0.00M, Peak:0.00M | Scene, ViewLayer | Synchronizing object | Layered bow limb.004
Fra:1 Mem:50.43M (Peak 50.43M) | Time:00:00.02 | Mem:0.00M, Peak:0.00M | Scene, ViewLayer | Synchronizing object | Layered bow limb.005
Fra:1 Mem:50.45M (Peak 50.45M) | Time:00:00.02 | Mem:0.00M, Peak:0.00M | Scene, ViewLayer | Synchronizing object | Layered bow limb.006
Fra:1 Mem:50.47M (Peak 50.47M) | Time:00:00.02 | Mem:0.00M, Peak:0.00M | Scene, ViewLayer | Synchronizing object | Layered bow limb.007
Fra:1 Mem:50.48M (Peak 50.48M) | Time:00:00.02 | Mem:0.00M, Peak:0.00M | Scene, ViewLayer | Synchronizing object | Bow tip.001
Fra:1 Mem:50.52M (Peak 50.52M) | Time:00:00.02 | Mem:0.00M, Peak:0.00M | Scene, ViewLayer | Synchronizing object | Tailored shoulder mantle
Fra:1 Mem:50.55M (Peak 50.55M) | Time:00:00.02 | Mem:0.00M, Peak:0.00M | Scene, ViewLayer | Synchronizing object | Sleeve.003
Fra:1 Mem:50.59M (Peak 50.59M) | Time:00:00.02 | Mem:0.00M, Peak:0.00M | Scene, ViewLayer | Synchronizing object | Glove.003
Fra:1 Mem:50.62M (Peak 50.62M) | Time:00:00.02 | Mem:0.00M, Peak:0.00M | Scene, ViewLayer | Synchronizing object | Forearm Bracer.003
Fra:1 Mem:50.66M (Peak 50.66M) | Time:00:00.02 | Mem:0.00M, Peak:0.00M | Scene, ViewLayer | Synchronizing object | Cuff Trim.003
Fra:1 Mem:50.67M (Peak 50.67M) | Time:00:00.02 | Mem:0.00M, Peak:0.00M | Scene, ViewLayer | Synchronizing object | Tailored Cloak.001
Fra:1 Mem:50.69M (Peak 50.69M) | Time:00:00.02 | Mem:0.00M, Peak:0.00M | Scene, ViewLayer | Synchronizing object | Quiver.001
Fra:1 Mem:50.73M (Peak 50.73M) | Time:00:00.02 | Mem:0.00M, Peak:0.00M | Scene, ViewLayer | Synchronizing object | Spare Arrow.003
Fra:1 Mem:50.74M (Peak 50.74M) | Time:00:00.02 | Mem:0.00M, Peak:0.00M | Scene, ViewLayer | Synchronizing object | Spare Arrow.004
Fra:1 Mem:50.75M (Peak 50.75M) | Time:00:00.02 | Mem:0.00M, Peak:0.00M | Scene, ViewLayer | Synchronizing object | Spare Arrow.005
Fra:1 Mem:50.77M (Peak 50.77M) | Time:00:00.02 | Mem:0.00M, Peak:0.00M | Scene, ViewLayer | Synchronizing object | Collar.001
Fra:1 Mem:50.78M (Peak 50.78M) | Time:00:00.02 | Mem:0.00M, Peak:0.00M | Scene, ViewLayer | Synchronizing object | Scarf.001
Fra:1 Mem:50.81M (Peak 50.81M) | Time:00:00.02 | Mem:0.00M, Peak:0.00M | Scene, ViewLayer | Synchronizing object | Scarf Tail.001
Fra:1 Mem:50.84M (Peak 50.84M) | Time:00:00.02 | Mem:0.00M, Peak:0.00M | Scene, ViewLayer | Synchronizing object | Head.001
Fra:1 Mem:50.88M (Peak 50.88M) | Time:00:00.02 | Mem:0.00M, Peak:0.00M | Scene, ViewLayer | Synchronizing object | Bow tip.002
Fra:1 Mem:50.91M (Peak 50.91M) | Time:00:00.02 | Mem:0.00M, Peak:0.00M | Scene, ViewLayer | Synchronizing object | Layered bow limb.011
Fra:1 Mem:50.93M (Peak 50.93M) | Time:00:00.02 | Mem:0.00M, Peak:0.00M | Scene, ViewLayer | Synchronizing object | Layered bow limb.010
Fra:1 Mem:50.95M (Peak 50.95M) | Time:00:00.02 | Mem:0.00M, Peak:0.00M | Scene, ViewLayer | Synchronizing object | Layered bow limb.009
Fra:1 Mem:50.97M (Peak 50.97M) | Time:00:00.02 | Mem:0.00M, Peak:0.00M | Scene, ViewLayer | Synchronizing object | Layered bow limb.008
Fra:1 Mem:50.99M (Peak 50.99M) | Time:00:00.02 | Mem:0.00M, Peak:0.00M | Scene, ViewLayer | Synchronizing object | Bow grip.001
Fra:1 Mem:51.02M (Peak 51.02M) | Time:00:00.02 | Mem:0.00M, Peak:0.00M | Scene, ViewLayer | Synchronizing object | Arrow rest.002
Fra:1 Mem:51.05M (Peak 51.05M) | Time:00:00.02 | Mem:0.00M, Peak:0.00M | Scene, ViewLayer | Synchronizing object | Cuff Trim.004
Fra:1 Mem:51.06M (Peak 51.06M) | Time:00:00.02 | Mem:0.00M, Peak:0.00M | Scene, ViewLayer | Synchronizing object | Forearm Bracer.004
Fra:1 Mem:51.09M (Peak 51.09M) | Time:00:00.02 | Mem:0.00M, Peak:0.00M | Scene, ViewLayer | Synchronizing object | Glove.004
Fra:1 Mem:51.13M (Peak 51.13M) | Time:00:00.02 | Mem:0.00M, Peak:0.00M | Scene, ViewLayer | Synchronizing object | Sleeve.004
Fra:1 Mem:51.17M (Peak 51.17M) | Time:00:00.02 | Mem:0.00M, Peak:0.00M | Scene, ViewLayer | Synchronizing object | Buckle.002
Fra:1 Mem:51.19M (Peak 51.19M) | Time:00:00.02 | Mem:0.00M, Peak:0.00M | Scene, ViewLayer | Synchronizing object | Belt.002
Fra:1 Mem:51.22M (Peak 51.22M) | Time:00:00.02 | Mem:0.00M, Peak:0.00M | Scene, ViewLayer | Synchronizing object | Breastplate.002
Fra:1 Mem:51.26M (Peak 51.26M) | Time:00:00.02 | Mem:0.00M, Peak:0.00M | Scene, ViewLayer | Synchronizing object | Knee Guard.003
Fra:1 Mem:51.30M (Peak 51.30M) | Time:00:00.02 | Mem:0.00M, Peak:0.00M | Scene, ViewLayer | Synchronizing object | Shin Guard.003
Fra:1 Mem:51.33M (Peak 51.33M) | Time:00:00.02 | Mem:0.00M, Peak:0.00M | Scene, ViewLayer | Synchronizing object | Boot.003
Fra:1 Mem:51.35M (Peak 51.35M) | Time:00:00.02 | Mem:0.00M, Peak:0.00M | Scene, ViewLayer | Synchronizing object | Trouser.003
Fra:1 Mem:51.39M (Peak 51.39M) | Time:00:00.02 | Mem:0.00M, Peak:0.00M | Scene, ViewLayer | Synchronizing object | Knee Guard.002
Fra:1 Mem:51.42M (Peak 51.42M) | Time:00:00.02 | Mem:0.00M, Peak:0.00M | Scene, ViewLayer | Synchronizing object | Shin Guard.002
Fra:1 Mem:51.46M (Peak 51.46M) | Time:00:00.02 | Mem:0.00M, Peak:0.00M | Scene, ViewLayer | Synchronizing object | Boot.002
Fra:1 Mem:51.48M (Peak 51.48M) | Time:00:00.02 | Mem:0.00M, Peak:0.00M | Scene, ViewLayer | Synchronizing object | Trouser.002
Fra:1 Mem:51.52M (Peak 51.52M) | Time:00:00.02 | Mem:0.00M, Peak:0.00M | Scene, ViewLayer | Synchronizing object | Hunter quiver harness
Fra:1 Mem:51.55M (Peak 51.55M) | Time:00:00.02 | Mem:0.00M, Peak:0.00M | Scene, ViewLayer | Synchronizing object | Costume fastening
Fra:1 Mem:51.58M (Peak 51.58M) | Time:00:00.02 | Mem:0.00M, Peak:0.00M | Scene, ViewLayer | Synchronizing object | Asymmetric leather chest wrap
Fra:1 Mem:51.61M (Peak 51.61M) | Time:00:00.02 | Mem:0.00M, Peak:0.00M | Scene, ViewLayer | Synchronizing object | Nose.001
Fra:1 Mem:51.64M (Peak 51.64M) | Time:00:00.02 | Mem:0.00M, Peak:0.00M | Scene, ViewLayer | Synchronizing object | Ear.003
Fra:1 Mem:51.68M (Peak 51.68M) | Time:00:00.02 | Mem:0.00M, Peak:0.00M | Scene, ViewLayer | Synchronizing object | Hair Side Lock.003
Fra:1 Mem:51.72M (Peak 51.72M) | Time:00:00.02 | Mem:0.00M, Peak:0.00M | Scene, ViewLayer | Synchronizing object | Ear.002
Fra:1 Mem:51.75M (Peak 51.75M) | Time:00:00.02 | Mem:0.00M, Peak:0.00M | Scene, ViewLayer | Synchronizing object | Hair Side Lock.002
Fra:1 Mem:51.79M (Peak 51.79M) | Time:00:00.02 | Mem:0.00M, Peak:0.00M | Scene, ViewLayer | Synchronizing object | Feather.001
Fra:1 Mem:51.82M (Peak 51.82M) | Time:00:00.02 | Mem:0.00M, Peak:0.00M | Scene, ViewLayer | Synchronizing object | Forest Hood.001
Fra:1 Mem:51.87M (Peak 51.87M) | Time:00:00.02 | Mem:0.00M, Peak:0.00M | Scene, ViewLayer | Synchronizing object | Eyes R.001
Fra:1 Mem:51.90M (Peak 51.90M) | Time:00:00.02 | Mem:0.00M, Peak:0.00M | Scene, ViewLayer | Synchronizing object | Eyes L.001
Fra:1 Mem:51.94M (Peak 51.94M) | Time:00:00.02 | Mem:0.00M, Peak:0.00M | Scene, ViewLayer | Initializing
Fra:1 Mem:44.40M (Peak 51.94M) | Time:00:00.02 | Mem:0.00M, Peak:0.00M | Scene, ViewLayer | Waiting for render to start
Fra:1 Mem:44.40M (Peak 51.94M) | Time:00:00.02 | Mem:0.00M, Peak:0.00M | Scene, ViewLayer | Loading render kernels (may take a few minutes the first time)
Fra:1 Mem:44.40M (Peak 51.94M) | Time:00:00.02 | Mem:0.00M, Peak:0.00M | Scene, ViewLayer | Updating Scene
Fra:1 Mem:44.40M (Peak 51.94M) | Time:00:00.02 | Mem:0.00M, Peak:0.00M | Scene, ViewLayer | Updating Shaders
Fra:1 Mem:44.50M (Peak 51.94M) | Time:00:00.02 | Mem:0.02M, Peak:0.02M | Scene, ViewLayer | Updating Procedurals
Fra:1 Mem:44.50M (Peak 51.94M) | Time:00:00.02 | Mem:0.02M, Peak:0.02M | Scene, ViewLayer | Updating Background
Fra:1 Mem:44.50M (Peak 51.94M) | Time:00:00.02 | Mem:0.02M, Peak:0.02M | Scene, ViewLayer | Updating Camera
Fra:1 Mem:44.50M (Peak 51.94M) | Time:00:00.02 | Mem:0.02M, Peak:0.02M | Scene, ViewLayer | Updating Meshes Flags
Fra:1 Mem:44.50M (Peak 51.94M) | Time:00:00.02 | Mem:0.02M, Peak:0.02M | Scene, ViewLayer | Updating Objects
Fra:1 Mem:44.50M (Peak 51.94M) | Time:00:00.02 | Mem:0.02M, Peak:0.02M | Scene, ViewLayer | Updating Objects | Copying Transformations to device
Fra:1 Mem:44.55M (Peak 51.94M) | Time:00:00.02 | Mem:0.06M, Peak:0.06M | Scene, ViewLayer | Updating Objects | Applying Static Transformations
Fra:1 Mem:44.55M (Peak 51.94M) | Time:00:00.02 | Mem:0.06M, Peak:0.06M | Scene, ViewLayer | Updating Particle Systems
Fra:1 Mem:44.55M (Peak 51.94M) | Time:00:00.02 | Mem:0.06M, Peak:0.06M | Scene, ViewLayer | Updating Particle Systems | Copying Particles to device
Fra:1 Mem:44.55M (Peak 51.94M) | Time:00:00.02 | Mem:0.06M, Peak:0.06M | Scene, ViewLayer | Updating Meshes
Fra:1 Mem:45.31M (Peak 51.94M) | Time:00:00.02 | Mem:0.06M, Peak:0.06M | Scene, ViewLayer | Updating Mesh | Computing attributes
Fra:1 Mem:45.84M (Peak 51.94M) | Time:00:00.02 | Mem:0.07M, Peak:0.07M | Scene, ViewLayer | Updating Mesh | Copying Attributes to device
Fra:1 Mem:45.81M (Peak 51.94M) | Time:00:00.02 | Mem:0.57M, Peak:0.57M | Scene, ViewLayer | Updating Scene BVH | Building
Fra:1 Mem:45.82M (Peak 51.94M) | Time:00:00.02 | Mem:0.57M, Peak:0.57M | Scene, ViewLayer | Updating Scene BVH | Building BVH
Fra:1 Mem:45.82M (Peak 51.94M) | Time:00:00.02 | Mem:2.09M, Peak:2.09M | Scene, ViewLayer | Updating Scene BVH | Building BVH 0%
Fra:1 Mem:45.82M (Peak 51.94M) | Time:00:00.04 | Mem:3.91M, Peak:5.44M | Scene, ViewLayer | Updating Scene BVH | Copying BVH to device
Fra:1 Mem:45.82M (Peak 51.94M) | Time:00:00.04 | Mem:3.91M, Peak:5.44M | Scene, ViewLayer | Updating Mesh | Computing normals
Fra:1 Mem:48.09M (Peak 51.94M) | Time:00:00.04 | Mem:3.91M, Peak:5.44M | Scene, ViewLayer | Updating Mesh | Copying Mesh to device
Fra:1 Mem:48.09M (Peak 51.94M) | Time:00:00.04 | Mem:6.19M, Peak:6.19M | Scene, ViewLayer | Updating Objects Flags
Fra:1 Mem:48.09M (Peak 51.94M) | Time:00:00.04 | Mem:6.19M, Peak:6.19M | Scene, ViewLayer | Updating Primitive Offsets
Fra:1 Mem:48.10M (Peak 51.94M) | Time:00:00.04 | Mem:6.19M, Peak:6.19M | Scene, ViewLayer | Updating Images
Fra:1 Mem:48.10M (Peak 51.94M) | Time:00:00.04 | Mem:6.19M, Peak:6.19M | Scene, ViewLayer | Updating Camera Volume
Fra:1 Mem:48.10M (Peak 51.94M) | Time:00:00.04 | Mem:6.19M, Peak:6.19M | Scene, ViewLayer | Updating Lookup Tables
Fra:1 Mem:48.10M (Peak 51.94M) | Time:00:00.04 | Mem:6.27M, Peak:6.27M | Scene, ViewLayer | Updating Lights
Fra:1 Mem:48.10M (Peak 51.94M) | Time:00:00.04 | Mem:6.27M, Peak:6.27M | Scene, ViewLayer | Updating Lights | Computing tree
Fra:1 Mem:48.10M (Peak 51.94M) | Time:00:00.04 | Mem:6.28M, Peak:6.28M | Scene, ViewLayer | Updating Integrator
Fra:1 Mem:48.10M (Peak 51.94M) | Time:00:00.04 | Mem:6.28M, Peak:6.28M | Scene, ViewLayer | Updating Film
Fra:1 Mem:48.10M (Peak 51.94M) | Time:00:00.04 | Mem:6.19M, Peak:6.28M | Scene, ViewLayer | Updating Lookup Tables
Fra:1 Mem:48.10M (Peak 51.94M) | Time:00:00.04 | Mem:6.28M, Peak:6.28M | Scene, ViewLayer | Updating Baking
Fra:1 Mem:48.10M (Peak 51.94M) | Time:00:00.04 | Mem:6.28M, Peak:6.28M | Scene, ViewLayer | Updating Device | Writing constant memory
Fra:1 Mem:48.11M (Peak 51.94M) | Time:00:00.04 | Mem:6.28M, Peak:6.28M | Scene, ViewLayer | Sample 0/16
Fra:1 Mem:86.74M (Peak 86.74M) | Time:00:01.68 | Remaining:00:24.64 | Mem:44.90M, Peak:44.90M | Scene, ViewLayer | Sample 1/16
Fra:1 Mem:103.90M (Peak 138.24M) | Time:00:28.17 | Mem:44.90M, Peak:44.90M | Scene, ViewLayer | Sample 16/16
Fra:1 Mem:103.90M (Peak 138.24M) | Time:00:28.17 | Mem:44.90M, Peak:44.90M | Scene, ViewLayer | Finished
Saved: 'ArtSource/ActorSilhouettes/F1/Review/Ranger-After.png'
Time: 00:28.50 (Saving: 00:00.32)

Fra:1 Mem:50.90M (Peak 50.90M) | Time:00:00.03 | Mem:0.00M, Peak:0.00M | Scene, ViewLayer | Synchronizing object | Text
Fra:1 Mem:50.90M (Peak 50.90M) | Time:00:00.04 | Mem:0.00M, Peak:0.00M | Scene, ViewLayer | Synchronizing object | Plane
Fra:1 Mem:50.98M (Peak 50.98M) | Time:00:00.04 | Mem:0.00M, Peak:0.00M | Scene, ViewLayer | Synchronizing object | Text.001
Fra:1 Mem:51.05M (Peak 51.05M) | Time:00:00.04 | Mem:0.00M, Peak:0.00M | Scene, ViewLayer | Synchronizing object | Text.002
Fra:1 Mem:51.16M (Peak 51.16M) | Time:00:00.04 | Mem:0.00M, Peak:0.00M | Scene, ViewLayer | Synchronizing object | Knee Guard.005
Fra:1 Mem:51.19M (Peak 51.19M) | Time:00:00.04 | Mem:0.00M, Peak:0.00M | Scene, ViewLayer | Synchronizing object | Shin Guard.005
Fra:1 Mem:51.23M (Peak 51.23M) | Time:00:00.04 | Mem:0.00M, Peak:0.00M | Scene, ViewLayer | Synchronizing object | Boot.005
Fra:1 Mem:51.25M (Peak 51.25M) | Time:00:00.04 | Mem:0.00M, Peak:0.00M | Scene, ViewLayer | Synchronizing object | Trouser.005
Fra:1 Mem:51.29M (Peak 51.29M) | Time:00:00.04 | Mem:0.00M, Peak:0.00M | Scene, ViewLayer | Synchronizing object | Knee Guard.004
Fra:1 Mem:51.32M (Peak 51.32M) | Time:00:00.04 | Mem:0.00M, Peak:0.00M | Scene, ViewLayer | Synchronizing object | Shin Guard.004
Fra:1 Mem:51.36M (Peak 51.36M) | Time:00:00.04 | Mem:0.00M, Peak:0.00M | Scene, ViewLayer | Synchronizing object | Boot.004
Fra:1 Mem:51.38M (Peak 51.38M) | Time:00:00.04 | Mem:0.00M, Peak:0.00M | Scene, ViewLayer | Synchronizing object | Trouser.004
Fra:1 Mem:51.41M (Peak 51.41M) | Time:00:00.04 | Mem:0.00M, Peak:0.00M | Scene, ViewLayer | Synchronizing object | Elder contract split clasp.001
Fra:1 Mem:51.44M (Peak 51.44M) | Time:00:00.04 | Mem:0.00M, Peak:0.00M | Scene, ViewLayer | Synchronizing object | Elder contract split clasp
Fra:1 Mem:51.47M (Peak 51.47M) | Time:00:00.04 | Mem:0.00M, Peak:0.00M | Scene, ViewLayer | Synchronizing object | Hanging contract tablet.001
Fra:1 Mem:51.50M (Peak 51.50M) | Time:00:00.04 | Mem:0.00M, Peak:0.00M | Scene, ViewLayer | Synchronizing object | Split contract shawl tail.003
Fra:1 Mem:51.53M (Peak 51.53M) | Time:00:00.04 | Mem:0.00M, Peak:0.00M | Scene, ViewLayer | Synchronizing object | Hanging contract tablet
Fra:1 Mem:51.56M (Peak 51.56M) | Time:00:00.04 | Mem:0.00M, Peak:0.00M | Scene, ViewLayer | Synchronizing object | Split contract shawl tail.002
Fra:1 Mem:51.59M (Peak 51.59M) | Time:00:00.04 | Mem:0.00M, Peak:0.00M | Scene, ViewLayer | Synchronizing object | Costume fastening.001
Fra:1 Mem:51.62M (Peak 51.62M) | Time:00:00.04 | Mem:0.00M, Peak:0.00M | Scene, ViewLayer | Synchronizing object | Contract chest crystal.001
Fra:1 Mem:51.63M (Peak 51.63M) | Time:00:00.04 | Mem:0.00M, Peak:0.00M | Scene, ViewLayer | Synchronizing object | Spirit ritual bib.001
Fra:1 Mem:51.66M (Peak 51.66M) | Time:00:00.04 | Mem:0.00M, Peak:0.00M | Scene, ViewLayer | Synchronizing object | Elder contract crown branch.001
Fra:1 Mem:51.69M (Peak 51.69M) | Time:00:00.04 | Mem:0.00M, Peak:0.00M | Scene, ViewLayer | Synchronizing object | Contract crown outer fork.001
Fra:1 Mem:51.73M (Peak 51.73M) | Time:00:00.04 | Mem:0.00M, Peak:0.00M | Scene, ViewLayer | Synchronizing object | Elder contract crown branch
Fra:1 Mem:51.77M (Peak 51.77M) | Time:00:00.04 | Mem:0.00M, Peak:0.00M | Scene, ViewLayer | Synchronizing object | Contract crown outer fork
Fra:1 Mem:51.81M (Peak 51.81M) | Time:00:00.04 | Mem:0.00M, Peak:0.00M | Scene, ViewLayer | Synchronizing object | Moonstone circlet.002
Fra:1 Mem:51.84M (Peak 51.84M) | Time:00:00.04 | Mem:0.00M, Peak:0.00M | Scene, ViewLayer | Synchronizing object | Spirit antler branch.005
Fra:1 Mem:51.88M (Peak 51.88M) | Time:00:00.04 | Mem:0.00M, Peak:0.00M | Scene, ViewLayer | Synchronizing object | Spirit antler.005
Fra:1 Mem:51.91M (Peak 51.91M) | Time:00:00.04 | Mem:0.00M, Peak:0.00M | Scene, ViewLayer | Synchronizing object | Spirit antler branch.004
Fra:1 Mem:51.95M (Peak 51.95M) | Time:00:00.04 | Mem:0.00M, Peak:0.00M | Scene, ViewLayer | Synchronizing object | Spirit antler.004
Fra:1 Mem:51.99M (Peak 51.99M) | Time:00:00.04 | Mem:0.00M, Peak:0.00M | Scene, ViewLayer | Synchronizing object | Nose.002
Fra:1 Mem:52.02M (Peak 52.02M) | Time:00:00.04 | Mem:0.00M, Peak:0.00M | Scene, ViewLayer | Synchronizing object | Ear.005
Fra:1 Mem:52.06M (Peak 52.06M) | Time:00:00.04 | Mem:0.00M, Peak:0.00M | Scene, ViewLayer | Synchronizing object | Hair Side Lock.005
Fra:1 Mem:52.09M (Peak 52.09M) | Time:00:00.04 | Mem:0.00M, Peak:0.00M | Scene, ViewLayer | Synchronizing object | Ear.004
Fra:1 Mem:52.13M (Peak 52.13M) | Time:00:00.04 | Mem:0.00M, Peak:0.00M | Scene, ViewLayer | Synchronizing object | Hair Side Lock.004
Fra:1 Mem:52.17M (Peak 52.17M) | Time:00:00.04 | Mem:0.00M, Peak:0.00M | Scene, ViewLayer | Synchronizing object | Eyes R.002
Fra:1 Mem:52.20M (Peak 52.20M) | Time:00:00.04 | Mem:0.00M, Peak:0.00M | Scene, ViewLayer | Synchronizing object | Eyes L.002
Fra:1 Mem:52.23M (Peak 52.23M) | Time:00:00.04 | Mem:0.00M, Peak:0.00M | Scene, ViewLayer | Synchronizing object | Head.002
Fra:1 Mem:52.27M (Peak 52.27M) | Time:00:00.04 | Mem:0.00M, Peak:0.00M | Scene, ViewLayer | Synchronizing object | Collar.002
Fra:1 Mem:52.28M (Peak 52.28M) | Time:00:00.04 | Mem:0.00M, Peak:0.00M | Scene, ViewLayer | Synchronizing object | Tailored Cloak.002
Fra:1 Mem:52.30M (Peak 52.30M) | Time:00:00.04 | Mem:0.00M, Peak:0.00M | Scene, ViewLayer | Synchronizing object | Divided contract shoulder fan.001
Fra:1 Mem:52.30M (Peak 52.30M) | Time:00:00.04 | Mem:0.00M, Peak:0.00M | Scene, ViewLayer | Synchronizing object | Tiered leaf shoulder.011
Fra:1 Mem:52.31M (Peak 52.31M) | Time:00:00.04 | Mem:0.00M, Peak:0.00M | Scene, ViewLayer | Synchronizing object | Tiered leaf shoulder.010
Fra:1 Mem:52.31M (Peak 52.31M) | Time:00:00.04 | Mem:0.00M, Peak:0.00M | Scene, ViewLayer | Synchronizing object | Tiered leaf shoulder.009
Fra:1 Mem:52.32M (Peak 52.32M) | Time:00:00.04 | Mem:0.00M, Peak:0.00M | Scene, ViewLayer | Synchronizing object | Floating shard.001
Fra:1 Mem:52.35M (Peak 52.35M) | Time:00:00.04 | Mem:0.00M, Peak:0.00M | Scene, ViewLayer | Synchronizing object | Crystal prong.001
Fra:1 Mem:52.37M (Peak 52.37M) | Time:00:00.04 | Mem:0.00M, Peak:0.00M | Scene, ViewLayer | Synchronizing object | Floating shard
Fra:1 Mem:52.40M (Peak 52.40M) | Time:00:00.04 | Mem:0.00M, Peak:0.00M | Scene, ViewLayer | Synchronizing object | Crystal prong
Fra:1 Mem:52.41M (Peak 52.41M) | Time:00:00.04 | Mem:0.00M, Peak:0.00M | Scene, ViewLayer | Synchronizing object | Focus crystal.001
Fra:1 Mem:52.43M (Peak 52.43M) | Time:00:00.04 | Mem:0.00M, Peak:0.00M | Scene, ViewLayer | Synchronizing object | Staff collar.001
Fra:1 Mem:52.44M (Peak 52.44M) | Time:00:00.04 | Mem:0.00M, Peak:0.00M | Scene, ViewLayer | Synchronizing object | Inlaid staff.001
Fra:1 Mem:52.46M (Peak 52.46M) | Time:00:00.04 | Mem:0.00M, Peak:0.00M | Scene, ViewLayer | Synchronizing object | Cuff Trim.005
Fra:1 Mem:52.47M (Peak 52.47M) | Time:00:00.04 | Mem:0.00M, Peak:0.00M | Scene, ViewLayer | Synchronizing object | Forearm Bracer.005
Fra:1 Mem:52.50M (Peak 52.50M) | Time:00:00.04 | Mem:0.00M, Peak:0.00M | Scene, ViewLayer | Synchronizing object | Glove.005
Fra:1 Mem:52.54M (Peak 52.54M) | Time:00:00.04 | Mem:0.00M, Peak:0.00M | Scene, ViewLayer | Synchronizing object | Sleeve.005
Fra:1 Mem:52.58M (Peak 52.58M) | Time:00:00.04 | Mem:0.00M, Peak:0.00M | Scene, ViewLayer | Synchronizing object | Divided contract shoulder fan
Fra:1 Mem:52.58M (Peak 52.58M) | Time:00:00.04 | Mem:0.00M, Peak:0.00M | Scene, ViewLayer | Synchronizing object | Tiered leaf shoulder.008
Fra:1 Mem:52.59M (Peak 52.59M) | Time:00:00.04 | Mem:0.00M, Peak:0.00M | Scene, ViewLayer | Synchronizing object | Tiered leaf shoulder.007
Fra:1 Mem:52.59M (Peak 52.59M) | Time:00:00.04 | Mem:0.00M, Peak:0.00M | Scene, ViewLayer | Synchronizing object | Tiered leaf shoulder.006
Fra:1 Mem:52.60M (Peak 52.60M) | Time:00:00.04 | Mem:0.00M, Peak:0.00M | Scene, ViewLayer | Synchronizing object | Cuff Trim.004
Fra:1 Mem:52.61M (Peak 52.61M) | Time:00:00.04 | Mem:0.00M, Peak:0.00M | Scene, ViewLayer | Synchronizing object | Forearm Bracer.004
Fra:1 Mem:52.65M (Peak 52.65M) | Time:00:00.04 | Mem:0.00M, Peak:0.00M | Scene, ViewLayer | Synchronizing object | Orb.002
Fra:1 Mem:52.68M (Peak 52.68M) | Time:00:00.04 | Mem:0.00M, Peak:0.00M | Scene, ViewLayer | Synchronizing object | Glove.004
Fra:1 Mem:52.71M (Peak 52.71M) | Time:00:00.04 | Mem:0.00M, Peak:0.00M | Scene, ViewLayer | Synchronizing object | Breastplate
Fra:1 Mem:52.75M (Peak 52.75M) | Time:00:00.04 | Mem:0.00M, Peak:0.00M | Scene, ViewLayer | Synchronizing object | Belt
Fra:1 Mem:52.78M (Peak 52.78M) | Time:00:00.04 | Mem:0.00M, Peak:0.00M | Scene, ViewLayer | Synchronizing object | Buckle
Fra:1 Mem:52.81M (Peak 52.81M) | Time:00:00.04 | Mem:0.00M, Peak:0.00M | Scene, ViewLayer | Synchronizing object | Sleeve
Fra:1 Mem:52.85M (Peak 52.85M) | Time:00:00.04 | Mem:0.00M, Peak:0.00M | Scene, ViewLayer | Synchronizing object | Glove
Fra:1 Mem:52.88M (Peak 52.88M) | Time:00:00.04 | Mem:0.00M, Peak:0.00M | Scene, ViewLayer | Synchronizing object | Orb
Fra:1 Mem:52.92M (Peak 52.92M) | Time:00:00.04 | Mem:0.00M, Peak:0.00M | Scene, ViewLayer | Synchronizing object | Forearm Bracer
Fra:1 Mem:52.95M (Peak 52.95M) | Time:00:00.04 | Mem:0.00M, Peak:0.00M | Scene, ViewLayer | Synchronizing object | Cuff Trim
Fra:1 Mem:52.96M (Peak 52.96M) | Time:00:00.04 | Mem:0.00M, Peak:0.00M | Scene, ViewLayer | Synchronizing object | Sleeve.001
Fra:1 Mem:53.00M (Peak 53.00M) | Time:00:00.04 | Mem:0.00M, Peak:0.00M | Scene, ViewLayer | Synchronizing object | Glove.001
Fra:1 Mem:53.04M (Peak 53.04M) | Time:00:00.04 | Mem:0.00M, Peak:0.00M | Scene, ViewLayer | Synchronizing object | Forearm Bracer.001
Fra:1 Mem:53.07M (Peak 53.07M) | Time:00:00.05 | Mem:0.00M, Peak:0.00M | Scene, ViewLayer | Synchronizing object | Cuff Trim.001
Fra:1 Mem:53.08M (Peak 53.08M) | Time:00:00.05 | Mem:0.00M, Peak:0.00M | Scene, ViewLayer | Synchronizing object | Staff
Fra:1 Mem:53.10M (Peak 53.10M) | Time:00:00.05 | Mem:0.00M, Peak:0.00M | Scene, ViewLayer | Synchronizing object | Staff Gold
Fra:1 Mem:53.13M (Peak 53.13M) | Time:00:00.05 | Mem:0.00M, Peak:0.00M | Scene, ViewLayer | Synchronizing object | Arcane Crystal
Fra:1 Mem:53.16M (Peak 53.16M) | Time:00:00.05 | Mem:0.00M, Peak:0.00M | Scene, ViewLayer | Synchronizing object | Staff Crystal Crown
Fra:1 Mem:53.17M (Peak 53.17M) | Time:00:00.05 | Mem:0.00M, Peak:0.00M | Scene, ViewLayer | Synchronizing object | Staff Crystal Crown.001
Fra:1 Mem:53.19M (Peak 53.19M) | Time:00:00.05 | Mem:0.00M, Peak:0.00M | Scene, ViewLayer | Synchronizing object | Tailored Cloak
Fra:1 Mem:53.20M (Peak 53.20M) | Time:00:00.05 | Mem:0.00M, Peak:0.00M | Scene, ViewLayer | Synchronizing object | Collar
Fra:1 Mem:53.21M (Peak 53.21M) | Time:00:00.05 | Mem:0.00M, Peak:0.00M | Scene, ViewLayer | Synchronizing object | Arcane Brooch
Fra:1 Mem:53.25M (Peak 53.25M) | Time:00:00.05 | Mem:0.00M, Peak:0.00M | Scene, ViewLayer | Synchronizing object | Head
Fra:1 Mem:53.28M (Peak 53.28M) | Time:00:00.05 | Mem:0.00M, Peak:0.00M | Scene, ViewLayer | Synchronizing object | Eyes L
Fra:1 Mem:53.32M (Peak 53.32M) | Time:00:00.05 | Mem:0.00M, Peak:0.00M | Scene, ViewLayer | Synchronizing object | Eyes R
Fra:1 Mem:53.35M (Peak 53.35M) | Time:00:00.05 | Mem:0.00M, Peak:0.00M | Scene, ViewLayer | Synchronizing object | Hair Side Lock
Fra:1 Mem:53.39M (Peak 53.39M) | Time:00:00.05 | Mem:0.00M, Peak:0.00M | Scene, ViewLayer | Synchronizing object | Ear
Fra:1 Mem:53.42M (Peak 53.42M) | Time:00:00.05 | Mem:0.00M, Peak:0.00M | Scene, ViewLayer | Synchronizing object | Hair Side Lock.001
Fra:1 Mem:53.46M (Peak 53.46M) | Time:00:00.05 | Mem:0.00M, Peak:0.00M | Scene, ViewLayer | Synchronizing object | Ear.001
Fra:1 Mem:53.49M (Peak 53.49M) | Time:00:00.05 | Mem:0.00M, Peak:0.00M | Scene, ViewLayer | Synchronizing object | Nose
Fra:1 Mem:53.53M (Peak 53.53M) | Time:00:00.05 | Mem:0.00M, Peak:0.00M | Scene, ViewLayer | Synchronizing object | Spirit antler
Fra:1 Mem:53.56M (Peak 53.56M) | Time:00:00.05 | Mem:0.00M, Peak:0.00M | Scene, ViewLayer | Synchronizing object | Spirit antler branch
Fra:1 Mem:53.60M (Peak 53.60M) | Time:00:00.05 | Mem:0.00M, Peak:0.00M | Scene, ViewLayer | Synchronizing object | Spirit antler.001
Fra:1 Mem:53.64M (Peak 53.64M) | Time:00:00.05 | Mem:0.00M, Peak:0.00M | Scene, ViewLayer | Synchronizing object | Spirit antler branch.001
Fra:1 Mem:53.68M (Peak 53.68M) | Time:00:00.05 | Mem:0.00M, Peak:0.00M | Scene, ViewLayer | Synchronizing object | Moonstone circlet
Fra:1 Mem:53.71M (Peak 53.71M) | Time:00:00.05 | Mem:0.00M, Peak:0.00M | Scene, ViewLayer | Synchronizing object | Leaf ritual mantle
Fra:1 Mem:53.72M (Peak 53.72M) | Time:00:00.05 | Mem:0.00M, Peak:0.00M | Scene, ViewLayer | Synchronizing object | Leaf ritual mantle.001
Fra:1 Mem:53.72M (Peak 53.72M) | Time:00:00.05 | Mem:0.00M, Peak:0.00M | Scene, ViewLayer | Synchronizing object | Leaf ritual mantle.002
Fra:1 Mem:53.73M (Peak 53.73M) | Time:00:00.05 | Mem:0.00M, Peak:0.00M | Scene, ViewLayer | Synchronizing object | Leaf ritual mantle.003
Fra:1 Mem:53.73M (Peak 53.73M) | Time:00:00.05 | Mem:0.00M, Peak:0.00M | Scene, ViewLayer | Synchronizing object | Leaf ritual mantle.004
Fra:1 Mem:53.74M (Peak 53.74M) | Time:00:00.05 | Mem:0.00M, Peak:0.00M | Scene, ViewLayer | Synchronizing object | Leaf ritual mantle.005
Fra:1 Mem:53.75M (Peak 53.75M) | Time:00:00.05 | Mem:0.00M, Peak:0.00M | Scene, ViewLayer | Synchronizing object | Bound spirit totem
Fra:1 Mem:53.76M (Peak 53.76M) | Time:00:00.05 | Mem:0.00M, Peak:0.00M | Scene, ViewLayer | Synchronizing object | Totem moonstone
Fra:1 Mem:53.80M (Peak 53.80M) | Time:00:00.05 | Mem:0.00M, Peak:0.00M | Scene, ViewLayer | Synchronizing object | Trouser
Fra:1 Mem:53.83M (Peak 53.83M) | Time:00:00.05 | Mem:0.00M, Peak:0.00M | Scene, ViewLayer | Synchronizing object | Boot
Fra:1 Mem:53.85M (Peak 53.85M) | Time:00:00.05 | Mem:0.00M, Peak:0.00M | Scene, ViewLayer | Synchronizing object | Shin Guard
Fra:1 Mem:53.89M (Peak 53.89M) | Time:00:00.05 | Mem:0.00M, Peak:0.00M | Scene, ViewLayer | Synchronizing object | Knee Guard
Fra:1 Mem:53.92M (Peak 53.92M) | Time:00:00.05 | Mem:0.00M, Peak:0.00M | Scene, ViewLayer | Synchronizing object | Trouser.001
Fra:1 Mem:53.96M (Peak 53.96M) | Time:00:00.05 | Mem:0.00M, Peak:0.00M | Scene, ViewLayer | Synchronizing object | Boot.001
Fra:1 Mem:53.98M (Peak 53.98M) | Time:00:00.05 | Mem:0.00M, Peak:0.00M | Scene, ViewLayer | Synchronizing object | Shin Guard.001
Fra:1 Mem:54.01M (Peak 54.01M) | Time:00:00.05 | Mem:0.00M, Peak:0.00M | Scene, ViewLayer | Synchronizing object | Knee Guard.001
Fra:1 Mem:54.05M (Peak 54.05M) | Time:00:00.05 | Mem:0.00M, Peak:0.00M | Scene, ViewLayer | Synchronizing object | Breastplate.001
Fra:1 Mem:54.09M (Peak 54.09M) | Time:00:00.05 | Mem:0.00M, Peak:0.00M | Scene, ViewLayer | Synchronizing object | Belt.001
Fra:1 Mem:54.12M (Peak 54.12M) | Time:00:00.05 | Mem:0.00M, Peak:0.00M | Scene, ViewLayer | Synchronizing object | Buckle.001
Fra:1 Mem:54.15M (Peak 54.15M) | Time:00:00.05 | Mem:0.00M, Peak:0.00M | Scene, ViewLayer | Synchronizing object | Sleeve.002
Fra:1 Mem:54.18M (Peak 54.18M) | Time:00:00.05 | Mem:0.00M, Peak:0.00M | Scene, ViewLayer | Synchronizing object | Glove.002
Fra:1 Mem:54.22M (Peak 54.22M) | Time:00:00.05 | Mem:0.00M, Peak:0.00M | Scene, ViewLayer | Synchronizing object | Orb.001
Fra:1 Mem:54.25M (Peak 54.25M) | Time:00:00.05 | Mem:0.00M, Peak:0.00M | Scene, ViewLayer | Synchronizing object | Forearm Bracer.002
Fra:1 Mem:54.29M (Peak 54.29M) | Time:00:00.05 | Mem:0.00M, Peak:0.00M | Scene, ViewLayer | Synchronizing object | Cuff Trim.002
Fra:1 Mem:54.30M (Peak 54.30M) | Time:00:00.05 | Mem:0.00M, Peak:0.00M | Scene, ViewLayer | Synchronizing object | Tiered leaf shoulder
Fra:1 Mem:54.31M (Peak 54.31M) | Time:00:00.05 | Mem:0.00M, Peak:0.00M | Scene, ViewLayer | Synchronizing object | Tiered leaf shoulder.001
Fra:1 Mem:54.31M (Peak 54.31M) | Time:00:00.05 | Mem:0.00M, Peak:0.00M | Scene, ViewLayer | Synchronizing object | Tiered leaf shoulder.002
Fra:1 Mem:54.32M (Peak 54.32M) | Time:00:00.05 | Mem:0.00M, Peak:0.00M | Scene, ViewLayer | Synchronizing object | Sleeve.003
Fra:1 Mem:54.36M (Peak 54.36M) | Time:00:00.05 | Mem:0.00M, Peak:0.00M | Scene, ViewLayer | Synchronizing object | Glove.003
Fra:1 Mem:54.39M (Peak 54.39M) | Time:00:00.05 | Mem:0.00M, Peak:0.00M | Scene, ViewLayer | Synchronizing object | Forearm Bracer.003
Fra:1 Mem:54.43M (Peak 54.43M) | Time:00:00.05 | Mem:0.00M, Peak:0.00M | Scene, ViewLayer | Synchronizing object | Cuff Trim.003
Fra:1 Mem:54.44M (Peak 54.44M) | Time:00:00.05 | Mem:0.00M, Peak:0.00M | Scene, ViewLayer | Synchronizing object | Inlaid staff
Fra:1 Mem:54.45M (Peak 54.45M) | Time:00:00.05 | Mem:0.00M, Peak:0.00M | Scene, ViewLayer | Synchronizing object | Staff collar
Fra:1 Mem:54.46M (Peak 54.46M) | Time:00:00.05 | Mem:0.00M, Peak:0.00M | Scene, ViewLayer | Synchronizing object | Focus crystal
Fra:1 Mem:54.48M (Peak 54.48M) | Time:00:00.05 | Mem:0.00M, Peak:0.00M | Scene, ViewLayer | Synchronizing object | Tiered leaf shoulder.003
Fra:1 Mem:54.49M (Peak 54.49M) | Time:00:00.05 | Mem:0.00M, Peak:0.00M | Scene, ViewLayer | Synchronizing object | Tiered leaf shoulder.004
Fra:1 Mem:54.49M (Peak 54.49M) | Time:00:00.05 | Mem:0.00M, Peak:0.00M | Scene, ViewLayer | Synchronizing object | Tiered leaf shoulder.005
Fra:1 Mem:54.50M (Peak 54.50M) | Time:00:00.05 | Mem:0.00M, Peak:0.00M | Scene, ViewLayer | Synchronizing object | Tailored Cloak.001
Fra:1 Mem:54.51M (Peak 54.51M) | Time:00:00.05 | Mem:0.00M, Peak:0.00M | Scene, ViewLayer | Synchronizing object | Collar.001
Fra:1 Mem:54.52M (Peak 54.52M) | Time:00:00.05 | Mem:0.00M, Peak:0.00M | Scene, ViewLayer | Synchronizing object | Head.001
Fra:1 Mem:54.56M (Peak 54.56M) | Time:00:00.05 | Mem:0.00M, Peak:0.00M | Scene, ViewLayer | Synchronizing object | Eyes L.001
Fra:1 Mem:54.59M (Peak 54.59M) | Time:00:00.05 | Mem:0.00M, Peak:0.00M | Scene, ViewLayer | Synchronizing object | Eyes R.001
Fra:1 Mem:54.63M (Peak 54.63M) | Time:00:00.05 | Mem:0.00M, Peak:0.00M | Scene, ViewLayer | Synchronizing object | Hair Side Lock.002
Fra:1 Mem:54.66M (Peak 54.66M) | Time:00:00.05 | Mem:0.00M, Peak:0.00M | Scene, ViewLayer | Synchronizing object | Ear.002
Fra:1 Mem:54.70M (Peak 54.70M) | Time:00:00.05 | Mem:0.00M, Peak:0.00M | Scene, ViewLayer | Synchronizing object | Hair Side Lock.003
Fra:1 Mem:54.74M (Peak 54.74M) | Time:00:00.05 | Mem:0.00M, Peak:0.00M | Scene, ViewLayer | Synchronizing object | Ear.003
Fra:1 Mem:54.77M (Peak 54.77M) | Time:00:00.05 | Mem:0.00M, Peak:0.00M | Scene, ViewLayer | Synchronizing object | Nose.001
Fra:1 Mem:54.80M (Peak 54.80M) | Time:00:00.05 | Mem:0.00M, Peak:0.00M | Scene, ViewLayer | Synchronizing object | Spirit antler.002
Fra:1 Mem:54.84M (Peak 54.84M) | Time:00:00.05 | Mem:0.00M, Peak:0.00M | Scene, ViewLayer | Synchronizing object | Spirit antler branch.002
Fra:1 Mem:54.88M (Peak 54.88M) | Time:00:00.05 | Mem:0.00M, Peak:0.00M | Scene, ViewLayer | Synchronizing object | Spirit antler.003
Fra:1 Mem:54.92M (Peak 54.92M) | Time:00:00.05 | Mem:0.00M, Peak:0.00M | Scene, ViewLayer | Synchronizing object | Spirit antler branch.003
Fra:1 Mem:54.95M (Peak 54.95M) | Time:00:00.05 | Mem:0.00M, Peak:0.00M | Scene, ViewLayer | Synchronizing object | Moonstone circlet.001
Fra:1 Mem:54.99M (Peak 54.99M) | Time:00:00.05 | Mem:0.00M, Peak:0.00M | Scene, ViewLayer | Synchronizing object | Sleeve.004
Fra:1 Mem:54.99M (Peak 54.99M) | Time:00:00.05 | Mem:0.00M, Peak:0.00M | Scene, ViewLayer | Synchronizing object | Spirit ritual bib
Fra:1 Mem:55.05M (Peak 55.05M) | Time:00:00.05 | Mem:0.00M, Peak:0.00M | Scene, ViewLayer | Synchronizing object | Contract chest crystal
Fra:1 Mem:55.06M (Peak 55.06M) | Time:00:00.05 | Mem:0.00M, Peak:0.00M | Scene, ViewLayer | Synchronizing object | Costume fastening
Fra:1 Mem:55.09M (Peak 55.09M) | Time:00:00.05 | Mem:0.00M, Peak:0.00M | Scene, ViewLayer | Synchronizing object | Buckle.002
Fra:1 Mem:55.12M (Peak 55.12M) | Time:00:00.05 | Mem:0.00M, Peak:0.00M | Scene, ViewLayer | Synchronizing object | Split contract shawl tail
Fra:1 Mem:55.15M (Peak 55.15M) | Time:00:00.05 | Mem:0.00M, Peak:0.00M | Scene, ViewLayer | Synchronizing object | Belt.002
Fra:1 Mem:55.18M (Peak 55.18M) | Time:00:00.05 | Mem:0.00M, Peak:0.00M | Scene, ViewLayer | Synchronizing object | Split contract shawl tail.001
Fra:1 Mem:55.21M (Peak 55.21M) | Time:00:00.05 | Mem:0.00M, Peak:0.00M | Scene, ViewLayer | Synchronizing object | Breastplate.002
Fra:1 Mem:55.24M (Peak 55.24M) | Time:00:00.05 | Mem:0.00M, Peak:0.00M | Scene, ViewLayer | Synchronizing object | Trouser.002
Fra:1 Mem:55.28M (Peak 55.28M) | Time:00:00.05 | Mem:0.00M, Peak:0.00M | Scene, ViewLayer | Synchronizing object | Knee Guard.003
Fra:1 Mem:55.32M (Peak 55.32M) | Time:00:00.05 | Mem:0.00M, Peak:0.00M | Scene, ViewLayer | Synchronizing object | Boot.002
Fra:1 Mem:55.34M (Peak 55.34M) | Time:00:00.05 | Mem:0.00M, Peak:0.00M | Scene, ViewLayer | Synchronizing object | Shin Guard.003
Fra:1 Mem:55.35M (Peak 55.35M) | Time:00:00.05 | Mem:0.00M, Peak:0.00M | Scene, ViewLayer | Synchronizing object | Shin Guard.002
Fra:1 Mem:55.42M (Peak 55.42M) | Time:00:00.05 | Mem:0.00M, Peak:0.00M | Scene, ViewLayer | Synchronizing object | Boot.003
Fra:1 Mem:55.43M (Peak 55.43M) | Time:00:00.05 | Mem:0.00M, Peak:0.00M | Scene, ViewLayer | Synchronizing object | Knee Guard.002
Fra:1 Mem:55.46M (Peak 55.46M) | Time:00:00.05 | Mem:0.00M, Peak:0.00M | Scene, ViewLayer | Synchronizing object | Trouser.003
Fra:1 Mem:55.51M (Peak 55.51M) | Time:00:00.05 | Mem:0.00M, Peak:0.00M | Scene, ViewLayer | Initializing
Fra:1 Mem:48.71M (Peak 55.51M) | Time:00:00.06 | Mem:0.00M, Peak:0.00M | Scene, ViewLayer | Waiting for render to start
Fra:1 Mem:48.71M (Peak 55.51M) | Time:00:00.06 | Mem:0.00M, Peak:0.00M | Scene, ViewLayer | Loading render kernels (may take a few minutes the first time)
Fra:1 Mem:48.71M (Peak 55.51M) | Time:00:00.06 | Mem:0.00M, Peak:0.00M | Scene, ViewLayer | Updating Scene
Fra:1 Mem:48.71M (Peak 55.51M) | Time:00:00.06 | Mem:0.00M, Peak:0.00M | Scene, ViewLayer | Updating Shaders
Fra:1 Mem:48.81M (Peak 55.51M) | Time:00:00.06 | Mem:0.02M, Peak:0.02M | Scene, ViewLayer | Updating Procedurals
Fra:1 Mem:48.81M (Peak 55.51M) | Time:00:00.06 | Mem:0.02M, Peak:0.02M | Scene, ViewLayer | Updating Background
Fra:1 Mem:48.81M (Peak 55.51M) | Time:00:00.06 | Mem:0.02M, Peak:0.02M | Scene, ViewLayer | Updating Camera
Fra:1 Mem:48.81M (Peak 55.51M) | Time:00:00.06 | Mem:0.02M, Peak:0.02M | Scene, ViewLayer | Updating Meshes Flags
Fra:1 Mem:48.81M (Peak 55.51M) | Time:00:00.06 | Mem:0.02M, Peak:0.02M | Scene, ViewLayer | Updating Objects
Fra:1 Mem:48.81M (Peak 55.51M) | Time:00:00.06 | Mem:0.02M, Peak:0.02M | Scene, ViewLayer | Updating Objects | Copying Transformations to device
Fra:1 Mem:48.85M (Peak 55.51M) | Time:00:00.06 | Mem:0.06M, Peak:0.06M | Scene, ViewLayer | Updating Objects | Applying Static Transformations
Fra:1 Mem:48.85M (Peak 55.51M) | Time:00:00.06 | Mem:0.06M, Peak:0.06M | Scene, ViewLayer | Updating Particle Systems
Fra:1 Mem:48.85M (Peak 55.51M) | Time:00:00.06 | Mem:0.06M, Peak:0.06M | Scene, ViewLayer | Updating Particle Systems | Copying Particles to device
Fra:1 Mem:48.85M (Peak 55.51M) | Time:00:00.06 | Mem:0.06M, Peak:0.06M | Scene, ViewLayer | Updating Meshes
Fra:1 Mem:49.57M (Peak 55.51M) | Time:00:00.06 | Mem:0.06M, Peak:0.06M | Scene, ViewLayer | Updating Mesh | Computing attributes
Fra:1 Mem:49.98M (Peak 55.51M) | Time:00:00.06 | Mem:0.07M, Peak:0.07M | Scene, ViewLayer | Updating Mesh | Copying Attributes to device
Fra:1 Mem:49.95M (Peak 55.51M) | Time:00:00.06 | Mem:0.44M, Peak:0.44M | Scene, ViewLayer | Updating Scene BVH | Building
Fra:1 Mem:49.96M (Peak 55.51M) | Time:00:00.06 | Mem:0.44M, Peak:0.44M | Scene, ViewLayer | Updating Scene BVH | Building BVH
Fra:1 Mem:49.96M (Peak 55.51M) | Time:00:00.06 | Mem:1.88M, Peak:1.88M | Scene, ViewLayer | Updating Scene BVH | Building BVH 0%
Fra:1 Mem:49.96M (Peak 55.51M) | Time:00:00.11 | Mem:3.45M, Peak:4.89M | Scene, ViewLayer | Updating Scene BVH | Copying BVH to device
Fra:1 Mem:49.96M (Peak 55.51M) | Time:00:00.11 | Mem:3.45M, Peak:4.89M | Scene, ViewLayer | Updating Mesh | Computing normals
Fra:1 Mem:51.85M (Peak 55.51M) | Time:00:00.11 | Mem:3.45M, Peak:4.89M | Scene, ViewLayer | Updating Mesh | Copying Mesh to device
Fra:1 Mem:51.85M (Peak 55.51M) | Time:00:00.11 | Mem:5.35M, Peak:5.35M | Scene, ViewLayer | Updating Objects Flags
Fra:1 Mem:51.85M (Peak 55.51M) | Time:00:00.11 | Mem:5.35M, Peak:5.35M | Scene, ViewLayer | Updating Primitive Offsets
Fra:1 Mem:51.86M (Peak 55.51M) | Time:00:00.11 | Mem:5.35M, Peak:5.35M | Scene, ViewLayer | Updating Images
Fra:1 Mem:51.86M (Peak 55.51M) | Time:00:00.11 | Mem:5.35M, Peak:5.35M | Scene, ViewLayer | Updating Camera Volume
Fra:1 Mem:51.86M (Peak 55.51M) | Time:00:00.11 | Mem:5.35M, Peak:5.35M | Scene, ViewLayer | Updating Lookup Tables
Fra:1 Mem:51.86M (Peak 55.51M) | Time:00:00.11 | Mem:5.43M, Peak:5.43M | Scene, ViewLayer | Updating Lights
Fra:1 Mem:51.86M (Peak 55.51M) | Time:00:00.11 | Mem:5.43M, Peak:5.43M | Scene, ViewLayer | Updating Lights | Computing tree
Fra:1 Mem:51.86M (Peak 55.51M) | Time:00:00.11 | Mem:5.43M, Peak:5.43M | Scene, ViewLayer | Updating Integrator
Fra:1 Mem:51.86M (Peak 55.51M) | Time:00:00.11 | Mem:5.43M, Peak:5.43M | Scene, ViewLayer | Updating Film
Fra:1 Mem:51.86M (Peak 55.51M) | Time:00:00.11 | Mem:5.35M, Peak:5.43M | Scene, ViewLayer | Updating Lookup Tables
Fra:1 Mem:51.86M (Peak 55.51M) | Time:00:00.11 | Mem:5.44M, Peak:5.44M | Scene, ViewLayer | Updating Baking
Fra:1 Mem:51.86M (Peak 55.51M) | Time:00:00.11 | Mem:5.44M, Peak:5.44M | Scene, ViewLayer | Updating Device | Writing constant memory
Fra:1 Mem:51.86M (Peak 55.51M) | Time:00:00.11 | Mem:5.44M, Peak:5.44M | Scene, ViewLayer | Sample 0/16
Fra:1 Mem:90.50M (Peak 90.50M) | Time:00:01.94 | Remaining:00:27.39 | Mem:44.06M, Peak:44.06M | Scene, ViewLayer | Sample 1/16
Fra:1 Mem:107.66M (Peak 142.00M) | Time:00:25.57 | Mem:44.06M, Peak:44.06M | Scene, ViewLayer | Sample 16/16
Fra:1 Mem:107.66M (Peak 142.00M) | Time:00:25.57 | Mem:44.06M, Peak:44.06M | Scene, ViewLayer | Finished
Saved: 'ArtSource/ActorSilhouettes/F1/Review/Summoner-Before.png'
Time: 00:25.92 (Saving: 00:00.31)

Fra:1 Mem:56.02M (Peak 56.02M) | Time:00:00.04 | Mem:0.00M, Peak:0.00M | Scene, ViewLayer | Synchronizing object | Text
Fra:1 Mem:56.11M (Peak 56.11M) | Time:00:00.04 | Mem:0.00M, Peak:0.00M | Scene, ViewLayer | Synchronizing object | Text.001
Fra:1 Mem:56.17M (Peak 56.17M) | Time:00:00.04 | Mem:0.00M, Peak:0.00M | Scene, ViewLayer | Synchronizing object | Text.002
Fra:1 Mem:56.28M (Peak 56.28M) | Time:00:00.04 | Mem:0.00M, Peak:0.00M | Scene, ViewLayer | Synchronizing object | Knee Guard.005
Fra:1 Mem:56.32M (Peak 56.32M) | Time:00:00.04 | Mem:0.00M, Peak:0.00M | Scene, ViewLayer | Synchronizing object | Shin Guard.005
Fra:1 Mem:56.36M (Peak 56.36M) | Time:00:00.04 | Mem:0.00M, Peak:0.00M | Scene, ViewLayer | Synchronizing object | Boot.005
Fra:1 Mem:56.37M (Peak 56.37M) | Time:00:00.04 | Mem:0.00M, Peak:0.00M | Scene, ViewLayer | Synchronizing object | Trouser.005
Fra:1 Mem:56.41M (Peak 56.41M) | Time:00:00.04 | Mem:0.00M, Peak:0.00M | Scene, ViewLayer | Synchronizing object | Knee Guard.004
Fra:1 Mem:56.45M (Peak 56.45M) | Time:00:00.04 | Mem:0.00M, Peak:0.00M | Scene, ViewLayer | Synchronizing object | Shin Guard.004
Fra:1 Mem:56.48M (Peak 56.48M) | Time:00:00.04 | Mem:0.00M, Peak:0.00M | Scene, ViewLayer | Synchronizing object | Boot.004
Fra:1 Mem:56.50M (Peak 56.50M) | Time:00:00.04 | Mem:0.00M, Peak:0.00M | Scene, ViewLayer | Synchronizing object | Trouser.004
Fra:1 Mem:56.54M (Peak 56.54M) | Time:00:00.04 | Mem:0.00M, Peak:0.00M | Scene, ViewLayer | Synchronizing object | Elder contract split clasp.001
Fra:1 Mem:56.57M (Peak 56.57M) | Time:00:00.04 | Mem:0.00M, Peak:0.00M | Scene, ViewLayer | Synchronizing object | Elder contract split clasp
Fra:1 Mem:56.60M (Peak 56.60M) | Time:00:00.04 | Mem:0.00M, Peak:0.00M | Scene, ViewLayer | Synchronizing object | Hanging contract tablet.001
Fra:1 Mem:56.63M (Peak 56.63M) | Time:00:00.04 | Mem:0.00M, Peak:0.00M | Scene, ViewLayer | Synchronizing object | Split contract shawl tail.003
Fra:1 Mem:56.66M (Peak 56.66M) | Time:00:00.04 | Mem:0.00M, Peak:0.00M | Scene, ViewLayer | Synchronizing object | Hanging contract tablet
Fra:1 Mem:56.69M (Peak 56.69M) | Time:00:00.04 | Mem:0.00M, Peak:0.00M | Scene, ViewLayer | Synchronizing object | Split contract shawl tail.002
Fra:1 Mem:56.72M (Peak 56.72M) | Time:00:00.04 | Mem:0.00M, Peak:0.00M | Scene, ViewLayer | Synchronizing object | Costume fastening.001
Fra:1 Mem:56.75M (Peak 56.75M) | Time:00:00.04 | Mem:0.00M, Peak:0.00M | Scene, ViewLayer | Synchronizing object | Contract chest crystal.001
Fra:1 Mem:56.75M (Peak 56.75M) | Time:00:00.04 | Mem:0.00M, Peak:0.00M | Scene, ViewLayer | Synchronizing object | Spirit ritual bib.001
Fra:1 Mem:56.78M (Peak 56.78M) | Time:00:00.04 | Mem:0.00M, Peak:0.00M | Scene, ViewLayer | Synchronizing object | Elder contract crown branch.001
Fra:1 Mem:56.82M (Peak 56.82M) | Time:00:00.04 | Mem:0.00M, Peak:0.00M | Scene, ViewLayer | Synchronizing object | Contract crown outer fork.001
Fra:1 Mem:56.86M (Peak 56.86M) | Time:00:00.04 | Mem:0.00M, Peak:0.00M | Scene, ViewLayer | Synchronizing object | Elder contract crown branch
Fra:1 Mem:56.89M (Peak 56.89M) | Time:00:00.04 | Mem:0.00M, Peak:0.00M | Scene, ViewLayer | Synchronizing object | Contract crown outer fork
Fra:1 Mem:56.93M (Peak 56.93M) | Time:00:00.04 | Mem:0.00M, Peak:0.00M | Scene, ViewLayer | Synchronizing object | Moonstone circlet.002
Fra:1 Mem:56.96M (Peak 56.96M) | Time:00:00.04 | Mem:0.00M, Peak:0.00M | Scene, ViewLayer | Synchronizing object | Spirit antler branch.005
Fra:1 Mem:56.98M (Peak 56.98M) | Time:00:00.04 | Mem:0.00M, Peak:0.00M | Scene, ViewLayer | Synchronizing object | Spirit antler.005
Fra:1 Mem:57.00M (Peak 57.00M) | Time:00:00.04 | Mem:0.00M, Peak:0.00M | Scene, ViewLayer | Synchronizing object | Spirit antler branch.004
Fra:1 Mem:57.02M (Peak 57.02M) | Time:00:00.04 | Mem:0.00M, Peak:0.00M | Scene, ViewLayer | Synchronizing object | Spirit antler.004
Fra:1 Mem:57.04M (Peak 57.04M) | Time:00:00.04 | Mem:0.00M, Peak:0.00M | Scene, ViewLayer | Synchronizing object | Nose.002
Fra:1 Mem:57.08M (Peak 57.08M) | Time:00:00.04 | Mem:0.00M, Peak:0.00M | Scene, ViewLayer | Synchronizing object | Ear.005
Fra:1 Mem:57.11M (Peak 57.11M) | Time:00:00.04 | Mem:0.00M, Peak:0.00M | Scene, ViewLayer | Synchronizing object | Hair Side Lock.005
Fra:1 Mem:57.15M (Peak 57.15M) | Time:00:00.04 | Mem:0.00M, Peak:0.00M | Scene, ViewLayer | Synchronizing object | Ear.004
Fra:1 Mem:57.18M (Peak 57.18M) | Time:00:00.04 | Mem:0.00M, Peak:0.00M | Scene, ViewLayer | Synchronizing object | Hair Side Lock.004
Fra:1 Mem:57.22M (Peak 57.22M) | Time:00:00.04 | Mem:0.00M, Peak:0.00M | Scene, ViewLayer | Synchronizing object | Eyes R.002
Fra:1 Mem:57.25M (Peak 57.25M) | Time:00:00.04 | Mem:0.00M, Peak:0.00M | Scene, ViewLayer | Synchronizing object | Eyes L.002
Fra:1 Mem:57.29M (Peak 57.29M) | Time:00:00.04 | Mem:0.00M, Peak:0.00M | Scene, ViewLayer | Synchronizing object | Head.002
Fra:1 Mem:57.32M (Peak 57.32M) | Time:00:00.04 | Mem:0.00M, Peak:0.00M | Scene, ViewLayer | Synchronizing object | Collar.002
Fra:1 Mem:57.33M (Peak 57.33M) | Time:00:00.04 | Mem:0.00M, Peak:0.00M | Scene, ViewLayer | Synchronizing object | Tailored Cloak.002
Fra:1 Mem:57.33M (Peak 57.33M) | Time:00:00.04 | Mem:0.00M, Peak:0.00M | Scene, ViewLayer | Synchronizing object | Plane
Fra:1 Mem:57.33M (Peak 57.33M) | Time:00:00.04 | Mem:0.00M, Peak:0.00M | Scene, ViewLayer | Synchronizing object | Breastplate
Fra:1 Mem:57.37M (Peak 57.37M) | Time:00:00.04 | Mem:0.00M, Peak:0.00M | Scene, ViewLayer | Synchronizing object | Belt
Fra:1 Mem:57.40M (Peak 57.40M) | Time:00:00.04 | Mem:0.00M, Peak:0.00M | Scene, ViewLayer | Synchronizing object | Buckle
Fra:1 Mem:57.43M (Peak 57.43M) | Time:00:00.04 | Mem:0.00M, Peak:0.00M | Scene, ViewLayer | Synchronizing object | Sleeve
Fra:1 Mem:57.47M (Peak 57.47M) | Time:00:00.04 | Mem:0.00M, Peak:0.00M | Scene, ViewLayer | Synchronizing object | Glove
Fra:1 Mem:57.50M (Peak 57.50M) | Time:00:00.04 | Mem:0.00M, Peak:0.00M | Scene, ViewLayer | Synchronizing object | Orb
Fra:1 Mem:57.54M (Peak 57.54M) | Time:00:00.04 | Mem:0.00M, Peak:0.00M | Scene, ViewLayer | Synchronizing object | Forearm Bracer
Fra:1 Mem:57.57M (Peak 57.57M) | Time:00:00.04 | Mem:0.00M, Peak:0.00M | Scene, ViewLayer | Synchronizing object | Cuff Trim
Fra:1 Mem:57.59M (Peak 57.59M) | Time:00:00.04 | Mem:0.00M, Peak:0.00M | Scene, ViewLayer | Synchronizing object | Sleeve.001
Fra:1 Mem:57.62M (Peak 57.62M) | Time:00:00.04 | Mem:0.00M, Peak:0.00M | Scene, ViewLayer | Synchronizing object | Glove.001
Fra:1 Mem:57.66M (Peak 57.66M) | Time:00:00.04 | Mem:0.00M, Peak:0.00M | Scene, ViewLayer | Synchronizing object | Forearm Bracer.001
Fra:1 Mem:57.69M (Peak 57.69M) | Time:00:00.04 | Mem:0.00M, Peak:0.00M | Scene, ViewLayer | Synchronizing object | Cuff Trim.001
Fra:1 Mem:57.71M (Peak 57.71M) | Time:00:00.04 | Mem:0.00M, Peak:0.00M | Scene, ViewLayer | Synchronizing object | Staff
Fra:1 Mem:57.72M (Peak 57.72M) | Time:00:00.04 | Mem:0.00M, Peak:0.00M | Scene, ViewLayer | Synchronizing object | Staff Gold
Fra:1 Mem:57.75M (Peak 57.75M) | Time:00:00.04 | Mem:0.00M, Peak:0.00M | Scene, ViewLayer | Synchronizing object | Arcane Crystal
Fra:1 Mem:57.78M (Peak 57.78M) | Time:00:00.04 | Mem:0.00M, Peak:0.00M | Scene, ViewLayer | Synchronizing object | Staff Crystal Crown
Fra:1 Mem:57.79M (Peak 57.79M) | Time:00:00.04 | Mem:0.00M, Peak:0.00M | Scene, ViewLayer | Synchronizing object | Staff Crystal Crown.001
Fra:1 Mem:57.81M (Peak 57.81M) | Time:00:00.04 | Mem:0.00M, Peak:0.00M | Scene, ViewLayer | Synchronizing object | Tailored Cloak
Fra:1 Mem:57.82M (Peak 57.82M) | Time:00:00.04 | Mem:0.00M, Peak:0.00M | Scene, ViewLayer | Synchronizing object | Collar
Fra:1 Mem:57.83M (Peak 57.83M) | Time:00:00.04 | Mem:0.00M, Peak:0.00M | Scene, ViewLayer | Synchronizing object | Arcane Brooch
Fra:1 Mem:57.87M (Peak 57.87M) | Time:00:00.04 | Mem:0.00M, Peak:0.00M | Scene, ViewLayer | Synchronizing object | Head
Fra:1 Mem:57.90M (Peak 57.90M) | Time:00:00.04 | Mem:0.00M, Peak:0.00M | Scene, ViewLayer | Synchronizing object | Eyes L
Fra:1 Mem:57.94M (Peak 57.94M) | Time:00:00.04 | Mem:0.00M, Peak:0.00M | Scene, ViewLayer | Synchronizing object | Eyes R
Fra:1 Mem:57.97M (Peak 57.97M) | Time:00:00.04 | Mem:0.00M, Peak:0.00M | Scene, ViewLayer | Synchronizing object | Hair Side Lock
Fra:1 Mem:58.01M (Peak 58.01M) | Time:00:00.04 | Mem:0.00M, Peak:0.00M | Scene, ViewLayer | Synchronizing object | Ear
Fra:1 Mem:58.04M (Peak 58.04M) | Time:00:00.04 | Mem:0.00M, Peak:0.00M | Scene, ViewLayer | Synchronizing object | Hair Side Lock.001
Fra:1 Mem:58.08M (Peak 58.08M) | Time:00:00.04 | Mem:0.00M, Peak:0.00M | Scene, ViewLayer | Synchronizing object | Ear.001
Fra:1 Mem:58.11M (Peak 58.11M) | Time:00:00.04 | Mem:0.00M, Peak:0.00M | Scene, ViewLayer | Synchronizing object | Nose
Fra:1 Mem:58.15M (Peak 58.15M) | Time:00:00.04 | Mem:0.00M, Peak:0.00M | Scene, ViewLayer | Synchronizing object | Spirit antler
Fra:1 Mem:58.17M (Peak 58.17M) | Time:00:00.04 | Mem:0.00M, Peak:0.00M | Scene, ViewLayer | Synchronizing object | Spirit antler branch
Fra:1 Mem:58.19M (Peak 58.19M) | Time:00:00.04 | Mem:0.00M, Peak:0.00M | Scene, ViewLayer | Synchronizing object | Spirit antler.001
Fra:1 Mem:58.21M (Peak 58.21M) | Time:00:00.04 | Mem:0.00M, Peak:0.00M | Scene, ViewLayer | Synchronizing object | Spirit antler branch.001
Fra:1 Mem:58.22M (Peak 58.22M) | Time:00:00.04 | Mem:0.00M, Peak:0.00M | Scene, ViewLayer | Synchronizing object | Moonstone circlet
Fra:1 Mem:58.26M (Peak 58.26M) | Time:00:00.04 | Mem:0.00M, Peak:0.00M | Scene, ViewLayer | Synchronizing object | Leaf ritual mantle
Fra:1 Mem:58.26M (Peak 58.26M) | Time:00:00.04 | Mem:0.00M, Peak:0.00M | Scene, ViewLayer | Synchronizing object | Leaf ritual mantle.001
Fra:1 Mem:58.27M (Peak 58.27M) | Time:00:00.04 | Mem:0.00M, Peak:0.00M | Scene, ViewLayer | Synchronizing object | Leaf ritual mantle.002
Fra:1 Mem:58.28M (Peak 58.28M) | Time:00:00.04 | Mem:0.00M, Peak:0.00M | Scene, ViewLayer | Synchronizing object | Leaf ritual mantle.003
Fra:1 Mem:58.28M (Peak 58.28M) | Time:00:00.04 | Mem:0.00M, Peak:0.00M | Scene, ViewLayer | Synchronizing object | Leaf ritual mantle.004
Fra:1 Mem:58.29M (Peak 58.29M) | Time:00:00.04 | Mem:0.00M, Peak:0.00M | Scene, ViewLayer | Synchronizing object | Leaf ritual mantle.005
Fra:1 Mem:58.29M (Peak 58.29M) | Time:00:00.04 | Mem:0.00M, Peak:0.00M | Scene, ViewLayer | Synchronizing object | Bound spirit totem
Fra:1 Mem:58.31M (Peak 58.31M) | Time:00:00.04 | Mem:0.00M, Peak:0.00M | Scene, ViewLayer | Synchronizing object | Totem moonstone
Fra:1 Mem:58.34M (Peak 58.34M) | Time:00:00.04 | Mem:0.00M, Peak:0.00M | Scene, ViewLayer | Synchronizing object | Trouser
Fra:1 Mem:58.38M (Peak 58.38M) | Time:00:00.04 | Mem:0.00M, Peak:0.00M | Scene, ViewLayer | Synchronizing object | Boot
Fra:1 Mem:58.40M (Peak 58.40M) | Time:00:00.04 | Mem:0.00M, Peak:0.00M | Scene, ViewLayer | Synchronizing object | Shin Guard
Fra:1 Mem:58.44M (Peak 58.44M) | Time:00:00.04 | Mem:0.00M, Peak:0.00M | Scene, ViewLayer | Synchronizing object | Knee Guard
Fra:1 Mem:58.47M (Peak 58.47M) | Time:00:00.04 | Mem:0.00M, Peak:0.00M | Scene, ViewLayer | Synchronizing object | Trouser.001
Fra:1 Mem:58.51M (Peak 58.51M) | Time:00:00.04 | Mem:0.00M, Peak:0.00M | Scene, ViewLayer | Synchronizing object | Boot.001
Fra:1 Mem:58.53M (Peak 58.53M) | Time:00:00.04 | Mem:0.00M, Peak:0.00M | Scene, ViewLayer | Synchronizing object | Shin Guard.001
Fra:1 Mem:58.56M (Peak 58.56M) | Time:00:00.04 | Mem:0.00M, Peak:0.00M | Scene, ViewLayer | Synchronizing object | Knee Guard.001
Fra:1 Mem:58.60M (Peak 58.60M) | Time:00:00.04 | Mem:0.00M, Peak:0.00M | Scene, ViewLayer | Synchronizing object | Breastplate.001
Fra:1 Mem:58.64M (Peak 58.64M) | Time:00:00.04 | Mem:0.00M, Peak:0.00M | Scene, ViewLayer | Synchronizing object | Belt.001
Fra:1 Mem:58.67M (Peak 58.67M) | Time:00:00.04 | Mem:0.00M, Peak:0.00M | Scene, ViewLayer | Synchronizing object | Buckle.001
Fra:1 Mem:58.70M (Peak 58.70M) | Time:00:00.04 | Mem:0.00M, Peak:0.00M | Scene, ViewLayer | Synchronizing object | Sleeve.002
Fra:1 Mem:58.73M (Peak 58.73M) | Time:00:00.04 | Mem:0.00M, Peak:0.00M | Scene, ViewLayer | Synchronizing object | Glove.002
Fra:1 Mem:58.77M (Peak 58.77M) | Time:00:00.04 | Mem:0.00M, Peak:0.00M | Scene, ViewLayer | Synchronizing object | Orb.001
Fra:1 Mem:58.80M (Peak 58.80M) | Time:00:00.04 | Mem:0.00M, Peak:0.00M | Scene, ViewLayer | Synchronizing object | Forearm Bracer.002
Fra:1 Mem:58.84M (Peak 58.84M) | Time:00:00.04 | Mem:0.00M, Peak:0.00M | Scene, ViewLayer | Synchronizing object | Cuff Trim.002
Fra:1 Mem:58.85M (Peak 58.85M) | Time:00:00.04 | Mem:0.00M, Peak:0.00M | Scene, ViewLayer | Synchronizing object | Tiered leaf shoulder
Fra:1 Mem:58.86M (Peak 58.86M) | Time:00:00.04 | Mem:0.00M, Peak:0.00M | Scene, ViewLayer | Synchronizing object | Tiered leaf shoulder.001
Fra:1 Mem:58.86M (Peak 58.86M) | Time:00:00.04 | Mem:0.00M, Peak:0.00M | Scene, ViewLayer | Synchronizing object | Tiered leaf shoulder.002
Fra:1 Mem:58.87M (Peak 58.87M) | Time:00:00.04 | Mem:0.00M, Peak:0.00M | Scene, ViewLayer | Synchronizing object | Sleeve.003
Fra:1 Mem:58.91M (Peak 58.91M) | Time:00:00.04 | Mem:0.00M, Peak:0.00M | Scene, ViewLayer | Synchronizing object | Glove.003
Fra:1 Mem:58.94M (Peak 58.94M) | Time:00:00.04 | Mem:0.00M, Peak:0.00M | Scene, ViewLayer | Synchronizing object | Forearm Bracer.003
Fra:1 Mem:58.98M (Peak 58.98M) | Time:00:00.04 | Mem:0.00M, Peak:0.00M | Scene, ViewLayer | Synchronizing object | Cuff Trim.003
Fra:1 Mem:58.99M (Peak 58.99M) | Time:00:00.04 | Mem:0.00M, Peak:0.00M | Scene, ViewLayer | Synchronizing object | Inlaid staff
Fra:1 Mem:59.00M (Peak 59.00M) | Time:00:00.04 | Mem:0.00M, Peak:0.00M | Scene, ViewLayer | Synchronizing object | Staff collar
Fra:1 Mem:59.01M (Peak 59.01M) | Time:00:00.04 | Mem:0.00M, Peak:0.00M | Scene, ViewLayer | Synchronizing object | Focus crystal
Fra:1 Mem:59.03M (Peak 59.03M) | Time:00:00.04 | Mem:0.00M, Peak:0.00M | Scene, ViewLayer | Synchronizing object | Tiered leaf shoulder.003
Fra:1 Mem:59.03M (Peak 59.03M) | Time:00:00.04 | Mem:0.00M, Peak:0.00M | Scene, ViewLayer | Synchronizing object | Tiered leaf shoulder.004
Fra:1 Mem:59.04M (Peak 59.04M) | Time:00:00.04 | Mem:0.00M, Peak:0.00M | Scene, ViewLayer | Synchronizing object | Tiered leaf shoulder.005
Fra:1 Mem:59.05M (Peak 59.05M) | Time:00:00.04 | Mem:0.00M, Peak:0.00M | Scene, ViewLayer | Synchronizing object | Tailored Cloak.001
Fra:1 Mem:59.06M (Peak 59.06M) | Time:00:00.04 | Mem:0.00M, Peak:0.00M | Scene, ViewLayer | Synchronizing object | Collar.001
Fra:1 Mem:59.07M (Peak 59.07M) | Time:00:00.04 | Mem:0.00M, Peak:0.00M | Scene, ViewLayer | Synchronizing object | Head.001
Fra:1 Mem:59.11M (Peak 59.11M) | Time:00:00.04 | Mem:0.00M, Peak:0.00M | Scene, ViewLayer | Synchronizing object | Eyes L.001
Fra:1 Mem:59.14M (Peak 59.14M) | Time:00:00.04 | Mem:0.00M, Peak:0.00M | Scene, ViewLayer | Synchronizing object | Eyes R.001
Fra:1 Mem:59.18M (Peak 59.18M) | Time:00:00.04 | Mem:0.00M, Peak:0.00M | Scene, ViewLayer | Synchronizing object | Hair Side Lock.002
Fra:1 Mem:59.21M (Peak 59.21M) | Time:00:00.05 | Mem:0.00M, Peak:0.00M | Scene, ViewLayer | Synchronizing object | Ear.002
Fra:1 Mem:59.25M (Peak 59.25M) | Time:00:00.05 | Mem:0.00M, Peak:0.00M | Scene, ViewLayer | Synchronizing object | Hair Side Lock.003
Fra:1 Mem:59.28M (Peak 59.28M) | Time:00:00.05 | Mem:0.00M, Peak:0.00M | Scene, ViewLayer | Synchronizing object | Ear.003
Fra:1 Mem:59.32M (Peak 59.32M) | Time:00:00.05 | Mem:0.00M, Peak:0.00M | Scene, ViewLayer | Synchronizing object | Nose.001
Fra:1 Mem:59.35M (Peak 59.35M) | Time:00:00.05 | Mem:0.00M, Peak:0.00M | Scene, ViewLayer | Synchronizing object | Spirit antler.002
Fra:1 Mem:59.37M (Peak 59.37M) | Time:00:00.05 | Mem:0.00M, Peak:0.00M | Scene, ViewLayer | Synchronizing object | Spirit antler branch.002
Fra:1 Mem:59.39M (Peak 59.39M) | Time:00:00.05 | Mem:0.00M, Peak:0.00M | Scene, ViewLayer | Synchronizing object | Spirit antler.003
Fra:1 Mem:59.41M (Peak 59.41M) | Time:00:00.05 | Mem:0.00M, Peak:0.00M | Scene, ViewLayer | Synchronizing object | Spirit antler branch.003
Fra:1 Mem:59.43M (Peak 59.43M) | Time:00:00.05 | Mem:0.00M, Peak:0.00M | Scene, ViewLayer | Synchronizing object | Moonstone circlet.001
Fra:1 Mem:59.46M (Peak 59.46M) | Time:00:00.05 | Mem:0.00M, Peak:0.00M | Scene, ViewLayer | Synchronizing object | Spirit ritual bib
Fra:1 Mem:59.49M (Peak 59.49M) | Time:00:00.05 | Mem:0.00M, Peak:0.00M | Scene, ViewLayer | Synchronizing object | Contract chest crystal
Fra:1 Mem:59.50M (Peak 59.50M) | Time:00:00.05 | Mem:0.00M, Peak:0.00M | Scene, ViewLayer | Synchronizing object | Costume fastening
Fra:1 Mem:59.53M (Peak 59.53M) | Time:00:00.05 | Mem:0.00M, Peak:0.00M | Scene, ViewLayer | Synchronizing object | Split contract shawl tail
Fra:1 Mem:59.56M (Peak 59.56M) | Time:00:00.05 | Mem:0.00M, Peak:0.00M | Scene, ViewLayer | Synchronizing object | Split contract shawl tail.001
Fra:1 Mem:59.59M (Peak 59.59M) | Time:00:00.05 | Mem:0.00M, Peak:0.00M | Scene, ViewLayer | Synchronizing object | Trouser.002
Fra:1 Mem:59.63M (Peak 59.63M) | Time:00:00.05 | Mem:0.00M, Peak:0.00M | Scene, ViewLayer | Synchronizing object | Boot.002
Fra:1 Mem:59.64M (Peak 59.64M) | Time:00:00.05 | Mem:0.00M, Peak:0.00M | Scene, ViewLayer | Synchronizing object | Shin Guard.002
Fra:1 Mem:59.68M (Peak 59.68M) | Time:00:00.05 | Mem:0.00M, Peak:0.00M | Scene, ViewLayer | Synchronizing object | Knee Guard.002
Fra:1 Mem:59.72M (Peak 59.72M) | Time:00:00.05 | Mem:0.00M, Peak:0.00M | Scene, ViewLayer | Synchronizing object | Trouser.003
Fra:1 Mem:59.76M (Peak 59.76M) | Time:00:00.05 | Mem:0.00M, Peak:0.00M | Scene, ViewLayer | Synchronizing object | Divided contract shoulder fan.001
Fra:1 Mem:59.77M (Peak 59.77M) | Time:00:00.05 | Mem:0.00M, Peak:0.00M | Scene, ViewLayer | Synchronizing object | Tiered leaf shoulder.011
Fra:1 Mem:59.77M (Peak 59.77M) | Time:00:00.05 | Mem:0.00M, Peak:0.00M | Scene, ViewLayer | Synchronizing object | Tiered leaf shoulder.010
Fra:1 Mem:59.78M (Peak 59.78M) | Time:00:00.05 | Mem:0.00M, Peak:0.00M | Scene, ViewLayer | Synchronizing object | Tiered leaf shoulder.009
Fra:1 Mem:59.79M (Peak 59.79M) | Time:00:00.05 | Mem:0.00M, Peak:0.00M | Scene, ViewLayer | Synchronizing object | Floating shard.001
Fra:1 Mem:59.82M (Peak 59.82M) | Time:00:00.05 | Mem:0.00M, Peak:0.00M | Scene, ViewLayer | Synchronizing object | Crystal prong.001
Fra:1 Mem:59.83M (Peak 59.83M) | Time:00:00.05 | Mem:0.00M, Peak:0.00M | Scene, ViewLayer | Synchronizing object | Floating shard
Fra:1 Mem:59.87M (Peak 59.87M) | Time:00:00.05 | Mem:0.00M, Peak:0.00M | Scene, ViewLayer | Synchronizing object | Crystal prong
Fra:1 Mem:59.88M (Peak 59.88M) | Time:00:00.05 | Mem:0.00M, Peak:0.00M | Scene, ViewLayer | Synchronizing object | Focus crystal.001
Fra:1 Mem:59.90M (Peak 59.90M) | Time:00:00.05 | Mem:0.00M, Peak:0.00M | Scene, ViewLayer | Synchronizing object | Staff collar.001
Fra:1 Mem:59.91M (Peak 59.91M) | Time:00:00.05 | Mem:0.00M, Peak:0.00M | Scene, ViewLayer | Synchronizing object | Inlaid staff.001
Fra:1 Mem:59.92M (Peak 59.92M) | Time:00:00.05 | Mem:0.00M, Peak:0.00M | Scene, ViewLayer | Synchronizing object | Cuff Trim.005
Fra:1 Mem:59.93M (Peak 59.93M) | Time:00:00.05 | Mem:0.00M, Peak:0.00M | Scene, ViewLayer | Synchronizing object | Forearm Bracer.005
Fra:1 Mem:59.97M (Peak 59.97M) | Time:00:00.05 | Mem:0.00M, Peak:0.00M | Scene, ViewLayer | Synchronizing object | Glove.005
Fra:1 Mem:60.01M (Peak 60.01M) | Time:00:00.05 | Mem:0.00M, Peak:0.00M | Scene, ViewLayer | Synchronizing object | Sleeve.005
Fra:1 Mem:60.04M (Peak 60.04M) | Time:00:00.05 | Mem:0.00M, Peak:0.00M | Scene, ViewLayer | Synchronizing object | Divided contract shoulder fan
Fra:1 Mem:60.05M (Peak 60.05M) | Time:00:00.05 | Mem:0.00M, Peak:0.00M | Scene, ViewLayer | Synchronizing object | Tiered leaf shoulder.008
Fra:1 Mem:60.05M (Peak 60.05M) | Time:00:00.05 | Mem:0.00M, Peak:0.00M | Scene, ViewLayer | Synchronizing object | Tiered leaf shoulder.007
Fra:1 Mem:60.06M (Peak 60.06M) | Time:00:00.05 | Mem:0.00M, Peak:0.00M | Scene, ViewLayer | Synchronizing object | Tiered leaf shoulder.006
Fra:1 Mem:60.07M (Peak 60.07M) | Time:00:00.05 | Mem:0.00M, Peak:0.00M | Scene, ViewLayer | Synchronizing object | Cuff Trim.004
Fra:1 Mem:60.08M (Peak 60.08M) | Time:00:00.05 | Mem:0.00M, Peak:0.00M | Scene, ViewLayer | Synchronizing object | Forearm Bracer.004
Fra:1 Mem:60.11M (Peak 60.11M) | Time:00:00.05 | Mem:0.00M, Peak:0.00M | Scene, ViewLayer | Synchronizing object | Orb.002
Fra:1 Mem:60.15M (Peak 60.15M) | Time:00:00.05 | Mem:0.00M, Peak:0.00M | Scene, ViewLayer | Synchronizing object | Glove.004
Fra:1 Mem:60.18M (Peak 60.18M) | Time:00:00.05 | Mem:0.00M, Peak:0.00M | Scene, ViewLayer | Synchronizing object | Sleeve.004
Fra:1 Mem:60.22M (Peak 60.22M) | Time:00:00.05 | Mem:0.00M, Peak:0.00M | Scene, ViewLayer | Synchronizing object | Buckle.002
Fra:1 Mem:60.25M (Peak 60.25M) | Time:00:00.05 | Mem:0.00M, Peak:0.00M | Scene, ViewLayer | Synchronizing object | Belt.002
Fra:1 Mem:60.28M (Peak 60.28M) | Time:00:00.05 | Mem:0.00M, Peak:0.00M | Scene, ViewLayer | Synchronizing object | Breastplate.002
Fra:1 Mem:60.32M (Peak 60.32M) | Time:00:00.05 | Mem:0.00M, Peak:0.00M | Scene, ViewLayer | Synchronizing object | Knee Guard.003
Fra:1 Mem:60.35M (Peak 60.35M) | Time:00:00.05 | Mem:0.00M, Peak:0.00M | Scene, ViewLayer | Synchronizing object | Shin Guard.003
Fra:1 Mem:60.39M (Peak 60.39M) | Time:00:00.05 | Mem:0.00M, Peak:0.00M | Scene, ViewLayer | Synchronizing object | Boot.003
Fra:1 Mem:60.41M (Peak 60.41M) | Time:00:00.05 | Mem:0.00M, Peak:0.00M | Scene, ViewLayer | Initializing
Fra:1 Mem:53.62M (Peak 60.41M) | Time:00:00.05 | Mem:0.00M, Peak:0.00M | Scene, ViewLayer | Waiting for render to start
Fra:1 Mem:53.62M (Peak 60.41M) | Time:00:00.05 | Mem:0.00M, Peak:0.00M | Scene, ViewLayer | Loading render kernels (may take a few minutes the first time)
Fra:1 Mem:53.62M (Peak 60.41M) | Time:00:00.05 | Mem:0.00M, Peak:0.00M | Scene, ViewLayer | Updating Scene
Fra:1 Mem:53.62M (Peak 60.41M) | Time:00:00.05 | Mem:0.00M, Peak:0.00M | Scene, ViewLayer | Updating Shaders
Fra:1 Mem:53.72M (Peak 60.41M) | Time:00:00.05 | Mem:0.02M, Peak:0.02M | Scene, ViewLayer | Updating Procedurals
Fra:1 Mem:53.72M (Peak 60.41M) | Time:00:00.05 | Mem:0.02M, Peak:0.02M | Scene, ViewLayer | Updating Background
Fra:1 Mem:53.72M (Peak 60.41M) | Time:00:00.05 | Mem:0.02M, Peak:0.02M | Scene, ViewLayer | Updating Camera
Fra:1 Mem:53.72M (Peak 60.41M) | Time:00:00.05 | Mem:0.02M, Peak:0.02M | Scene, ViewLayer | Updating Meshes Flags
Fra:1 Mem:53.72M (Peak 60.41M) | Time:00:00.05 | Mem:0.02M, Peak:0.02M | Scene, ViewLayer | Updating Objects
Fra:1 Mem:53.72M (Peak 60.41M) | Time:00:00.05 | Mem:0.02M, Peak:0.02M | Scene, ViewLayer | Updating Objects | Copying Transformations to device
Fra:1 Mem:53.76M (Peak 60.41M) | Time:00:00.05 | Mem:0.06M, Peak:0.06M | Scene, ViewLayer | Updating Objects | Applying Static Transformations
Fra:1 Mem:53.76M (Peak 60.41M) | Time:00:00.05 | Mem:0.06M, Peak:0.06M | Scene, ViewLayer | Updating Particle Systems
Fra:1 Mem:53.76M (Peak 60.41M) | Time:00:00.05 | Mem:0.06M, Peak:0.06M | Scene, ViewLayer | Updating Particle Systems | Copying Particles to device
Fra:1 Mem:53.76M (Peak 60.41M) | Time:00:00.05 | Mem:0.06M, Peak:0.06M | Scene, ViewLayer | Updating Meshes
Fra:1 Mem:54.41M (Peak 60.41M) | Time:00:00.05 | Mem:0.06M, Peak:0.06M | Scene, ViewLayer | Updating Mesh | Computing attributes
Fra:1 Mem:54.82M (Peak 60.41M) | Time:00:00.05 | Mem:0.07M, Peak:0.07M | Scene, ViewLayer | Updating Mesh | Copying Attributes to device
Fra:1 Mem:54.80M (Peak 60.41M) | Time:00:00.05 | Mem:0.44M, Peak:0.44M | Scene, ViewLayer | Updating Scene BVH | Building
Fra:1 Mem:54.80M (Peak 60.41M) | Time:00:00.05 | Mem:0.44M, Peak:0.44M | Scene, ViewLayer | Updating Scene BVH | Building BVH
Fra:1 Mem:54.80M (Peak 60.41M) | Time:00:00.05 | Mem:1.76M, Peak:1.76M | Scene, ViewLayer | Updating Scene BVH | Building BVH 0%
Fra:1 Mem:54.80M (Peak 60.41M) | Time:00:00.08 | Mem:3.19M, Peak:4.51M | Scene, ViewLayer | Updating Scene BVH | Copying BVH to device
Fra:1 Mem:54.80M (Peak 60.41M) | Time:00:00.08 | Mem:3.19M, Peak:4.51M | Scene, ViewLayer | Updating Mesh | Computing normals
Fra:1 Mem:56.62M (Peak 60.41M) | Time:00:00.08 | Mem:3.19M, Peak:4.51M | Scene, ViewLayer | Updating Mesh | Copying Mesh to device
Fra:1 Mem:56.62M (Peak 60.41M) | Time:00:00.08 | Mem:5.02M, Peak:5.02M | Scene, ViewLayer | Updating Objects Flags
Fra:1 Mem:56.62M (Peak 60.41M) | Time:00:00.08 | Mem:5.02M, Peak:5.02M | Scene, ViewLayer | Updating Primitive Offsets
Fra:1 Mem:56.63M (Peak 60.41M) | Time:00:00.08 | Mem:5.02M, Peak:5.02M | Scene, ViewLayer | Updating Images
Fra:1 Mem:56.63M (Peak 60.41M) | Time:00:00.08 | Mem:5.02M, Peak:5.02M | Scene, ViewLayer | Updating Camera Volume
Fra:1 Mem:56.63M (Peak 60.41M) | Time:00:00.08 | Mem:5.02M, Peak:5.02M | Scene, ViewLayer | Updating Lookup Tables
Fra:1 Mem:56.63M (Peak 60.41M) | Time:00:00.08 | Mem:5.10M, Peak:5.10M | Scene, ViewLayer | Updating Lights
Fra:1 Mem:56.63M (Peak 60.41M) | Time:00:00.08 | Mem:5.10M, Peak:5.10M | Scene, ViewLayer | Updating Lights | Computing tree
Fra:1 Mem:56.63M (Peak 60.41M) | Time:00:00.08 | Mem:5.10M, Peak:5.10M | Scene, ViewLayer | Updating Integrator
Fra:1 Mem:56.63M (Peak 60.41M) | Time:00:00.08 | Mem:5.10M, Peak:5.10M | Scene, ViewLayer | Updating Film
Fra:1 Mem:56.63M (Peak 60.41M) | Time:00:00.08 | Mem:5.02M, Peak:5.10M | Scene, ViewLayer | Updating Lookup Tables
Fra:1 Mem:56.63M (Peak 60.41M) | Time:00:00.08 | Mem:5.11M, Peak:5.11M | Scene, ViewLayer | Updating Baking
Fra:1 Mem:56.63M (Peak 60.41M) | Time:00:00.08 | Mem:5.11M, Peak:5.11M | Scene, ViewLayer | Updating Device | Writing constant memory
Fra:1 Mem:56.63M (Peak 60.41M) | Time:00:00.08 | Mem:5.11M, Peak:5.11M | Scene, ViewLayer | Sample 0/16
Fra:1 Mem:95.27M (Peak 95.27M) | Time:00:02.71 | Remaining:00:39.39 | Mem:43.73M, Peak:43.73M | Scene, ViewLayer | Sample 1/16
Fra:1 Mem:95.27M (Peak 95.27M) | Time:00:18.59 | Remaining:00:14.40 | Mem:43.73M, Peak:43.73M | Scene, ViewLayer | Sample 9/16
Fra:1 Mem:112.43M (Peak 146.77M) | Time:00:30.28 | Mem:43.73M, Peak:43.73M | Scene, ViewLayer | Sample 16/16
Fra:1 Mem:112.43M (Peak 146.77M) | Time:00:30.28 | Mem:43.73M, Peak:43.73M | Scene, ViewLayer | Finished
Saved: 'ArtSource/ActorSilhouettes/F1/Review/Summoner-After.png'
Time: 00:30.57 (Saving: 00:00.27)

Fra:1 Mem:49.85M (Peak 49.85M) | Time:00:00.00 | Mem:0.00M, Peak:0.00M | Scene, ViewLayer | Synchronizing object | Text
Fra:1 Mem:49.93M (Peak 49.93M) | Time:00:00.00 | Mem:0.00M, Peak:0.00M | Scene, ViewLayer | Synchronizing object | Text.001
Fra:1 Mem:50.01M (Peak 50.01M) | Time:00:00.00 | Mem:0.00M, Peak:0.00M | Scene, ViewLayer | Synchronizing object | Text.002
Fra:1 Mem:50.12M (Peak 50.12M) | Time:00:00.00 | Mem:0.00M, Peak:0.00M | Scene, ViewLayer | Synchronizing object | Spirit wing.005
Fra:1 Mem:50.16M (Peak 50.16M) | Time:00:00.00 | Mem:0.00M, Peak:0.00M | Scene, ViewLayer | Synchronizing object | Spirit wing.004
Fra:1 Mem:50.19M (Peak 50.19M) | Time:00:00.00 | Mem:0.00M, Peak:0.00M | Scene, ViewLayer | Synchronizing object | Spirit grown crown vane.017
Fra:1 Mem:50.22M (Peak 50.22M) | Time:00:00.00 | Mem:0.00M, Peak:0.00M | Scene, ViewLayer | Synchronizing object | Spirit grown crown vane.016
Fra:1 Mem:50.25M (Peak 50.25M) | Time:00:00.00 | Mem:0.00M, Peak:0.00M | Scene, ViewLayer | Synchronizing object | Spirit grown crown vane.015
Fra:1 Mem:50.28M (Peak 50.28M) | Time:00:00.00 | Mem:0.00M, Peak:0.00M | Scene, ViewLayer | Synchronizing object | Spirit grown crown vane.014
Fra:1 Mem:50.31M (Peak 50.31M) | Time:00:00.00 | Mem:0.00M, Peak:0.00M | Scene, ViewLayer | Synchronizing object | Spirit grown crown vane.013
Fra:1 Mem:50.34M (Peak 50.34M) | Time:00:00.00 | Mem:0.00M, Peak:0.00M | Scene, ViewLayer | Synchronizing object | Spirit grown crown vane.012
Fra:1 Mem:50.37M (Peak 50.37M) | Time:00:00.00 | Mem:0.00M, Peak:0.00M | Scene, ViewLayer | Synchronizing object | Permanent spirit contract seal.002
Fra:1 Mem:50.40M (Peak 50.40M) | Time:00:00.00 | Mem:0.00M, Peak:0.00M | Scene, ViewLayer | Synchronizing object | Permanent spirit contract band.002
Fra:1 Mem:50.43M (Peak 50.43M) | Time:00:00.00 | Mem:0.00M, Peak:0.00M | Scene, ViewLayer | Synchronizing object | Star crown.002
Fra:1 Mem:50.46M (Peak 50.46M) | Time:00:00.00 | Mem:0.00M, Peak:0.00M | Scene, ViewLayer | Synchronizing object | Star spirit.002
Fra:1 Mem:50.48M (Peak 50.48M) | Time:00:00.00 | Mem:0.00M, Peak:0.00M | Scene, ViewLayer | Synchronizing object | Spirit wing.003
Fra:1 Mem:50.52M (Peak 50.52M) | Time:00:00.00 | Mem:0.00M, Peak:0.00M | Scene, ViewLayer | Synchronizing object | Spirit wing.002
Fra:1 Mem:50.56M (Peak 50.56M) | Time:00:00.00 | Mem:0.00M, Peak:0.00M | Scene, ViewLayer | Synchronizing object | Spirit grown crown vane.011
Fra:1 Mem:50.58M (Peak 50.58M) | Time:00:00.00 | Mem:0.00M, Peak:0.00M | Scene, ViewLayer | Synchronizing object | Spirit grown crown vane.010
Fra:1 Mem:50.61M (Peak 50.61M) | Time:00:00.00 | Mem:0.00M, Peak:0.00M | Scene, ViewLayer | Synchronizing object | Spirit grown crown vane.009
Fra:1 Mem:50.64M (Peak 50.64M) | Time:00:00.00 | Mem:0.00M, Peak:0.00M | Scene, ViewLayer | Synchronizing object | Spirit grown crown vane.008
Fra:1 Mem:50.67M (Peak 50.67M) | Time:00:00.00 | Mem:0.00M, Peak:0.00M | Scene, ViewLayer | Synchronizing object | Spirit grown crown vane.007
Fra:1 Mem:50.70M (Peak 50.70M) | Time:00:00.00 | Mem:0.00M, Peak:0.00M | Scene, ViewLayer | Synchronizing object | Spirit grown crown vane.006
Fra:1 Mem:50.73M (Peak 50.73M) | Time:00:00.00 | Mem:0.00M, Peak:0.00M | Scene, ViewLayer | Synchronizing object | Permanent spirit contract seal.001
Fra:1 Mem:50.77M (Peak 50.77M) | Time:00:00.00 | Mem:0.00M, Peak:0.00M | Scene, ViewLayer | Synchronizing object | Permanent spirit contract band.001
Fra:1 Mem:50.80M (Peak 50.80M) | Time:00:00.00 | Mem:0.00M, Peak:0.00M | Scene, ViewLayer | Synchronizing object | Star crown.001
Fra:1 Mem:50.83M (Peak 50.83M) | Time:00:00.00 | Mem:0.00M, Peak:0.00M | Scene, ViewLayer | Synchronizing object | Star spirit.001
Fra:1 Mem:50.84M (Peak 50.84M) | Time:00:00.00 | Mem:0.00M, Peak:0.00M | Scene, ViewLayer | Synchronizing object | Spirit wing.001
Fra:1 Mem:50.88M (Peak 50.88M) | Time:00:00.00 | Mem:0.00M, Peak:0.00M | Scene, ViewLayer | Synchronizing object | Spirit wing
Fra:1 Mem:50.92M (Peak 50.92M) | Time:00:00.00 | Mem:0.00M, Peak:0.00M | Scene, ViewLayer | Synchronizing object | Spirit grown crown vane.005
Fra:1 Mem:50.95M (Peak 50.95M) | Time:00:00.00 | Mem:0.00M, Peak:0.00M | Scene, ViewLayer | Synchronizing object | Spirit grown crown vane.004
Fra:1 Mem:50.98M (Peak 50.98M) | Time:00:00.00 | Mem:0.00M, Peak:0.00M | Scene, ViewLayer | Synchronizing object | Spirit grown crown vane.003
Fra:1 Mem:51.01M (Peak 51.01M) | Time:00:00.00 | Mem:0.00M, Peak:0.00M | Scene, ViewLayer | Synchronizing object | Spirit grown crown vane.002
Fra:1 Mem:51.04M (Peak 51.04M) | Time:00:00.00 | Mem:0.00M, Peak:0.00M | Scene, ViewLayer | Synchronizing object | Spirit grown crown vane.001
Fra:1 Mem:51.06M (Peak 51.06M) | Time:00:00.00 | Mem:0.00M, Peak:0.00M | Scene, ViewLayer | Synchronizing object | Plane
Fra:1 Mem:51.06M (Peak 51.06M) | Time:00:00.00 | Mem:0.00M, Peak:0.00M | Scene, ViewLayer | Synchronizing object | Star spirit
Fra:1 Mem:51.08M (Peak 51.08M) | Time:00:00.00 | Mem:0.00M, Peak:0.00M | Scene, ViewLayer | Synchronizing object | Star crown
Fra:1 Mem:51.11M (Peak 51.11M) | Time:00:00.00 | Mem:0.00M, Peak:0.00M | Scene, ViewLayer | Synchronizing object | Permanent spirit contract band
Fra:1 Mem:51.14M (Peak 51.14M) | Time:00:00.00 | Mem:0.00M, Peak:0.00M | Scene, ViewLayer | Synchronizing object | Permanent spirit contract seal
Fra:1 Mem:51.17M (Peak 51.17M) | Time:00:00.00 | Mem:0.00M, Peak:0.00M | Scene, ViewLayer | Synchronizing object | Spirit grown crown vane
Fra:1 Mem:51.21M (Peak 51.21M) | Time:00:00.00 | Mem:0.00M, Peak:0.00M | Scene, ViewLayer | Initializing
Fra:1 Mem:49.01M (Peak 51.21M) | Time:00:00.00 | Mem:0.00M, Peak:0.00M | Scene, ViewLayer | Waiting for render to start
Fra:1 Mem:49.01M (Peak 51.21M) | Time:00:00.00 | Mem:0.00M, Peak:0.00M | Scene, ViewLayer | Loading render kernels (may take a few minutes the first time)
Fra:1 Mem:49.01M (Peak 51.21M) | Time:00:00.00 | Mem:0.00M, Peak:0.00M | Scene, ViewLayer | Updating Scene
Fra:1 Mem:49.01M (Peak 51.21M) | Time:00:00.00 | Mem:0.00M, Peak:0.00M | Scene, ViewLayer | Updating Shaders
Fra:1 Mem:49.10M (Peak 51.21M) | Time:00:00.01 | Mem:0.00M, Peak:0.00M | Scene, ViewLayer | Updating Procedurals
Fra:1 Mem:49.10M (Peak 51.21M) | Time:00:00.01 | Mem:0.00M, Peak:0.00M | Scene, ViewLayer | Updating Background
Fra:1 Mem:49.10M (Peak 51.21M) | Time:00:00.01 | Mem:0.00M, Peak:0.00M | Scene, ViewLayer | Updating Camera
Fra:1 Mem:49.10M (Peak 51.21M) | Time:00:00.01 | Mem:0.00M, Peak:0.00M | Scene, ViewLayer | Updating Meshes Flags
Fra:1 Mem:49.10M (Peak 51.21M) | Time:00:00.01 | Mem:0.00M, Peak:0.00M | Scene, ViewLayer | Updating Objects
Fra:1 Mem:49.10M (Peak 51.21M) | Time:00:00.01 | Mem:0.00M, Peak:0.00M | Scene, ViewLayer | Updating Objects | Copying Transformations to device
Fra:1 Mem:49.11M (Peak 51.21M) | Time:00:00.01 | Mem:0.01M, Peak:0.01M | Scene, ViewLayer | Updating Objects | Applying Static Transformations
Fra:1 Mem:49.11M (Peak 51.21M) | Time:00:00.01 | Mem:0.01M, Peak:0.01M | Scene, ViewLayer | Updating Particle Systems
Fra:1 Mem:49.11M (Peak 51.21M) | Time:00:00.01 | Mem:0.01M, Peak:0.01M | Scene, ViewLayer | Updating Particle Systems | Copying Particles to device
Fra:1 Mem:49.11M (Peak 51.21M) | Time:00:00.01 | Mem:0.01M, Peak:0.01M | Scene, ViewLayer | Updating Meshes
Fra:1 Mem:49.31M (Peak 51.21M) | Time:00:00.01 | Mem:0.01M, Peak:0.01M | Scene, ViewLayer | Updating Mesh | Computing attributes
Fra:1 Mem:49.44M (Peak 51.21M) | Time:00:00.01 | Mem:0.02M, Peak:0.02M | Scene, ViewLayer | Updating Mesh | Copying Attributes to device
Fra:1 Mem:49.43M (Peak 51.21M) | Time:00:00.01 | Mem:0.13M, Peak:0.13M | Scene, ViewLayer | Updating Scene BVH | Building
Fra:1 Mem:49.43M (Peak 51.21M) | Time:00:00.01 | Mem:0.13M, Peak:0.13M | Scene, ViewLayer | Updating Scene BVH | Building BVH
Fra:1 Mem:49.43M (Peak 51.21M) | Time:00:00.01 | Mem:0.54M, Peak:0.54M | Scene, ViewLayer | Updating Scene BVH | Building BVH 0%
Fra:1 Mem:49.43M (Peak 51.21M) | Time:00:00.02 | Mem:0.99M, Peak:1.39M | Scene, ViewLayer | Updating Scene BVH | Copying BVH to device
Fra:1 Mem:49.43M (Peak 51.21M) | Time:00:00.02 | Mem:0.99M, Peak:1.39M | Scene, ViewLayer | Updating Mesh | Computing normals
Fra:1 Mem:50.00M (Peak 51.21M) | Time:00:00.02 | Mem:0.99M, Peak:1.39M | Scene, ViewLayer | Updating Mesh | Copying Mesh to device
Fra:1 Mem:50.00M (Peak 51.21M) | Time:00:00.02 | Mem:1.55M, Peak:1.55M | Scene, ViewLayer | Updating Objects Flags
Fra:1 Mem:50.00M (Peak 51.21M) | Time:00:00.02 | Mem:1.55M, Peak:1.55M | Scene, ViewLayer | Updating Primitive Offsets
Fra:1 Mem:50.00M (Peak 51.21M) | Time:00:00.02 | Mem:1.55M, Peak:1.55M | Scene, ViewLayer | Updating Images
Fra:1 Mem:50.00M (Peak 51.21M) | Time:00:00.02 | Mem:1.55M, Peak:1.55M | Scene, ViewLayer | Updating Camera Volume
Fra:1 Mem:50.00M (Peak 51.21M) | Time:00:00.02 | Mem:1.55M, Peak:1.55M | Scene, ViewLayer | Updating Lookup Tables
Fra:1 Mem:50.00M (Peak 51.21M) | Time:00:00.02 | Mem:1.63M, Peak:1.63M | Scene, ViewLayer | Updating Lights
Fra:1 Mem:50.00M (Peak 51.21M) | Time:00:00.02 | Mem:1.63M, Peak:1.63M | Scene, ViewLayer | Updating Lights | Computing tree
Fra:1 Mem:50.00M (Peak 51.21M) | Time:00:00.02 | Mem:1.64M, Peak:1.64M | Scene, ViewLayer | Updating Integrator
Fra:1 Mem:50.00M (Peak 51.21M) | Time:00:00.02 | Mem:1.64M, Peak:1.64M | Scene, ViewLayer | Updating Film
Fra:1 Mem:50.01M (Peak 51.21M) | Time:00:00.02 | Mem:1.55M, Peak:1.64M | Scene, ViewLayer | Updating Lookup Tables
Fra:1 Mem:50.01M (Peak 51.21M) | Time:00:00.02 | Mem:1.64M, Peak:1.64M | Scene, ViewLayer | Updating Baking
Fra:1 Mem:50.01M (Peak 51.21M) | Time:00:00.02 | Mem:1.64M, Peak:1.64M | Scene, ViewLayer | Updating Device | Writing constant memory
Fra:1 Mem:50.01M (Peak 51.21M) | Time:00:00.02 | Mem:1.64M, Peak:1.64M | Scene, ViewLayer | Sample 0/16
Fra:1 Mem:88.64M (Peak 88.64M) | Time:00:02.10 | Remaining:00:31.21 | Mem:40.26M, Peak:40.26M | Scene, ViewLayer | Sample 1/16
Fra:1 Mem:105.81M (Peak 140.14M) | Time:00:25.90 | Mem:40.26M, Peak:40.26M | Scene, ViewLayer | Sample 16/16
Fra:1 Mem:105.81M (Peak 140.14M) | Time:00:25.90 | Mem:40.26M, Peak:40.26M | Scene, ViewLayer | Finished
Saved: 'ArtSource/ActorSilhouettes/F1/Review/Spirit-Before.png'
Time: 00:26.20 (Saving: 00:00.29)

Fra:1 Mem:51.03M (Peak 51.03M) | Time:00:00.00 | Mem:0.00M, Peak:0.00M | Scene, ViewLayer | Synchronizing object | Text
Fra:1 Mem:51.11M (Peak 51.11M) | Time:00:00.00 | Mem:0.00M, Peak:0.00M | Scene, ViewLayer | Synchronizing object | Text.001
Fra:1 Mem:51.19M (Peak 51.19M) | Time:00:00.00 | Mem:0.00M, Peak:0.00M | Scene, ViewLayer | Synchronizing object | Text.002
Fra:1 Mem:51.30M (Peak 51.30M) | Time:00:00.00 | Mem:0.00M, Peak:0.00M | Scene, ViewLayer | Synchronizing object | Spirit grown crown vane.017
Fra:1 Mem:51.33M (Peak 51.33M) | Time:00:00.00 | Mem:0.00M, Peak:0.00M | Scene, ViewLayer | Synchronizing object | Spirit grown crown vane.016
Fra:1 Mem:51.36M (Peak 51.36M) | Time:00:00.00 | Mem:0.00M, Peak:0.00M | Scene, ViewLayer | Synchronizing object | Spirit grown crown vane.015
Fra:1 Mem:51.39M (Peak 51.39M) | Time:00:00.00 | Mem:0.00M, Peak:0.00M | Scene, ViewLayer | Synchronizing object | Spirit grown crown vane.014
Fra:1 Mem:51.42M (Peak 51.42M) | Time:00:00.00 | Mem:0.00M, Peak:0.00M | Scene, ViewLayer | Synchronizing object | Spirit grown crown vane.013
Fra:1 Mem:51.44M (Peak 51.44M) | Time:00:00.00 | Mem:0.00M, Peak:0.00M | Scene, ViewLayer | Synchronizing object | Spirit grown crown vane.012
Fra:1 Mem:51.47M (Peak 51.47M) | Time:00:00.00 | Mem:0.00M, Peak:0.00M | Scene, ViewLayer | Synchronizing object | Permanent spirit contract seal.002
Fra:1 Mem:51.51M (Peak 51.51M) | Time:00:00.00 | Mem:0.00M, Peak:0.00M | Scene, ViewLayer | Synchronizing object | Permanent spirit contract band.002
Fra:1 Mem:51.54M (Peak 51.54M) | Time:00:00.00 | Mem:0.00M, Peak:0.00M | Scene, ViewLayer | Synchronizing object | Spirit wing.005
Fra:1 Mem:51.55M (Peak 51.55M) | Time:00:00.00 | Mem:0.00M, Peak:0.00M | Scene, ViewLayer | Synchronizing object | Spirit wing.004
Fra:1 Mem:51.56M (Peak 51.56M) | Time:00:00.00 | Mem:0.00M, Peak:0.00M | Scene, ViewLayer | Synchronizing object | Star crown.002
Fra:1 Mem:51.58M (Peak 51.58M) | Time:00:00.00 | Mem:0.00M, Peak:0.00M | Scene, ViewLayer | Synchronizing object | Star spirit.002
Fra:1 Mem:51.60M (Peak 51.60M) | Time:00:00.00 | Mem:0.00M, Peak:0.00M | Scene, ViewLayer | Synchronizing object | Spirit grown crown vane.011
Fra:1 Mem:51.63M (Peak 51.63M) | Time:00:00.00 | Mem:0.00M, Peak:0.00M | Scene, ViewLayer | Synchronizing object | Spirit grown crown vane.010
Fra:1 Mem:51.66M (Peak 51.66M) | Time:00:00.00 | Mem:0.00M, Peak:0.00M | Scene, ViewLayer | Synchronizing object | Spirit grown crown vane.009
Fra:1 Mem:51.69M (Peak 51.69M) | Time:00:00.00 | Mem:0.00M, Peak:0.00M | Scene, ViewLayer | Synchronizing object | Spirit grown crown vane.008
Fra:1 Mem:51.72M (Peak 51.72M) | Time:00:00.00 | Mem:0.00M, Peak:0.00M | Scene, ViewLayer | Synchronizing object | Spirit grown crown vane.007
Fra:1 Mem:51.75M (Peak 51.75M) | Time:00:00.00 | Mem:0.00M, Peak:0.00M | Scene, ViewLayer | Synchronizing object | Spirit grown crown vane.006
Fra:1 Mem:51.78M (Peak 51.78M) | Time:00:00.00 | Mem:0.00M, Peak:0.00M | Scene, ViewLayer | Synchronizing object | Permanent spirit contract seal.001
Fra:1 Mem:51.81M (Peak 51.81M) | Time:00:00.00 | Mem:0.00M, Peak:0.00M | Scene, ViewLayer | Synchronizing object | Permanent spirit contract band.001
Fra:1 Mem:51.84M (Peak 51.84M) | Time:00:00.00 | Mem:0.00M, Peak:0.00M | Scene, ViewLayer | Synchronizing object | Spirit wing.003
Fra:1 Mem:51.85M (Peak 51.85M) | Time:00:00.00 | Mem:0.00M, Peak:0.00M | Scene, ViewLayer | Synchronizing object | Spirit wing.002
Fra:1 Mem:51.87M (Peak 51.87M) | Time:00:00.00 | Mem:0.00M, Peak:0.00M | Scene, ViewLayer | Synchronizing object | Star crown.001
Fra:1 Mem:51.89M (Peak 51.89M) | Time:00:00.00 | Mem:0.00M, Peak:0.00M | Scene, ViewLayer | Synchronizing object | Star spirit.001
Fra:1 Mem:51.91M (Peak 51.91M) | Time:00:00.00 | Mem:0.00M, Peak:0.00M | Scene, ViewLayer | Synchronizing object | Spirit grown crown vane.005
Fra:1 Mem:51.94M (Peak 51.94M) | Time:00:00.00 | Mem:0.00M, Peak:0.00M | Scene, ViewLayer | Synchronizing object | Spirit grown crown vane.004
Fra:1 Mem:51.97M (Peak 51.97M) | Time:00:00.00 | Mem:0.00M, Peak:0.00M | Scene, ViewLayer | Synchronizing object | Spirit grown crown vane.003
Fra:1 Mem:52.00M (Peak 52.00M) | Time:00:00.00 | Mem:0.00M, Peak:0.00M | Scene, ViewLayer | Synchronizing object | Spirit grown crown vane.002
Fra:1 Mem:52.03M (Peak 52.03M) | Time:00:00.00 | Mem:0.00M, Peak:0.00M | Scene, ViewLayer | Synchronizing object | Spirit grown crown vane.001
Fra:1 Mem:52.06M (Peak 52.06M) | Time:00:00.00 | Mem:0.00M, Peak:0.00M | Scene, ViewLayer | Synchronizing object | Spirit grown crown vane
Fra:1 Mem:52.09M (Peak 52.09M) | Time:00:00.00 | Mem:0.00M, Peak:0.00M | Scene, ViewLayer | Synchronizing object | Permanent spirit contract seal
Fra:1 Mem:52.12M (Peak 52.12M) | Time:00:00.00 | Mem:0.00M, Peak:0.00M | Scene, ViewLayer | Synchronizing object | Permanent spirit contract band
Fra:1 Mem:52.15M (Peak 52.15M) | Time:00:00.00 | Mem:0.00M, Peak:0.00M | Scene, ViewLayer | Synchronizing object | Spirit wing.001
Fra:1 Mem:52.16M (Peak 52.16M) | Time:00:00.00 | Mem:0.00M, Peak:0.00M | Scene, ViewLayer | Synchronizing object | Spirit wing
Fra:1 Mem:52.17M (Peak 52.17M) | Time:00:00.00 | Mem:0.00M, Peak:0.00M | Scene, ViewLayer | Synchronizing object | Star crown
Fra:1 Mem:52.20M (Peak 52.20M) | Time:00:00.00 | Mem:0.00M, Peak:0.00M | Scene, ViewLayer | Synchronizing object | Star spirit
Fra:1 Mem:52.21M (Peak 52.21M) | Time:00:00.00 | Mem:0.00M, Peak:0.00M | Scene, ViewLayer | Synchronizing object | Plane
Fra:1 Mem:52.21M (Peak 52.21M) | Time:00:00.00 | Mem:0.00M, Peak:0.00M | Scene, ViewLayer | Initializing
Fra:1 Mem:50.02M (Peak 52.21M) | Time:00:00.00 | Mem:0.00M, Peak:0.00M | Scene, ViewLayer | Waiting for render to start
Fra:1 Mem:50.02M (Peak 52.21M) | Time:00:00.00 | Mem:0.00M, Peak:0.00M | Scene, ViewLayer | Loading render kernels (may take a few minutes the first time)
Fra:1 Mem:50.02M (Peak 52.21M) | Time:00:00.00 | Mem:0.00M, Peak:0.00M | Scene, ViewLayer | Updating Scene
Fra:1 Mem:50.02M (Peak 52.21M) | Time:00:00.00 | Mem:0.00M, Peak:0.00M | Scene, ViewLayer | Updating Shaders
Fra:1 Mem:50.11M (Peak 52.21M) | Time:00:00.00 | Mem:0.00M, Peak:0.00M | Scene, ViewLayer | Updating Procedurals
Fra:1 Mem:50.11M (Peak 52.21M) | Time:00:00.00 | Mem:0.00M, Peak:0.00M | Scene, ViewLayer | Updating Background
Fra:1 Mem:50.11M (Peak 52.21M) | Time:00:00.00 | Mem:0.00M, Peak:0.00M | Scene, ViewLayer | Updating Camera
Fra:1 Mem:50.11M (Peak 52.21M) | Time:00:00.00 | Mem:0.00M, Peak:0.00M | Scene, ViewLayer | Updating Meshes Flags
Fra:1 Mem:50.11M (Peak 52.21M) | Time:00:00.00 | Mem:0.00M, Peak:0.00M | Scene, ViewLayer | Updating Objects
Fra:1 Mem:50.11M (Peak 52.21M) | Time:00:00.00 | Mem:0.00M, Peak:0.00M | Scene, ViewLayer | Updating Objects | Copying Transformations to device
Fra:1 Mem:50.12M (Peak 52.21M) | Time:00:00.00 | Mem:0.01M, Peak:0.01M | Scene, ViewLayer | Updating Objects | Applying Static Transformations
Fra:1 Mem:50.12M (Peak 52.21M) | Time:00:00.00 | Mem:0.01M, Peak:0.01M | Scene, ViewLayer | Updating Particle Systems
Fra:1 Mem:50.12M (Peak 52.21M) | Time:00:00.00 | Mem:0.01M, Peak:0.01M | Scene, ViewLayer | Updating Particle Systems | Copying Particles to device
Fra:1 Mem:50.12M (Peak 52.21M) | Time:00:00.00 | Mem:0.01M, Peak:0.01M | Scene, ViewLayer | Updating Meshes
Fra:1 Mem:50.28M (Peak 52.21M) | Time:00:00.00 | Mem:0.01M, Peak:0.01M | Scene, ViewLayer | Updating Mesh | Computing attributes
Fra:1 Mem:50.40M (Peak 52.21M) | Time:00:00.00 | Mem:0.02M, Peak:0.02M | Scene, ViewLayer | Updating Mesh | Copying Attributes to device
Fra:1 Mem:50.39M (Peak 52.21M) | Time:00:00.00 | Mem:0.13M, Peak:0.13M | Scene, ViewLayer | Updating Scene BVH | Building
Fra:1 Mem:50.39M (Peak 52.21M) | Time:00:00.00 | Mem:0.13M, Peak:0.13M | Scene, ViewLayer | Updating Scene BVH | Building BVH
Fra:1 Mem:50.39M (Peak 52.21M) | Time:00:00.00 | Mem:0.45M, Peak:0.45M | Scene, ViewLayer | Updating Scene BVH | Building BVH 0%
Fra:1 Mem:50.39M (Peak 52.21M) | Time:00:00.01 | Mem:0.80M, Peak:1.12M | Scene, ViewLayer | Updating Scene BVH | Copying BVH to device
Fra:1 Mem:50.39M (Peak 52.21M) | Time:00:00.01 | Mem:0.80M, Peak:1.12M | Scene, ViewLayer | Updating Mesh | Computing normals
Fra:1 Mem:50.90M (Peak 52.21M) | Time:00:00.01 | Mem:0.80M, Peak:1.12M | Scene, ViewLayer | Updating Mesh | Copying Mesh to device
Fra:1 Mem:50.90M (Peak 52.21M) | Time:00:00.01 | Mem:1.31M, Peak:1.31M | Scene, ViewLayer | Updating Objects Flags
Fra:1 Mem:50.90M (Peak 52.21M) | Time:00:00.01 | Mem:1.31M, Peak:1.31M | Scene, ViewLayer | Updating Primitive Offsets
Fra:1 Mem:50.90M (Peak 52.21M) | Time:00:00.01 | Mem:1.31M, Peak:1.31M | Scene, ViewLayer | Updating Images
Fra:1 Mem:50.90M (Peak 52.21M) | Time:00:00.01 | Mem:1.31M, Peak:1.31M | Scene, ViewLayer | Updating Camera Volume
Fra:1 Mem:50.90M (Peak 52.21M) | Time:00:00.01 | Mem:1.31M, Peak:1.31M | Scene, ViewLayer | Updating Lookup Tables
Fra:1 Mem:50.90M (Peak 52.21M) | Time:00:00.01 | Mem:1.39M, Peak:1.39M | Scene, ViewLayer | Updating Lights
Fra:1 Mem:50.90M (Peak 52.21M) | Time:00:00.01 | Mem:1.39M, Peak:1.39M | Scene, ViewLayer | Updating Lights | Computing tree
Fra:1 Mem:50.90M (Peak 52.21M) | Time:00:00.01 | Mem:1.39M, Peak:1.39M | Scene, ViewLayer | Updating Integrator
Fra:1 Mem:50.90M (Peak 52.21M) | Time:00:00.01 | Mem:1.39M, Peak:1.39M | Scene, ViewLayer | Updating Film
Fra:1 Mem:50.90M (Peak 52.21M) | Time:00:00.01 | Mem:1.31M, Peak:1.39M | Scene, ViewLayer | Updating Lookup Tables
Fra:1 Mem:50.90M (Peak 52.21M) | Time:00:00.01 | Mem:1.39M, Peak:1.39M | Scene, ViewLayer | Updating Baking
Fra:1 Mem:50.90M (Peak 52.21M) | Time:00:00.01 | Mem:1.39M, Peak:1.39M | Scene, ViewLayer | Updating Device | Writing constant memory
Fra:1 Mem:50.90M (Peak 52.21M) | Time:00:00.01 | Mem:1.39M, Peak:1.39M | Scene, ViewLayer | Sample 0/16
Fra:1 Mem:89.54M (Peak 89.54M) | Time:00:01.59 | Remaining:00:23.65 | Mem:40.02M, Peak:40.02M | Scene, ViewLayer | Sample 1/16
Fra:1 Mem:106.70M (Peak 141.04M) | Time:00:19.91 | Mem:40.02M, Peak:40.02M | Scene, ViewLayer | Sample 16/16
Fra:1 Mem:106.70M (Peak 141.04M) | Time:00:19.91 | Mem:40.02M, Peak:40.02M | Scene, ViewLayer | Finished
Saved: 'ArtSource/ActorSilhouettes/F1/Review/Spirit-After.png'
Time: 00:20.19 (Saving: 00:00.27)

Fra:1 Mem:56.13M (Peak 56.13M) | Time:00:00.01 | Mem:0.00M, Peak:0.00M | Scene, ViewLayer | Synchronizing object | Text
Fra:1 Mem:56.21M (Peak 56.21M) | Time:00:00.01 | Mem:0.00M, Peak:0.00M | Scene, ViewLayer | Synchronizing object | Text.001
Fra:1 Mem:56.29M (Peak 56.29M) | Time:00:00.01 | Mem:0.00M, Peak:0.00M | Scene, ViewLayer | Synchronizing object | Text.002
Fra:1 Mem:56.41M (Peak 56.41M) | Time:00:00.01 | Mem:0.00M, Peak:0.00M | Scene, ViewLayer | Synchronizing object | Treant grown shoulder branch.017
Fra:1 Mem:56.45M (Peak 56.45M) | Time:00:00.01 | Mem:0.00M, Peak:0.00M | Scene, ViewLayer | Synchronizing object | Treant grown shoulder branch.016
Fra:1 Mem:56.49M (Peak 56.49M) | Time:00:00.01 | Mem:0.00M, Peak:0.00M | Scene, ViewLayer | Synchronizing object | Treant grown shoulder branch.015
Fra:1 Mem:56.52M (Peak 56.52M) | Time:00:00.01 | Mem:0.00M, Peak:0.00M | Scene, ViewLayer | Synchronizing object | Treant grown shoulder branch.014
Fra:1 Mem:56.56M (Peak 56.56M) | Time:00:00.01 | Mem:0.00M, Peak:0.00M | Scene, ViewLayer | Synchronizing object | Treant grown shoulder branch.013
Fra:1 Mem:56.60M (Peak 56.60M) | Time:00:00.01 | Mem:0.00M, Peak:0.00M | Scene, ViewLayer | Synchronizing object | Treant grown shoulder branch.012
Fra:1 Mem:56.64M (Peak 56.64M) | Time:00:00.01 | Mem:0.00M, Peak:0.00M | Scene, ViewLayer | Synchronizing object | Permanent treant contract knot.002
Fra:1 Mem:56.67M (Peak 56.67M) | Time:00:00.01 | Mem:0.00M, Peak:0.00M | Scene, ViewLayer | Synchronizing object | Leaf crown.008
Fra:1 Mem:56.70M (Peak 56.70M) | Time:00:00.01 | Mem:0.00M, Peak:0.00M | Scene, ViewLayer | Synchronizing object | Leaf crown.007
Fra:1 Mem:56.74M (Peak 56.74M) | Time:00:00.01 | Mem:0.00M, Peak:0.00M | Scene, ViewLayer | Synchronizing object | Leaf crown.006
Fra:1 Mem:56.77M (Peak 56.77M) | Time:00:00.01 | Mem:0.00M, Peak:0.00M | Scene, ViewLayer | Synchronizing object | Glove.005
Fra:1 Mem:56.81M (Peak 56.81M) | Time:00:00.01 | Mem:0.00M, Peak:0.00M | Scene, ViewLayer | Synchronizing object | Sleeve.005
Fra:1 Mem:56.84M (Peak 56.84M) | Time:00:00.01 | Mem:0.00M, Peak:0.00M | Scene, ViewLayer | Synchronizing object | Pauldrons.005
Fra:1 Mem:56.87M (Peak 56.87M) | Time:00:00.01 | Mem:0.00M, Peak:0.00M | Scene, ViewLayer | Synchronizing object | Glove.004
Fra:1 Mem:56.91M (Peak 56.91M) | Time:00:00.01 | Mem:0.00M, Peak:0.00M | Scene, ViewLayer | Synchronizing object | Sleeve.004
Fra:1 Mem:56.94M (Peak 56.94M) | Time:00:00.01 | Mem:0.00M, Peak:0.00M | Scene, ViewLayer | Synchronizing object | Pauldrons.004
Fra:1 Mem:56.97M (Peak 56.97M) | Time:00:00.01 | Mem:0.00M, Peak:0.00M | Scene, ViewLayer | Synchronizing object | Boot.005
Fra:1 Mem:56.99M (Peak 56.99M) | Time:00:00.01 | Mem:0.00M, Peak:0.00M | Scene, ViewLayer | Synchronizing object | Trouser.005
Fra:1 Mem:57.03M (Peak 57.03M) | Time:00:00.01 | Mem:0.00M, Peak:0.00M | Scene, ViewLayer | Synchronizing object | Boot.004
Fra:1 Mem:57.04M (Peak 57.04M) | Time:00:00.01 | Mem:0.00M, Peak:0.00M | Scene, ViewLayer | Synchronizing object | Trouser.004
Fra:1 Mem:57.08M (Peak 57.08M) | Time:00:00.01 | Mem:0.00M, Peak:0.00M | Scene, ViewLayer | Synchronizing object | Eyes R.002
Fra:1 Mem:57.12M (Peak 57.12M) | Time:00:00.01 | Mem:0.00M, Peak:0.00M | Scene, ViewLayer | Synchronizing object | Eyes L.002
Fra:1 Mem:57.15M (Peak 57.15M) | Time:00:00.01 | Mem:0.00M, Peak:0.00M | Scene, ViewLayer | Synchronizing object | Head.002
Fra:1 Mem:57.18M (Peak 57.18M) | Time:00:00.01 | Mem:0.00M, Peak:0.00M | Scene, ViewLayer | Synchronizing object | Buckle.002
Fra:1 Mem:57.21M (Peak 57.21M) | Time:00:00.01 | Mem:0.00M, Peak:0.00M | Scene, ViewLayer | Synchronizing object | Belt.002
Fra:1 Mem:57.24M (Peak 57.24M) | Time:00:00.01 | Mem:0.00M, Peak:0.00M | Scene, ViewLayer | Synchronizing object | Breastplate.002
Fra:1 Mem:57.27M (Peak 57.27M) | Time:00:00.01 | Mem:0.00M, Peak:0.00M | Scene, ViewLayer | Synchronizing object | Treant grown shoulder branch.011
Fra:1 Mem:57.30M (Peak 57.30M) | Time:00:00.01 | Mem:0.00M, Peak:0.00M | Scene, ViewLayer | Synchronizing object | Treant grown shoulder branch.010
Fra:1 Mem:57.34M (Peak 57.34M) | Time:00:00.01 | Mem:0.00M, Peak:0.00M | Scene, ViewLayer | Synchronizing object | Treant grown shoulder branch.009
Fra:1 Mem:57.38M (Peak 57.38M) | Time:00:00.01 | Mem:0.00M, Peak:0.00M | Scene, ViewLayer | Synchronizing object | Treant grown shoulder branch.008
Fra:1 Mem:57.41M (Peak 57.41M) | Time:00:00.01 | Mem:0.00M, Peak:0.00M | Scene, ViewLayer | Synchronizing object | Treant grown shoulder branch.007
Fra:1 Mem:57.45M (Peak 57.45M) | Time:00:00.01 | Mem:0.00M, Peak:0.00M | Scene, ViewLayer | Synchronizing object | Treant grown shoulder branch.006
Fra:1 Mem:57.49M (Peak 57.49M) | Time:00:00.01 | Mem:0.00M, Peak:0.00M | Scene, ViewLayer | Synchronizing object | Permanent treant contract knot.001
Fra:1 Mem:57.52M (Peak 57.52M) | Time:00:00.01 | Mem:0.00M, Peak:0.00M | Scene, ViewLayer | Synchronizing object | Leaf crown.005
Fra:1 Mem:57.56M (Peak 57.56M) | Time:00:00.01 | Mem:0.00M, Peak:0.00M | Scene, ViewLayer | Synchronizing object | Leaf crown.004
Fra:1 Mem:57.59M (Peak 57.59M) | Time:00:00.01 | Mem:0.00M, Peak:0.00M | Scene, ViewLayer | Synchronizing object | Leaf crown.003
Fra:1 Mem:57.63M (Peak 57.63M) | Time:00:00.01 | Mem:0.00M, Peak:0.00M | Scene, ViewLayer | Synchronizing object | Glove.003
Fra:1 Mem:57.66M (Peak 57.66M) | Time:00:00.01 | Mem:0.00M, Peak:0.00M | Scene, ViewLayer | Synchronizing object | Sleeve.003
Fra:1 Mem:57.70M (Peak 57.70M) | Time:00:00.01 | Mem:0.00M, Peak:0.00M | Scene, ViewLayer | Synchronizing object | Pauldrons.003
Fra:1 Mem:57.73M (Peak 57.73M) | Time:00:00.01 | Mem:0.00M, Peak:0.00M | Scene, ViewLayer | Synchronizing object | Glove.002
Fra:1 Mem:57.76M (Peak 57.76M) | Time:00:00.01 | Mem:0.00M, Peak:0.00M | Scene, ViewLayer | Synchronizing object | Sleeve.002
Fra:1 Mem:57.79M (Peak 57.79M) | Time:00:00.02 | Mem:0.00M, Peak:0.00M | Scene, ViewLayer | Synchronizing object | Plane
Fra:1 Mem:57.79M (Peak 57.79M) | Time:00:00.02 | Mem:0.00M, Peak:0.00M | Scene, ViewLayer | Synchronizing object | Breastplate
Fra:1 Mem:57.81M (Peak 57.81M) | Time:00:00.02 | Mem:0.00M, Peak:0.00M | Scene, ViewLayer | Synchronizing object | Belt
Fra:1 Mem:57.84M (Peak 57.84M) | Time:00:00.02 | Mem:0.00M, Peak:0.00M | Scene, ViewLayer | Synchronizing object | Buckle
Fra:1 Mem:57.87M (Peak 57.87M) | Time:00:00.02 | Mem:0.00M, Peak:0.00M | Scene, ViewLayer | Synchronizing object | Head
Fra:1 Mem:57.91M (Peak 57.91M) | Time:00:00.02 | Mem:0.00M, Peak:0.00M | Scene, ViewLayer | Synchronizing object | Eyes L
Fra:1 Mem:57.94M (Peak 57.94M) | Time:00:00.02 | Mem:0.00M, Peak:0.00M | Scene, ViewLayer | Synchronizing object | Eyes R
Fra:1 Mem:57.97M (Peak 57.97M) | Time:00:00.02 | Mem:0.00M, Peak:0.00M | Scene, ViewLayer | Synchronizing object | Trouser
Fra:1 Mem:58.01M (Peak 58.01M) | Time:00:00.02 | Mem:0.00M, Peak:0.00M | Scene, ViewLayer | Synchronizing object | Boot
Fra:1 Mem:58.03M (Peak 58.03M) | Time:00:00.02 | Mem:0.00M, Peak:0.00M | Scene, ViewLayer | Synchronizing object | Trouser.001
Fra:1 Mem:58.07M (Peak 58.07M) | Time:00:00.02 | Mem:0.00M, Peak:0.00M | Scene, ViewLayer | Synchronizing object | Boot.001
Fra:1 Mem:58.08M (Peak 58.08M) | Time:00:00.02 | Mem:0.00M, Peak:0.00M | Scene, ViewLayer | Synchronizing object | Pauldrons
Fra:1 Mem:58.11M (Peak 58.11M) | Time:00:00.02 | Mem:0.00M, Peak:0.00M | Scene, ViewLayer | Synchronizing object | Sleeve
Fra:1 Mem:58.16M (Peak 58.16M) | Time:00:00.02 | Mem:0.00M, Peak:0.00M | Scene, ViewLayer | Synchronizing object | Pauldrons.002
Fra:1 Mem:58.17M (Peak 58.17M) | Time:00:00.02 | Mem:0.00M, Peak:0.00M | Scene, ViewLayer | Synchronizing object | Glove
Fra:1 Mem:58.21M (Peak 58.21M) | Time:00:00.02 | Mem:0.00M, Peak:0.00M | Scene, ViewLayer | Synchronizing object | Boot.003
Fra:1 Mem:58.23M (Peak 58.23M) | Time:00:00.02 | Mem:0.00M, Peak:0.00M | Scene, ViewLayer | Synchronizing object | Pauldrons.001
Fra:1 Mem:58.26M (Peak 58.26M) | Time:00:00.02 | Mem:0.00M, Peak:0.00M | Scene, ViewLayer | Synchronizing object | Trouser.003
Fra:1 Mem:58.28M (Peak 58.28M) | Time:00:00.02 | Mem:0.00M, Peak:0.00M | Scene, ViewLayer | Synchronizing object | Sleeve.001
Fra:1 Mem:58.34M (Peak 58.34M) | Time:00:00.02 | Mem:0.00M, Peak:0.00M | Scene, ViewLayer | Synchronizing object | Boot.002
Fra:1 Mem:58.35M (Peak 58.35M) | Time:00:00.02 | Mem:0.00M, Peak:0.00M | Scene, ViewLayer | Synchronizing object | Glove.001
Fra:1 Mem:58.39M (Peak 58.39M) | Time:00:00.02 | Mem:0.00M, Peak:0.00M | Scene, ViewLayer | Synchronizing object | Trouser.002
Fra:1 Mem:58.42M (Peak 58.42M) | Time:00:00.02 | Mem:0.00M, Peak:0.00M | Scene, ViewLayer | Synchronizing object | Leaf crown
Fra:1 Mem:58.46M (Peak 58.46M) | Time:00:00.02 | Mem:0.00M, Peak:0.00M | Scene, ViewLayer | Synchronizing object | Eyes R.001
Fra:1 Mem:58.48M (Peak 58.48M) | Time:00:00.02 | Mem:0.00M, Peak:0.00M | Scene, ViewLayer | Synchronizing object | Leaf crown.001
Fra:1 Mem:58.53M (Peak 58.53M) | Time:00:00.02 | Mem:0.00M, Peak:0.00M | Scene, ViewLayer | Synchronizing object | Eyes L.001
Fra:1 Mem:58.54M (Peak 58.54M) | Time:00:00.02 | Mem:0.00M, Peak:0.00M | Scene, ViewLayer | Synchronizing object | Leaf crown.002
Fra:1 Mem:58.60M (Peak 58.60M) | Time:00:00.02 | Mem:0.00M, Peak:0.00M | Scene, ViewLayer | Synchronizing object | Head.001
Fra:1 Mem:58.60M (Peak 58.60M) | Time:00:00.02 | Mem:0.00M, Peak:0.00M | Scene, ViewLayer | Synchronizing object | Permanent treant contract knot
Fra:1 Mem:58.67M (Peak 58.67M) | Time:00:00.02 | Mem:0.00M, Peak:0.00M | Scene, ViewLayer | Synchronizing object | Buckle.001
Fra:1 Mem:58.68M (Peak 58.68M) | Time:00:00.02 | Mem:0.00M, Peak:0.00M | Scene, ViewLayer | Synchronizing object | Treant grown shoulder branch
Fra:1 Mem:58.73M (Peak 58.73M) | Time:00:00.02 | Mem:0.00M, Peak:0.00M | Scene, ViewLayer | Synchronizing object | Belt.001
Fra:1 Mem:58.75M (Peak 58.75M) | Time:00:00.02 | Mem:0.00M, Peak:0.00M | Scene, ViewLayer | Synchronizing object | Treant grown shoulder branch.001
Fra:1 Mem:58.80M (Peak 58.80M) | Time:00:00.02 | Mem:0.00M, Peak:0.00M | Scene, ViewLayer | Synchronizing object | Breastplate.001
Fra:1 Mem:58.82M (Peak 58.82M) | Time:00:00.02 | Mem:0.00M, Peak:0.00M | Scene, ViewLayer | Synchronizing object | Treant grown shoulder branch.002
Fra:1 Mem:58.83M (Peak 58.83M) | Time:00:00.02 | Mem:0.00M, Peak:0.00M | Scene, ViewLayer | Synchronizing object | Treant grown shoulder branch.005
Fra:1 Mem:58.90M (Peak 58.90M) | Time:00:00.02 | Mem:0.00M, Peak:0.00M | Scene, ViewLayer | Synchronizing object | Treant grown shoulder branch.003
Fra:1 Mem:58.90M (Peak 58.90M) | Time:00:00.02 | Mem:0.00M, Peak:0.00M | Scene, ViewLayer | Synchronizing object | Treant grown shoulder branch.004
Fra:1 Mem:58.97M (Peak 58.97M) | Time:00:00.02 | Mem:0.00M, Peak:0.00M | Scene, ViewLayer | Initializing
Fra:1 Mem:55.39M (Peak 58.97M) | Time:00:00.02 | Mem:0.00M, Peak:0.00M | Scene, ViewLayer | Waiting for render to start
Fra:1 Mem:55.39M (Peak 58.97M) | Time:00:00.02 | Mem:0.00M, Peak:0.00M | Scene, ViewLayer | Loading render kernels (may take a few minutes the first time)
Fra:1 Mem:55.39M (Peak 58.97M) | Time:00:00.02 | Mem:0.00M, Peak:0.00M | Scene, ViewLayer | Updating Scene
Fra:1 Mem:55.39M (Peak 58.97M) | Time:00:00.02 | Mem:0.00M, Peak:0.00M | Scene, ViewLayer | Updating Shaders
Fra:1 Mem:55.48M (Peak 58.97M) | Time:00:00.02 | Mem:0.01M, Peak:0.01M | Scene, ViewLayer | Updating Procedurals
Fra:1 Mem:55.48M (Peak 58.97M) | Time:00:00.02 | Mem:0.01M, Peak:0.01M | Scene, ViewLayer | Updating Background
Fra:1 Mem:55.48M (Peak 58.97M) | Time:00:00.02 | Mem:0.01M, Peak:0.01M | Scene, ViewLayer | Updating Camera
Fra:1 Mem:55.48M (Peak 58.97M) | Time:00:00.02 | Mem:0.01M, Peak:0.01M | Scene, ViewLayer | Updating Meshes Flags
Fra:1 Mem:55.48M (Peak 58.97M) | Time:00:00.02 | Mem:0.01M, Peak:0.01M | Scene, ViewLayer | Updating Objects
Fra:1 Mem:55.48M (Peak 58.97M) | Time:00:00.02 | Mem:0.01M, Peak:0.01M | Scene, ViewLayer | Updating Objects | Copying Transformations to device
Fra:1 Mem:55.50M (Peak 58.97M) | Time:00:00.02 | Mem:0.02M, Peak:0.02M | Scene, ViewLayer | Updating Objects | Applying Static Transformations
Fra:1 Mem:55.50M (Peak 58.97M) | Time:00:00.02 | Mem:0.02M, Peak:0.02M | Scene, ViewLayer | Updating Particle Systems
Fra:1 Mem:55.50M (Peak 58.97M) | Time:00:00.02 | Mem:0.02M, Peak:0.02M | Scene, ViewLayer | Updating Particle Systems | Copying Particles to device
Fra:1 Mem:55.50M (Peak 58.97M) | Time:00:00.02 | Mem:0.03M, Peak:0.03M | Scene, ViewLayer | Updating Meshes
Fra:1 Mem:55.93M (Peak 58.97M) | Time:00:00.02 | Mem:0.03M, Peak:0.03M | Scene, ViewLayer | Updating Mesh | Computing attributes
Fra:1 Mem:56.19M (Peak 58.97M) | Time:00:00.02 | Mem:0.03M, Peak:0.03M | Scene, ViewLayer | Updating Mesh | Copying Attributes to device
Fra:1 Mem:56.18M (Peak 58.97M) | Time:00:00.02 | Mem:0.27M, Peak:0.27M | Scene, ViewLayer | Updating Scene BVH | Building
Fra:1 Mem:56.18M (Peak 58.97M) | Time:00:00.02 | Mem:0.27M, Peak:0.27M | Scene, ViewLayer | Updating Scene BVH | Building BVH
Fra:1 Mem:56.18M (Peak 58.97M) | Time:00:00.02 | Mem:1.13M, Peak:1.13M | Scene, ViewLayer | Updating Scene BVH | Building BVH 0%
Fra:1 Mem:56.18M (Peak 58.97M) | Time:00:00.04 | Mem:2.17M, Peak:3.03M | Scene, ViewLayer | Updating Scene BVH | Copying BVH to device
Fra:1 Mem:56.18M (Peak 58.97M) | Time:00:00.04 | Mem:2.17M, Peak:3.03M | Scene, ViewLayer | Updating Mesh | Computing normals
Fra:1 Mem:57.36M (Peak 58.97M) | Time:00:00.04 | Mem:2.17M, Peak:3.03M | Scene, ViewLayer | Updating Mesh | Copying Mesh to device
Fra:1 Mem:57.36M (Peak 58.97M) | Time:00:00.04 | Mem:3.35M, Peak:3.35M | Scene, ViewLayer | Updating Objects Flags
Fra:1 Mem:57.36M (Peak 58.97M) | Time:00:00.04 | Mem:3.35M, Peak:3.35M | Scene, ViewLayer | Updating Primitive Offsets
Fra:1 Mem:57.36M (Peak 58.97M) | Time:00:00.04 | Mem:3.35M, Peak:3.35M | Scene, ViewLayer | Updating Images
Fra:1 Mem:57.36M (Peak 58.97M) | Time:00:00.04 | Mem:3.35M, Peak:3.35M | Scene, ViewLayer | Updating Camera Volume
Fra:1 Mem:57.36M (Peak 58.97M) | Time:00:00.04 | Mem:3.35M, Peak:3.35M | Scene, ViewLayer | Updating Lookup Tables
Fra:1 Mem:57.36M (Peak 58.97M) | Time:00:00.04 | Mem:3.43M, Peak:3.43M | Scene, ViewLayer | Updating Lights
Fra:1 Mem:57.36M (Peak 58.97M) | Time:00:00.04 | Mem:3.43M, Peak:3.43M | Scene, ViewLayer | Updating Lights | Computing tree
Fra:1 Mem:57.36M (Peak 58.97M) | Time:00:00.04 | Mem:3.43M, Peak:3.43M | Scene, ViewLayer | Updating Integrator
Fra:1 Mem:57.36M (Peak 58.97M) | Time:00:00.04 | Mem:3.43M, Peak:3.43M | Scene, ViewLayer | Updating Film
Fra:1 Mem:57.37M (Peak 58.97M) | Time:00:00.04 | Mem:3.35M, Peak:3.43M | Scene, ViewLayer | Updating Lookup Tables
Fra:1 Mem:57.37M (Peak 58.97M) | Time:00:00.04 | Mem:3.44M, Peak:3.44M | Scene, ViewLayer | Updating Baking
Fra:1 Mem:57.37M (Peak 58.97M) | Time:00:00.04 | Mem:3.44M, Peak:3.44M | Scene, ViewLayer | Updating Device | Writing constant memory
Fra:1 Mem:57.37M (Peak 58.97M) | Time:00:00.04 | Mem:3.44M, Peak:3.44M | Scene, ViewLayer | Sample 0/16
Fra:1 Mem:96.00M (Peak 96.00M) | Time:00:02.02 | Remaining:00:29.68 | Mem:42.06M, Peak:42.06M | Scene, ViewLayer | Sample 1/16
Fra:1 Mem:113.17M (Peak 147.50M) | Time:00:33.81 | Mem:42.06M, Peak:42.06M | Scene, ViewLayer | Sample 16/16
Fra:1 Mem:113.17M (Peak 147.50M) | Time:00:33.81 | Mem:42.06M, Peak:42.06M | Scene, ViewLayer | Finished
Saved: 'ArtSource/ActorSilhouettes/F1/Review/Treant-Before.png'
Time: 00:34.39 (Saving: 00:00.57)

Fra:1 Mem:58.74M (Peak 58.74M) | Time:00:00.02 | Mem:0.00M, Peak:0.00M | Scene, ViewLayer | Synchronizing object | Text
Fra:1 Mem:58.83M (Peak 58.83M) | Time:00:00.02 | Mem:0.00M, Peak:0.00M | Scene, ViewLayer | Synchronizing object | Text.001
Fra:1 Mem:58.91M (Peak 58.91M) | Time:00:00.02 | Mem:0.00M, Peak:0.00M | Scene, ViewLayer | Synchronizing object | Text.002
Fra:1 Mem:59.03M (Peak 59.03M) | Time:00:00.03 | Mem:0.00M, Peak:0.00M | Scene, ViewLayer | Synchronizing object | Treant grown shoulder branch.017
Fra:1 Mem:59.06M (Peak 59.06M) | Time:00:00.03 | Mem:0.00M, Peak:0.00M | Scene, ViewLayer | Synchronizing object | Treant grown shoulder branch.016
Fra:1 Mem:59.10M (Peak 59.10M) | Time:00:00.03 | Mem:0.00M, Peak:0.00M | Scene, ViewLayer | Synchronizing object | Treant grown shoulder branch.015
Fra:1 Mem:59.14M (Peak 59.14M) | Time:00:00.03 | Mem:0.00M, Peak:0.00M | Scene, ViewLayer | Synchronizing object | Treant grown shoulder branch.014
Fra:1 Mem:59.18M (Peak 59.18M) | Time:00:00.03 | Mem:0.00M, Peak:0.00M | Scene, ViewLayer | Synchronizing object | Treant grown shoulder branch.013
Fra:1 Mem:59.21M (Peak 59.21M) | Time:00:00.03 | Mem:0.00M, Peak:0.00M | Scene, ViewLayer | Synchronizing object | Treant grown shoulder branch.012
Fra:1 Mem:59.25M (Peak 59.25M) | Time:00:00.03 | Mem:0.00M, Peak:0.00M | Scene, ViewLayer | Synchronizing object | Permanent treant contract knot.002
Fra:1 Mem:59.28M (Peak 59.28M) | Time:00:00.03 | Mem:0.00M, Peak:0.00M | Scene, ViewLayer | Synchronizing object | Plane
Fra:1 Mem:59.28M (Peak 59.28M) | Time:00:00.03 | Mem:0.00M, Peak:0.00M | Scene, ViewLayer | Synchronizing object | Leaf crown.008
Fra:1 Mem:59.30M (Peak 59.30M) | Time:00:00.03 | Mem:0.00M, Peak:0.00M | Scene, ViewLayer | Synchronizing object | Leaf crown.007
Fra:1 Mem:59.31M (Peak 59.31M) | Time:00:00.03 | Mem:0.00M, Peak:0.00M | Scene, ViewLayer | Synchronizing object | Breastplate
Fra:1 Mem:59.33M (Peak 59.33M) | Time:00:00.03 | Mem:0.00M, Peak:0.00M | Scene, ViewLayer | Synchronizing object | Leaf crown.006
Fra:1 Mem:59.36M (Peak 59.36M) | Time:00:00.03 | Mem:0.00M, Peak:0.00M | Scene, ViewLayer | Synchronizing object | Glove.005
Fra:1 Mem:59.37M (Peak 59.37M) | Time:00:00.03 | Mem:0.00M, Peak:0.00M | Scene, ViewLayer | Synchronizing object | Belt
Fra:1 Mem:59.39M (Peak 59.39M) | Time:00:00.03 | Mem:0.00M, Peak:0.00M | Scene, ViewLayer | Synchronizing object | Sleeve.005
Fra:1 Mem:59.42M (Peak 59.42M) | Time:00:00.03 | Mem:0.00M, Peak:0.00M | Scene, ViewLayer | Synchronizing object | Pauldrons.005
Fra:1 Mem:59.46M (Peak 59.46M) | Time:00:00.03 | Mem:0.00M, Peak:0.00M | Scene, ViewLayer | Synchronizing object | Buckle
Fra:1 Mem:59.46M (Peak 59.46M) | Time:00:00.03 | Mem:0.00M, Peak:0.00M | Scene, ViewLayer | Synchronizing object | Glove.004
Fra:1 Mem:59.49M (Peak 59.49M) | Time:00:00.03 | Mem:0.00M, Peak:0.00M | Scene, ViewLayer | Synchronizing object | Sleeve.004
Fra:1 Mem:59.52M (Peak 59.52M) | Time:00:00.03 | Mem:0.00M, Peak:0.00M | Scene, ViewLayer | Synchronizing object | Pauldrons.004
Fra:1 Mem:59.54M (Peak 59.54M) | Time:00:00.03 | Mem:0.00M, Peak:0.00M | Scene, ViewLayer | Synchronizing object | Head
Fra:1 Mem:59.56M (Peak 59.56M) | Time:00:00.03 | Mem:0.00M, Peak:0.00M | Scene, ViewLayer | Synchronizing object | Boot.005
Fra:1 Mem:59.58M (Peak 59.58M) | Time:00:00.03 | Mem:0.00M, Peak:0.00M | Scene, ViewLayer | Synchronizing object | Eyes L
Fra:1 Mem:59.60M (Peak 59.60M) | Time:00:00.03 | Mem:0.00M, Peak:0.00M | Scene, ViewLayer | Synchronizing object | Trouser.005
Fra:1 Mem:59.64M (Peak 59.64M) | Time:00:00.03 | Mem:0.00M, Peak:0.00M | Scene, ViewLayer | Synchronizing object | Eyes R
Fra:1 Mem:59.67M (Peak 59.67M) | Time:00:00.03 | Mem:0.00M, Peak:0.00M | Scene, ViewLayer | Synchronizing object | Boot.004
Fra:1 Mem:59.68M (Peak 59.68M) | Time:00:00.03 | Mem:0.00M, Peak:0.00M | Scene, ViewLayer | Synchronizing object | Trouser
Fra:1 Mem:59.70M (Peak 59.70M) | Time:00:00.03 | Mem:0.00M, Peak:0.00M | Scene, ViewLayer | Synchronizing object | Trouser.004
Fra:1 Mem:59.72M (Peak 59.72M) | Time:00:00.03 | Mem:0.00M, Peak:0.00M | Scene, ViewLayer | Synchronizing object | Boot
Fra:1 Mem:59.73M (Peak 59.73M) | Time:00:00.03 | Mem:0.00M, Peak:0.00M | Scene, ViewLayer | Synchronizing object | Eyes R.002
Fra:1 Mem:59.77M (Peak 59.77M) | Time:00:00.03 | Mem:0.00M, Peak:0.00M | Scene, ViewLayer | Synchronizing object | Trouser.001
Fra:1 Mem:59.79M (Peak 59.79M) | Time:00:00.03 | Mem:0.00M, Peak:0.00M | Scene, ViewLayer | Synchronizing object | Eyes L.002
Fra:1 Mem:59.82M (Peak 59.82M) | Time:00:00.03 | Mem:0.00M, Peak:0.00M | Scene, ViewLayer | Synchronizing object | Boot.001
Fra:1 Mem:59.84M (Peak 59.84M) | Time:00:00.03 | Mem:0.00M, Peak:0.00M | Scene, ViewLayer | Synchronizing object | Head.002
Fra:1 Mem:59.85M (Peak 59.85M) | Time:00:00.03 | Mem:0.00M, Peak:0.00M | Scene, ViewLayer | Synchronizing object | Pauldrons
Fra:1 Mem:59.88M (Peak 59.88M) | Time:00:00.03 | Mem:0.00M, Peak:0.00M | Scene, ViewLayer | Synchronizing object | Buckle.002
Fra:1 Mem:59.92M (Peak 59.92M) | Time:00:00.03 | Mem:0.00M, Peak:0.00M | Scene, ViewLayer | Synchronizing object | Sleeve
Fra:1 Mem:59.93M (Peak 59.93M) | Time:00:00.03 | Mem:0.00M, Peak:0.00M | Scene, ViewLayer | Synchronizing object | Belt.002
Fra:1 Mem:59.96M (Peak 59.96M) | Time:00:00.03 | Mem:0.00M, Peak:0.00M | Scene, ViewLayer | Synchronizing object | Glove
Fra:1 Mem:59.98M (Peak 59.98M) | Time:00:00.03 | Mem:0.00M, Peak:0.00M | Scene, ViewLayer | Synchronizing object | Breastplate.002
Fra:1 Mem:60.00M (Peak 60.00M) | Time:00:00.03 | Mem:0.00M, Peak:0.00M | Scene, ViewLayer | Synchronizing object | Pauldrons.001
Fra:1 Mem:60.03M (Peak 60.03M) | Time:00:00.03 | Mem:0.00M, Peak:0.00M | Scene, ViewLayer | Synchronizing object | Treant grown shoulder branch.011
Fra:1 Mem:60.07M (Peak 60.07M) | Time:00:00.03 | Mem:0.00M, Peak:0.00M | Scene, ViewLayer | Synchronizing object | Sleeve.001
Fra:1 Mem:60.09M (Peak 60.09M) | Time:00:00.03 | Mem:0.00M, Peak:0.00M | Scene, ViewLayer | Synchronizing object | Treant grown shoulder branch.010
Fra:1 Mem:60.12M (Peak 60.12M) | Time:00:00.03 | Mem:0.00M, Peak:0.00M | Scene, ViewLayer | Synchronizing object | Glove.001
Fra:1 Mem:60.15M (Peak 60.15M) | Time:00:00.03 | Mem:0.00M, Peak:0.00M | Scene, ViewLayer | Synchronizing object | Treant grown shoulder branch.009
Fra:1 Mem:60.15M (Peak 60.15M) | Time:00:00.03 | Mem:0.00M, Peak:0.00M | Scene, ViewLayer | Synchronizing object | Leaf crown
Fra:1 Mem:60.20M (Peak 60.20M) | Time:00:00.03 | Mem:0.00M, Peak:0.00M | Scene, ViewLayer | Synchronizing object | Leaf crown.001
Fra:1 Mem:60.21M (Peak 60.21M) | Time:00:00.03 | Mem:0.00M, Peak:0.00M | Scene, ViewLayer | Synchronizing object | Treant grown shoulder branch.008
Fra:1 Mem:60.25M (Peak 60.25M) | Time:00:00.03 | Mem:0.00M, Peak:0.00M | Scene, ViewLayer | Synchronizing object | Leaf crown.002
Fra:1 Mem:60.27M (Peak 60.27M) | Time:00:00.03 | Mem:0.00M, Peak:0.00M | Scene, ViewLayer | Synchronizing object | Treant grown shoulder branch.007
Fra:1 Mem:60.30M (Peak 60.30M) | Time:00:00.03 | Mem:0.00M, Peak:0.00M | Scene, ViewLayer | Synchronizing object | Permanent treant contract knot
Fra:1 Mem:60.34M (Peak 60.34M) | Time:00:00.03 | Mem:0.00M, Peak:0.00M | Scene, ViewLayer | Synchronizing object | Treant grown shoulder branch.006
Fra:1 Mem:60.38M (Peak 60.38M) | Time:00:00.03 | Mem:0.00M, Peak:0.00M | Scene, ViewLayer | Synchronizing object | Treant grown shoulder branch
Fra:1 Mem:60.41M (Peak 60.41M) | Time:00:00.03 | Mem:0.00M, Peak:0.00M | Scene, ViewLayer | Synchronizing object | Permanent treant contract knot.001
Fra:1 Mem:60.46M (Peak 60.46M) | Time:00:00.03 | Mem:0.00M, Peak:0.00M | Scene, ViewLayer | Synchronizing object | Leaf crown.005
Fra:1 Mem:60.47M (Peak 60.47M) | Time:00:00.03 | Mem:0.00M, Peak:0.00M | Scene, ViewLayer | Synchronizing object | Treant grown shoulder branch.001
Fra:1 Mem:60.48M (Peak 60.48M) | Time:00:00.03 | Mem:0.00M, Peak:0.00M | Scene, ViewLayer | Synchronizing object | Leaf crown.004
Fra:1 Mem:60.52M (Peak 60.52M) | Time:00:00.03 | Mem:0.00M, Peak:0.00M | Scene, ViewLayer | Synchronizing object | Leaf crown.003
Fra:1 Mem:60.54M (Peak 60.54M) | Time:00:00.03 | Mem:0.00M, Peak:0.00M | Scene, ViewLayer | Synchronizing object | Glove.003
Fra:1 Mem:60.57M (Peak 60.57M) | Time:00:00.03 | Mem:0.00M, Peak:0.00M | Scene, ViewLayer | Synchronizing object | Sleeve.003
Fra:1 Mem:60.58M (Peak 60.58M) | Time:00:00.03 | Mem:0.00M, Peak:0.00M | Scene, ViewLayer | Synchronizing object | Treant grown shoulder branch.002
Fra:1 Mem:60.59M (Peak 60.59M) | Time:00:00.03 | Mem:0.00M, Peak:0.00M | Scene, ViewLayer | Synchronizing object | Pauldrons.003
Fra:1 Mem:60.64M (Peak 60.64M) | Time:00:00.03 | Mem:0.00M, Peak:0.00M | Scene, ViewLayer | Synchronizing object | Glove.002
Fra:1 Mem:60.66M (Peak 60.66M) | Time:00:00.03 | Mem:0.00M, Peak:0.00M | Scene, ViewLayer | Synchronizing object | Sleeve.002
Fra:1 Mem:60.68M (Peak 60.68M) | Time:00:00.03 | Mem:0.00M, Peak:0.00M | Scene, ViewLayer | Synchronizing object | Pauldrons.002
Fra:1 Mem:60.71M (Peak 60.71M) | Time:00:00.03 | Mem:0.00M, Peak:0.00M | Scene, ViewLayer | Synchronizing object | Treant grown shoulder branch.003
Fra:1 Mem:60.72M (Peak 60.72M) | Time:00:00.03 | Mem:0.00M, Peak:0.00M | Scene, ViewLayer | Synchronizing object | Boot.003
Fra:1 Mem:60.75M (Peak 60.75M) | Time:00:00.03 | Mem:0.00M, Peak:0.00M | Scene, ViewLayer | Synchronizing object | Trouser.003
Fra:1 Mem:60.78M (Peak 60.78M) | Time:00:00.03 | Mem:0.00M, Peak:0.00M | Scene, ViewLayer | Synchronizing object | Boot.002
Fra:1 Mem:60.80M (Peak 60.80M) | Time:00:00.03 | Mem:0.00M, Peak:0.00M | Scene, ViewLayer | Synchronizing object | Trouser.002
Fra:1 Mem:60.81M (Peak 60.81M) | Time:00:00.03 | Mem:0.00M, Peak:0.00M | Scene, ViewLayer | Synchronizing object | Treant grown shoulder branch.004
Fra:1 Mem:60.84M (Peak 60.84M) | Time:00:00.03 | Mem:0.00M, Peak:0.00M | Scene, ViewLayer | Synchronizing object | Eyes R.001
Fra:1 Mem:60.88M (Peak 60.88M) | Time:00:00.03 | Mem:0.00M, Peak:0.00M | Scene, ViewLayer | Synchronizing object | Eyes L.001
Fra:1 Mem:60.92M (Peak 60.92M) | Time:00:00.03 | Mem:0.00M, Peak:0.00M | Scene, ViewLayer | Synchronizing object | Treant grown shoulder branch.005
Fra:1 Mem:60.94M (Peak 60.94M) | Time:00:00.03 | Mem:0.00M, Peak:0.00M | Scene, ViewLayer | Synchronizing object | Head.001
Fra:1 Mem:60.98M (Peak 60.98M) | Time:00:00.03 | Mem:0.00M, Peak:0.00M | Scene, ViewLayer | Synchronizing object | Buckle.001
Fra:1 Mem:61.01M (Peak 61.01M) | Time:00:00.03 | Mem:0.00M, Peak:0.00M | Scene, ViewLayer | Synchronizing object | Breastplate.001
Fra:1 Mem:61.01M (Peak 61.01M) | Time:00:00.03 | Mem:0.00M, Peak:0.00M | Scene, ViewLayer | Synchronizing object | Belt.001
Fra:1 Mem:61.06M (Peak 61.06M) | Time:00:00.03 | Mem:0.00M, Peak:0.00M | Scene, ViewLayer | Initializing
Fra:1 Mem:57.48M (Peak 61.06M) | Time:00:00.04 | Mem:0.00M, Peak:0.00M | Scene, ViewLayer | Waiting for render to start
Fra:1 Mem:57.48M (Peak 61.06M) | Time:00:00.04 | Mem:0.00M, Peak:0.00M | Scene, ViewLayer | Loading render kernels (may take a few minutes the first time)
Fra:1 Mem:57.48M (Peak 61.06M) | Time:00:00.04 | Mem:0.00M, Peak:0.00M | Scene, ViewLayer | Updating Scene
Fra:1 Mem:57.48M (Peak 61.06M) | Time:00:00.04 | Mem:0.00M, Peak:0.00M | Scene, ViewLayer | Updating Shaders
Fra:1 Mem:57.57M (Peak 61.06M) | Time:00:00.04 | Mem:0.01M, Peak:0.01M | Scene, ViewLayer | Updating Procedurals
Fra:1 Mem:57.57M (Peak 61.06M) | Time:00:00.04 | Mem:0.01M, Peak:0.01M | Scene, ViewLayer | Updating Background
Fra:1 Mem:57.57M (Peak 61.06M) | Time:00:00.04 | Mem:0.01M, Peak:0.01M | Scene, ViewLayer | Updating Camera
Fra:1 Mem:57.57M (Peak 61.06M) | Time:00:00.04 | Mem:0.01M, Peak:0.01M | Scene, ViewLayer | Updating Meshes Flags
Fra:1 Mem:57.57M (Peak 61.06M) | Time:00:00.04 | Mem:0.01M, Peak:0.01M | Scene, ViewLayer | Updating Objects
Fra:1 Mem:57.57M (Peak 61.06M) | Time:00:00.04 | Mem:0.01M, Peak:0.01M | Scene, ViewLayer | Updating Objects | Copying Transformations to device
Fra:1 Mem:57.59M (Peak 61.06M) | Time:00:00.04 | Mem:0.02M, Peak:0.02M | Scene, ViewLayer | Updating Objects | Applying Static Transformations
Fra:1 Mem:57.59M (Peak 61.06M) | Time:00:00.04 | Mem:0.02M, Peak:0.02M | Scene, ViewLayer | Updating Particle Systems
Fra:1 Mem:57.59M (Peak 61.06M) | Time:00:00.04 | Mem:0.02M, Peak:0.02M | Scene, ViewLayer | Updating Particle Systems | Copying Particles to device
Fra:1 Mem:57.59M (Peak 61.06M) | Time:00:00.04 | Mem:0.03M, Peak:0.03M | Scene, ViewLayer | Updating Meshes
Fra:1 Mem:57.88M (Peak 61.06M) | Time:00:00.04 | Mem:0.03M, Peak:0.03M | Scene, ViewLayer | Updating Mesh | Computing attributes
Fra:1 Mem:58.13M (Peak 61.06M) | Time:00:00.04 | Mem:0.03M, Peak:0.03M | Scene, ViewLayer | Updating Mesh | Copying Attributes to device
Fra:1 Mem:58.12M (Peak 61.06M) | Time:00:00.04 | Mem:0.27M, Peak:0.27M | Scene, ViewLayer | Updating Scene BVH | Building
Fra:1 Mem:58.12M (Peak 61.06M) | Time:00:00.04 | Mem:0.27M, Peak:0.27M | Scene, ViewLayer | Updating Scene BVH | Building BVH
Fra:1 Mem:58.12M (Peak 61.06M) | Time:00:00.04 | Mem:0.84M, Peak:0.84M | Scene, ViewLayer | Updating Scene BVH | Building BVH 0%
Fra:1 Mem:58.12M (Peak 61.06M) | Time:00:00.05 | Mem:1.46M, Peak:2.03M | Scene, ViewLayer | Updating Scene BVH | Copying BVH to device
Fra:1 Mem:58.12M (Peak 61.06M) | Time:00:00.05 | Mem:1.46M, Peak:2.03M | Scene, ViewLayer | Updating Mesh | Computing normals
Fra:1 Mem:59.12M (Peak 61.06M) | Time:00:00.05 | Mem:1.46M, Peak:2.03M | Scene, ViewLayer | Updating Mesh | Copying Mesh to device
Fra:1 Mem:59.12M (Peak 61.06M) | Time:00:00.05 | Mem:2.46M, Peak:2.46M | Scene, ViewLayer | Updating Objects Flags
Fra:1 Mem:59.12M (Peak 61.06M) | Time:00:00.05 | Mem:2.46M, Peak:2.46M | Scene, ViewLayer | Updating Primitive Offsets
Fra:1 Mem:59.12M (Peak 61.06M) | Time:00:00.05 | Mem:2.46M, Peak:2.46M | Scene, ViewLayer | Updating Images
Fra:1 Mem:59.12M (Peak 61.06M) | Time:00:00.05 | Mem:2.46M, Peak:2.46M | Scene, ViewLayer | Updating Camera Volume
Fra:1 Mem:59.12M (Peak 61.06M) | Time:00:00.05 | Mem:2.46M, Peak:2.46M | Scene, ViewLayer | Updating Lookup Tables
Fra:1 Mem:59.12M (Peak 61.06M) | Time:00:00.05 | Mem:2.54M, Peak:2.54M | Scene, ViewLayer | Updating Lights
Fra:1 Mem:59.12M (Peak 61.06M) | Time:00:00.06 | Mem:2.54M, Peak:2.54M | Scene, ViewLayer | Updating Lights | Computing tree
Fra:1 Mem:59.12M (Peak 61.06M) | Time:00:00.06 | Mem:2.54M, Peak:2.54M | Scene, ViewLayer | Updating Integrator
Fra:1 Mem:59.12M (Peak 61.06M) | Time:00:00.06 | Mem:2.54M, Peak:2.54M | Scene, ViewLayer | Updating Film
Fra:1 Mem:59.13M (Peak 61.06M) | Time:00:00.06 | Mem:2.46M, Peak:2.54M | Scene, ViewLayer | Updating Lookup Tables
Fra:1 Mem:59.13M (Peak 61.06M) | Time:00:00.06 | Mem:2.55M, Peak:2.55M | Scene, ViewLayer | Updating Baking
Fra:1 Mem:59.13M (Peak 61.06M) | Time:00:00.06 | Mem:2.55M, Peak:2.55M | Scene, ViewLayer | Updating Device | Writing constant memory
Fra:1 Mem:59.13M (Peak 61.06M) | Time:00:00.06 | Mem:2.55M, Peak:2.55M | Scene, ViewLayer | Sample 0/16
Fra:1 Mem:97.76M (Peak 97.76M) | Time:00:02.57 | Remaining:00:37.75 | Mem:41.17M, Peak:41.17M | Scene, ViewLayer | Sample 1/16
Fra:1 Mem:97.76M (Peak 97.76M) | Time:00:14.63 | Remaining:00:11.33 | Mem:41.17M, Peak:41.17M | Scene, ViewLayer | Sample 9/16
Fra:1 Mem:114.93M (Peak 149.26M) | Time:00:26.47 | Mem:41.17M, Peak:41.17M | Scene, ViewLayer | Sample 16/16
Fra:1 Mem:114.93M (Peak 149.26M) | Time:00:26.47 | Mem:41.17M, Peak:41.17M | Scene, ViewLayer | Finished
Saved: 'ArtSource/ActorSilhouettes/F1/Review/Treant-After.png'
Time: 00:26.72 (Saving: 00:00.25)


Blender quit
