Blender 4.3.2
Fra:1 Mem:14.59M (Peak 14.59M) | Time:00:00.00 | Mem:0.00M, Peak:0.00M | Scene, ViewLayer | Synchronizing object | Plane
Fra:1 Mem:14.59M (Peak 14.59M) | Time:00:00.00 | Mem:0.00M, Peak:0.00M | Scene, ViewLayer | Synchronizing object | Breastplate
Fra:1 Mem:14.60M (Peak 14.60M) | Time:00:00.00 | Mem:0.00M, Peak:0.00M | Scene, ViewLayer | Synchronizing object | Belt
Fra:1 Mem:14.67M (Peak 14.67M) | Time:00:00.00 | Mem:0.00M, Peak:0.00M | Scene, ViewLayer | Synchronizing object | Knee Guard.001
Fra:1 Mem:14.66M (Peak 14.67M) | Time:00:00.00 | Mem:0.00M, Peak:0.00M | Scene, ViewLayer | Synchronizing object | Sleeve
Fra:1 Mem:14.72M (Peak 14.72M) | Time:00:00.00 | Mem:0.00M, Peak:0.00M | Scene, ViewLayer | Synchronizing object | Shin Guard.001
Fra:1 Mem:14.76M (Peak 14.76M) | Time:00:00.00 | Mem:0.00M, Peak:0.00M | Scene, ViewLayer | Synchronizing object | Glove
Fra:1 Mem:14.80M (Peak 14.80M) | Time:00:00.00 | Mem:0.00M, Peak:0.00M | Scene, ViewLayer | Synchronizing object | Boot.001
Fra:1 Mem:14.82M (Peak 14.82M) | Time:00:00.00 | Mem:0.00M, Peak:0.00M | Scene, ViewLayer | Synchronizing object | Round Shield
Fra:1 Mem:14.82M (Peak 14.82M) | Time:00:00.00 | Mem:0.00M, Peak:0.00M | Scene, ViewLayer | Synchronizing object | Trouser.001
Fra:1 Mem:14.87M (Peak 14.87M) | Time:00:00.00 | Mem:0.00M, Peak:0.00M | Scene, ViewLayer | Synchronizing object | Knee Guard
Fra:1 Mem:14.90M (Peak 14.90M) | Time:00:00.00 | Mem:0.00M, Peak:0.00M | Scene, ViewLayer | Synchronizing object | Shield Boss
Fra:1 Mem:14.92M (Peak 14.92M) | Time:00:00.00 | Mem:0.00M, Peak:0.00M | Scene, ViewLayer | Synchronizing object | Shin Guard
Fra:1 Mem:14.97M (Peak 14.97M) | Time:00:00.00 | Mem:0.00M, Peak:0.00M | Scene, ViewLayer | Synchronizing object | Forearm Bracer
Fra:1 Mem:14.99M (Peak 14.99M) | Time:00:00.00 | Mem:0.00M, Peak:0.00M | Scene, ViewLayer | Synchronizing object | Boot
Fra:1 Mem:15.02M (Peak 15.02M) | Time:00:00.00 | Mem:0.00M, Peak:0.00M | Scene, ViewLayer | Synchronizing object | Trouser
Fra:1 Mem:15.06M (Peak 15.06M) | Time:00:00.00 | Mem:0.00M, Peak:0.00M | Scene, ViewLayer | Synchronizing object | Cuff Trim
Fra:1 Mem:15.07M (Peak 15.07M) | Time:00:00.00 | Mem:0.00M, Peak:0.00M | Scene, ViewLayer | Synchronizing object | Shield Inlay
Fra:1 Mem:15.10M (Peak 15.10M) | Time:00:00.00 | Mem:0.00M, Peak:0.00M | Scene, ViewLayer | Synchronizing object | Helmet Cheek Guard.001
Fra:1 Mem:15.14M (Peak 15.14M) | Time:00:00.00 | Mem:0.00M, Peak:0.00M | Scene, ViewLayer | Synchronizing object | Shield Inlay.001
Fra:1 Mem:15.14M (Peak 15.14M) | Time:00:00.00 | Mem:0.00M, Peak:0.00M | Scene, ViewLayer | Synchronizing object | Helmet Cheek Guard
Fra:1 Mem:15.20M (Peak 15.20M) | Time:00:00.00 | Mem:0.00M, Peak:0.00M | Scene, ViewLayer | Synchronizing object | Pauldrons.001
Fra:1 Mem:15.20M (Peak 15.20M) | Time:00:00.00 | Mem:0.00M, Peak:0.00M | Scene, ViewLayer | Synchronizing object | Nose
Fra:1 Mem:15.28M (Peak 15.28M) | Time:00:00.00 | Mem:0.00M, Peak:0.00M | Scene, ViewLayer | Synchronizing object | Sleeve.001
Fra:1 Mem:15.31M (Peak 15.31M) | Time:00:00.00 | Mem:0.00M, Peak:0.00M | Scene, ViewLayer | Synchronizing object | Glove.001
Fra:1 Mem:15.38M (Peak 15.38M) | Time:00:00.00 | Mem:0.00M, Peak:0.00M | Scene, ViewLayer | Synchronizing object | Forearm Bracer.001
Fra:1 Mem:15.42M (Peak 15.42M) | Time:00:00.00 | Mem:0.00M, Peak:0.00M | Scene, ViewLayer | Synchronizing object | Hair Side Lock.001
Fra:1 Mem:15.43M (Peak 15.43M) | Time:00:00.00 | Mem:0.00M, Peak:0.00M | Scene, ViewLayer | Synchronizing object | Cuff Trim.001
Fra:1 Mem:15.47M (Peak 15.47M) | Time:00:00.00 | Mem:0.00M, Peak:0.00M | Scene, ViewLayer | Synchronizing object | Wrapped Hilt
Fra:1 Mem:15.47M (Peak 15.47M) | Time:00:00.00 | Mem:0.00M, Peak:0.00M | Scene, ViewLayer | Synchronizing object | Gold Pommel
Fra:1 Mem:15.51M (Peak 15.51M) | Time:00:00.00 | Mem:0.00M, Peak:0.00M | Scene, ViewLayer | Synchronizing object | Ear
Fra:1 Mem:15.52M (Peak 15.52M) | Time:00:00.00 | Mem:0.00M, Peak:0.00M | Scene, ViewLayer | Synchronizing object | Crossguard
Fra:1 Mem:15.57M (Peak 15.57M) | Time:00:00.00 | Mem:0.00M, Peak:0.00M | Scene, ViewLayer | Synchronizing object | Forged Sword
Fra:1 Mem:15.58M (Peak 15.58M) | Time:00:00.00 | Mem:0.00M, Peak:0.00M | Scene, ViewLayer | Synchronizing object | Blade Fuller
Fra:1 Mem:15.58M (Peak 15.58M) | Time:00:00.00 | Mem:0.00M, Peak:0.00M | Scene, ViewLayer | Synchronizing object | Hair Side Lock
Fra:1 Mem:15.60M (Peak 15.60M) | Time:00:00.00 | Mem:0.00M, Peak:0.00M | Scene, ViewLayer | Synchronizing object | Tailored Cloak
Fra:1 Mem:15.67M (Peak 15.67M) | Time:00:00.00 | Mem:0.00M, Peak:0.00M | Scene, ViewLayer | Synchronizing object | Collar
Fra:1 Mem:15.67M (Peak 15.67M) | Time:00:00.00 | Mem:0.00M, Peak:0.00M | Scene, ViewLayer | Synchronizing object | Nose Guard
Fra:1 Mem:15.71M (Peak 15.71M) | Time:00:00.00 | Mem:0.00M, Peak:0.00M | Scene, ViewLayer | Synchronizing object | Cuirass
Fra:1 Mem:15.72M (Peak 15.72M) | Time:00:00.00 | Mem:0.00M, Peak:0.00M | Scene, ViewLayer | Synchronizing object | Overlapping Armor
Fra:1 Mem:15.76M (Peak 15.76M) | Time:00:00.00 | Mem:0.00M, Peak:0.00M | Scene, ViewLayer | Synchronizing object | Helmet Crest
Fra:1 Mem:15.80M (Peak 15.80M) | Time:00:00.00 | Mem:0.00M, Peak:0.00M | Scene, ViewLayer | Synchronizing object | Overlapping Armor.001
Fra:1 Mem:15.81M (Peak 15.81M) | Time:00:00.00 | Mem:0.00M, Peak:0.00M | Scene, ViewLayer | Synchronizing object | Overlapping Armor.002
Fra:1 Mem:15.85M (Peak 15.85M) | Time:00:00.00 | Mem:0.00M, Peak:0.00M | Scene, ViewLayer | Synchronizing object | Helmet
Fra:1 Mem:15.89M (Peak 15.89M) | Time:00:00.00 | Mem:0.00M, Peak:0.00M | Scene, ViewLayer | Synchronizing object | Eyes R
Fra:1 Mem:15.89M (Peak 15.89M) | Time:00:00.00 | Mem:0.00M, Peak:0.00M | Scene, ViewLayer | Synchronizing object | Chest Crest
Fra:1 Mem:15.97M (Peak 15.97M) | Time:00:00.00 | Mem:0.00M, Peak:0.00M | Scene, ViewLayer | Synchronizing object | Armor Tasset
Fra:1 Mem:15.97M (Peak 15.97M) | Time:00:00.00 | Mem:0.00M, Peak:0.00M | Scene, ViewLayer | Synchronizing object | Armor Tasset.001
Fra:1 Mem:16.06M (Peak 16.06M) | Time:00:00.00 | Mem:0.00M, Peak:0.00M | Scene, ViewLayer | Synchronizing object | Head
Fra:1 Mem:16.10M (Peak 16.10M) | Time:00:00.00 | Mem:0.00M, Peak:0.00M | Scene, ViewLayer | Initializing
Fra:1 Mem:14.29M (Peak 16.10M) | Time:00:00.00 | Mem:0.00M, Peak:0.00M | Scene, ViewLayer | Waiting for render to start
Fra:1 Mem:14.29M (Peak 16.10M) | Time:00:00.00 | Mem:0.00M, Peak:0.00M | Scene, ViewLayer | Loading render kernels (may take a few minutes the first time)
Fra:1 Mem:14.29M (Peak 16.10M) | Time:00:00.00 | Mem:0.00M, Peak:0.00M | Scene, ViewLayer | Updating Scene
Fra:1 Mem:14.29M (Peak 16.10M) | Time:00:00.00 | Mem:0.00M, Peak:0.00M | Scene, ViewLayer | Updating Shaders
Fra:1 Mem:14.37M (Peak 16.10M) | Time:00:00.00 | Mem:0.00M, Peak:0.00M | Scene, ViewLayer | Updating Procedurals
Fra:1 Mem:14.37M (Peak 16.10M) | Time:00:00.00 | Mem:0.00M, Peak:0.00M | Scene, ViewLayer | Updating Background
Fra:1 Mem:14.37M (Peak 16.10M) | Time:00:00.00 | Mem:0.00M, Peak:0.00M | Scene, ViewLayer | Updating Camera
Fra:1 Mem:14.37M (Peak 16.10M) | Time:00:00.00 | Mem:0.00M, Peak:0.00M | Scene, ViewLayer | Updating Meshes Flags
Fra:1 Mem:14.37M (Peak 16.10M) | Time:00:00.00 | Mem:0.00M, Peak:0.00M | Scene, ViewLayer | Updating Objects
Fra:1 Mem:14.37M (Peak 16.10M) | Time:00:00.00 | Mem:0.00M, Peak:0.00M | Scene, ViewLayer | Updating Objects | Copying Transformations to device
Fra:1 Mem:14.38M (Peak 16.10M) | Time:00:00.00 | Mem:0.01M, Peak:0.01M | Scene, ViewLayer | Updating Objects | Applying Static Transformations
Fra:1 Mem:14.38M (Peak 16.10M) | Time:00:00.00 | Mem:0.01M, Peak:0.01M | Scene, ViewLayer | Updating Particle Systems
Fra:1 Mem:14.38M (Peak 16.10M) | Time:00:00.00 | Mem:0.01M, Peak:0.01M | Scene, ViewLayer | Updating Particle Systems | Copying Particles to device
Fra:1 Mem:14.38M (Peak 16.10M) | Time:00:00.00 | Mem:0.01M, Peak:0.01M | Scene, ViewLayer | Updating Meshes
Fra:1 Mem:14.61M (Peak 16.10M) | Time:00:00.00 | Mem:0.01M, Peak:0.01M | Scene, ViewLayer | Updating Mesh | Computing attributes
Fra:1 Mem:14.75M (Peak 16.10M) | Time:00:00.00 | Mem:0.02M, Peak:0.02M | Scene, ViewLayer | Updating Mesh | Copying Attributes to device
Fra:1 Mem:14.74M (Peak 16.10M) | Time:00:00.00 | Mem:0.15M, Peak:0.15M | Scene, ViewLayer | Updating Scene BVH | Building
Fra:1 Mem:14.74M (Peak 16.10M) | Time:00:00.00 | Mem:0.15M, Peak:0.15M | Scene, ViewLayer | Updating Scene BVH | Building BVH
Fra:1 Mem:14.74M (Peak 16.10M) | Time:00:00.00 | Mem:0.60M, Peak:0.60M | Scene, ViewLayer | Updating Scene BVH | Building BVH 0%
Fra:1 Mem:14.74M (Peak 16.10M) | Time:00:00.01 | Mem:1.10M, Peak:1.56M | Scene, ViewLayer | Updating Scene BVH | Copying BVH to device
Fra:1 Mem:14.74M (Peak 16.10M) | Time:00:00.01 | Mem:1.10M, Peak:1.56M | Scene, ViewLayer | Updating Mesh | Computing normals
Fra:1 Mem:15.37M (Peak 16.10M) | Time:00:00.01 | Mem:1.10M, Peak:1.56M | Scene, ViewLayer | Updating Mesh | Copying Mesh to device
Fra:1 Mem:15.37M (Peak 16.10M) | Time:00:00.01 | Mem:1.73M, Peak:1.73M | Scene, ViewLayer | Updating Objects Flags
Fra:1 Mem:15.37M (Peak 16.10M) | Time:00:00.01 | Mem:1.73M, Peak:1.73M | Scene, ViewLayer | Updating Primitive Offsets
Fra:1 Mem:15.37M (Peak 16.10M) | Time:00:00.01 | Mem:1.73M, Peak:1.73M | Scene, ViewLayer | Updating Images
Fra:1 Mem:15.37M (Peak 16.10M) | Time:00:00.01 | Mem:1.73M, Peak:1.73M | Scene, ViewLayer | Updating Camera Volume
Fra:1 Mem:15.37M (Peak 16.10M) | Time:00:00.01 | Mem:1.73M, Peak:1.73M | Scene, ViewLayer | Updating Lookup Tables
Fra:1 Mem:15.37M (Peak 16.10M) | Time:00:00.01 | Mem:1.81M, Peak:1.81M | Scene, ViewLayer | Updating Lights
Fra:1 Mem:15.37M (Peak 16.10M) | Time:00:00.01 | Mem:1.81M, Peak:1.81M | Scene, ViewLayer | Updating Lights | Computing tree
Fra:1 Mem:15.37M (Peak 16.10M) | Time:00:00.01 | Mem:1.81M, Peak:1.81M | Scene, ViewLayer | Updating Integrator
Fra:1 Mem:15.37M (Peak 16.10M) | Time:00:00.01 | Mem:1.81M, Peak:1.81M | Scene, ViewLayer | Updating Film
Fra:1 Mem:15.37M (Peak 16.10M) | Time:00:00.01 | Mem:1.73M, Peak:1.81M | Scene, ViewLayer | Updating Lookup Tables
Fra:1 Mem:15.37M (Peak 16.10M) | Time:00:00.01 | Mem:1.81M, Peak:1.81M | Scene, ViewLayer | Updating Baking
Fra:1 Mem:15.37M (Peak 16.10M) | Time:00:00.01 | Mem:1.81M, Peak:1.81M | Scene, ViewLayer | Updating Device | Writing constant memory
Fra:1 Mem:15.38M (Peak 16.10M) | Time:00:00.01 | Mem:1.81M, Peak:1.81M | Scene, ViewLayer | Sample 0/48
Fra:1 Mem:27.07M (Peak 27.07M) | Time:00:00.19 | Remaining:00:08.47 | Mem:13.49M, Peak:13.49M | Scene, ViewLayer | Sample 1/48
Fra:1 Mem:32.26M (Peak 42.64M) | Time:00:08.29 | Mem:13.49M, Peak:13.49M | Scene, ViewLayer | Sample 48/48
Fra:1 Mem:32.26M (Peak 42.64M) | Time:00:08.29 | Mem:13.49M, Peak:13.49M | Scene, ViewLayer | Finished
Saved: 'ArtSource/ActorModules/EnabledReview/Constructions/h0-t-1-w0.png'
Time: 00:08.44 (Saving: 00:00.15)

Fra:1 Mem:14.25M (Peak 14.25M) | Time:00:00.00 | Mem:0.00M, Peak:0.00M | Scene, ViewLayer | Synchronizing object | Plane
Fra:1 Mem:14.25M (Peak 14.25M) | Time:00:00.00 | Mem:0.00M, Peak:0.00M | Scene, ViewLayer | Synchronizing object | Breastplate
Fra:1 Mem:14.26M (Peak 14.26M) | Time:00:00.00 | Mem:0.00M, Peak:0.00M | Scene, ViewLayer | Synchronizing object | Belt
Fra:1 Mem:14.32M (Peak 14.32M) | Time:00:00.00 | Mem:0.00M, Peak:0.00M | Scene, ViewLayer | Synchronizing object | Buckle
Fra:1 Mem:14.34M (Peak 14.34M) | Time:00:00.00 | Mem:0.00M, Peak:0.00M | Scene, ViewLayer | Synchronizing object | Sleeve
Fra:1 Mem:14.37M (Peak 14.37M) | Time:00:00.00 | Mem:0.00M, Peak:0.00M | Scene, ViewLayer | Synchronizing object | Knee Guard.001
Fra:1 Mem:14.41M (Peak 14.41M) | Time:00:00.00 | Mem:0.00M, Peak:0.00M | Scene, ViewLayer | Synchronizing object | Glove
Fra:1 Mem:14.45M (Peak 14.45M) | Time:00:00.00 | Mem:0.00M, Peak:0.00M | Scene, ViewLayer | Synchronizing object | Round Shield
Fra:1 Mem:14.47M (Peak 14.47M) | Time:00:00.00 | Mem:0.00M, Peak:0.00M | Scene, ViewLayer | Synchronizing object | Shield Boss
Fra:1 Mem:14.47M (Peak 14.47M) | Time:00:00.00 | Mem:0.00M, Peak:0.00M | Scene, ViewLayer | Synchronizing object | Forearm Bracer
Fra:1 Mem:14.53M (Peak 14.53M) | Time:00:00.00 | Mem:0.00M, Peak:0.00M | Scene, ViewLayer | Synchronizing object | Shin Guard.001
Fra:1 Mem:14.56M (Peak 14.56M) | Time:00:00.00 | Mem:0.00M, Peak:0.00M | Scene, ViewLayer | Synchronizing object | Cuff Trim
Fra:1 Mem:14.58M (Peak 14.58M) | Time:00:00.00 | Mem:0.00M, Peak:0.00M | Scene, ViewLayer | Synchronizing object | Shield Inlay
Fra:1 Mem:14.60M (Peak 14.60M) | Time:00:00.00 | Mem:0.00M, Peak:0.00M | Scene, ViewLayer | Synchronizing object | Shield Inlay.001
Fra:1 Mem:14.63M (Peak 14.63M) | Time:00:00.00 | Mem:0.00M, Peak:0.00M | Scene, ViewLayer | Synchronizing object | Boot.001
Fra:1 Mem:14.67M (Peak 14.67M) | Time:00:00.00 | Mem:0.00M, Peak:0.00M | Scene, ViewLayer | Synchronizing object | Shoulder shell
Fra:1 Mem:14.67M (Peak 14.67M) | Time:00:00.00 | Mem:0.00M, Peak:0.00M | Scene, ViewLayer | Synchronizing object | Trouser.001
Fra:1 Mem:14.71M (Peak 14.71M) | Time:00:00.00 | Mem:0.00M, Peak:0.00M | Scene, ViewLayer | Synchronizing object | Sleeve.001
Fra:1 Mem:14.76M (Peak 14.76M) | Time:00:00.00 | Mem:0.00M, Peak:0.00M | Scene, ViewLayer | Synchronizing object | Glove.001
Fra:1 Mem:14.79M (Peak 14.79M) | Time:00:00.00 | Mem:0.00M, Peak:0.00M | Scene, ViewLayer | Synchronizing object | Knee Guard
Fra:1 Mem:14.82M (Peak 14.82M) | Time:00:00.00 | Mem:0.00M, Peak:0.00M | Scene, ViewLayer | Synchronizing object | Forearm Bracer.001
Fra:1 Mem:14.86M (Peak 14.86M) | Time:00:00.00 | Mem:0.00M, Peak:0.00M | Scene, ViewLayer | Synchronizing object | Cuff Trim.001
Fra:1 Mem:14.88M (Peak 14.88M) | Time:00:00.00 | Mem:0.00M, Peak:0.00M | Scene, ViewLayer | Synchronizing object | Shin Guard
Fra:1 Mem:14.90M (Peak 14.90M) | Time:00:00.00 | Mem:0.00M, Peak:0.00M | Scene, ViewLayer | Synchronizing object | Wrapped grip
Fra:1 Mem:14.93M (Peak 14.93M) | Time:00:00.00 | Mem:0.00M, Peak:0.00M | Scene, ViewLayer | Synchronizing object | Faceted pommel
Fra:1 Mem:14.93M (Peak 14.93M) | Time:00:00.00 | Mem:0.00M, Peak:0.00M | Scene, ViewLayer | Synchronizing object | Swept guard
Fra:1 Mem:14.99M (Peak 14.99M) | Time:00:00.00 | Mem:0.00M, Peak:0.00M | Scene, ViewLayer | Synchronizing object | Boot
Fra:1 Mem:14.98M (Peak 14.99M) | Time:00:00.00 | Mem:0.00M, Peak:0.00M | Scene, ViewLayer | Synchronizing object | Tiered blade
Fra:1 Mem:15.01M (Peak 15.01M) | Time:00:00.00 | Mem:0.00M, Peak:0.00M | Scene, ViewLayer | Synchronizing object | Blade spine
Fra:1 Mem:15.01M (Peak 15.01M) | Time:00:00.00 | Mem:0.00M, Peak:0.00M | Scene, ViewLayer | Synchronizing object | Trouser
Fra:1 Mem:15.09M (Peak 15.09M) | Time:00:00.00 | Mem:0.00M, Peak:0.00M | Scene, ViewLayer | Synchronizing object | Tailored Cloak
Fra:1 Mem:15.11M (Peak 15.11M) | Time:00:00.00 | Mem:0.00M, Peak:0.00M | Scene, ViewLayer | Synchronizing object | Collar
Fra:1 Mem:15.13M (Peak 15.13M) | Time:00:00.00 | Mem:0.00M, Peak:0.00M | Scene, ViewLayer | Synchronizing object | Head
Fra:1 Mem:15.14M (Peak 15.14M) | Time:00:00.00 | Mem:0.00M, Peak:0.00M | Scene, ViewLayer | Synchronizing object | Eyes L
Fra:1 Mem:15.15M (Peak 15.15M) | Time:00:00.00 | Mem:0.00M, Peak:0.00M | Scene, ViewLayer | Synchronizing object | Waist plate
Fra:1 Mem:15.22M (Peak 15.22M) | Time:00:00.00 | Mem:0.00M, Peak:0.00M | Scene, ViewLayer | Synchronizing object | Eyes R
Fra:1 Mem:15.24M (Peak 15.24M) | Time:00:00.00 | Mem:0.00M, Peak:0.00M | Scene, ViewLayer | Synchronizing object | Central crest
Fra:1 Mem:15.25M (Peak 15.25M) | Time:00:00.00 | Mem:0.00M, Peak:0.00M | Scene, ViewLayer | Synchronizing object | Helmet
Fra:1 Mem:15.32M (Peak 15.32M) | Time:00:00.00 | Mem:0.00M, Peak:0.00M | Scene, ViewLayer | Synchronizing object | Helmet Crest
Fra:1 Mem:15.32M (Peak 15.32M) | Time:00:00.00 | Mem:0.00M, Peak:0.00M | Scene, ViewLayer | Synchronizing object | Raised breastplate
Fra:1 Mem:15.39M (Peak 15.39M) | Time:00:00.00 | Mem:0.00M, Peak:0.00M | Scene, ViewLayer | Synchronizing object | Helmet Cheek Guard.001
Fra:1 Mem:15.42M (Peak 15.42M) | Time:00:00.00 | Mem:0.00M, Peak:0.00M | Scene, ViewLayer | Synchronizing object | Hair Side Lock
Fra:1 Mem:15.45M (Peak 15.45M) | Time:00:00.00 | Mem:0.00M, Peak:0.00M | Scene, ViewLayer | Synchronizing object | Ear
Fra:1 Mem:15.48M (Peak 15.48M) | Time:00:00.00 | Mem:0.00M, Peak:0.00M | Scene, ViewLayer | Synchronizing object | Helmet Cheek Guard
Fra:1 Mem:15.52M (Peak 15.52M) | Time:00:00.00 | Mem:0.00M, Peak:0.00M | Scene, ViewLayer | Synchronizing object | Hair Side Lock.001
Fra:1 Mem:15.56M (Peak 15.56M) | Time:00:00.00 | Mem:0.00M, Peak:0.00M | Scene, ViewLayer | Synchronizing object | Ear.001
Fra:1 Mem:15.57M (Peak 15.57M) | Time:00:00.00 | Mem:0.00M, Peak:0.00M | Scene, ViewLayer | Synchronizing object | Nose
Fra:1 Mem:15.64M (Peak 15.64M) | Time:00:00.00 | Mem:0.00M, Peak:0.00M | Scene, ViewLayer | Initializing
Fra:1 Mem:13.95M (Peak 15.64M) | Time:00:00.00 | Mem:0.00M, Peak:0.00M | Scene, ViewLayer | Waiting for render to start
Fra:1 Mem:13.95M (Peak 15.64M) | Time:00:00.00 | Mem:0.00M, Peak:0.00M | Scene, ViewLayer | Loading render kernels (may take a few minutes the first time)
Fra:1 Mem:13.95M (Peak 15.64M) | Time:00:00.00 | Mem:0.00M, Peak:0.00M | Scene, ViewLayer | Updating Scene
Fra:1 Mem:13.95M (Peak 15.64M) | Time:00:00.00 | Mem:0.00M, Peak:0.00M | Scene, ViewLayer | Updating Shaders
Fra:1 Mem:14.03M (Peak 15.64M) | Time:00:00.00 | Mem:0.00M, Peak:0.00M | Scene, ViewLayer | Updating Procedurals
Fra:1 Mem:14.03M (Peak 15.64M) | Time:00:00.00 | Mem:0.00M, Peak:0.00M | Scene, ViewLayer | Updating Background
Fra:1 Mem:14.03M (Peak 15.64M) | Time:00:00.00 | Mem:0.00M, Peak:0.00M | Scene, ViewLayer | Updating Camera
Fra:1 Mem:14.03M (Peak 15.64M) | Time:00:00.00 | Mem:0.00M, Peak:0.00M | Scene, ViewLayer | Updating Meshes Flags
Fra:1 Mem:14.03M (Peak 15.64M) | Time:00:00.00 | Mem:0.00M, Peak:0.00M | Scene, ViewLayer | Updating Objects
Fra:1 Mem:14.03M (Peak 15.64M) | Time:00:00.00 | Mem:0.00M, Peak:0.00M | Scene, ViewLayer | Updating Objects | Copying Transformations to device
Fra:1 Mem:14.04M (Peak 15.64M) | Time:00:00.00 | Mem:0.01M, Peak:0.01M | Scene, ViewLayer | Updating Objects | Applying Static Transformations
Fra:1 Mem:14.04M (Peak 15.64M) | Time:00:00.00 | Mem:0.01M, Peak:0.01M | Scene, ViewLayer | Updating Particle Systems
Fra:1 Mem:14.04M (Peak 15.64M) | Time:00:00.00 | Mem:0.01M, Peak:0.01M | Scene, ViewLayer | Updating Particle Systems | Copying Particles to device
Fra:1 Mem:14.04M (Peak 15.64M) | Time:00:00.00 | Mem:0.01M, Peak:0.01M | Scene, ViewLayer | Updating Meshes
Fra:1 Mem:14.25M (Peak 15.64M) | Time:00:00.00 | Mem:0.01M, Peak:0.01M | Scene, ViewLayer | Updating Mesh | Computing attributes
Fra:1 Mem:14.38M (Peak 15.64M) | Time:00:00.00 | Mem:0.02M, Peak:0.02M | Scene, ViewLayer | Updating Mesh | Copying Attributes to device
Fra:1 Mem:14.37M (Peak 15.64M) | Time:00:00.00 | Mem:0.13M, Peak:0.13M | Scene, ViewLayer | Updating Scene BVH | Building
Fra:1 Mem:14.37M (Peak 15.64M) | Time:00:00.00 | Mem:0.13M, Peak:0.13M | Scene, ViewLayer | Updating Scene BVH | Building BVH
Fra:1 Mem:14.37M (Peak 15.64M) | Time:00:00.00 | Mem:0.55M, Peak:0.55M | Scene, ViewLayer | Updating Scene BVH | Building BVH 0%
Fra:1 Mem:14.37M (Peak 15.64M) | Time:00:00.00 | Mem:1.00M, Peak:1.41M | Scene, ViewLayer | Updating Scene BVH | Copying BVH to device
Fra:1 Mem:14.37M (Peak 15.64M) | Time:00:00.00 | Mem:1.00M, Peak:1.41M | Scene, ViewLayer | Updating Mesh | Computing normals
Fra:1 Mem:14.95M (Peak 15.64M) | Time:00:00.00 | Mem:1.00M, Peak:1.41M | Scene, ViewLayer | Updating Mesh | Copying Mesh to device
Fra:1 Mem:14.95M (Peak 15.64M) | Time:00:00.00 | Mem:1.57M, Peak:1.57M | Scene, ViewLayer | Updating Objects Flags
Fra:1 Mem:14.95M (Peak 15.64M) | Time:00:00.00 | Mem:1.57M, Peak:1.57M | Scene, ViewLayer | Updating Primitive Offsets
Fra:1 Mem:14.95M (Peak 15.64M) | Time:00:00.00 | Mem:1.58M, Peak:1.58M | Scene, ViewLayer | Updating Images
Fra:1 Mem:14.95M (Peak 15.64M) | Time:00:00.00 | Mem:1.58M, Peak:1.58M | Scene, ViewLayer | Updating Camera Volume
Fra:1 Mem:14.95M (Peak 15.64M) | Time:00:00.00 | Mem:1.58M, Peak:1.58M | Scene, ViewLayer | Updating Lookup Tables
Fra:1 Mem:14.95M (Peak 15.64M) | Time:00:00.00 | Mem:1.66M, Peak:1.66M | Scene, ViewLayer | Updating Lights
Fra:1 Mem:14.95M (Peak 15.64M) | Time:00:00.00 | Mem:1.66M, Peak:1.66M | Scene, ViewLayer | Updating Lights | Computing tree
Fra:1 Mem:14.95M (Peak 15.64M) | Time:00:00.00 | Mem:1.66M, Peak:1.66M | Scene, ViewLayer | Updating Integrator
Fra:1 Mem:14.95M (Peak 15.64M) | Time:00:00.00 | Mem:1.66M, Peak:1.66M | Scene, ViewLayer | Updating Film
Fra:1 Mem:14.95M (Peak 15.64M) | Time:00:00.00 | Mem:1.58M, Peak:1.66M | Scene, ViewLayer | Updating Lookup Tables
Fra:1 Mem:14.95M (Peak 15.64M) | Time:00:00.00 | Mem:1.66M, Peak:1.66M | Scene, ViewLayer | Updating Baking
Fra:1 Mem:14.95M (Peak 15.64M) | Time:00:00.00 | Mem:1.66M, Peak:1.66M | Scene, ViewLayer | Updating Device | Writing constant memory
Fra:1 Mem:14.95M (Peak 15.64M) | Time:00:00.00 | Mem:1.66M, Peak:1.66M | Scene, ViewLayer | Sample 0/48
Fra:1 Mem:26.65M (Peak 26.65M) | Time:00:00.18 | Remaining:00:08.21 | Mem:13.34M, Peak:13.34M | Scene, ViewLayer | Sample 1/48
Fra:1 Mem:31.84M (Peak 42.22M) | Time:00:07.63 | Mem:13.34M, Peak:13.34M | Scene, ViewLayer | Sample 48/48
Fra:1 Mem:31.84M (Peak 42.22M) | Time:00:07.63 | Mem:13.34M, Peak:13.34M | Scene, ViewLayer | Finished
Saved: 'ArtSource/ActorModules/EnabledReview/Constructions/h0-t0-w0.png'
Time: 00:07.71 (Saving: 00:00.06)

Fra:1 Mem:14.26M (Peak 14.26M) | Time:00:00.00 | Mem:0.00M, Peak:0.00M | Scene, ViewLayer | Synchronizing object | Plane
Fra:1 Mem:14.27M (Peak 14.27M) | Time:00:00.00 | Mem:0.00M, Peak:0.00M | Scene, ViewLayer | Synchronizing object | Breastplate
Fra:1 Mem:14.31M (Peak 14.31M) | Time:00:00.00 | Mem:0.00M, Peak:0.00M | Scene, ViewLayer | Synchronizing object | Belt
Fra:1 Mem:14.34M (Peak 14.34M) | Time:00:00.00 | Mem:0.00M, Peak:0.00M | Scene, ViewLayer | Synchronizing object | Buckle
Fra:1 Mem:14.37M (Peak 14.37M) | Time:00:00.00 | Mem:0.00M, Peak:0.00M | Scene, ViewLayer | Synchronizing object | Sleeve
Fra:1 Mem:14.39M (Peak 14.39M) | Time:00:00.00 | Mem:0.00M, Peak:0.00M | Scene, ViewLayer | Synchronizing object | Knee Guard.001
Fra:1 Mem:14.44M (Peak 14.44M) | Time:00:00.00 | Mem:0.00M, Peak:0.00M | Scene, ViewLayer | Synchronizing object | Glove
Fra:1 Mem:14.48M (Peak 14.48M) | Time:00:00.00 | Mem:0.00M, Peak:0.00M | Scene, ViewLayer | Synchronizing object | Shin Guard.001
Fra:1 Mem:14.51M (Peak 14.51M) | Time:00:00.00 | Mem:0.00M, Peak:0.00M | Scene, ViewLayer | Synchronizing object | Orb
Fra:1 Mem:14.55M (Peak 14.55M) | Time:00:00.00 | Mem:0.00M, Peak:0.00M | Scene, ViewLayer | Synchronizing object | Boot.001
Fra:1 Mem:14.57M (Peak 14.57M) | Time:00:00.00 | Mem:0.00M, Peak:0.00M | Scene, ViewLayer | Synchronizing object | Forearm Bracer
Fra:1 Mem:14.59M (Peak 14.59M) | Time:00:00.00 | Mem:0.00M, Peak:0.00M | Scene, ViewLayer | Synchronizing object | Trouser.001
Fra:1 Mem:14.64M (Peak 14.64M) | Time:00:00.00 | Mem:0.00M, Peak:0.00M | Scene, ViewLayer | Synchronizing object | Cuff Trim
Fra:1 Mem:14.65M (Peak 14.65M) | Time:00:00.00 | Mem:0.00M, Peak:0.00M | Scene, ViewLayer | Synchronizing object | Knee Guard
Fra:1 Mem:14.67M (Peak 14.67M) | Time:00:00.00 | Mem:0.00M, Peak:0.00M | Scene, ViewLayer | Synchronizing object | Sleeve.001
Fra:1 Mem:14.73M (Peak 14.73M) | Time:00:00.00 | Mem:0.00M, Peak:0.00M | Scene, ViewLayer | Synchronizing object | Shin Guard
Fra:1 Mem:14.75M (Peak 14.75M) | Time:00:00.00 | Mem:0.00M, Peak:0.00M | Scene, ViewLayer | Synchronizing object | Glove.001
Fra:1 Mem:14.80M (Peak 14.80M) | Time:00:00.00 | Mem:0.00M, Peak:0.00M | Scene, ViewLayer | Synchronizing object | Boot
Fra:1 Mem:14.80M (Peak 14.80M) | Time:00:00.00 | Mem:0.00M, Peak:0.00M | Scene, ViewLayer | Synchronizing object | Forearm Bracer.001
Fra:1 Mem:14.85M (Peak 14.85M) | Time:00:00.00 | Mem:0.00M, Peak:0.00M | Scene, ViewLayer | Synchronizing object | Trouser
Fra:1 Mem:14.89M (Peak 14.89M) | Time:00:00.00 | Mem:0.00M, Peak:0.00M | Scene, ViewLayer | Synchronizing object | Cuff Trim.001
Fra:1 Mem:14.90M (Peak 14.90M) | Time:00:00.00 | Mem:0.00M, Peak:0.00M | Scene, ViewLayer | Synchronizing object | Staff
Fra:1 Mem:14.90M (Peak 14.90M) | Time:00:00.00 | Mem:0.00M, Peak:0.00M | Scene, ViewLayer | Synchronizing object | Staff Gold
Fra:1 Mem:14.96M (Peak 14.96M) | Time:00:00.00 | Mem:0.00M, Peak:0.00M | Scene, ViewLayer | Synchronizing object | Long robe front panel
Fra:1 Mem:14.99M (Peak 14.99M) | Time:00:00.00 | Mem:0.00M, Peak:0.00M | Scene, ViewLayer | Synchronizing object | Arcane Crystal
Fra:1 Mem:15.02M (Peak 15.02M) | Time:00:00.00 | Mem:0.00M, Peak:0.00M | Scene, ViewLayer | Synchronizing object | Scholar rear high collar.001
Fra:1 Mem:15.05M (Peak 15.05M) | Time:00:00.00 | Mem:0.00M, Peak:0.00M | Scene, ViewLayer | Synchronizing object | Staff Crystal Crown
Fra:1 Mem:15.07M (Peak 15.07M) | Time:00:00.00 | Mem:0.00M, Peak:0.00M | Scene, ViewLayer | Synchronizing object | Staff Crystal Crown.001
Fra:1 Mem:15.08M (Peak 15.08M) | Time:00:00.00 | Mem:0.00M, Peak:0.00M | Scene, ViewLayer | Synchronizing object | Scholar rear high collar
Fra:1 Mem:15.10M (Peak 15.10M) | Time:00:00.00 | Mem:0.00M, Peak:0.00M | Scene, ViewLayer | Synchronizing object | Tailored Cloak
Fra:1 Mem:15.12M (Peak 15.12M) | Time:00:00.00 | Mem:0.00M, Peak:0.00M | Scene, ViewLayer | Synchronizing object | Collar
Fra:1 Mem:15.13M (Peak 15.13M) | Time:00:00.00 | Mem:0.00M, Peak:0.00M | Scene, ViewLayer | Synchronizing object | Pointed Wizard Hat
Fra:1 Mem:15.14M (Peak 15.14M) | Time:00:00.00 | Mem:0.00M, Peak:0.00M | Scene, ViewLayer | Synchronizing object | Layered Robe
Fra:1 Mem:15.15M (Peak 15.15M) | Time:00:00.00 | Mem:0.00M, Peak:0.00M | Scene, ViewLayer | Synchronizing object | Nose
Fra:1 Mem:15.17M (Peak 15.17M) | Time:00:00.00 | Mem:0.00M, Peak:0.00M | Scene, ViewLayer | Synchronizing object | Embroidered Stole
Fra:1 Mem:15.21M (Peak 15.21M) | Time:00:00.00 | Mem:0.00M, Peak:0.00M | Scene, ViewLayer | Synchronizing object | Ear.001
Fra:1 Mem:15.22M (Peak 15.22M) | Time:00:00.00 | Mem:0.00M, Peak:0.00M | Scene, ViewLayer | Synchronizing object | Robe Hem
Fra:1 Mem:15.28M (Peak 15.28M) | Time:00:00.00 | Mem:0.00M, Peak:0.00M | Scene, ViewLayer | Synchronizing object | Embroidered Stole.001
Fra:1 Mem:15.29M (Peak 15.29M) | Time:00:00.00 | Mem:0.00M, Peak:0.00M | Scene, ViewLayer | Synchronizing object | Hair Side Lock.001
Fra:1 Mem:15.34M (Peak 15.34M) | Time:00:00.00 | Mem:0.00M, Peak:0.00M | Scene, ViewLayer | Synchronizing object | Robe Hem.001
Fra:1 Mem:15.37M (Peak 15.37M) | Time:00:00.00 | Mem:0.00M, Peak:0.00M | Scene, ViewLayer | Synchronizing object | Ear
Fra:1 Mem:15.42M (Peak 15.42M) | Time:00:00.00 | Mem:0.00M, Peak:0.00M | Scene, ViewLayer | Synchronizing object | Arcane Brooch
Fra:1 Mem:15.45M (Peak 15.45M) | Time:00:00.00 | Mem:0.00M, Peak:0.00M | Scene, ViewLayer | Synchronizing object | Hair Side Lock
Fra:1 Mem:15.49M (Peak 15.49M) | Time:00:00.00 | Mem:0.00M, Peak:0.00M | Scene, ViewLayer | Synchronizing object | Head
Fra:1 Mem:15.52M (Peak 15.52M) | Time:00:00.00 | Mem:0.00M, Peak:0.00M | Scene, ViewLayer | Synchronizing object | Hat Gem
Fra:1 Mem:15.56M (Peak 15.56M) | Time:00:00.00 | Mem:0.00M, Peak:0.00M | Scene, ViewLayer | Synchronizing object | Eyes L
Fra:1 Mem:15.59M (Peak 15.59M) | Time:00:00.00 | Mem:0.00M, Peak:0.00M | Scene, ViewLayer | Synchronizing object | Hat Brim
Fra:1 Mem:15.61M (Peak 15.61M) | Time:00:00.00 | Mem:0.00M, Peak:0.00M | Scene, ViewLayer | Synchronizing object | Eyes R
Fra:1 Mem:15.64M (Peak 15.64M) | Time:00:00.00 | Mem:0.00M, Peak:0.00M | Scene, ViewLayer | Initializing
Fra:1 Mem:13.95M (Peak 15.64M) | Time:00:00.00 | Mem:0.00M, Peak:0.00M | Scene, ViewLayer | Waiting for render to start
Fra:1 Mem:13.95M (Peak 15.64M) | Time:00:00.00 | Mem:0.00M, Peak:0.00M | Scene, ViewLayer | Loading render kernels (may take a few minutes the first time)
Fra:1 Mem:13.95M (Peak 15.64M) | Time:00:00.00 | Mem:0.00M, Peak:0.00M | Scene, ViewLayer | Updating Scene
Fra:1 Mem:13.95M (Peak 15.64M) | Time:00:00.00 | Mem:0.00M, Peak:0.00M | Scene, ViewLayer | Updating Shaders
Fra:1 Mem:14.03M (Peak 15.64M) | Time:00:00.00 | Mem:0.00M, Peak:0.00M | Scene, ViewLayer | Updating Procedurals
Fra:1 Mem:14.03M (Peak 15.64M) | Time:00:00.00 | Mem:0.00M, Peak:0.00M | Scene, ViewLayer | Updating Background
Fra:1 Mem:14.03M (Peak 15.64M) | Time:00:00.00 | Mem:0.00M, Peak:0.00M | Scene, ViewLayer | Updating Camera
Fra:1 Mem:14.03M (Peak 15.64M) | Time:00:00.00 | Mem:0.00M, Peak:0.00M | Scene, ViewLayer | Updating Meshes Flags
Fra:1 Mem:14.03M (Peak 15.64M) | Time:00:00.00 | Mem:0.00M, Peak:0.00M | Scene, ViewLayer | Updating Objects
Fra:1 Mem:14.03M (Peak 15.64M) | Time:00:00.00 | Mem:0.00M, Peak:0.00M | Scene, ViewLayer | Updating Objects | Copying Transformations to device
Fra:1 Mem:14.05M (Peak 15.64M) | Time:00:00.00 | Mem:0.01M, Peak:0.01M | Scene, ViewLayer | Updating Objects | Applying Static Transformations
Fra:1 Mem:14.05M (Peak 15.64M) | Time:00:00.00 | Mem:0.01M, Peak:0.01M | Scene, ViewLayer | Updating Particle Systems
Fra:1 Mem:14.05M (Peak 15.64M) | Time:00:00.00 | Mem:0.01M, Peak:0.01M | Scene, ViewLayer | Updating Particle Systems | Copying Particles to device
Fra:1 Mem:14.05M (Peak 15.64M) | Time:00:00.00 | Mem:0.01M, Peak:0.01M | Scene, ViewLayer | Updating Meshes
Fra:1 Mem:14.26M (Peak 15.64M) | Time:00:00.00 | Mem:0.01M, Peak:0.01M | Scene, ViewLayer | Updating Mesh | Computing attributes
Fra:1 Mem:14.38M (Peak 15.64M) | Time:00:00.00 | Mem:0.02M, Peak:0.02M | Scene, ViewLayer | Updating Mesh | Copying Attributes to device
Fra:1 Mem:14.38M (Peak 15.64M) | Time:00:00.00 | Mem:0.13M, Peak:0.13M | Scene, ViewLayer | Updating Scene BVH | Building
Fra:1 Mem:14.38M (Peak 15.64M) | Time:00:00.00 | Mem:0.13M, Peak:0.13M | Scene, ViewLayer | Updating Scene BVH | Building BVH
Fra:1 Mem:14.38M (Peak 15.64M) | Time:00:00.00 | Mem:0.56M, Peak:0.56M | Scene, ViewLayer | Updating Scene BVH | Building BVH 0%
Fra:1 Mem:14.38M (Peak 15.64M) | Time:00:00.01 | Mem:1.03M, Peak:1.46M | Scene, ViewLayer | Updating Scene BVH | Copying BVH to device
Fra:1 Mem:14.38M (Peak 15.64M) | Time:00:00.01 | Mem:1.03M, Peak:1.46M | Scene, ViewLayer | Updating Mesh | Computing normals
Fra:1 Mem:14.95M (Peak 15.64M) | Time:00:00.01 | Mem:1.03M, Peak:1.46M | Scene, ViewLayer | Updating Mesh | Copying Mesh to device
Fra:1 Mem:14.95M (Peak 15.64M) | Time:00:00.01 | Mem:1.59M, Peak:1.59M | Scene, ViewLayer | Updating Objects Flags
Fra:1 Mem:14.95M (Peak 15.64M) | Time:00:00.01 | Mem:1.60M, Peak:1.60M | Scene, ViewLayer | Updating Primitive Offsets
Fra:1 Mem:14.95M (Peak 15.64M) | Time:00:00.01 | Mem:1.60M, Peak:1.60M | Scene, ViewLayer | Updating Images
Fra:1 Mem:14.95M (Peak 15.64M) | Time:00:00.01 | Mem:1.60M, Peak:1.60M | Scene, ViewLayer | Updating Camera Volume
Fra:1 Mem:14.95M (Peak 15.64M) | Time:00:00.01 | Mem:1.60M, Peak:1.60M | Scene, ViewLayer | Updating Lookup Tables
Fra:1 Mem:14.95M (Peak 15.64M) | Time:00:00.01 | Mem:1.68M, Peak:1.68M | Scene, ViewLayer | Updating Lights
Fra:1 Mem:14.95M (Peak 15.64M) | Time:00:00.01 | Mem:1.68M, Peak:1.68M | Scene, ViewLayer | Updating Lights | Computing tree
Fra:1 Mem:14.95M (Peak 15.64M) | Time:00:00.01 | Mem:1.68M, Peak:1.68M | Scene, ViewLayer | Updating Integrator
Fra:1 Mem:14.95M (Peak 15.64M) | Time:00:00.01 | Mem:1.68M, Peak:1.68M | Scene, ViewLayer | Updating Film
Fra:1 Mem:14.95M (Peak 15.64M) | Time:00:00.01 | Mem:1.60M, Peak:1.68M | Scene, ViewLayer | Updating Lookup Tables
Fra:1 Mem:14.95M (Peak 15.64M) | Time:00:00.01 | Mem:1.68M, Peak:1.68M | Scene, ViewLayer | Updating Baking
Fra:1 Mem:14.95M (Peak 15.64M) | Time:00:00.01 | Mem:1.68M, Peak:1.68M | Scene, ViewLayer | Updating Device | Writing constant memory
Fra:1 Mem:14.95M (Peak 15.64M) | Time:00:00.01 | Mem:1.68M, Peak:1.68M | Scene, ViewLayer | Sample 0/48
Fra:1 Mem:26.65M (Peak 26.65M) | Time:00:00.18 | Remaining:00:07.94 | Mem:13.36M, Peak:13.36M | Scene, ViewLayer | Sample 1/48
Fra:1 Mem:31.84M (Peak 42.22M) | Time:00:07.77 | Mem:13.36M, Peak:13.36M | Scene, ViewLayer | Sample 48/48
Fra:1 Mem:31.84M (Peak 42.22M) | Time:00:07.77 | Mem:13.36M, Peak:13.36M | Scene, ViewLayer | Finished
Saved: 'ArtSource/ActorModules/EnabledReview/Constructions/h1-t-1-w0.png'
Time: 00:07.82 (Saving: 00:00.04)

Fra:1 Mem:14.26M (Peak 14.26M) | Time:00:00.00 | Mem:0.00M, Peak:0.00M | Scene, ViewLayer | Synchronizing object | Breastplate
Fra:1 Mem:14.29M (Peak 14.29M) | Time:00:00.00 | Mem:0.00M, Peak:0.00M | Scene, ViewLayer | Synchronizing object | Belt
Fra:1 Mem:14.33M (Peak 14.33M) | Time:00:00.00 | Mem:0.00M, Peak:0.00M | Scene, ViewLayer | Synchronizing object | Buckle
Fra:1 Mem:14.35M (Peak 14.35M) | Time:00:00.00 | Mem:0.00M, Peak:0.00M | Scene, ViewLayer | Synchronizing object | Sleeve
Fra:1 Mem:14.40M (Peak 14.40M) | Time:00:00.00 | Mem:0.00M, Peak:0.00M | Scene, ViewLayer | Synchronizing object | Glove
Fra:1 Mem:14.42M (Peak 14.42M) | Time:00:00.00 | Mem:0.00M, Peak:0.00M | Scene, ViewLayer | Synchronizing object | Knee Guard.001
Fra:1 Mem:14.43M (Peak 14.43M) | Time:00:00.00 | Mem:0.00M, Peak:0.00M | Scene, ViewLayer | Synchronizing object | Orb
Fra:1 Mem:14.47M (Peak 14.47M) | Time:00:00.00 | Mem:0.00M, Peak:0.00M | Scene, ViewLayer | Synchronizing object | Forearm Bracer
Fra:1 Mem:14.53M (Peak 14.53M) | Time:00:00.00 | Mem:0.00M, Peak:0.00M | Scene, ViewLayer | Synchronizing object | Cuff Trim
Fra:1 Mem:14.56M (Peak 14.56M) | Time:00:00.00 | Mem:0.00M, Peak:0.00M | Scene, ViewLayer | Synchronizing object | Tailored shoulder mantle
Fra:1 Mem:14.57M (Peak 14.57M) | Time:00:00.00 | Mem:0.00M, Peak:0.00M | Scene, ViewLayer | Synchronizing object | Sleeve.001
Fra:1 Mem:14.65M (Peak 14.65M) | Time:00:00.00 | Mem:0.00M, Peak:0.00M | Scene, ViewLayer | Synchronizing object | Glove.001
Fra:1 Mem:14.70M (Peak 14.70M) | Time:00:00.00 | Mem:0.00M, Peak:0.00M | Scene, ViewLayer | Synchronizing object | Boot.001
Fra:1 Mem:14.71M (Peak 14.71M) | Time:00:00.00 | Mem:0.00M, Peak:0.00M | Scene, ViewLayer | Synchronizing object | Forearm Bracer.001
Fra:1 Mem:14.71M (Peak 14.71M) | Time:00:00.00 | Mem:0.00M, Peak:0.00M | Scene, ViewLayer | Synchronizing object | Cuff Trim.001
Fra:1 Mem:14.75M (Peak 14.75M) | Time:00:00.00 | Mem:0.00M, Peak:0.00M | Scene, ViewLayer | Synchronizing object | Trouser.001
Fra:1 Mem:14.78M (Peak 14.78M) | Time:00:00.00 | Mem:0.00M, Peak:0.00M | Scene, ViewLayer | Synchronizing object | Inlaid staff
Fra:1 Mem:14.81M (Peak 14.81M) | Time:00:00.00 | Mem:0.00M, Peak:0.00M | Scene, ViewLayer | Synchronizing object | Staff collar
Fra:1 Mem:14.81M (Peak 14.81M) | Time:00:00.00 | Mem:0.00M, Peak:0.00M | Scene, ViewLayer | Synchronizing object | Focus crystal
Fra:1 Mem:14.84M (Peak 14.84M) | Time:00:00.00 | Mem:0.00M, Peak:0.00M | Scene, ViewLayer | Synchronizing object | Tailored shoulder mantle.001
Fra:1 Mem:14.84M (Peak 14.84M) | Time:00:00.00 | Mem:0.00M, Peak:0.00M | Scene, ViewLayer | Synchronizing object | Tailored Cloak
Fra:1 Mem:14.92M (Peak 14.92M) | Time:00:00.00 | Mem:0.00M, Peak:0.00M | Scene, ViewLayer | Synchronizing object | Collar
Fra:1 Mem:14.92M (Peak 14.92M) | Time:00:00.00 | Mem:0.00M, Peak:0.00M | Scene, ViewLayer | Synchronizing object | Head
Fra:1 Mem:14.96M (Peak 14.96M) | Time:00:00.00 | Mem:0.00M, Peak:0.00M | Scene, ViewLayer | Synchronizing object | Shin Guard
Fra:1 Mem:15.00M (Peak 15.00M) | Time:00:00.00 | Mem:0.00M, Peak:0.00M | Scene, ViewLayer | Synchronizing object | Eyes L
Fra:1 Mem:15.00M (Peak 15.00M) | Time:00:00.00 | Mem:0.00M, Peak:0.00M | Scene, ViewLayer | Synchronizing object | Eyes R
Fra:1 Mem:15.06M (Peak 15.06M) | Time:00:00.00 | Mem:0.00M, Peak:0.00M | Scene, ViewLayer | Synchronizing object | Boot
Fra:1 Mem:15.09M (Peak 15.09M) | Time:00:00.00 | Mem:0.00M, Peak:0.00M | Scene, ViewLayer | Synchronizing object | Hat Brim
Fra:1 Mem:15.09M (Peak 15.09M) | Time:00:00.00 | Mem:0.00M, Peak:0.00M | Scene, ViewLayer | Synchronizing object | Hat Gem
Fra:1 Mem:15.10M (Peak 15.10M) | Time:00:00.00 | Mem:0.00M, Peak:0.00M | Scene, ViewLayer | Synchronizing object | Trouser
Fra:1 Mem:15.16M (Peak 15.16M) | Time:00:00.00 | Mem:0.00M, Peak:0.00M | Scene, ViewLayer | Synchronizing object | Hair Side Lock
Fra:1 Mem:15.21M (Peak 15.21M) | Time:00:00.00 | Mem:0.00M, Peak:0.00M | Scene, ViewLayer | Synchronizing object | Ear
Fra:1 Mem:15.21M (Peak 15.21M) | Time:00:00.00 | Mem:0.00M, Peak:0.00M | Scene, ViewLayer | Synchronizing object | Scholar split side lining.001
Fra:1 Mem:15.27M (Peak 15.27M) | Time:00:00.00 | Mem:0.00M, Peak:0.00M | Scene, ViewLayer | Synchronizing object | Hair Side Lock.001
Fra:1 Mem:15.30M (Peak 15.30M) | Time:00:00.00 | Mem:0.00M, Peak:0.00M | Scene, ViewLayer | Synchronizing object | Ear.001
Fra:1 Mem:15.33M (Peak 15.33M) | Time:00:00.00 | Mem:0.00M, Peak:0.00M | Scene, ViewLayer | Synchronizing object | Scholar split side lining
Fra:1 Mem:15.38M (Peak 15.38M) | Time:00:00.00 | Mem:0.00M, Peak:0.00M | Scene, ViewLayer | Synchronizing object | Nose
Fra:1 Mem:15.38M (Peak 15.38M) | Time:00:00.00 | Mem:0.00M, Peak:0.00M | Scene, ViewLayer | Synchronizing object | Pointed Wizard Hat
Fra:1 Mem:15.40M (Peak 15.40M) | Time:00:00.00 | Mem:0.00M, Peak:0.00M | Scene, ViewLayer | Synchronizing object | Costume fastening
Fra:1 Mem:15.43M (Peak 15.43M) | Time:00:00.00 | Mem:0.00M, Peak:0.00M | Scene, ViewLayer | Synchronizing object | Scholar rear high collar
Fra:1 Mem:15.47M (Peak 15.47M) | Time:00:00.00 | Mem:0.00M, Peak:0.00M | Scene, ViewLayer | Synchronizing object | Scholar rear high collar.001
Fra:1 Mem:15.51M (Peak 15.51M) | Time:00:00.00 | Mem:0.00M, Peak:0.00M | Scene, ViewLayer | Synchronizing object | Robe metal seam.001
Fra:1 Mem:15.52M (Peak 15.52M) | Time:00:00.00 | Mem:0.00M, Peak:0.00M | Scene, ViewLayer | Synchronizing object | Equipped robe skirt
Fra:1 Mem:15.54M (Peak 15.54M) | Time:00:00.00 | Mem:0.00M, Peak:0.00M | Scene, ViewLayer | Synchronizing object | Embroidered robe panel
Fra:1 Mem:15.55M (Peak 15.55M) | Time:00:00.00 | Mem:0.00M, Peak:0.00M | Scene, ViewLayer | Synchronizing object | Robe metal seam
Fra:1 Mem:15.58M (Peak 15.58M) | Time:00:00.00 | Mem:0.00M, Peak:0.00M | Scene, ViewLayer | Synchronizing object | Embroidered robe panel.001
Fra:1 Mem:15.64M (Peak 15.64M) | Time:00:00.00 | Mem:0.00M, Peak:0.00M | Scene, ViewLayer | Initializing
Fra:1 Mem:13.95M (Peak 15.64M) | Time:00:00.00 | Mem:0.00M, Peak:0.00M | Scene, ViewLayer | Waiting for render to start
Fra:1 Mem:13.95M (Peak 15.64M) | Time:00:00.00 | Mem:0.00M, Peak:0.00M | Scene, ViewLayer | Loading render kernels (may take a few minutes the first time)
Fra:1 Mem:13.95M (Peak 15.64M) | Time:00:00.00 | Mem:0.00M, Peak:0.00M | Scene, ViewLayer | Updating Scene
Fra:1 Mem:13.95M (Peak 15.64M) | Time:00:00.00 | Mem:0.00M, Peak:0.00M | Scene, ViewLayer | Updating Shaders
Fra:1 Mem:14.03M (Peak 15.64M) | Time:00:00.00 | Mem:0.00M, Peak:0.00M | Scene, ViewLayer | Updating Procedurals
Fra:1 Mem:14.03M (Peak 15.64M) | Time:00:00.00 | Mem:0.00M, Peak:0.00M | Scene, ViewLayer | Updating Background
Fra:1 Mem:14.03M (Peak 15.64M) | Time:00:00.00 | Mem:0.00M, Peak:0.00M | Scene, ViewLayer | Updating Camera
Fra:1 Mem:14.03M (Peak 15.64M) | Time:00:00.00 | Mem:0.00M, Peak:0.00M | Scene, ViewLayer | Updating Meshes Flags
Fra:1 Mem:14.03M (Peak 15.64M) | Time:00:00.00 | Mem:0.00M, Peak:0.00M | Scene, ViewLayer | Updating Objects
Fra:1 Mem:14.03M (Peak 15.64M) | Time:00:00.00 | Mem:0.00M, Peak:0.00M | Scene, ViewLayer | Updating Objects | Copying Transformations to device
Fra:1 Mem:14.04M (Peak 15.64M) | Time:00:00.00 | Mem:0.01M, Peak:0.01M | Scene, ViewLayer | Updating Objects | Applying Static Transformations
Fra:1 Mem:14.04M (Peak 15.64M) | Time:00:00.00 | Mem:0.01M, Peak:0.01M | Scene, ViewLayer | Updating Particle Systems
Fra:1 Mem:14.04M (Peak 15.64M) | Time:00:00.00 | Mem:0.01M, Peak:0.01M | Scene, ViewLayer | Updating Particle Systems | Copying Particles to device
Fra:1 Mem:14.04M (Peak 15.64M) | Time:00:00.00 | Mem:0.01M, Peak:0.01M | Scene, ViewLayer | Updating Meshes
Fra:1 Mem:14.25M (Peak 15.64M) | Time:00:00.00 | Mem:0.01M, Peak:0.01M | Scene, ViewLayer | Updating Mesh | Computing attributes
Fra:1 Mem:14.38M (Peak 15.64M) | Time:00:00.00 | Mem:0.02M, Peak:0.02M | Scene, ViewLayer | Updating Mesh | Copying Attributes to device
Fra:1 Mem:14.37M (Peak 15.64M) | Time:00:00.00 | Mem:0.13M, Peak:0.13M | Scene, ViewLayer | Updating Scene BVH | Building
Fra:1 Mem:14.37M (Peak 15.64M) | Time:00:00.00 | Mem:0.13M, Peak:0.13M | Scene, ViewLayer | Updating Scene BVH | Building BVH
Fra:1 Mem:14.37M (Peak 15.64M) | Time:00:00.00 | Mem:0.55M, Peak:0.55M | Scene, ViewLayer | Updating Scene BVH | Building BVH 0%
Fra:1 Mem:14.37M (Peak 15.64M) | Time:00:00.00 | Mem:1.05M, Peak:1.47M | Scene, ViewLayer | Updating Scene BVH | Copying BVH to device
Fra:1 Mem:14.37M (Peak 15.64M) | Time:00:00.00 | Mem:1.05M, Peak:1.47M | Scene, ViewLayer | Updating Mesh | Computing normals
Fra:1 Mem:14.94M (Peak 15.64M) | Time:00:00.00 | Mem:1.05M, Peak:1.47M | Scene, ViewLayer | Updating Mesh | Copying Mesh to device
Fra:1 Mem:14.94M (Peak 15.64M) | Time:00:00.00 | Mem:1.63M, Peak:1.63M | Scene, ViewLayer | Updating Objects Flags
Fra:1 Mem:14.94M (Peak 15.64M) | Time:00:00.00 | Mem:1.63M, Peak:1.63M | Scene, ViewLayer | Updating Primitive Offsets
Fra:1 Mem:14.95M (Peak 15.64M) | Time:00:00.00 | Mem:1.63M, Peak:1.63M | Scene, ViewLayer | Updating Images
Fra:1 Mem:14.95M (Peak 15.64M) | Time:00:00.00 | Mem:1.63M, Peak:1.63M | Scene, ViewLayer | Updating Camera Volume
Fra:1 Mem:14.95M (Peak 15.64M) | Time:00:00.00 | Mem:1.63M, Peak:1.63M | Scene, ViewLayer | Updating Lookup Tables
Fra:1 Mem:14.95M (Peak 15.64M) | Time:00:00.00 | Mem:1.71M, Peak:1.71M | Scene, ViewLayer | Updating Lights
Fra:1 Mem:14.95M (Peak 15.64M) | Time:00:00.00 | Mem:1.71M, Peak:1.71M | Scene, ViewLayer | Updating Lights | Computing tree
Fra:1 Mem:14.95M (Peak 15.64M) | Time:00:00.00 | Mem:1.71M, Peak:1.71M | Scene, ViewLayer | Updating Integrator
Fra:1 Mem:14.95M (Peak 15.64M) | Time:00:00.00 | Mem:1.71M, Peak:1.71M | Scene, ViewLayer | Updating Film
Fra:1 Mem:14.95M (Peak 15.64M) | Time:00:00.00 | Mem:1.63M, Peak:1.71M | Scene, ViewLayer | Updating Lookup Tables
Fra:1 Mem:14.95M (Peak 15.64M) | Time:00:00.00 | Mem:1.71M, Peak:1.71M | Scene, ViewLayer | Updating Baking
Fra:1 Mem:14.95M (Peak 15.64M) | Time:00:00.00 | Mem:1.71M, Peak:1.71M | Scene, ViewLayer | Updating Device | Writing constant memory
Fra:1 Mem:14.95M (Peak 15.64M) | Time:00:00.00 | Mem:1.71M, Peak:1.71M | Scene, ViewLayer | Sample 0/48
Fra:1 Mem:26.65M (Peak 26.65M) | Time:00:00.19 | Remaining:00:08.94 | Mem:13.39M, Peak:13.39M | Scene, ViewLayer | Sample 1/48
Fra:1 Mem:31.84M (Peak 42.22M) | Time:00:07.81 | Mem:13.39M, Peak:13.39M | Scene, ViewLayer | Sample 48/48
Fra:1 Mem:31.84M (Peak 42.22M) | Time:00:07.81 | Mem:13.39M, Peak:13.39M | Scene, ViewLayer | Finished
Saved: 'ArtSource/ActorModules/EnabledReview/Constructions/h1-t0-w0.png'
Time: 00:07.86 (Saving: 00:00.04)

Fra:1 Mem:15.21M (Peak 15.21M) | Time:00:00.00 | Mem:0.00M, Peak:0.00M | Scene, ViewLayer | Synchronizing object | Plane
Fra:1 Mem:15.21M (Peak 15.21M) | Time:00:00.00 | Mem:0.00M, Peak:0.00M | Scene, ViewLayer | Synchronizing object | Belt
Fra:1 Mem:15.21M (Peak 15.21M) | Time:00:00.00 | Mem:0.00M, Peak:0.00M | Scene, ViewLayer | Synchronizing object | Buckle
Fra:1 Mem:15.31M (Peak 15.31M) | Time:00:00.00 | Mem:0.00M, Peak:0.00M | Scene, ViewLayer | Synchronizing object | Sleeve
Fra:1 Mem:15.32M (Peak 15.32M) | Time:00:00.00 | Mem:0.00M, Peak:0.00M | Scene, ViewLayer | Synchronizing object | Glove
Fra:1 Mem:15.36M (Peak 15.36M) | Time:00:00.00 | Mem:0.00M, Peak:0.00M | Scene, ViewLayer | Synchronizing object | Forearm Bracer
Fra:1 Mem:15.42M (Peak 15.42M) | Time:00:00.00 | Mem:0.00M, Peak:0.00M | Scene, ViewLayer | Synchronizing object | Cuff Trim
Fra:1 Mem:15.43M (Peak 15.43M) | Time:00:00.00 | Mem:0.00M, Peak:0.00M | Scene, ViewLayer | Synchronizing object | Bow Limb
Fra:1 Mem:15.46M (Peak 15.46M) | Time:00:00.00 | Mem:0.00M, Peak:0.00M | Scene, ViewLayer | Synchronizing object | Bow Limb.002
Fra:1 Mem:15.46M (Peak 15.46M) | Time:00:00.00 | Mem:0.00M, Peak:0.00M | Scene, ViewLayer | Synchronizing object | Knee Guard.001
Fra:1 Mem:15.48M (Peak 15.48M) | Time:00:00.00 | Mem:0.00M, Peak:0.00M | Scene, ViewLayer | Synchronizing object | Bow Limb.003
Fra:1 Mem:15.49M (Peak 15.49M) | Time:00:00.00 | Mem:0.00M, Peak:0.00M | Scene, ViewLayer | Synchronizing object | Bow Limb.004
Fra:1 Mem:15.56M (Peak 15.56M) | Time:00:00.00 | Mem:0.00M, Peak:0.00M | Scene, ViewLayer | Synchronizing object | Bow Limb.005
Fra:1 Mem:15.57M (Peak 15.57M) | Time:00:00.00 | Mem:0.00M, Peak:0.00M | Scene, ViewLayer | Synchronizing object | Bow Limb.006
Fra:1 Mem:15.58M (Peak 15.58M) | Time:00:00.00 | Mem:0.00M, Peak:0.00M | Scene, ViewLayer | Synchronizing object | Shin Guard.001
Fra:1 Mem:15.62M (Peak 15.62M) | Time:00:00.00 | Mem:0.00M, Peak:0.00M | Scene, ViewLayer | Synchronizing object | Bow Limb.008
Fra:1 Mem:15.66M (Peak 15.66M) | Time:00:00.00 | Mem:0.00M, Peak:0.00M | Scene, ViewLayer | Synchronizing object | Bow Grip
Fra:1 Mem:15.67M (Peak 15.67M) | Time:00:00.00 | Mem:0.00M, Peak:0.00M | Scene, ViewLayer | Synchronizing object | Arrow rest
Fra:1 Mem:15.71M (Peak 15.71M) | Time:00:00.00 | Mem:0.00M, Peak:0.00M | Scene, ViewLayer | Synchronizing object | Boot.001
Fra:1 Mem:15.74M (Peak 15.74M) | Time:00:00.00 | Mem:0.00M, Peak:0.00M | Scene, ViewLayer | Synchronizing object | Trouser.001
Fra:1 Mem:15.74M (Peak 15.75M) | Time:00:00.00 | Mem:0.00M, Peak:0.00M | Scene, ViewLayer | Synchronizing object | Arrow Shaft
Fra:1 Mem:15.78M (Peak 15.78M) | Time:00:00.00 | Mem:0.00M, Peak:0.00M | Scene, ViewLayer | Synchronizing object | Arrow Head
Fra:1 Mem:15.80M (Peak 15.80M) | Time:00:00.00 | Mem:0.00M, Peak:0.00M | Scene, ViewLayer | Synchronizing object | Arrow Fletching
Fra:1 Mem:15.84M (Peak 15.84M) | Time:00:00.00 | Mem:0.00M, Peak:0.00M | Scene, ViewLayer | Synchronizing object | Knee Guard
Fra:1 Mem:15.84M (Peak 15.84M) | Time:00:00.00 | Mem:0.00M, Peak:0.00M | Scene, ViewLayer | Synchronizing object | Arrow Fletching.001
Fra:1 Mem:15.87M (Peak 15.87M) | Time:00:00.00 | Mem:0.00M, Peak:0.00M | Scene, ViewLayer | Synchronizing object | Arrow Fletching.002
Fra:1 Mem:15.93M (Peak 15.93M) | Time:00:00.00 | Mem:0.00M, Peak:0.00M | Scene, ViewLayer | Synchronizing object | Shin Guard
Fra:1 Mem:15.97M (Peak 15.97M) | Time:00:00.00 | Mem:0.00M, Peak:0.00M | Scene, ViewLayer | Synchronizing object | Single leather shoulder
Fra:1 Mem:15.98M (Peak 15.98M) | Time:00:00.00 | Mem:0.00M, Peak:0.00M | Scene, ViewLayer | Synchronizing object | Sleeve.001
Fra:1 Mem:16.02M (Peak 16.02M) | Time:00:00.00 | Mem:0.00M, Peak:0.00M | Scene, ViewLayer | Synchronizing object | Glove.001
Fra:1 Mem:16.05M (Peak 16.05M) | Time:00:00.00 | Mem:0.00M, Peak:0.00M | Scene, ViewLayer | Synchronizing object | Forearm Bracer.001
Fra:1 Mem:16.09M (Peak 16.09M) | Time:00:00.00 | Mem:0.00M, Peak:0.00M | Scene, ViewLayer | Synchronizing object | Boot
Fra:1 Mem:16.12M (Peak 16.12M) | Time:00:00.00 | Mem:0.00M, Peak:0.00M | Scene, ViewLayer | Synchronizing object | Cuff Trim.001
Fra:1 Mem:16.14M (Peak 16.14M) | Time:00:00.00 | Mem:0.00M, Peak:0.00M | Scene, ViewLayer | Synchronizing object | Trouser
Fra:1 Mem:16.14M (Peak 16.14M) | Time:00:00.00 | Mem:0.00M, Peak:0.00M | Scene, ViewLayer | Synchronizing object | Tailored Cloak
Fra:1 Mem:16.19M (Peak 16.19M) | Time:00:00.00 | Mem:0.00M, Peak:0.00M | Scene, ViewLayer | Synchronizing object | Quiver
Fra:1 Mem:16.20M (Peak 16.20M) | Time:00:00.00 | Mem:0.00M, Peak:0.00M | Scene, ViewLayer | Synchronizing object | Spare Arrow
Fra:1 Mem:16.21M (Peak 16.21M) | Time:00:00.00 | Mem:0.00M, Peak:0.00M | Scene, ViewLayer | Synchronizing object | Spare Arrow.001
Fra:1 Mem:16.22M (Peak 16.22M) | Time:00:00.00 | Mem:0.00M, Peak:0.00M | Scene, ViewLayer | Synchronizing object | Spare Arrow.002
Fra:1 Mem:16.24M (Peak 16.24M) | Time:00:00.00 | Mem:0.00M, Peak:0.00M | Scene, ViewLayer | Synchronizing object | Collar
Fra:1 Mem:16.24M (Peak 16.24M) | Time:00:00.00 | Mem:0.00M, Peak:0.00M | Scene, ViewLayer | Synchronizing object | Diagonal ranger sash
Fra:1 Mem:16.26M (Peak 16.26M) | Time:00:00.00 | Mem:0.00M, Peak:0.00M | Scene, ViewLayer | Synchronizing object | Leather Vest
Fra:1 Mem:16.29M (Peak 16.29M) | Time:00:00.00 | Mem:0.00M, Peak:0.00M | Scene, ViewLayer | Synchronizing object | Vest Buckle
Fra:1 Mem:16.31M (Peak 16.31M) | Time:00:00.00 | Mem:0.00M, Peak:0.00M | Scene, ViewLayer | Synchronizing object | Leather Vest.001
Fra:1 Mem:16.36M (Peak 16.36M) | Time:00:00.00 | Mem:0.00M, Peak:0.00M | Scene, ViewLayer | Synchronizing object | Nose
Fra:1 Mem:16.39M (Peak 16.39M) | Time:00:00.00 | Mem:0.00M, Peak:0.00M | Scene, ViewLayer | Synchronizing object | Vest Buckle.001
Fra:1 Mem:16.41M (Peak 16.41M) | Time:00:00.00 | Mem:0.00M, Peak:0.00M | Scene, ViewLayer | Synchronizing object | Scarf
Fra:1 Mem:16.45M (Peak 16.45M) | Time:00:00.00 | Mem:0.00M, Peak:0.00M | Scene, ViewLayer | Synchronizing object | Ear.001
Fra:1 Mem:16.49M (Peak 16.49M) | Time:00:00.00 | Mem:0.00M, Peak:0.00M | Scene, ViewLayer | Synchronizing object | Scarf Tail
Fra:1 Mem:16.50M (Peak 16.50M) | Time:00:00.00 | Mem:0.00M, Peak:0.00M | Scene, ViewLayer | Synchronizing object | Cross Body Strap
Fra:1 Mem:16.55M (Peak 16.55M) | Time:00:00.00 | Mem:0.00M, Peak:0.00M | Scene, ViewLayer | Synchronizing object | Hair Side Lock.001
Fra:1 Mem:16.59M (Peak 16.59M) | Time:00:00.00 | Mem:0.00M, Peak:0.00M | Scene, ViewLayer | Synchronizing object | Head
Fra:1 Mem:16.60M (Peak 16.60M) | Time:00:00.00 | Mem:0.00M, Peak:0.00M | Scene, ViewLayer | Synchronizing object | Eyes L
Fra:1 Mem:16.63M (Peak 16.63M) | Time:00:00.00 | Mem:0.00M, Peak:0.00M | Scene, ViewLayer | Synchronizing object | Eyes R
Fra:1 Mem:16.67M (Peak 16.67M) | Time:00:00.00 | Mem:0.00M, Peak:0.00M | Scene, ViewLayer | Synchronizing object | Ear
Fra:1 Mem:16.72M (Peak 16.72M) | Time:00:00.00 | Mem:0.00M, Peak:0.00M | Scene, ViewLayer | Synchronizing object | Forest Hood
Fra:1 Mem:16.75M (Peak 16.75M) | Time:00:00.00 | Mem:0.00M, Peak:0.00M | Scene, ViewLayer | Synchronizing object | Feather
Fra:1 Mem:16.77M (Peak 16.77M) | Time:00:00.00 | Mem:0.00M, Peak:0.00M | Scene, ViewLayer | Synchronizing object | Hair Side Lock
Fra:1 Mem:16.84M (Peak 16.84M) | Time:00:00.00 | Mem:0.00M, Peak:0.00M | Scene, ViewLayer | Initializing
Fra:1 Mem:14.77M (Peak 16.84M) | Time:00:00.00 | Mem:0.00M, Peak:0.00M | Scene, ViewLayer | Waiting for render to start
Fra:1 Mem:14.77M (Peak 16.84M) | Time:00:00.00 | Mem:0.00M, Peak:0.00M | Scene, ViewLayer | Loading render kernels (may take a few minutes the first time)
Fra:1 Mem:14.77M (Peak 16.84M) | Time:00:00.00 | Mem:0.00M, Peak:0.00M | Scene, ViewLayer | Updating Scene
Fra:1 Mem:14.77M (Peak 16.84M) | Time:00:00.00 | Mem:0.00M, Peak:0.00M | Scene, ViewLayer | Updating Shaders
Fra:1 Mem:14.86M (Peak 16.84M) | Time:00:00.00 | Mem:0.00M, Peak:0.00M | Scene, ViewLayer | Updating Procedurals
Fra:1 Mem:14.86M (Peak 16.84M) | Time:00:00.00 | Mem:0.00M, Peak:0.00M | Scene, ViewLayer | Updating Background
Fra:1 Mem:14.86M (Peak 16.84M) | Time:00:00.00 | Mem:0.00M, Peak:0.00M | Scene, ViewLayer | Updating Camera
Fra:1 Mem:14.86M (Peak 16.84M) | Time:00:00.00 | Mem:0.00M, Peak:0.00M | Scene, ViewLayer | Updating Meshes Flags
Fra:1 Mem:14.86M (Peak 16.84M) | Time:00:00.00 | Mem:0.00M, Peak:0.00M | Scene, ViewLayer | Updating Objects
Fra:1 Mem:14.86M (Peak 16.84M) | Time:00:00.00 | Mem:0.00M, Peak:0.00M | Scene, ViewLayer | Updating Objects | Copying Transformations to device
Fra:1 Mem:14.87M (Peak 16.84M) | Time:00:00.00 | Mem:0.02M, Peak:0.02M | Scene, ViewLayer | Updating Objects | Applying Static Transformations
Fra:1 Mem:14.87M (Peak 16.84M) | Time:00:00.00 | Mem:0.02M, Peak:0.02M | Scene, ViewLayer | Updating Particle Systems
Fra:1 Mem:14.87M (Peak 16.84M) | Time:00:00.00 | Mem:0.02M, Peak:0.02M | Scene, ViewLayer | Updating Particle Systems | Copying Particles to device
Fra:1 Mem:14.87M (Peak 16.84M) | Time:00:00.00 | Mem:0.02M, Peak:0.02M | Scene, ViewLayer | Updating Meshes
Fra:1 Mem:15.11M (Peak 16.84M) | Time:00:00.00 | Mem:0.02M, Peak:0.02M | Scene, ViewLayer | Updating Mesh | Computing attributes
Fra:1 Mem:15.27M (Peak 16.84M) | Time:00:00.00 | Mem:0.02M, Peak:0.02M | Scene, ViewLayer | Updating Mesh | Copying Attributes to device
Fra:1 Mem:15.26M (Peak 16.84M) | Time:00:00.00 | Mem:0.16M, Peak:0.16M | Scene, ViewLayer | Updating Scene BVH | Building
Fra:1 Mem:15.26M (Peak 16.84M) | Time:00:00.00 | Mem:0.16M, Peak:0.16M | Scene, ViewLayer | Updating Scene BVH | Building BVH
Fra:1 Mem:15.26M (Peak 16.84M) | Time:00:00.00 | Mem:0.64M, Peak:0.64M | Scene, ViewLayer | Updating Scene BVH | Building BVH 0%
Fra:1 Mem:15.26M (Peak 16.84M) | Time:00:00.00 | Mem:1.21M, Peak:1.69M | Scene, ViewLayer | Updating Scene BVH | Copying BVH to device
Fra:1 Mem:15.26M (Peak 16.84M) | Time:00:00.00 | Mem:1.21M, Peak:1.69M | Scene, ViewLayer | Updating Mesh | Computing normals
Fra:1 Mem:15.94M (Peak 16.84M) | Time:00:00.00 | Mem:1.21M, Peak:1.69M | Scene, ViewLayer | Updating Mesh | Copying Mesh to device
Fra:1 Mem:15.94M (Peak 16.84M) | Time:00:00.00 | Mem:1.89M, Peak:1.89M | Scene, ViewLayer | Updating Objects Flags
Fra:1 Mem:15.94M (Peak 16.84M) | Time:00:00.00 | Mem:1.90M, Peak:1.90M | Scene, ViewLayer | Updating Primitive Offsets
Fra:1 Mem:15.94M (Peak 16.84M) | Time:00:00.00 | Mem:1.90M, Peak:1.90M | Scene, ViewLayer | Updating Images
Fra:1 Mem:15.94M (Peak 16.84M) | Time:00:00.00 | Mem:1.90M, Peak:1.90M | Scene, ViewLayer | Updating Camera Volume
Fra:1 Mem:15.94M (Peak 16.84M) | Time:00:00.00 | Mem:1.90M, Peak:1.90M | Scene, ViewLayer | Updating Lookup Tables
Fra:1 Mem:15.94M (Peak 16.84M) | Time:00:00.00 | Mem:1.98M, Peak:1.98M | Scene, ViewLayer | Updating Lights
Fra:1 Mem:15.94M (Peak 16.84M) | Time:00:00.00 | Mem:1.98M, Peak:1.98M | Scene, ViewLayer | Updating Lights | Computing tree
Fra:1 Mem:15.94M (Peak 16.84M) | Time:00:00.00 | Mem:1.98M, Peak:1.98M | Scene, ViewLayer | Updating Integrator
Fra:1 Mem:15.94M (Peak 16.84M) | Time:00:00.00 | Mem:1.98M, Peak:1.98M | Scene, ViewLayer | Updating Film
Fra:1 Mem:15.95M (Peak 16.84M) | Time:00:00.00 | Mem:1.90M, Peak:1.98M | Scene, ViewLayer | Updating Lookup Tables
Fra:1 Mem:15.95M (Peak 16.84M) | Time:00:00.00 | Mem:1.98M, Peak:1.98M | Scene, ViewLayer | Updating Baking
Fra:1 Mem:15.95M (Peak 16.84M) | Time:00:00.00 | Mem:1.98M, Peak:1.98M | Scene, ViewLayer | Updating Device | Writing constant memory
Fra:1 Mem:15.95M (Peak 16.84M) | Time:00:00.00 | Mem:1.98M, Peak:1.98M | Scene, ViewLayer | Sample 0/48
Fra:1 Mem:27.64M (Peak 27.64M) | Time:00:00.14 | Remaining:00:06.43 | Mem:13.66M, Peak:13.66M | Scene, ViewLayer | Sample 1/48
Fra:1 Mem:32.84M (Peak 43.22M) | Time:00:07.11 | Mem:13.66M, Peak:13.66M | Scene, ViewLayer | Sample 48/48
Fra:1 Mem:32.84M (Peak 43.22M) | Time:00:07.11 | Mem:13.66M, Peak:13.66M | Scene, ViewLayer | Finished
Saved: 'ArtSource/ActorModules/EnabledReview/Constructions/h2-t-1-w0.png'
Time: 00:07.15 (Saving: 00:00.03)

Fra:1 Mem:15.06M (Peak 15.06M) | Time:00:00.00 | Mem:0.00M, Peak:0.00M | Scene, ViewLayer | Synchronizing object | Plane
Fra:1 Mem:15.07M (Peak 15.07M) | Time:00:00.00 | Mem:0.00M, Peak:0.00M | Scene, ViewLayer | Synchronizing object | Belt
Fra:1 Mem:15.07M (Peak 15.07M) | Time:00:00.00 | Mem:0.00M, Peak:0.00M | Scene, ViewLayer | Synchronizing object | Buckle
Fra:1 Mem:15.16M (Peak 15.16M) | Time:00:00.00 | Mem:0.00M, Peak:0.00M | Scene, ViewLayer | Synchronizing object | Sleeve
Fra:1 Mem:15.17M (Peak 15.17M) | Time:00:00.00 | Mem:0.00M, Peak:0.00M | Scene, ViewLayer | Synchronizing object | Glove
Fra:1 Mem:15.24M (Peak 15.24M) | Time:00:00.00 | Mem:0.00M, Peak:0.00M | Scene, ViewLayer | Synchronizing object | Forearm Bracer
Fra:1 Mem:15.28M (Peak 15.28M) | Time:00:00.00 | Mem:0.00M, Peak:0.00M | Scene, ViewLayer | Synchronizing object | Knee Guard.001
Fra:1 Mem:15.30M (Peak 15.30M) | Time:00:00.00 | Mem:0.00M, Peak:0.00M | Scene, ViewLayer | Synchronizing object | Arrow Shaft
Fra:1 Mem:15.30M (Peak 15.30M) | Time:00:00.00 | Mem:0.00M, Peak:0.00M | Scene, ViewLayer | Synchronizing object | Arrow Head
Fra:1 Mem:15.35M (Peak 15.35M) | Time:00:00.00 | Mem:0.00M, Peak:0.00M | Scene, ViewLayer | Synchronizing object | Arrow Fletching
Fra:1 Mem:15.39M (Peak 15.39M) | Time:00:00.00 | Mem:0.00M, Peak:0.00M | Scene, ViewLayer | Synchronizing object | Arrow Fletching.002
Fra:1 Mem:15.41M (Peak 15.41M) | Time:00:00.00 | Mem:0.00M, Peak:0.00M | Scene, ViewLayer | Synchronizing object | Bow grip
Fra:1 Mem:15.50M (Peak 15.50M) | Time:00:00.00 | Mem:0.00M, Peak:0.00M | Scene, ViewLayer | Synchronizing object | Layered bow limb
Fra:1 Mem:15.52M (Peak 15.52M) | Time:00:00.00 | Mem:0.00M, Peak:0.00M | Scene, ViewLayer | Synchronizing object | Shin Guard.001
Fra:1 Mem:15.54M (Peak 15.54M) | Time:00:00.00 | Mem:0.00M, Peak:0.00M | Scene, ViewLayer | Synchronizing object | Layered bow limb.002
Fra:1 Mem:15.57M (Peak 15.57M) | Time:00:00.00 | Mem:0.00M, Peak:0.00M | Scene, ViewLayer | Synchronizing object | Layered bow limb.003
Fra:1 Mem:15.58M (Peak 15.58M) | Time:00:00.00 | Mem:0.00M, Peak:0.00M | Scene, ViewLayer | Synchronizing object | Bow tip
Fra:1 Mem:15.62M (Peak 15.62M) | Time:00:00.00 | Mem:0.00M, Peak:0.00M | Scene, ViewLayer | Synchronizing object | Boot.001
Fra:1 Mem:15.65M (Peak 15.65M) | Time:00:00.00 | Mem:0.00M, Peak:0.00M | Scene, ViewLayer | Synchronizing object | Layered bow limb.004
Fra:1 Mem:15.68M (Peak 15.68M) | Time:00:00.00 | Mem:0.00M, Peak:0.00M | Scene, ViewLayer | Synchronizing object | Trouser.001
Fra:1 Mem:15.72M (Peak 15.72M) | Time:00:00.00 | Mem:0.00M, Peak:0.00M | Scene, ViewLayer | Synchronizing object | Layered bow limb.005
Fra:1 Mem:15.72M (Peak 15.72M) | Time:00:00.00 | Mem:0.00M, Peak:0.00M | Scene, ViewLayer | Synchronizing object | Layered bow limb.007
Fra:1 Mem:15.78M (Peak 15.78M) | Time:00:00.00 | Mem:0.00M, Peak:0.00M | Scene, ViewLayer | Synchronizing object | Bow tip.001
Fra:1 Mem:15.80M (Peak 15.80M) | Time:00:00.00 | Mem:0.00M, Peak:0.00M | Scene, ViewLayer | Synchronizing object | Knee Guard
Fra:1 Mem:15.83M (Peak 15.83M) | Time:00:00.00 | Mem:0.00M, Peak:0.00M | Scene, ViewLayer | Synchronizing object | Sleeve.001
Fra:1 Mem:15.92M (Peak 15.92M) | Time:00:00.00 | Mem:0.00M, Peak:0.00M | Scene, ViewLayer | Synchronizing object | Glove.001
Fra:1 Mem:15.92M (Peak 15.92M) | Time:00:00.00 | Mem:0.00M, Peak:0.00M | Scene, ViewLayer | Synchronizing object | Forearm Bracer.001
Fra:1 Mem:15.92M (Peak 15.92M) | Time:00:00.00 | Mem:0.00M, Peak:0.00M | Scene, ViewLayer | Synchronizing object | Shin Guard
Fra:1 Mem:16.00M (Peak 16.00M) | Time:00:00.00 | Mem:0.00M, Peak:0.00M | Scene, ViewLayer | Synchronizing object | Cuff Trim.001
Fra:1 Mem:16.02M (Peak 16.02M) | Time:00:00.00 | Mem:0.00M, Peak:0.00M | Scene, ViewLayer | Synchronizing object | Tailored Cloak
Fra:1 Mem:16.05M (Peak 16.05M) | Time:00:00.00 | Mem:0.00M, Peak:0.00M | Scene, ViewLayer | Synchronizing object | Quiver
Fra:1 Mem:16.06M (Peak 16.06M) | Time:00:00.00 | Mem:0.00M, Peak:0.00M | Scene, ViewLayer | Synchronizing object | Boot
Fra:1 Mem:16.07M (Peak 16.07M) | Time:00:00.00 | Mem:0.00M, Peak:0.00M | Scene, ViewLayer | Synchronizing object | Spare Arrow
Fra:1 Mem:16.09M (Peak 16.09M) | Time:00:00.00 | Mem:0.00M, Peak:0.00M | Scene, ViewLayer | Synchronizing object | Spare Arrow.001
Fra:1 Mem:16.09M (Peak 16.09M) | Time:00:00.00 | Mem:0.00M, Peak:0.00M | Scene, ViewLayer | Synchronizing object | Trouser
Fra:1 Mem:16.14M (Peak 16.14M) | Time:00:00.00 | Mem:0.00M, Peak:0.00M | Scene, ViewLayer | Synchronizing object | Collar
Fra:1 Mem:16.16M (Peak 16.16M) | Time:00:00.00 | Mem:0.00M, Peak:0.00M | Scene, ViewLayer | Synchronizing object | Scarf
Fra:1 Mem:16.18M (Peak 16.18M) | Time:00:00.00 | Mem:0.00M, Peak:0.00M | Scene, ViewLayer | Synchronizing object | Scarf Tail
Fra:1 Mem:16.19M (Peak 16.19M) | Time:00:00.00 | Mem:0.00M, Peak:0.00M | Scene, ViewLayer | Synchronizing object | Head
Fra:1 Mem:16.22M (Peak 16.22M) | Time:00:00.00 | Mem:0.00M, Peak:0.00M | Scene, ViewLayer | Synchronizing object | Hunter quiver harness
Fra:1 Mem:16.28M (Peak 16.28M) | Time:00:00.00 | Mem:0.00M, Peak:0.00M | Scene, ViewLayer | Synchronizing object | Eyes L
Fra:1 Mem:16.32M (Peak 16.32M) | Time:00:00.00 | Mem:0.00M, Peak:0.00M | Scene, ViewLayer | Synchronizing object | Eyes R
Fra:1 Mem:16.33M (Peak 16.33M) | Time:00:00.00 | Mem:0.00M, Peak:0.00M | Scene, ViewLayer | Synchronizing object | Forest Hood
Fra:1 Mem:16.36M (Peak 16.36M) | Time:00:00.00 | Mem:0.00M, Peak:0.00M | Scene, ViewLayer | Synchronizing object | Costume fastening
Fra:1 Mem:16.41M (Peak 16.41M) | Time:00:00.00 | Mem:0.00M, Peak:0.00M | Scene, ViewLayer | Synchronizing object | Feather
Fra:1 Mem:16.43M (Peak 16.43M) | Time:00:00.00 | Mem:0.00M, Peak:0.00M | Scene, ViewLayer | Synchronizing object | Hair Side Lock
Fra:1 Mem:16.49M (Peak 16.49M) | Time:00:00.00 | Mem:0.00M, Peak:0.00M | Scene, ViewLayer | Synchronizing object | Ear
Fra:1 Mem:16.51M (Peak 16.51M) | Time:00:00.00 | Mem:0.00M, Peak:0.00M | Scene, ViewLayer | Synchronizing object | Asymmetric leather chest wrap
Fra:1 Mem:16.52M (Peak 16.52M) | Time:00:00.00 | Mem:0.00M, Peak:0.00M | Scene, ViewLayer | Synchronizing object | Hair Side Lock.001
Fra:1 Mem:16.59M (Peak 16.59M) | Time:00:00.00 | Mem:0.00M, Peak:0.00M | Scene, ViewLayer | Synchronizing object | Nose
Fra:1 Mem:16.67M (Peak 16.67M) | Time:00:00.00 | Mem:0.00M, Peak:0.00M | Scene, ViewLayer | Initializing
Fra:1 Mem:14.66M (Peak 16.67M) | Time:00:00.00 | Mem:0.00M, Peak:0.00M | Scene, ViewLayer | Waiting for render to start
Fra:1 Mem:14.66M (Peak 16.67M) | Time:00:00.00 | Mem:0.00M, Peak:0.00M | Scene, ViewLayer | Loading render kernels (may take a few minutes the first time)
Fra:1 Mem:14.66M (Peak 16.67M) | Time:00:00.00 | Mem:0.00M, Peak:0.00M | Scene, ViewLayer | Updating Scene
Fra:1 Mem:14.66M (Peak 16.67M) | Time:00:00.00 | Mem:0.00M, Peak:0.00M | Scene, ViewLayer | Updating Shaders
Fra:1 Mem:14.75M (Peak 16.67M) | Time:00:00.00 | Mem:0.00M, Peak:0.00M | Scene, ViewLayer | Updating Procedurals
Fra:1 Mem:14.75M (Peak 16.67M) | Time:00:00.00 | Mem:0.00M, Peak:0.00M | Scene, ViewLayer | Updating Background
Fra:1 Mem:14.75M (Peak 16.67M) | Time:00:00.00 | Mem:0.00M, Peak:0.00M | Scene, ViewLayer | Updating Camera
Fra:1 Mem:14.75M (Peak 16.67M) | Time:00:00.00 | Mem:0.00M, Peak:0.00M | Scene, ViewLayer | Updating Meshes Flags
Fra:1 Mem:14.75M (Peak 16.67M) | Time:00:00.00 | Mem:0.00M, Peak:0.00M | Scene, ViewLayer | Updating Objects
Fra:1 Mem:14.75M (Peak 16.67M) | Time:00:00.00 | Mem:0.00M, Peak:0.00M | Scene, ViewLayer | Updating Objects | Copying Transformations to device
Fra:1 Mem:14.76M (Peak 16.67M) | Time:00:00.00 | Mem:0.02M, Peak:0.02M | Scene, ViewLayer | Updating Objects | Applying Static Transformations
Fra:1 Mem:14.76M (Peak 16.67M) | Time:00:00.00 | Mem:0.02M, Peak:0.02M | Scene, ViewLayer | Updating Particle Systems
Fra:1 Mem:14.76M (Peak 16.67M) | Time:00:00.00 | Mem:0.02M, Peak:0.02M | Scene, ViewLayer | Updating Particle Systems | Copying Particles to device
Fra:1 Mem:14.76M (Peak 16.67M) | Time:00:00.00 | Mem:0.02M, Peak:0.02M | Scene, ViewLayer | Updating Meshes
Fra:1 Mem:15.00M (Peak 16.67M) | Time:00:00.00 | Mem:0.02M, Peak:0.02M | Scene, ViewLayer | Updating Mesh | Computing attributes
Fra:1 Mem:15.15M (Peak 16.67M) | Time:00:00.00 | Mem:0.02M, Peak:0.02M | Scene, ViewLayer | Updating Mesh | Copying Attributes to device
Fra:1 Mem:15.14M (Peak 16.67M) | Time:00:00.00 | Mem:0.16M, Peak:0.16M | Scene, ViewLayer | Updating Scene BVH | Building
Fra:1 Mem:15.14M (Peak 16.67M) | Time:00:00.00 | Mem:0.16M, Peak:0.16M | Scene, ViewLayer | Updating Scene BVH | Building BVH
Fra:1 Mem:15.14M (Peak 16.67M) | Time:00:00.00 | Mem:0.63M, Peak:0.63M | Scene, ViewLayer | Updating Scene BVH | Building BVH 0%
Fra:1 Mem:15.14M (Peak 16.67M) | Time:00:00.01 | Mem:1.15M, Peak:1.62M | Scene, ViewLayer | Updating Scene BVH | Copying BVH to device
Fra:1 Mem:15.14M (Peak 16.67M) | Time:00:00.01 | Mem:1.15M, Peak:1.62M | Scene, ViewLayer | Updating Mesh | Computing normals
Fra:1 Mem:15.81M (Peak 16.67M) | Time:00:00.01 | Mem:1.15M, Peak:1.62M | Scene, ViewLayer | Updating Mesh | Copying Mesh to device
Fra:1 Mem:15.81M (Peak 16.67M) | Time:00:00.01 | Mem:1.82M, Peak:1.82M | Scene, ViewLayer | Updating Objects Flags
Fra:1 Mem:15.81M (Peak 16.67M) | Time:00:00.01 | Mem:1.82M, Peak:1.82M | Scene, ViewLayer | Updating Primitive Offsets
Fra:1 Mem:15.81M (Peak 16.67M) | Time:00:00.01 | Mem:1.82M, Peak:1.82M | Scene, ViewLayer | Updating Images
Fra:1 Mem:15.81M (Peak 16.67M) | Time:00:00.01 | Mem:1.82M, Peak:1.82M | Scene, ViewLayer | Updating Camera Volume
Fra:1 Mem:15.81M (Peak 16.67M) | Time:00:00.01 | Mem:1.82M, Peak:1.82M | Scene, ViewLayer | Updating Lookup Tables
Fra:1 Mem:15.81M (Peak 16.67M) | Time:00:00.01 | Mem:1.90M, Peak:1.90M | Scene, ViewLayer | Updating Lights
Fra:1 Mem:15.81M (Peak 16.67M) | Time:00:00.01 | Mem:1.90M, Peak:1.90M | Scene, ViewLayer | Updating Lights | Computing tree
Fra:1 Mem:15.81M (Peak 16.67M) | Time:00:00.01 | Mem:1.90M, Peak:1.90M | Scene, ViewLayer | Updating Integrator
Fra:1 Mem:15.81M (Peak 16.67M) | Time:00:00.01 | Mem:1.90M, Peak:1.90M | Scene, ViewLayer | Updating Film
Fra:1 Mem:15.82M (Peak 16.67M) | Time:00:00.01 | Mem:1.82M, Peak:1.90M | Scene, ViewLayer | Updating Lookup Tables
Fra:1 Mem:15.82M (Peak 16.67M) | Time:00:00.01 | Mem:1.91M, Peak:1.91M | Scene, ViewLayer | Updating Baking
Fra:1 Mem:15.82M (Peak 16.67M) | Time:00:00.01 | Mem:1.91M, Peak:1.91M | Scene, ViewLayer | Updating Device | Writing constant memory
Fra:1 Mem:15.82M (Peak 16.67M) | Time:00:00.01 | Mem:1.91M, Peak:1.91M | Scene, ViewLayer | Sample 0/48
Fra:1 Mem:27.51M (Peak 27.51M) | Time:00:00.15 | Remaining:00:06.92 | Mem:13.59M, Peak:13.59M | Scene, ViewLayer | Sample 1/48
Fra:1 Mem:32.70M (Peak 43.09M) | Time:00:07.18 | Mem:13.59M, Peak:13.59M | Scene, ViewLayer | Sample 48/48
Fra:1 Mem:32.70M (Peak 43.09M) | Time:00:07.18 | Mem:13.59M, Peak:13.59M | Scene, ViewLayer | Finished
Saved: 'ArtSource/ActorModules/EnabledReview/Constructions/h2-t0-w0.png'
Time: 00:07.21 (Saving: 00:00.03)

Fra:1 Mem:14.34M (Peak 14.34M) | Time:00:00.00 | Mem:0.00M, Peak:0.00M | Scene, ViewLayer | Synchronizing object | Plane
Fra:1 Mem:14.35M (Peak 14.35M) | Time:00:00.00 | Mem:0.00M, Peak:0.00M | Scene, ViewLayer | Synchronizing object | Breastplate
Fra:1 Mem:14.39M (Peak 14.39M) | Time:00:00.00 | Mem:0.00M, Peak:0.00M | Scene, ViewLayer | Synchronizing object | Belt
Fra:1 Mem:14.42M (Peak 14.42M) | Time:00:00.00 | Mem:0.00M, Peak:0.00M | Scene, ViewLayer | Synchronizing object | Knee Guard.001
Fra:1 Mem:14.42M (Peak 14.42M) | Time:00:00.00 | Mem:0.00M, Peak:0.00M | Scene, ViewLayer | Synchronizing object | Buckle
Fra:1 Mem:14.48M (Peak 14.48M) | Time:00:00.00 | Mem:0.00M, Peak:0.00M | Scene, ViewLayer | Synchronizing object | Sleeve
Fra:1 Mem:14.52M (Peak 14.52M) | Time:00:00.00 | Mem:0.00M, Peak:0.00M | Scene, ViewLayer | Synchronizing object | Shin Guard.001
Fra:1 Mem:14.55M (Peak 14.55M) | Time:00:00.00 | Mem:0.00M, Peak:0.00M | Scene, ViewLayer | Synchronizing object | Glove
Fra:1 Mem:14.59M (Peak 14.59M) | Time:00:00.00 | Mem:0.00M, Peak:0.00M | Scene, ViewLayer | Synchronizing object | Boot.001
Fra:1 Mem:14.61M (Peak 14.61M) | Time:00:00.00 | Mem:0.00M, Peak:0.00M | Scene, ViewLayer | Synchronizing object | Orb
Fra:1 Mem:14.62M (Peak 14.62M) | Time:00:00.00 | Mem:0.00M, Peak:0.00M | Scene, ViewLayer | Synchronizing object | Trouser.001
Fra:1 Mem:14.68M (Peak 14.68M) | Time:00:00.00 | Mem:0.00M, Peak:0.00M | Scene, ViewLayer | Synchronizing object | Forearm Bracer
Fra:1 Mem:14.70M (Peak 14.70M) | Time:00:00.00 | Mem:0.00M, Peak:0.00M | Scene, ViewLayer | Synchronizing object | Knee Guard
Fra:1 Mem:14.76M (Peak 14.76M) | Time:00:00.00 | Mem:0.00M, Peak:0.00M | Scene, ViewLayer | Synchronizing object | Cuff Trim
Fra:1 Mem:14.75M (Peak 14.76M) | Time:00:00.00 | Mem:0.00M, Peak:0.00M | Scene, ViewLayer | Synchronizing object | Shin Guard
Fra:1 Mem:14.80M (Peak 14.80M) | Time:00:00.00 | Mem:0.00M, Peak:0.00M | Scene, ViewLayer | Synchronizing object | Sleeve.001
Fra:1 Mem:14.83M (Peak 14.83M) | Time:00:00.00 | Mem:0.00M, Peak:0.00M | Scene, ViewLayer | Synchronizing object | Boot
Fra:1 Mem:14.86M (Peak 14.86M) | Time:00:00.00 | Mem:0.00M, Peak:0.00M | Scene, ViewLayer | Synchronizing object | Glove.001
Fra:1 Mem:14.92M (Peak 14.92M) | Time:00:00.00 | Mem:0.00M, Peak:0.00M | Scene, ViewLayer | Synchronizing object | Forearm Bracer.001
Fra:1 Mem:14.96M (Peak 14.96M) | Time:00:00.00 | Mem:0.00M, Peak:0.00M | Scene, ViewLayer | Synchronizing object | Totem moonstone
Fra:1 Mem:14.99M (Peak 14.99M) | Time:00:00.00 | Mem:0.00M, Peak:0.00M | Scene, ViewLayer | Synchronizing object | Cuff Trim.001
Fra:1 Mem:15.01M (Peak 15.01M) | Time:00:00.00 | Mem:0.00M, Peak:0.00M | Scene, ViewLayer | Synchronizing object | Bound spirit totem
Fra:1 Mem:15.01M (Peak 15.01M) | Time:00:00.00 | Mem:0.00M, Peak:0.00M | Scene, ViewLayer | Synchronizing object | Staff
Fra:1 Mem:15.04M (Peak 15.04M) | Time:00:00.00 | Mem:0.00M, Peak:0.00M | Scene, ViewLayer | Synchronizing object | Leaf ritual mantle.005
Fra:1 Mem:15.04M (Peak 15.04M) | Time:00:00.00 | Mem:0.00M, Peak:0.00M | Scene, ViewLayer | Synchronizing object | Arcane Crystal
Fra:1 Mem:15.06M (Peak 15.06M) | Time:00:00.00 | Mem:0.00M, Peak:0.00M | Scene, ViewLayer | Synchronizing object | Leaf ritual mantle.004
Fra:1 Mem:15.10M (Peak 15.10M) | Time:00:00.00 | Mem:0.00M, Peak:0.00M | Scene, ViewLayer | Synchronizing object | Leaf ritual mantle.003
Fra:1 Mem:15.12M (Peak 15.12M) | Time:00:00.00 | Mem:0.00M, Peak:0.00M | Scene, ViewLayer | Synchronizing object | Leaf ritual mantle.002
Fra:1 Mem:15.13M (Peak 15.13M) | Time:00:00.00 | Mem:0.00M, Peak:0.00M | Scene, ViewLayer | Synchronizing object | Staff Crystal Crown
Fra:1 Mem:15.13M (Peak 15.13M) | Time:00:00.00 | Mem:0.00M, Peak:0.00M | Scene, ViewLayer | Synchronizing object | Tailored Cloak
Fra:1 Mem:15.15M (Peak 15.15M) | Time:00:00.00 | Mem:0.00M, Peak:0.00M | Scene, ViewLayer | Synchronizing object | Collar
Fra:1 Mem:15.17M (Peak 15.17M) | Time:00:00.00 | Mem:0.00M, Peak:0.00M | Scene, ViewLayer | Synchronizing object | Arcane Brooch
Fra:1 Mem:15.19M (Peak 15.19M) | Time:00:00.00 | Mem:0.00M, Peak:0.00M | Scene, ViewLayer | Synchronizing object | Head
Fra:1 Mem:15.23M (Peak 15.23M) | Time:00:00.00 | Mem:0.00M, Peak:0.00M | Scene, ViewLayer | Synchronizing object | Eyes L
Fra:1 Mem:15.25M (Peak 15.25M) | Time:00:00.00 | Mem:0.00M, Peak:0.00M | Scene, ViewLayer | Synchronizing object | Leaf ritual mantle
Fra:1 Mem:15.25M (Peak 15.25M) | Time:00:00.00 | Mem:0.00M, Peak:0.00M | Scene, ViewLayer | Synchronizing object | Eyes R
Fra:1 Mem:15.26M (Peak 15.26M) | Time:00:00.00 | Mem:0.00M, Peak:0.00M | Scene, ViewLayer | Synchronizing object | Moonstone circlet
Fra:1 Mem:15.26M (Peak 15.26M) | Time:00:00.00 | Mem:0.00M, Peak:0.00M | Scene, ViewLayer | Synchronizing object | Hair Side Lock
Fra:1 Mem:15.36M (Peak 15.36M) | Time:00:00.00 | Mem:0.00M, Peak:0.00M | Scene, ViewLayer | Synchronizing object | Ear
Fra:1 Mem:15.38M (Peak 15.38M) | Time:00:00.00 | Mem:0.00M, Peak:0.00M | Scene, ViewLayer | Synchronizing object | Spirit antler branch.001
Fra:1 Mem:15.41M (Peak 15.41M) | Time:00:00.00 | Mem:0.00M, Peak:0.00M | Scene, ViewLayer | Synchronizing object | Hair Side Lock.001
Fra:1 Mem:15.46M (Peak 15.46M) | Time:00:00.00 | Mem:0.00M, Peak:0.00M | Scene, ViewLayer | Synchronizing object | Ear.001
Fra:1 Mem:15.50M (Peak 15.50M) | Time:00:00.00 | Mem:0.00M, Peak:0.00M | Scene, ViewLayer | Synchronizing object | Spirit antler.001
Fra:1 Mem:15.53M (Peak 15.53M) | Time:00:00.00 | Mem:0.00M, Peak:0.00M | Scene, ViewLayer | Synchronizing object | Nose
Fra:1 Mem:15.57M (Peak 15.57M) | Time:00:00.00 | Mem:0.00M, Peak:0.00M | Scene, ViewLayer | Synchronizing object | Spirit antler
Fra:1 Mem:15.61M (Peak 15.61M) | Time:00:00.00 | Mem:0.00M, Peak:0.00M | Scene, ViewLayer | Synchronizing object | Spirit antler branch
Fra:1 Mem:15.69M (Peak 15.69M) | Time:00:00.00 | Mem:0.00M, Peak:0.00M | Scene, ViewLayer | Initializing
Fra:1 Mem:13.97M (Peak 15.69M) | Time:00:00.00 | Mem:0.00M, Peak:0.00M | Scene, ViewLayer | Waiting for render to start
Fra:1 Mem:13.97M (Peak 15.69M) | Time:00:00.00 | Mem:0.00M, Peak:0.00M | Scene, ViewLayer | Loading render kernels (may take a few minutes the first time)
Fra:1 Mem:13.97M (Peak 15.69M) | Time:00:00.00 | Mem:0.00M, Peak:0.00M | Scene, ViewLayer | Updating Scene
Fra:1 Mem:13.97M (Peak 15.69M) | Time:00:00.00 | Mem:0.00M, Peak:0.00M | Scene, ViewLayer | Updating Shaders
Fra:1 Mem:14.05M (Peak 15.69M) | Time:00:00.00 | Mem:0.00M, Peak:0.00M | Scene, ViewLayer | Updating Procedurals
Fra:1 Mem:14.05M (Peak 15.69M) | Time:00:00.00 | Mem:0.00M, Peak:0.00M | Scene, ViewLayer | Updating Background
Fra:1 Mem:14.05M (Peak 15.69M) | Time:00:00.00 | Mem:0.00M, Peak:0.00M | Scene, ViewLayer | Updating Camera
Fra:1 Mem:14.05M (Peak 15.69M) | Time:00:00.00 | Mem:0.00M, Peak:0.00M | Scene, ViewLayer | Updating Meshes Flags
Fra:1 Mem:14.05M (Peak 15.69M) | Time:00:00.00 | Mem:0.00M, Peak:0.00M | Scene, ViewLayer | Updating Objects
Fra:1 Mem:14.05M (Peak 15.69M) | Time:00:00.00 | Mem:0.00M, Peak:0.00M | Scene, ViewLayer | Updating Objects | Copying Transformations to device
Fra:1 Mem:14.07M (Peak 15.69M) | Time:00:00.00 | Mem:0.01M, Peak:0.01M | Scene, ViewLayer | Updating Objects | Applying Static Transformations
Fra:1 Mem:14.07M (Peak 15.69M) | Time:00:00.00 | Mem:0.01M, Peak:0.01M | Scene, ViewLayer | Updating Particle Systems
Fra:1 Mem:14.07M (Peak 15.69M) | Time:00:00.00 | Mem:0.01M, Peak:0.01M | Scene, ViewLayer | Updating Particle Systems | Copying Particles to device
Fra:1 Mem:14.07M (Peak 15.69M) | Time:00:00.00 | Mem:0.01M, Peak:0.01M | Scene, ViewLayer | Updating Meshes
Fra:1 Mem:14.28M (Peak 15.69M) | Time:00:00.00 | Mem:0.01M, Peak:0.01M | Scene, ViewLayer | Updating Mesh | Computing attributes
Fra:1 Mem:14.40M (Peak 15.69M) | Time:00:00.00 | Mem:0.02M, Peak:0.02M | Scene, ViewLayer | Updating Mesh | Copying Attributes to device
Fra:1 Mem:14.39M (Peak 15.69M) | Time:00:00.00 | Mem:0.12M, Peak:0.12M | Scene, ViewLayer | Updating Scene BVH | Building
Fra:1 Mem:14.39M (Peak 15.69M) | Time:00:00.00 | Mem:0.12M, Peak:0.12M | Scene, ViewLayer | Updating Scene BVH | Building BVH
Fra:1 Mem:14.39M (Peak 15.69M) | Time:00:00.00 | Mem:0.55M, Peak:0.55M | Scene, ViewLayer | Updating Scene BVH | Building BVH 0%
Fra:1 Mem:14.39M (Peak 15.69M) | Time:00:00.01 | Mem:1.06M, Peak:1.49M | Scene, ViewLayer | Updating Scene BVH | Copying BVH to device
Fra:1 Mem:14.39M (Peak 15.69M) | Time:00:00.01 | Mem:1.06M, Peak:1.49M | Scene, ViewLayer | Updating Mesh | Computing normals
Fra:1 Mem:14.95M (Peak 15.69M) | Time:00:00.01 | Mem:1.06M, Peak:1.49M | Scene, ViewLayer | Updating Mesh | Copying Mesh to device
Fra:1 Mem:14.95M (Peak 15.69M) | Time:00:00.01 | Mem:1.62M, Peak:1.62M | Scene, ViewLayer | Updating Objects Flags
Fra:1 Mem:14.95M (Peak 15.69M) | Time:00:00.01 | Mem:1.62M, Peak:1.62M | Scene, ViewLayer | Updating Primitive Offsets
Fra:1 Mem:14.95M (Peak 15.69M) | Time:00:00.01 | Mem:1.62M, Peak:1.62M | Scene, ViewLayer | Updating Images
Fra:1 Mem:14.95M (Peak 15.69M) | Time:00:00.01 | Mem:1.62M, Peak:1.62M | Scene, ViewLayer | Updating Camera Volume
Fra:1 Mem:14.95M (Peak 15.69M) | Time:00:00.01 | Mem:1.62M, Peak:1.62M | Scene, ViewLayer | Updating Lookup Tables
Fra:1 Mem:14.95M (Peak 15.69M) | Time:00:00.01 | Mem:1.70M, Peak:1.70M | Scene, ViewLayer | Updating Lights
Fra:1 Mem:14.95M (Peak 15.69M) | Time:00:00.01 | Mem:1.70M, Peak:1.70M | Scene, ViewLayer | Updating Lights | Computing tree
Fra:1 Mem:14.95M (Peak 15.69M) | Time:00:00.01 | Mem:1.70M, Peak:1.70M | Scene, ViewLayer | Updating Integrator
Fra:1 Mem:14.95M (Peak 15.69M) | Time:00:00.01 | Mem:1.70M, Peak:1.70M | Scene, ViewLayer | Updating Film
Fra:1 Mem:14.95M (Peak 15.69M) | Time:00:00.01 | Mem:1.62M, Peak:1.70M | Scene, ViewLayer | Updating Lookup Tables
Fra:1 Mem:14.95M (Peak 15.69M) | Time:00:00.01 | Mem:1.70M, Peak:1.70M | Scene, ViewLayer | Updating Baking
Fra:1 Mem:14.95M (Peak 15.69M) | Time:00:00.01 | Mem:1.70M, Peak:1.70M | Scene, ViewLayer | Updating Device | Writing constant memory
Fra:1 Mem:14.95M (Peak 15.69M) | Time:00:00.01 | Mem:1.70M, Peak:1.70M | Scene, ViewLayer | Sample 0/48
Fra:1 Mem:26.65M (Peak 26.65M) | Time:00:00.20 | Remaining:00:09.00 | Mem:13.38M, Peak:13.38M | Scene, ViewLayer | Sample 1/48
Fra:1 Mem:31.84M (Peak 42.22M) | Time:00:07.02 | Mem:13.38M, Peak:13.38M | Scene, ViewLayer | Sample 48/48
Fra:1 Mem:31.84M (Peak 42.22M) | Time:00:07.02 | Mem:13.38M, Peak:13.38M | Scene, ViewLayer | Finished
Saved: 'ArtSource/ActorModules/EnabledReview/Constructions/h3-t-1-w0.png'
Time: 00:07.09 (Saving: 00:00.05)

Fra:1 Mem:14.33M (Peak 14.33M) | Time:00:00.00 | Mem:0.00M, Peak:0.00M | Scene, ViewLayer | Synchronizing object | Plane
Fra:1 Mem:14.34M (Peak 14.34M) | Time:00:00.00 | Mem:0.00M, Peak:0.00M | Scene, ViewLayer | Synchronizing object | Breastplate
Fra:1 Mem:14.38M (Peak 14.38M) | Time:00:00.00 | Mem:0.00M, Peak:0.00M | Scene, ViewLayer | Synchronizing object | Belt
Fra:1 Mem:14.40M (Peak 14.40M) | Time:00:00.00 | Mem:0.00M, Peak:0.00M | Scene, ViewLayer | Synchronizing object | Buckle
Fra:1 Mem:14.41M (Peak 14.41M) | Time:00:00.00 | Mem:0.00M, Peak:0.00M | Scene, ViewLayer | Synchronizing object | Sleeve
Fra:1 Mem:14.45M (Peak 14.45M) | Time:00:00.00 | Mem:0.00M, Peak:0.00M | Scene, ViewLayer | Synchronizing object | Knee Guard.001
Fra:1 Mem:14.50M (Peak 14.50M) | Time:00:00.00 | Mem:0.00M, Peak:0.00M | Scene, ViewLayer | Synchronizing object | Glove
Fra:1 Mem:14.55M (Peak 14.55M) | Time:00:00.00 | Mem:0.00M, Peak:0.00M | Scene, ViewLayer | Synchronizing object | Shin Guard.001
Fra:1 Mem:14.55M (Peak 14.55M) | Time:00:00.00 | Mem:0.00M, Peak:0.00M | Scene, ViewLayer | Synchronizing object | Orb
Fra:1 Mem:14.60M (Peak 14.60M) | Time:00:00.00 | Mem:0.00M, Peak:0.00M | Scene, ViewLayer | Synchronizing object | Forearm Bracer
Fra:1 Mem:14.65M (Peak 14.65M) | Time:00:00.00 | Mem:0.00M, Peak:0.00M | Scene, ViewLayer | Synchronizing object | Cuff Trim
Fra:1 Mem:14.66M (Peak 14.66M) | Time:00:00.00 | Mem:0.00M, Peak:0.00M | Scene, ViewLayer | Synchronizing object | Boot.001
Fra:1 Mem:14.68M (Peak 14.68M) | Time:00:00.00 | Mem:0.00M, Peak:0.00M | Scene, ViewLayer | Synchronizing object | Tiered leaf shoulder
Fra:1 Mem:14.69M (Peak 14.69M) | Time:00:00.00 | Mem:0.00M, Peak:0.00M | Scene, ViewLayer | Synchronizing object | Tiered leaf shoulder.001
Fra:1 Mem:14.69M (Peak 14.69M) | Time:00:00.00 | Mem:0.00M, Peak:0.00M | Scene, ViewLayer | Synchronizing object | Tiered leaf shoulder.002
Fra:1 Mem:14.70M (Peak 14.70M) | Time:00:00.00 | Mem:0.00M, Peak:0.00M | Scene, ViewLayer | Synchronizing object | Sleeve.001
Fra:1 Mem:14.75M (Peak 14.75M) | Time:00:00.00 | Mem:0.00M, Peak:0.00M | Scene, ViewLayer | Synchronizing object | Glove.001
Fra:1 Mem:14.80M (Peak 14.80M) | Time:00:00.00 | Mem:0.00M, Peak:0.00M | Scene, ViewLayer | Synchronizing object | Forearm Bracer.001
Fra:1 Mem:14.84M (Peak 14.84M) | Time:00:00.00 | Mem:0.00M, Peak:0.00M | Scene, ViewLayer | Synchronizing object | Knee Guard
Fra:1 Mem:14.85M (Peak 14.85M) | Time:00:00.00 | Mem:0.00M, Peak:0.00M | Scene, ViewLayer | Synchronizing object | Cuff Trim.001
Fra:1 Mem:14.89M (Peak 14.89M) | Time:00:00.00 | Mem:0.00M, Peak:0.00M | Scene, ViewLayer | Synchronizing object | Inlaid staff
Fra:1 Mem:14.89M (Peak 14.89M) | Time:00:00.00 | Mem:0.00M, Peak:0.00M | Scene, ViewLayer | Synchronizing object | Staff collar
Fra:1 Mem:14.91M (Peak 14.91M) | Time:00:00.00 | Mem:0.00M, Peak:0.00M | Scene, ViewLayer | Synchronizing object | Focus crystal
Fra:1 Mem:14.93M (Peak 14.93M) | Time:00:00.00 | Mem:0.00M, Peak:0.00M | Scene, ViewLayer | Synchronizing object | Shin Guard
Fra:1 Mem:14.95M (Peak 14.95M) | Time:00:00.00 | Mem:0.00M, Peak:0.00M | Scene, ViewLayer | Synchronizing object | Tiered leaf shoulder.004
Fra:1 Mem:14.98M (Peak 14.98M) | Time:00:00.00 | Mem:0.00M, Peak:0.00M | Scene, ViewLayer | Synchronizing object | Tiered leaf shoulder.005
Fra:1 Mem:14.98M (Peak 14.98M) | Time:00:00.00 | Mem:0.00M, Peak:0.00M | Scene, ViewLayer | Synchronizing object | Tailored Cloak
Fra:1 Mem:14.99M (Peak 14.99M) | Time:00:00.00 | Mem:0.00M, Peak:0.00M | Scene, ViewLayer | Synchronizing object | Collar
Fra:1 Mem:15.01M (Peak 15.01M) | Time:00:00.00 | Mem:0.00M, Peak:0.00M | Scene, ViewLayer | Synchronizing object | Boot
Fra:1 Mem:15.02M (Peak 15.02M) | Time:00:00.00 | Mem:0.00M, Peak:0.00M | Scene, ViewLayer | Synchronizing object | Head
Fra:1 Mem:15.05M (Peak 15.05M) | Time:00:00.00 | Mem:0.00M, Peak:0.00M | Scene, ViewLayer | Synchronizing object | Eyes L
Fra:1 Mem:15.09M (Peak 15.09M) | Time:00:00.00 | Mem:0.00M, Peak:0.00M | Scene, ViewLayer | Synchronizing object | Trouser
Fra:1 Mem:15.12M (Peak 15.12M) | Time:00:00.00 | Mem:0.00M, Peak:0.00M | Scene, ViewLayer | Synchronizing object | Eyes R
Fra:1 Mem:15.16M (Peak 15.16M) | Time:00:00.00 | Mem:0.00M, Peak:0.00M | Scene, ViewLayer | Synchronizing object | Hair Side Lock
Fra:1 Mem:15.20M (Peak 15.20M) | Time:00:00.00 | Mem:0.00M, Peak:0.00M | Scene, ViewLayer | Synchronizing object | Split contract shawl tail.001
Fra:1 Mem:15.20M (Peak 15.20M) | Time:00:00.00 | Mem:0.00M, Peak:0.00M | Scene, ViewLayer | Synchronizing object | Ear
Fra:1 Mem:15.27M (Peak 15.27M) | Time:00:00.00 | Mem:0.00M, Peak:0.00M | Scene, ViewLayer | Synchronizing object | Hair Side Lock.001
Fra:1 Mem:15.28M (Peak 15.28M) | Time:00:00.00 | Mem:0.00M, Peak:0.00M | Scene, ViewLayer | Synchronizing object | Split contract shawl tail
Fra:1 Mem:15.37M (Peak 15.37M) | Time:00:00.00 | Mem:0.00M, Peak:0.00M | Scene, ViewLayer | Synchronizing object | Nose
Fra:1 Mem:15.40M (Peak 15.40M) | Time:00:00.00 | Mem:0.00M, Peak:0.00M | Scene, ViewLayer | Synchronizing object | Costume fastening
Fra:1 Mem:15.43M (Peak 15.43M) | Time:00:00.00 | Mem:0.00M, Peak:0.00M | Scene, ViewLayer | Synchronizing object | Spirit antler
Fra:1 Mem:15.46M (Peak 15.46M) | Time:00:00.00 | Mem:0.00M, Peak:0.00M | Scene, ViewLayer | Synchronizing object | Spirit antler branch
Fra:1 Mem:15.51M (Peak 15.51M) | Time:00:00.00 | Mem:0.00M, Peak:0.00M | Scene, ViewLayer | Synchronizing object | Contract chest crystal
Fra:1 Mem:15.52M (Peak 15.52M) | Time:00:00.00 | Mem:0.00M, Peak:0.00M | Scene, ViewLayer | Synchronizing object | Spirit ritual bib
Fra:1 Mem:15.54M (Peak 15.54M) | Time:00:00.00 | Mem:0.00M, Peak:0.00M | Scene, ViewLayer | Synchronizing object | Spirit antler branch.001
Fra:1 Mem:15.61M (Peak 15.61M) | Time:00:00.00 | Mem:0.00M, Peak:0.00M | Scene, ViewLayer | Synchronizing object | Moonstone circlet
Fra:1 Mem:15.66M (Peak 15.66M) | Time:00:00.00 | Mem:0.00M, Peak:0.00M | Scene, ViewLayer | Initializing
Fra:1 Mem:13.94M (Peak 15.66M) | Time:00:00.00 | Mem:0.00M, Peak:0.00M | Scene, ViewLayer | Waiting for render to start
Fra:1 Mem:13.94M (Peak 15.66M) | Time:00:00.00 | Mem:0.00M, Peak:0.00M | Scene, ViewLayer | Loading render kernels (may take a few minutes the first time)
Fra:1 Mem:13.94M (Peak 15.66M) | Time:00:00.00 | Mem:0.00M, Peak:0.00M | Scene, ViewLayer | Updating Scene
Fra:1 Mem:13.94M (Peak 15.66M) | Time:00:00.00 | Mem:0.00M, Peak:0.00M | Scene, ViewLayer | Updating Shaders
Fra:1 Mem:14.03M (Peak 15.66M) | Time:00:00.00 | Mem:0.00M, Peak:0.00M | Scene, ViewLayer | Updating Procedurals
Fra:1 Mem:14.03M (Peak 15.66M) | Time:00:00.00 | Mem:0.00M, Peak:0.00M | Scene, ViewLayer | Updating Background
Fra:1 Mem:14.03M (Peak 15.66M) | Time:00:00.00 | Mem:0.00M, Peak:0.00M | Scene, ViewLayer | Updating Camera
Fra:1 Mem:14.03M (Peak 15.66M) | Time:00:00.00 | Mem:0.00M, Peak:0.00M | Scene, ViewLayer | Updating Meshes Flags
Fra:1 Mem:14.03M (Peak 15.66M) | Time:00:00.00 | Mem:0.00M, Peak:0.00M | Scene, ViewLayer | Updating Objects
Fra:1 Mem:14.03M (Peak 15.66M) | Time:00:00.00 | Mem:0.00M, Peak:0.00M | Scene, ViewLayer | Updating Objects | Copying Transformations to device
Fra:1 Mem:14.04M (Peak 15.66M) | Time:00:00.00 | Mem:0.01M, Peak:0.01M | Scene, ViewLayer | Updating Objects | Applying Static Transformations
Fra:1 Mem:14.04M (Peak 15.66M) | Time:00:00.00 | Mem:0.01M, Peak:0.01M | Scene, ViewLayer | Updating Particle Systems
Fra:1 Mem:14.04M (Peak 15.66M) | Time:00:00.00 | Mem:0.01M, Peak:0.01M | Scene, ViewLayer | Updating Particle Systems | Copying Particles to device
Fra:1 Mem:14.04M (Peak 15.66M) | Time:00:00.00 | Mem:0.01M, Peak:0.01M | Scene, ViewLayer | Updating Meshes
Fra:1 Mem:14.25M (Peak 15.66M) | Time:00:00.00 | Mem:0.01M, Peak:0.01M | Scene, ViewLayer | Updating Mesh | Computing attributes
Fra:1 Mem:14.36M (Peak 15.66M) | Time:00:00.00 | Mem:0.02M, Peak:0.02M | Scene, ViewLayer | Updating Mesh | Copying Attributes to device
Fra:1 Mem:14.36M (Peak 15.66M) | Time:00:00.00 | Mem:0.12M, Peak:0.12M | Scene, ViewLayer | Updating Scene BVH | Building
Fra:1 Mem:14.36M (Peak 15.66M) | Time:00:00.00 | Mem:0.12M, Peak:0.12M | Scene, ViewLayer | Updating Scene BVH | Building BVH
Fra:1 Mem:14.36M (Peak 15.66M) | Time:00:00.00 | Mem:0.54M, Peak:0.54M | Scene, ViewLayer | Updating Scene BVH | Building BVH 0%
Fra:1 Mem:14.36M (Peak 15.66M) | Time:00:00.01 | Mem:1.00M, Peak:1.42M | Scene, ViewLayer | Updating Scene BVH | Copying BVH to device
Fra:1 Mem:14.36M (Peak 15.66M) | Time:00:00.01 | Mem:1.00M, Peak:1.42M | Scene, ViewLayer | Updating Mesh | Computing normals
Fra:1 Mem:14.90M (Peak 15.66M) | Time:00:00.01 | Mem:1.00M, Peak:1.42M | Scene, ViewLayer | Updating Mesh | Copying Mesh to device
Fra:1 Mem:14.90M (Peak 15.66M) | Time:00:00.01 | Mem:1.55M, Peak:1.55M | Scene, ViewLayer | Updating Objects Flags
Fra:1 Mem:14.90M (Peak 15.66M) | Time:00:00.01 | Mem:1.55M, Peak:1.55M | Scene, ViewLayer | Updating Primitive Offsets
Fra:1 Mem:14.90M (Peak 15.66M) | Time:00:00.01 | Mem:1.55M, Peak:1.55M | Scene, ViewLayer | Updating Images
Fra:1 Mem:14.90M (Peak 15.66M) | Time:00:00.01 | Mem:1.55M, Peak:1.55M | Scene, ViewLayer | Updating Camera Volume
Fra:1 Mem:14.90M (Peak 15.66M) | Time:00:00.01 | Mem:1.55M, Peak:1.55M | Scene, ViewLayer | Updating Lookup Tables
Fra:1 Mem:14.90M (Peak 15.66M) | Time:00:00.01 | Mem:1.63M, Peak:1.63M | Scene, ViewLayer | Updating Lights
Fra:1 Mem:14.91M (Peak 15.66M) | Time:00:00.01 | Mem:1.63M, Peak:1.63M | Scene, ViewLayer | Updating Lights | Computing tree
Fra:1 Mem:14.91M (Peak 15.66M) | Time:00:00.01 | Mem:1.63M, Peak:1.63M | Scene, ViewLayer | Updating Integrator
Fra:1 Mem:14.91M (Peak 15.66M) | Time:00:00.01 | Mem:1.63M, Peak:1.63M | Scene, ViewLayer | Updating Film
Fra:1 Mem:14.91M (Peak 15.66M) | Time:00:00.01 | Mem:1.55M, Peak:1.63M | Scene, ViewLayer | Updating Lookup Tables
Fra:1 Mem:14.91M (Peak 15.66M) | Time:00:00.01 | Mem:1.64M, Peak:1.64M | Scene, ViewLayer | Updating Baking
Fra:1 Mem:14.91M (Peak 15.66M) | Time:00:00.01 | Mem:1.64M, Peak:1.64M | Scene, ViewLayer | Updating Device | Writing constant memory
Fra:1 Mem:14.91M (Peak 15.66M) | Time:00:00.01 | Mem:1.64M, Peak:1.64M | Scene, ViewLayer | Sample 0/48
Fra:1 Mem:26.61M (Peak 26.61M) | Time:00:00.20 | Remaining:00:09.02 | Mem:13.32M, Peak:13.32M | Scene, ViewLayer | Sample 1/48
Fra:1 Mem:31.80M (Peak 42.18M) | Time:00:07.68 | Mem:13.32M, Peak:13.32M | Scene, ViewLayer | Sample 48/48
Fra:1 Mem:31.80M (Peak 42.18M) | Time:00:07.68 | Mem:13.32M, Peak:13.32M | Scene, ViewLayer | Finished
Saved: 'ArtSource/ActorModules/EnabledReview/Constructions/h3-t0-w0.png'
Time: 00:07.74 (Saving: 00:00.04)

Fra:1 Mem:11.27M (Peak 11.27M) | Time:00:00.00 | Mem:0.00M, Peak:0.00M | Scene, ViewLayer | Synchronizing object | Plane
Fra:1 Mem:11.27M (Peak 11.27M) | Time:00:00.00 | Mem:0.00M, Peak:0.00M | Scene, ViewLayer | Synchronizing object | Spirit wolf torso
Fra:1 Mem:11.28M (Peak 11.28M) | Time:00:00.00 | Mem:0.00M, Peak:0.00M | Scene, ViewLayer | Synchronizing object | Tail
Fra:1 Mem:11.35M (Peak 11.35M) | Time:00:00.00 | Mem:0.00M, Peak:0.00M | Scene, ViewLayer | Synchronizing object | Muzzle
Fra:1 Mem:11.37M (Peak 11.37M) | Time:00:00.00 | Mem:0.00M, Peak:0.00M | Scene, ViewLayer | Synchronizing object | Ear
Fra:1 Mem:11.37M (Peak 11.37M) | Time:00:00.00 | Mem:0.00M, Peak:0.00M | Scene, ViewLayer | Synchronizing object | Luminous eye
Fra:1 Mem:11.40M (Peak 11.40M) | Time:00:00.00 | Mem:0.00M, Peak:0.00M | Scene, ViewLayer | Synchronizing object | Ear.001
Fra:1 Mem:11.41M (Peak 11.41M) | Time:00:00.00 | Mem:0.00M, Peak:0.00M | Scene, ViewLayer | Synchronizing object | Luminous eye.001
Fra:1 Mem:11.45M (Peak 11.45M) | Time:00:00.00 | Mem:0.00M, Peak:0.00M | Scene, ViewLayer | Synchronizing object | Paw
Fra:1 Mem:11.47M (Peak 11.47M) | Time:00:00.00 | Mem:0.00M, Peak:0.00M | Scene, ViewLayer | Synchronizing object | Paw.001
Fra:1 Mem:11.50M (Peak 11.50M) | Time:00:00.00 | Mem:0.00M, Peak:0.00M | Scene, ViewLayer | Synchronizing object | Paw.002
Fra:1 Mem:11.52M (Peak 11.52M) | Time:00:00.00 | Mem:0.00M, Peak:0.00M | Scene, ViewLayer | Synchronizing object | Paw.003
Fra:1 Mem:11.56M (Peak 11.56M) | Time:00:00.00 | Mem:0.00M, Peak:0.00M | Scene, ViewLayer | Initializing
Fra:1 Mem:10.99M (Peak 11.56M) | Time:00:00.00 | Mem:0.00M, Peak:0.00M | Scene, ViewLayer | Waiting for render to start
Fra:1 Mem:10.99M (Peak 11.56M) | Time:00:00.00 | Mem:0.00M, Peak:0.00M | Scene, ViewLayer | Loading render kernels (may take a few minutes the first time)
Fra:1 Mem:10.99M (Peak 11.56M) | Time:00:00.00 | Mem:0.00M, Peak:0.00M | Scene, ViewLayer | Updating Scene
Fra:1 Mem:10.99M (Peak 11.56M) | Time:00:00.00 | Mem:0.00M, Peak:0.00M | Scene, ViewLayer | Updating Shaders
Fra:1 Mem:11.07M (Peak 11.56M) | Time:00:00.00 | Mem:0.00M, Peak:0.00M | Scene, ViewLayer | Updating Procedurals
Fra:1 Mem:11.07M (Peak 11.56M) | Time:00:00.00 | Mem:0.00M, Peak:0.00M | Scene, ViewLayer | Updating Background
Fra:1 Mem:11.07M (Peak 11.56M) | Time:00:00.00 | Mem:0.00M, Peak:0.00M | Scene, ViewLayer | Updating Camera
Fra:1 Mem:11.07M (Peak 11.56M) | Time:00:00.00 | Mem:0.00M, Peak:0.00M | Scene, ViewLayer | Updating Meshes Flags
Fra:1 Mem:11.07M (Peak 11.56M) | Time:00:00.00 | Mem:0.00M, Peak:0.00M | Scene, ViewLayer | Updating Objects
Fra:1 Mem:11.07M (Peak 11.56M) | Time:00:00.00 | Mem:0.00M, Peak:0.00M | Scene, ViewLayer | Updating Objects | Copying Transformations to device
Fra:1 Mem:11.08M (Peak 11.56M) | Time:00:00.00 | Mem:0.00M, Peak:0.00M | Scene, ViewLayer | Updating Objects | Applying Static Transformations
Fra:1 Mem:11.08M (Peak 11.56M) | Time:00:00.00 | Mem:0.00M, Peak:0.00M | Scene, ViewLayer | Updating Particle Systems
Fra:1 Mem:11.08M (Peak 11.56M) | Time:00:00.00 | Mem:0.00M, Peak:0.00M | Scene, ViewLayer | Updating Particle Systems | Copying Particles to device
Fra:1 Mem:11.08M (Peak 11.56M) | Time:00:00.00 | Mem:0.00M, Peak:0.00M | Scene, ViewLayer | Updating Meshes
Fra:1 Mem:11.10M (Peak 11.56M) | Time:00:00.00 | Mem:0.00M, Peak:0.00M | Scene, ViewLayer | Updating Mesh | Computing attributes
Fra:1 Mem:11.14M (Peak 11.56M) | Time:00:00.00 | Mem:0.01M, Peak:0.01M | Scene, ViewLayer | Updating Mesh | Copying Attributes to device
Fra:1 Mem:11.14M (Peak 11.56M) | Time:00:00.00 | Mem:0.04M, Peak:0.04M | Scene, ViewLayer | Updating Scene BVH | Building
Fra:1 Mem:11.14M (Peak 11.56M) | Time:00:00.00 | Mem:0.04M, Peak:0.04M | Scene, ViewLayer | Updating Scene BVH | Building BVH
Fra:1 Mem:11.14M (Peak 11.56M) | Time:00:00.00 | Mem:0.09M, Peak:0.09M | Scene, ViewLayer | Updating Scene BVH | Building BVH 0%
Fra:1 Mem:11.14M (Peak 11.56M) | Time:00:00.00 | Mem:0.15M, Peak:0.20M | Scene, ViewLayer | Updating Scene BVH | Copying BVH to device
Fra:1 Mem:11.14M (Peak 11.56M) | Time:00:00.00 | Mem:0.15M, Peak:0.20M | Scene, ViewLayer | Updating Mesh | Computing normals
Fra:1 Mem:11.27M (Peak 11.56M) | Time:00:00.00 | Mem:0.15M, Peak:0.20M | Scene, ViewLayer | Updating Mesh | Copying Mesh to device
Fra:1 Mem:11.27M (Peak 11.56M) | Time:00:00.00 | Mem:0.28M, Peak:0.28M | Scene, ViewLayer | Updating Objects Flags
Fra:1 Mem:11.27M (Peak 11.56M) | Time:00:00.00 | Mem:0.28M, Peak:0.28M | Scene, ViewLayer | Updating Primitive Offsets
Fra:1 Mem:11.27M (Peak 11.56M) | Time:00:00.00 | Mem:0.28M, Peak:0.28M | Scene, ViewLayer | Updating Images
Fra:1 Mem:11.27M (Peak 11.56M) | Time:00:00.00 | Mem:0.28M, Peak:0.28M | Scene, ViewLayer | Updating Camera Volume
Fra:1 Mem:11.27M (Peak 11.56M) | Time:00:00.00 | Mem:0.28M, Peak:0.28M | Scene, ViewLayer | Updating Lookup Tables
Fra:1 Mem:11.27M (Peak 11.56M) | Time:00:00.00 | Mem:0.36M, Peak:0.36M | Scene, ViewLayer | Updating Lights
Fra:1 Mem:11.27M (Peak 11.56M) | Time:00:00.00 | Mem:0.36M, Peak:0.36M | Scene, ViewLayer | Updating Lights | Computing tree
Fra:1 Mem:11.27M (Peak 11.56M) | Time:00:00.00 | Mem:0.36M, Peak:0.36M | Scene, ViewLayer | Updating Integrator
Fra:1 Mem:11.27M (Peak 11.56M) | Time:00:00.00 | Mem:0.36M, Peak:0.36M | Scene, ViewLayer | Updating Film
Fra:1 Mem:11.27M (Peak 11.56M) | Time:00:00.00 | Mem:0.28M, Peak:0.36M | Scene, ViewLayer | Updating Lookup Tables
Fra:1 Mem:11.27M (Peak 11.56M) | Time:00:00.00 | Mem:0.37M, Peak:0.37M | Scene, ViewLayer | Updating Baking
Fra:1 Mem:11.27M (Peak 11.56M) | Time:00:00.00 | Mem:0.37M, Peak:0.37M | Scene, ViewLayer | Updating Device | Writing constant memory
Fra:1 Mem:11.27M (Peak 11.56M) | Time:00:00.00 | Mem:0.37M, Peak:0.37M | Scene, ViewLayer | Sample 0/48
Fra:1 Mem:22.97M (Peak 22.97M) | Time:00:00.17 | Remaining:00:07.93 | Mem:12.05M, Peak:12.05M | Scene, ViewLayer | Sample 1/48
Fra:1 Mem:28.16M (Peak 38.54M) | Time:00:06.57 | Mem:12.05M, Peak:12.05M | Scene, ViewLayer | Sample 48/48
Fra:1 Mem:28.16M (Peak 38.54M) | Time:00:06.57 | Mem:12.05M, Peak:12.05M | Scene, ViewLayer | Finished
Saved: 'ArtSource/ActorModules/EnabledReview/Constructions/Companion-0.png'
Time: 00:06.62 (Saving: 00:00.04)

Fra:1 Mem:10.67M (Peak 10.67M) | Time:00:00.00 | Mem:0.00M, Peak:0.00M | Scene, ViewLayer | Synchronizing object | Plane
Fra:1 Mem:10.67M (Peak 10.67M) | Time:00:00.00 | Mem:0.00M, Peak:0.00M | Scene, ViewLayer | Synchronizing object | Spirit wing.001
Fra:1 Mem:10.67M (Peak 10.67M) | Time:00:00.00 | Mem:0.00M, Peak:0.00M | Scene, ViewLayer | Synchronizing object | Star crown
Fra:1 Mem:10.74M (Peak 10.74M) | Time:00:00.00 | Mem:0.00M, Peak:0.00M | Scene, ViewLayer | Synchronizing object | Spirit wing
Fra:1 Mem:10.79M (Peak 10.79M) | Time:00:00.00 | Mem:0.00M, Peak:0.00M | Scene, ViewLayer | Initializing
Fra:1 Mem:10.47M (Peak 10.79M) | Time:00:00.00 | Mem:0.00M, Peak:0.00M | Scene, ViewLayer | Waiting for render to start
Fra:1 Mem:10.48M (Peak 10.79M) | Time:00:00.00 | Mem:0.00M, Peak:0.00M | Scene, ViewLayer | Loading render kernels (may take a few minutes the first time)
Fra:1 Mem:10.48M (Peak 10.79M) | Time:00:00.00 | Mem:0.00M, Peak:0.00M | Scene, ViewLayer | Updating Scene
Fra:1 Mem:10.48M (Peak 10.79M) | Time:00:00.00 | Mem:0.00M, Peak:0.00M | Scene, ViewLayer | Updating Shaders
Fra:1 Mem:10.56M (Peak 10.79M) | Time:00:00.00 | Mem:0.00M, Peak:0.00M | Scene, ViewLayer | Updating Procedurals
Fra:1 Mem:10.56M (Peak 10.79M) | Time:00:00.00 | Mem:0.00M, Peak:0.00M | Scene, ViewLayer | Updating Background
Fra:1 Mem:10.56M (Peak 10.79M) | Time:00:00.00 | Mem:0.00M, Peak:0.00M | Scene, ViewLayer | Updating Camera
Fra:1 Mem:10.56M (Peak 10.79M) | Time:00:00.00 | Mem:0.00M, Peak:0.00M | Scene, ViewLayer | Updating Meshes Flags
Fra:1 Mem:10.56M (Peak 10.79M) | Time:00:00.00 | Mem:0.00M, Peak:0.00M | Scene, ViewLayer | Updating Objects
Fra:1 Mem:10.56M (Peak 10.79M) | Time:00:00.00 | Mem:0.00M, Peak:0.00M | Scene, ViewLayer | Updating Objects | Copying Transformations to device
Fra:1 Mem:10.56M (Peak 10.79M) | Time:00:00.00 | Mem:0.00M, Peak:0.00M | Scene, ViewLayer | Updating Objects | Applying Static Transformations
Fra:1 Mem:10.56M (Peak 10.79M) | Time:00:00.00 | Mem:0.00M, Peak:0.00M | Scene, ViewLayer | Updating Particle Systems
Fra:1 Mem:10.56M (Peak 10.79M) | Time:00:00.00 | Mem:0.00M, Peak:0.00M | Scene, ViewLayer | Updating Particle Systems | Copying Particles to device
Fra:1 Mem:10.56M (Peak 10.79M) | Time:00:00.00 | Mem:0.00M, Peak:0.00M | Scene, ViewLayer | Updating Meshes
Fra:1 Mem:10.58M (Peak 10.79M) | Time:00:00.00 | Mem:0.00M, Peak:0.00M | Scene, ViewLayer | Updating Mesh | Computing attributes
Fra:1 Mem:10.59M (Peak 10.79M) | Time:00:00.00 | Mem:0.00M, Peak:0.00M | Scene, ViewLayer | Updating Mesh | Copying Attributes to device
Fra:1 Mem:10.59M (Peak 10.79M) | Time:00:00.00 | Mem:0.01M, Peak:0.01M | Scene, ViewLayer | Updating Scene BVH | Building
Fra:1 Mem:10.59M (Peak 10.79M) | Time:00:00.00 | Mem:0.01M, Peak:0.01M | Scene, ViewLayer | Updating Scene BVH | Building BVH
Fra:1 Mem:10.59M (Peak 10.79M) | Time:00:00.00 | Mem:0.05M, Peak:0.05M | Scene, ViewLayer | Updating Scene BVH | Building BVH 0%
Fra:1 Mem:10.59M (Peak 10.79M) | Time:00:00.00 | Mem:0.09M, Peak:0.13M | Scene, ViewLayer | Updating Scene BVH | Copying BVH to device
Fra:1 Mem:10.59M (Peak 10.79M) | Time:00:00.00 | Mem:0.09M, Peak:0.13M | Scene, ViewLayer | Updating Mesh | Computing normals
Fra:1 Mem:10.64M (Peak 10.79M) | Time:00:00.00 | Mem:0.09M, Peak:0.13M | Scene, ViewLayer | Updating Mesh | Copying Mesh to device
Fra:1 Mem:10.64M (Peak 10.79M) | Time:00:00.00 | Mem:0.15M, Peak:0.15M | Scene, ViewLayer | Updating Objects Flags
Fra:1 Mem:10.64M (Peak 10.79M) | Time:00:00.00 | Mem:0.15M, Peak:0.15M | Scene, ViewLayer | Updating Primitive Offsets
Fra:1 Mem:10.64M (Peak 10.79M) | Time:00:00.00 | Mem:0.15M, Peak:0.15M | Scene, ViewLayer | Updating Images
Fra:1 Mem:10.64M (Peak 10.79M) | Time:00:00.00 | Mem:0.15M, Peak:0.15M | Scene, ViewLayer | Updating Camera Volume
Fra:1 Mem:10.64M (Peak 10.79M) | Time:00:00.00 | Mem:0.15M, Peak:0.15M | Scene, ViewLayer | Updating Lookup Tables
Fra:1 Mem:10.64M (Peak 10.79M) | Time:00:00.00 | Mem:0.23M, Peak:0.23M | Scene, ViewLayer | Updating Lights
Fra:1 Mem:10.64M (Peak 10.79M) | Time:00:00.00 | Mem:0.23M, Peak:0.23M | Scene, ViewLayer | Updating Lights | Computing tree
Fra:1 Mem:10.64M (Peak 10.79M) | Time:00:00.00 | Mem:0.23M, Peak:0.23M | Scene, ViewLayer | Updating Integrator
Fra:1 Mem:10.64M (Peak 10.79M) | Time:00:00.00 | Mem:0.23M, Peak:0.23M | Scene, ViewLayer | Updating Film
Fra:1 Mem:10.64M (Peak 10.79M) | Time:00:00.00 | Mem:0.15M, Peak:0.23M | Scene, ViewLayer | Updating Lookup Tables
Fra:1 Mem:10.64M (Peak 10.79M) | Time:00:00.00 | Mem:0.23M, Peak:0.23M | Scene, ViewLayer | Updating Baking
Fra:1 Mem:10.64M (Peak 10.79M) | Time:00:00.00 | Mem:0.23M, Peak:0.23M | Scene, ViewLayer | Updating Device | Writing constant memory
Fra:1 Mem:10.64M (Peak 10.79M) | Time:00:00.00 | Mem:0.23M, Peak:0.23M | Scene, ViewLayer | Sample 0/48
Fra:1 Mem:22.34M (Peak 22.34M) | Time:00:00.13 | Remaining:00:05.96 | Mem:11.91M, Peak:11.91M | Scene, ViewLayer | Sample 1/48
Fra:1 Mem:27.53M (Peak 37.91M) | Time:00:06.15 | Mem:11.91M, Peak:11.91M | Scene, ViewLayer | Sample 48/48
Fra:1 Mem:27.53M (Peak 37.91M) | Time:00:06.15 | Mem:11.91M, Peak:11.91M | Scene, ViewLayer | Finished
Saved: 'ArtSource/ActorModules/EnabledReview/Constructions/Companion-1.png'
Time: 00:06.21 (Saving: 00:00.05)

Fra:1 Mem:11.92M (Peak 11.92M) | Time:00:00.00 | Mem:0.00M, Peak:0.00M | Scene, ViewLayer | Synchronizing object | Plane
Fra:1 Mem:11.92M (Peak 11.92M) | Time:00:00.00 | Mem:0.00M, Peak:0.00M | Scene, ViewLayer | Synchronizing object | Breastplate
Fra:1 Mem:11.94M (Peak 11.94M) | Time:00:00.00 | Mem:0.00M, Peak:0.00M | Scene, ViewLayer | Synchronizing object | Leaf crown.002
Fra:1 Mem:11.95M (Peak 11.95M) | Time:00:00.00 | Mem:0.00M, Peak:0.00M | Scene, ViewLayer | Synchronizing object | Belt
Fra:1 Mem:12.01M (Peak 12.01M) | Time:00:00.00 | Mem:0.00M, Peak:0.00M | Scene, ViewLayer | Synchronizing object | Buckle
Fra:1 Mem:12.02M (Peak 12.02M) | Time:00:00.00 | Mem:0.00M, Peak:0.00M | Scene, ViewLayer | Synchronizing object | Leaf crown.001
Fra:1 Mem:12.07M (Peak 12.07M) | Time:00:00.00 | Mem:0.00M, Peak:0.00M | Scene, ViewLayer | Synchronizing object | Head
Fra:1 Mem:12.10M (Peak 12.10M) | Time:00:00.00 | Mem:0.00M, Peak:0.00M | Scene, ViewLayer | Synchronizing object | Leaf crown
Fra:1 Mem:12.14M (Peak 12.14M) | Time:00:00.00 | Mem:0.00M, Peak:0.00M | Scene, ViewLayer | Synchronizing object | Eyes L
Fra:1 Mem:12.16M (Peak 12.16M) | Time:00:00.00 | Mem:0.00M, Peak:0.00M | Scene, ViewLayer | Synchronizing object | Glove.001
Fra:1 Mem:12.21M (Peak 12.21M) | Time:00:00.00 | Mem:0.00M, Peak:0.00M | Scene, ViewLayer | Synchronizing object | Sleeve.001
Fra:1 Mem:12.24M (Peak 12.24M) | Time:00:00.00 | Mem:0.00M, Peak:0.00M | Scene, ViewLayer | Synchronizing object | Pauldrons.001
Fra:1 Mem:12.27M (Peak 12.27M) | Time:00:00.00 | Mem:0.00M, Peak:0.00M | Scene, ViewLayer | Synchronizing object | Eyes R
Fra:1 Mem:12.29M (Peak 12.29M) | Time:00:00.00 | Mem:0.00M, Peak:0.00M | Scene, ViewLayer | Synchronizing object | Glove
Fra:1 Mem:12.34M (Peak 12.34M) | Time:00:00.00 | Mem:0.00M, Peak:0.00M | Scene, ViewLayer | Synchronizing object | Trouser
Fra:1 Mem:12.37M (Peak 12.37M) | Time:00:00.00 | Mem:0.00M, Peak:0.00M | Scene, ViewLayer | Synchronizing object | Boot
Fra:1 Mem:12.39M (Peak 12.39M) | Time:00:00.00 | Mem:0.00M, Peak:0.00M | Scene, ViewLayer | Synchronizing object | Trouser.001
Fra:1 Mem:12.39M (Peak 12.39M) | Time:00:00.00 | Mem:0.00M, Peak:0.00M | Scene, ViewLayer | Synchronizing object | Boot.001
Fra:1 Mem:12.43M (Peak 12.43M) | Time:00:00.00 | Mem:0.00M, Peak:0.00M | Scene, ViewLayer | Synchronizing object | Pauldrons
Fra:1 Mem:12.47M (Peak 12.47M) | Time:00:00.00 | Mem:0.00M, Peak:0.00M | Scene, ViewLayer | Synchronizing object | Sleeve
Fra:1 Mem:12.52M (Peak 12.52M) | Time:00:00.00 | Mem:0.00M, Peak:0.00M | Scene, ViewLayer | Initializing
Fra:1 Mem:11.74M (Peak 12.52M) | Time:00:00.00 | Mem:0.00M, Peak:0.00M | Scene, ViewLayer | Waiting for render to start
Fra:1 Mem:11.74M (Peak 12.52M) | Time:00:00.00 | Mem:0.00M, Peak:0.00M | Scene, ViewLayer | Loading render kernels (may take a few minutes the first time)
Fra:1 Mem:11.74M (Peak 12.52M) | Time:00:00.00 | Mem:0.00M, Peak:0.00M | Scene, ViewLayer | Updating Scene
Fra:1 Mem:11.74M (Peak 12.52M) | Time:00:00.00 | Mem:0.00M, Peak:0.00M | Scene, ViewLayer | Updating Shaders
Fra:1 Mem:11.82M (Peak 12.52M) | Time:00:00.00 | Mem:0.00M, Peak:0.00M | Scene, ViewLayer | Updating Procedurals
Fra:1 Mem:11.82M (Peak 12.52M) | Time:00:00.00 | Mem:0.00M, Peak:0.00M | Scene, ViewLayer | Updating Background
Fra:1 Mem:11.82M (Peak 12.52M) | Time:00:00.00 | Mem:0.00M, Peak:0.00M | Scene, ViewLayer | Updating Camera
Fra:1 Mem:11.82M (Peak 12.52M) | Time:00:00.00 | Mem:0.00M, Peak:0.00M | Scene, ViewLayer | Updating Meshes Flags
Fra:1 Mem:11.82M (Peak 12.52M) | Time:00:00.00 | Mem:0.00M, Peak:0.00M | Scene, ViewLayer | Updating Objects
Fra:1 Mem:11.82M (Peak 12.52M) | Time:00:00.00 | Mem:0.00M, Peak:0.00M | Scene, ViewLayer | Updating Objects | Copying Transformations to device
Fra:1 Mem:11.83M (Peak 12.52M) | Time:00:00.00 | Mem:0.01M, Peak:0.01M | Scene, ViewLayer | Updating Objects | Applying Static Transformations
Fra:1 Mem:11.83M (Peak 12.52M) | Time:00:00.00 | Mem:0.01M, Peak:0.01M | Scene, ViewLayer | Updating Particle Systems
Fra:1 Mem:11.83M (Peak 12.52M) | Time:00:00.00 | Mem:0.01M, Peak:0.01M | Scene, ViewLayer | Updating Particle Systems | Copying Particles to device
Fra:1 Mem:11.83M (Peak 12.52M) | Time:00:00.00 | Mem:0.01M, Peak:0.01M | Scene, ViewLayer | Updating Meshes
Fra:1 Mem:11.92M (Peak 12.52M) | Time:00:00.00 | Mem:0.01M, Peak:0.01M | Scene, ViewLayer | Updating Mesh | Computing attributes
Fra:1 Mem:11.97M (Peak 12.52M) | Time:00:00.00 | Mem:0.01M, Peak:0.01M | Scene, ViewLayer | Updating Mesh | Copying Attributes to device
Fra:1 Mem:11.97M (Peak 12.52M) | Time:00:00.00 | Mem:0.06M, Peak:0.06M | Scene, ViewLayer | Updating Scene BVH | Building
Fra:1 Mem:11.97M (Peak 12.52M) | Time:00:00.00 | Mem:0.06M, Peak:0.06M | Scene, ViewLayer | Updating Scene BVH | Building BVH
Fra:1 Mem:11.97M (Peak 12.52M) | Time:00:00.00 | Mem:0.24M, Peak:0.24M | Scene, ViewLayer | Updating Scene BVH | Building BVH 0%
Fra:1 Mem:11.97M (Peak 12.52M) | Time:00:00.00 | Mem:0.43M, Peak:0.61M | Scene, ViewLayer | Updating Scene BVH | Copying BVH to device
Fra:1 Mem:11.97M (Peak 12.52M) | Time:00:00.00 | Mem:0.43M, Peak:0.61M | Scene, ViewLayer | Updating Mesh | Computing normals
Fra:1 Mem:12.22M (Peak 12.52M) | Time:00:00.00 | Mem:0.43M, Peak:0.61M | Scene, ViewLayer | Updating Mesh | Copying Mesh to device
Fra:1 Mem:12.22M (Peak 12.52M) | Time:00:00.00 | Mem:0.68M, Peak:0.68M | Scene, ViewLayer | Updating Objects Flags
Fra:1 Mem:12.22M (Peak 12.52M) | Time:00:00.00 | Mem:0.68M, Peak:0.68M | Scene, ViewLayer | Updating Primitive Offsets
Fra:1 Mem:12.22M (Peak 12.52M) | Time:00:00.00 | Mem:0.68M, Peak:0.68M | Scene, ViewLayer | Updating Images
Fra:1 Mem:12.22M (Peak 12.52M) | Time:00:00.00 | Mem:0.68M, Peak:0.68M | Scene, ViewLayer | Updating Camera Volume
Fra:1 Mem:12.22M (Peak 12.52M) | Time:00:00.00 | Mem:0.68M, Peak:0.68M | Scene, ViewLayer | Updating Lookup Tables
Fra:1 Mem:12.22M (Peak 12.52M) | Time:00:00.00 | Mem:0.77M, Peak:0.77M | Scene, ViewLayer | Updating Lights
Fra:1 Mem:12.22M (Peak 12.52M) | Time:00:00.00 | Mem:0.77M, Peak:0.77M | Scene, ViewLayer | Updating Lights | Computing tree
Fra:1 Mem:12.22M (Peak 12.52M) | Time:00:00.00 | Mem:0.77M, Peak:0.77M | Scene, ViewLayer | Updating Integrator
Fra:1 Mem:12.22M (Peak 12.52M) | Time:00:00.00 | Mem:0.77M, Peak:0.77M | Scene, ViewLayer | Updating Film
Fra:1 Mem:12.23M (Peak 12.52M) | Time:00:00.00 | Mem:0.69M, Peak:0.77M | Scene, ViewLayer | Updating Lookup Tables
Fra:1 Mem:12.23M (Peak 12.52M) | Time:00:00.00 | Mem:0.77M, Peak:0.77M | Scene, ViewLayer | Updating Baking
Fra:1 Mem:12.23M (Peak 12.52M) | Time:00:00.00 | Mem:0.77M, Peak:0.77M | Scene, ViewLayer | Updating Device | Writing constant memory
Fra:1 Mem:12.23M (Peak 12.52M) | Time:00:00.00 | Mem:0.77M, Peak:0.77M | Scene, ViewLayer | Sample 0/48
Fra:1 Mem:23.92M (Peak 23.92M) | Time:00:00.17 | Remaining:00:08.13 | Mem:12.45M, Peak:12.45M | Scene, ViewLayer | Sample 1/48
Fra:1 Mem:29.11M (Peak 39.50M) | Time:00:07.75 | Mem:12.45M, Peak:12.45M | Scene, ViewLayer | Sample 48/48
Fra:1 Mem:29.11M (Peak 39.50M) | Time:00:07.75 | Mem:12.45M, Peak:12.45M | Scene, ViewLayer | Finished
Saved: 'ArtSource/ActorModules/EnabledReview/Constructions/Companion-2.png'
Time: 00:07.79 (Saving: 00:00.03)

Fra:1 Mem:13.14M (Peak 13.14M) | Time:00:00.00 | Mem:0.00M, Peak:0.00M | Scene, ViewLayer | Synchronizing object | Plane
Fra:1 Mem:13.14M (Peak 13.14M) | Time:00:00.00 | Mem:0.00M, Peak:0.00M | Scene, ViewLayer | Synchronizing object | Faceted engine housing
Fra:1 Mem:13.14M (Peak 13.14M) | Time:00:00.00 | Mem:0.00M, Peak:0.00M | Scene, ViewLayer | Synchronizing object | Engine collar
Fra:1 Mem:13.18M (Peak 13.18M) | Time:00:00.00 | Mem:0.00M, Peak:0.00M | Scene, ViewLayer | Synchronizing object | Radial beam emitter
Fra:1 Mem:13.23M (Peak 13.23M) | Time:00:00.00 | Mem:0.00M, Peak:0.00M | Scene, ViewLayer | Synchronizing object | Exposed star heart
Fra:1 Mem:13.23M (Peak 13.23M) | Time:00:00.00 | Mem:0.00M, Peak:0.00M | Scene, ViewLayer | Synchronizing object | Split crown spindle
Fra:1 Mem:13.27M (Peak 13.27M) | Time:00:00.00 | Mem:0.00M, Peak:0.00M | Scene, ViewLayer | Synchronizing object | Bronze orbital meridian
Fra:1 Mem:13.29M (Peak 13.29M) | Time:00:00.00 | Mem:0.00M, Peak:0.00M | Scene, ViewLayer | Synchronizing object | Grounded claw.003
Fra:1 Mem:13.31M (Peak 13.31M) | Time:00:00.00 | Mem:0.00M, Peak:0.00M | Scene, ViewLayer | Synchronizing object | Dark counter-rotating meridian
Fra:1 Mem:13.35M (Peak 13.35M) | Time:00:00.00 | Mem:0.00M, Peak:0.00M | Scene, ViewLayer | Synchronizing object | Curved shell plate
Fra:1 Mem:13.39M (Peak 13.39M) | Time:00:00.00 | Mem:0.00M, Peak:0.00M | Scene, ViewLayer | Synchronizing object | Tapered radial shin.003
Fra:1 Mem:13.40M (Peak 13.40M) | Time:00:00.00 | Mem:0.00M, Peak:0.00M | Scene, ViewLayer | Synchronizing object | Curved shell plate.001
Fra:1 Mem:13.46M (Peak 13.46M) | Time:00:00.00 | Mem:0.00M, Peak:0.00M | Scene, ViewLayer | Synchronizing object | Armour crest inlay.001
Fra:1 Mem:13.51M (Peak 13.51M) | Time:00:00.00 | Mem:0.00M, Peak:0.00M | Scene, ViewLayer | Synchronizing object | Bronze knee.003
Fra:1 Mem:13.55M (Peak 13.55M) | Time:00:00.00 | Mem:0.00M, Peak:0.00M | Scene, ViewLayer | Synchronizing object | Curved shell plate.002
Fra:1 Mem:13.57M (Peak 13.57M) | Time:00:00.00 | Mem:0.00M, Peak:0.00M | Scene, ViewLayer | Synchronizing object | Thigh armour.003
Fra:1 Mem:13.63M (Peak 13.63M) | Time:00:00.00 | Mem:0.00M, Peak:0.00M | Scene, ViewLayer | Synchronizing object | Curved shell plate.003
Fra:1 Mem:13.67M (Peak 13.67M) | Time:00:00.00 | Mem:0.00M, Peak:0.00M | Scene, ViewLayer | Synchronizing object | Armour crest inlay.003
Fra:1 Mem:13.66M (Peak 13.67M) | Time:00:00.00 | Mem:0.00M, Peak:0.00M | Scene, ViewLayer | Synchronizing object | Grounded claw.002
Fra:1 Mem:13.71M (Peak 13.71M) | Time:00:00.00 | Mem:0.00M, Peak:0.00M | Scene, ViewLayer | Synchronizing object | Metal power channel casing
Fra:1 Mem:13.71M (Peak 13.71M) | Time:00:00.00 | Mem:0.00M, Peak:0.00M | Scene, ViewLayer | Synchronizing object | Metal power channel casing.001
Fra:1 Mem:13.74M (Peak 13.74M) | Time:00:00.00 | Mem:0.00M, Peak:0.00M | Scene, ViewLayer | Synchronizing object | Metal power channel casing.002
Fra:1 Mem:13.79M (Peak 13.79M) | Time:00:00.00 | Mem:0.00M, Peak:0.00M | Scene, ViewLayer | Synchronizing object | Thigh armour
Fra:1 Mem:13.82M (Peak 13.82M) | Time:00:00.00 | Mem:0.00M, Peak:0.00M | Scene, ViewLayer | Synchronizing object | Bronze knee
Fra:1 Mem:13.85M (Peak 13.85M) | Time:00:00.00 | Mem:0.00M, Peak:0.00M | Scene, ViewLayer | Synchronizing object | Tapered radial shin
Fra:1 Mem:13.90M (Peak 13.90M) | Time:00:00.00 | Mem:0.00M, Peak:0.00M | Scene, ViewLayer | Synchronizing object | Grounded claw
Fra:1 Mem:13.91M (Peak 13.91M) | Time:00:00.00 | Mem:0.00M, Peak:0.00M | Scene, ViewLayer | Synchronizing object | Thigh armour.001
Fra:1 Mem:13.95M (Peak 13.95M) | Time:00:00.00 | Mem:0.00M, Peak:0.00M | Scene, ViewLayer | Synchronizing object | Bronze knee.001
Fra:1 Mem:13.97M (Peak 13.97M) | Time:00:00.00 | Mem:0.00M, Peak:0.00M | Scene, ViewLayer | Synchronizing object | Tapered radial shin.001
Fra:1 Mem:14.03M (Peak 14.03M) | Time:00:00.00 | Mem:0.00M, Peak:0.00M | Scene, ViewLayer | Synchronizing object | Grounded claw.001
Fra:1 Mem:14.04M (Peak 14.04M) | Time:00:00.00 | Mem:0.00M, Peak:0.00M | Scene, ViewLayer | Synchronizing object | Thigh armour.002
Fra:1 Mem:14.08M (Peak 14.08M) | Time:00:00.00 | Mem:0.00M, Peak:0.00M | Scene, ViewLayer | Synchronizing object | Bronze knee.002
Fra:1 Mem:14.16M (Peak 14.16M) | Time:00:00.00 | Mem:0.00M, Peak:0.00M | Scene, ViewLayer | Initializing
Fra:1 Mem:12.91M (Peak 14.16M) | Time:00:00.00 | Mem:0.00M, Peak:0.00M | Scene, ViewLayer | Waiting for render to start
Fra:1 Mem:12.91M (Peak 14.16M) | Time:00:00.00 | Mem:0.00M, Peak:0.00M | Scene, ViewLayer | Loading render kernels (may take a few minutes the first time)
Fra:1 Mem:12.91M (Peak 14.16M) | Time:00:00.00 | Mem:0.00M, Peak:0.00M | Scene, ViewLayer | Updating Scene
Fra:1 Mem:12.91M (Peak 14.16M) | Time:00:00.00 | Mem:0.00M, Peak:0.00M | Scene, ViewLayer | Updating Shaders
Fra:1 Mem:12.99M (Peak 14.16M) | Time:00:00.00 | Mem:0.00M, Peak:0.00M | Scene, ViewLayer | Updating Procedurals
Fra:1 Mem:12.99M (Peak 14.16M) | Time:00:00.00 | Mem:0.00M, Peak:0.00M | Scene, ViewLayer | Updating Background
Fra:1 Mem:12.99M (Peak 14.16M) | Time:00:00.00 | Mem:0.00M, Peak:0.00M | Scene, ViewLayer | Updating Camera
Fra:1 Mem:12.99M (Peak 14.16M) | Time:00:00.00 | Mem:0.00M, Peak:0.00M | Scene, ViewLayer | Updating Meshes Flags
Fra:1 Mem:12.99M (Peak 14.16M) | Time:00:00.00 | Mem:0.00M, Peak:0.00M | Scene, ViewLayer | Updating Objects
Fra:1 Mem:12.99M (Peak 14.16M) | Time:00:00.00 | Mem:0.00M, Peak:0.00M | Scene, ViewLayer | Updating Objects | Copying Transformations to device
Fra:1 Mem:13.00M (Peak 14.16M) | Time:00:00.00 | Mem:0.01M, Peak:0.01M | Scene, ViewLayer | Updating Objects | Applying Static Transformations
Fra:1 Mem:13.00M (Peak 14.16M) | Time:00:00.00 | Mem:0.01M, Peak:0.01M | Scene, ViewLayer | Updating Particle Systems
Fra:1 Mem:13.00M (Peak 14.16M) | Time:00:00.00 | Mem:0.01M, Peak:0.01M | Scene, ViewLayer | Updating Particle Systems | Copying Particles to device
Fra:1 Mem:13.00M (Peak 14.16M) | Time:00:00.00 | Mem:0.01M, Peak:0.01M | Scene, ViewLayer | Updating Meshes
Fra:1 Mem:13.14M (Peak 14.16M) | Time:00:00.00 | Mem:0.01M, Peak:0.01M | Scene, ViewLayer | Updating Mesh | Computing attributes
Fra:1 Mem:13.24M (Peak 14.16M) | Time:00:00.00 | Mem:0.01M, Peak:0.01M | Scene, ViewLayer | Updating Mesh | Copying Attributes to device
Fra:1 Mem:13.24M (Peak 14.16M) | Time:00:00.00 | Mem:0.10M, Peak:0.10M | Scene, ViewLayer | Updating Scene BVH | Building
Fra:1 Mem:13.24M (Peak 14.16M) | Time:00:00.00 | Mem:0.10M, Peak:0.10M | Scene, ViewLayer | Updating Scene BVH | Building BVH
Fra:1 Mem:13.24M (Peak 14.16M) | Time:00:00.00 | Mem:0.39M, Peak:0.39M | Scene, ViewLayer | Updating Scene BVH | Building BVH 0%
Fra:1 Mem:13.24M (Peak 14.16M) | Time:00:00.01 | Mem:0.71M, Peak:1.01M | Scene, ViewLayer | Updating Scene BVH | Copying BVH to device
Fra:1 Mem:13.24M (Peak 14.16M) | Time:00:00.01 | Mem:0.71M, Peak:1.01M | Scene, ViewLayer | Updating Mesh | Computing normals
Fra:1 Mem:13.67M (Peak 14.16M) | Time:00:00.01 | Mem:0.71M, Peak:1.01M | Scene, ViewLayer | Updating Mesh | Copying Mesh to device
Fra:1 Mem:13.67M (Peak 14.16M) | Time:00:00.01 | Mem:1.14M, Peak:1.14M | Scene, ViewLayer | Updating Objects Flags
Fra:1 Mem:13.67M (Peak 14.16M) | Time:00:00.01 | Mem:1.14M, Peak:1.14M | Scene, ViewLayer | Updating Primitive Offsets
Fra:1 Mem:13.67M (Peak 14.16M) | Time:00:00.01 | Mem:1.14M, Peak:1.14M | Scene, ViewLayer | Updating Images
Fra:1 Mem:13.67M (Peak 14.16M) | Time:00:00.01 | Mem:1.14M, Peak:1.14M | Scene, ViewLayer | Updating Camera Volume
Fra:1 Mem:13.67M (Peak 14.16M) | Time:00:00.01 | Mem:1.14M, Peak:1.14M | Scene, ViewLayer | Updating Lookup Tables
Fra:1 Mem:13.67M (Peak 14.16M) | Time:00:00.01 | Mem:1.22M, Peak:1.22M | Scene, ViewLayer | Updating Lights
Fra:1 Mem:13.67M (Peak 14.16M) | Time:00:00.01 | Mem:1.22M, Peak:1.22M | Scene, ViewLayer | Updating Lights | Computing tree
Fra:1 Mem:13.67M (Peak 14.16M) | Time:00:00.01 | Mem:1.22M, Peak:1.22M | Scene, ViewLayer | Updating Integrator
Fra:1 Mem:13.67M (Peak 14.16M) | Time:00:00.01 | Mem:1.22M, Peak:1.22M | Scene, ViewLayer | Updating Film
Fra:1 Mem:13.67M (Peak 14.16M) | Time:00:00.01 | Mem:1.14M, Peak:1.22M | Scene, ViewLayer | Updating Lookup Tables
Fra:1 Mem:13.67M (Peak 14.16M) | Time:00:00.01 | Mem:1.23M, Peak:1.23M | Scene, ViewLayer | Updating Baking
Fra:1 Mem:13.67M (Peak 14.16M) | Time:00:00.01 | Mem:1.23M, Peak:1.23M | Scene, ViewLayer | Updating Device | Writing constant memory
Fra:1 Mem:13.67M (Peak 14.16M) | Time:00:00.01 | Mem:1.23M, Peak:1.23M | Scene, ViewLayer | Sample 0/48
Fra:1 Mem:25.37M (Peak 25.37M) | Time:00:00.19 | Remaining:00:08.43 | Mem:12.91M, Peak:12.91M | Scene, ViewLayer | Sample 1/48
Fra:1 Mem:30.56M (Peak 40.94M) | Time:00:08.38 | Mem:12.91M, Peak:12.91M | Scene, ViewLayer | Sample 48/48
Fra:1 Mem:30.56M (Peak 40.94M) | Time:00:08.38 | Mem:12.91M, Peak:12.91M | Scene, ViewLayer | Finished
Saved: 'ArtSource/ActorModules/EnabledReview/Constructions/LargeBoss.png'
Time: 00:08.43 (Saving: 00:00.04)


Blender quit
