Blender 4.3.2
Fra:1 Mem:16.92M (Peak 16.92M) | Time:00:00.00 | Mem:0.00M, Peak:0.00M | Scene, ViewLayer | Synchronizing object | Plane
Fra:1 Mem:16.92M (Peak 16.92M) | Time:00:00.00 | Mem:0.00M, Peak:0.00M | Scene, ViewLayer | Synchronizing object | Text
Fra:1 Mem:16.97M (Peak 16.97M) | Time:00:00.00 | Mem:0.00M, Peak:0.00M | Scene, ViewLayer | Synchronizing object | Text.001
Fra:1 Mem:17.03M (Peak 17.03M) | Time:00:00.00 | Mem:0.00M, Peak:0.00M | Scene, ViewLayer | Synchronizing object | Text.002
Fra:1 Mem:17.13M (Peak 17.13M) | Time:00:00.00 | Mem:0.00M, Peak:0.00M | Scene, ViewLayer | Synchronizing object | Text.003
Fra:1 Mem:17.22M (Peak 17.22M) | Time:00:00.00 | Mem:0.00M, Peak:0.00M | Scene, ViewLayer | Synchronizing object | Text.004
Fra:1 Mem:17.34M (Peak 17.34M) | Time:00:00.00 | Mem:0.00M, Peak:0.00M | Scene, ViewLayer | Synchronizing object | Slime Body
Fra:1 Mem:17.36M (Peak 17.36M) | Time:00:00.00 | Mem:0.00M, Peak:0.00M | Scene, ViewLayer | Synchronizing object | Eye White
Fra:1 Mem:17.40M (Peak 17.40M) | Time:00:00.00 | Mem:0.00M, Peak:0.00M | Scene, ViewLayer | Synchronizing object | Eye Pupil
Fra:1 Mem:17.42M (Peak 17.42M) | Time:00:00.00 | Mem:0.00M, Peak:0.00M | Scene, ViewLayer | Synchronizing object | Eye White.001
Fra:1 Mem:17.48M (Peak 17.48M) | Time:00:00.00 | Mem:0.00M, Peak:0.00M | Scene, ViewLayer | Synchronizing object | Eye Pupil.001
Fra:1 Mem:17.51M (Peak 17.51M) | Time:00:00.00 | Mem:0.00M, Peak:0.00M | Scene, ViewLayer | Synchronizing object | Smile
Fra:1 Mem:17.54M (Peak 17.54M) | Time:00:00.00 | Mem:0.00M, Peak:0.00M | Scene, ViewLayer | Synchronizing object | Slime soft highlight
Fra:1 Mem:17.59M (Peak 17.59M) | Time:00:00.00 | Mem:0.00M, Peak:0.00M | Scene, ViewLayer | Synchronizing object | Slime Body.001
Fra:1 Mem:17.60M (Peak 17.60M) | Time:00:00.00 | Mem:0.00M, Peak:0.00M | Scene, ViewLayer | Synchronizing object | Tactical attachment / SupplierBackpack
Fra:1 Mem:17.63M (Peak 17.63M) | Time:00:00.00 | Mem:0.00M, Peak:0.00M | Scene, ViewLayer | Synchronizing object | Slime Crown.001
Fra:1 Mem:17.67M (Peak 17.67M) | Time:00:00.00 | Mem:0.00M, Peak:0.00M | Scene, ViewLayer | Synchronizing object | Eye White.002
Fra:1 Mem:17.71M (Peak 17.71M) | Time:00:00.00 | Mem:0.00M, Peak:0.00M | Scene, ViewLayer | Synchronizing object | Eye Pupil.002
Fra:1 Mem:17.75M (Peak 17.75M) | Time:00:00.00 | Mem:0.00M, Peak:0.00M | Scene, ViewLayer | Synchronizing object | Eye White.003
Fra:1 Mem:17.75M (Peak 17.75M) | Time:00:00.00 | Mem:0.00M, Peak:0.00M | Scene, ViewLayer | Synchronizing object | Eye Pupil.003
Fra:1 Mem:17.82M (Peak 17.82M) | Time:00:00.00 | Mem:0.00M, Peak:0.00M | Scene, ViewLayer | Synchronizing object | Smile.001
Fra:1 Mem:17.83M (Peak 17.83M) | Time:00:00.00 | Mem:0.00M, Peak:0.00M | Scene, ViewLayer | Synchronizing object | Slime soft highlight.001
Fra:1 Mem:17.92M (Peak 17.92M) | Time:00:00.00 | Mem:0.00M, Peak:0.00M | Scene, ViewLayer | Synchronizing object | Tactical attachment / HuntBadge
Fra:1 Mem:17.93M (Peak 17.93M) | Time:00:00.00 | Mem:0.00M, Peak:0.00M | Scene, ViewLayer | Synchronizing object | Slime Crown.002
Fra:1 Mem:17.95M (Peak 17.95M) | Time:00:00.00 | Mem:0.00M, Peak:0.00M | Scene, ViewLayer | Synchronizing object | Eye White.004
Fra:1 Mem:17.99M (Peak 17.99M) | Time:00:00.00 | Mem:0.00M, Peak:0.00M | Scene, ViewLayer | Synchronizing object | Eye Pupil.004
Fra:1 Mem:18.05M (Peak 18.05M) | Time:00:00.00 | Mem:0.00M, Peak:0.00M | Scene, ViewLayer | Synchronizing object | Eye White.005
Fra:1 Mem:18.06M (Peak 18.06M) | Time:00:00.00 | Mem:0.00M, Peak:0.00M | Scene, ViewLayer | Synchronizing object | Eye Pupil.005
Fra:1 Mem:18.11M (Peak 18.11M) | Time:00:00.00 | Mem:0.00M, Peak:0.00M | Scene, ViewLayer | Synchronizing object | Smile.002
Fra:1 Mem:18.15M (Peak 18.15M) | Time:00:00.00 | Mem:0.00M, Peak:0.00M | Scene, ViewLayer | Synchronizing object | Slime soft highlight.004
Fra:1 Mem:18.16M (Peak 18.16M) | Time:00:00.00 | Mem:0.00M, Peak:0.00M | Scene, ViewLayer | Synchronizing object | Slime soft highlight.002
Fra:1 Mem:18.22M (Peak 18.22M) | Time:00:00.00 | Mem:0.00M, Peak:0.00M | Scene, ViewLayer | Synchronizing object | Slime Body.003
Fra:1 Mem:18.23M (Peak 18.23M) | Time:00:00.00 | Mem:0.00M, Peak:0.00M | Scene, ViewLayer | Synchronizing object | Slime Crown.003
Fra:1 Mem:18.29M (Peak 18.29M) | Time:00:00.00 | Mem:0.00M, Peak:0.00M | Scene, ViewLayer | Synchronizing object | Smile.004
Fra:1 Mem:18.35M (Peak 18.35M) | Time:00:00.00 | Mem:0.00M, Peak:0.00M | Scene, ViewLayer | Synchronizing object | Eye White.006
Fra:1 Mem:18.36M (Peak 18.36M) | Time:00:00.00 | Mem:0.00M, Peak:0.00M | Scene, ViewLayer | Synchronizing object | Eye Pupil.006
Fra:1 Mem:18.39M (Peak 18.39M) | Time:00:00.00 | Mem:0.00M, Peak:0.00M | Scene, ViewLayer | Synchronizing object | Eye White.007
Fra:1 Mem:18.44M (Peak 18.44M) | Time:00:00.00 | Mem:0.00M, Peak:0.00M | Scene, ViewLayer | Synchronizing object | Eye Pupil.009
Fra:1 Mem:18.47M (Peak 18.47M) | Time:00:00.00 | Mem:0.00M, Peak:0.00M | Scene, ViewLayer | Synchronizing object | Eye Pupil.007
Fra:1 Mem:18.52M (Peak 18.52M) | Time:00:00.00 | Mem:0.00M, Peak:0.00M | Scene, ViewLayer | Synchronizing object | Smile.003
Fra:1 Mem:18.54M (Peak 18.54M) | Time:00:00.00 | Mem:0.00M, Peak:0.00M | Scene, ViewLayer | Synchronizing object | Slime soft highlight.003
Fra:1 Mem:18.56M (Peak 18.56M) | Time:00:00.00 | Mem:0.00M, Peak:0.00M | Scene, ViewLayer | Synchronizing object | Eye White.009
Fra:1 Mem:18.58M (Peak 18.58M) | Time:00:00.00 | Mem:0.00M, Peak:0.00M | Scene, ViewLayer | Synchronizing object | Slime Body.004
Fra:1 Mem:18.66M (Peak 18.66M) | Time:00:00.00 | Mem:0.00M, Peak:0.00M | Scene, ViewLayer | Synchronizing object | Tactical attachment / SupplierBackpack.001
Fra:1 Mem:18.66M (Peak 18.66M) | Time:00:00.00 | Mem:0.00M, Peak:0.00M | Scene, ViewLayer | Synchronizing object | Tactical attachment / SupportMantle.001
Fra:1 Mem:18.71M (Peak 18.71M) | Time:00:00.00 | Mem:0.00M, Peak:0.00M | Scene, ViewLayer | Synchronizing object | Eye Pupil.008
Fra:1 Mem:18.73M (Peak 18.73M) | Time:00:00.00 | Mem:0.00M, Peak:0.00M | Scene, ViewLayer | Synchronizing object | Slime Crown.004
Fra:1 Mem:18.75M (Peak 18.75M) | Time:00:00.00 | Mem:0.00M, Peak:0.00M | Scene, ViewLayer | Synchronizing object | Eye White.008
Fra:1 Mem:18.84M (Peak 18.84M) | Time:00:00.00 | Mem:0.00M, Peak:0.00M | Scene, ViewLayer | Initializing
Fra:1 Mem:15.80M (Peak 18.84M) | Time:00:00.00 | Mem:0.00M, Peak:0.00M | Scene, ViewLayer | Waiting for render to start
Fra:1 Mem:15.80M (Peak 18.84M) | Time:00:00.00 | Mem:0.00M, Peak:0.00M | Scene, ViewLayer | Loading render kernels (may take a few minutes the first time)
Fra:1 Mem:15.80M (Peak 18.84M) | Time:00:00.00 | Mem:0.00M, Peak:0.00M | Scene, ViewLayer | Updating Scene
Fra:1 Mem:15.80M (Peak 18.84M) | Time:00:00.00 | Mem:0.00M, Peak:0.00M | Scene, ViewLayer | Updating Shaders
Fra:1 Mem:15.88M (Peak 18.84M) | Time:00:00.00 | Mem:0.01M, Peak:0.01M | Scene, ViewLayer | Updating Procedurals
Fra:1 Mem:15.88M (Peak 18.84M) | Time:00:00.00 | Mem:0.01M, Peak:0.01M | Scene, ViewLayer | Updating Background
Fra:1 Mem:15.88M (Peak 18.84M) | Time:00:00.00 | Mem:0.01M, Peak:0.01M | Scene, ViewLayer | Updating Camera
Fra:1 Mem:15.88M (Peak 18.84M) | Time:00:00.00 | Mem:0.01M, Peak:0.01M | Scene, ViewLayer | Updating Meshes Flags
Fra:1 Mem:15.88M (Peak 18.84M) | Time:00:00.00 | Mem:0.01M, Peak:0.01M | Scene, ViewLayer | Updating Objects
Fra:1 Mem:15.88M (Peak 18.84M) | Time:00:00.00 | Mem:0.01M, Peak:0.01M | Scene, ViewLayer | Updating Objects | Copying Transformations to device
Fra:1 Mem:15.90M (Peak 18.84M) | Time:00:00.00 | Mem:0.02M, Peak:0.02M | Scene, ViewLayer | Updating Objects | Applying Static Transformations
Fra:1 Mem:15.90M (Peak 18.84M) | Time:00:00.00 | Mem:0.02M, Peak:0.02M | Scene, ViewLayer | Updating Particle Systems
Fra:1 Mem:15.90M (Peak 18.84M) | Time:00:00.00 | Mem:0.02M, Peak:0.02M | Scene, ViewLayer | Updating Particle Systems | Copying Particles to device
Fra:1 Mem:15.90M (Peak 18.84M) | Time:00:00.00 | Mem:0.02M, Peak:0.02M | Scene, ViewLayer | Updating Meshes
Fra:1 Mem:16.17M (Peak 18.84M) | Time:00:00.00 | Mem:0.02M, Peak:0.02M | Scene, ViewLayer | Updating Mesh | Computing attributes
Fra:1 Mem:16.36M (Peak 18.84M) | Time:00:00.00 | Mem:0.02M, Peak:0.02M | Scene, ViewLayer | Updating Mesh | Copying Attributes to device
Fra:1 Mem:16.35M (Peak 18.84M) | Time:00:00.00 | Mem:0.20M, Peak:0.20M | Scene, ViewLayer | Updating Scene BVH | Building
Fra:1 Mem:16.35M (Peak 18.84M) | Time:00:00.00 | Mem:0.20M, Peak:0.20M | Scene, ViewLayer | Updating Scene BVH | Building BVH
Fra:1 Mem:16.35M (Peak 18.84M) | Time:00:00.00 | Mem:0.74M, Peak:0.74M | Scene, ViewLayer | Updating Scene BVH | Building BVH 0%
Fra:1 Mem:16.35M (Peak 18.84M) | Time:00:00.01 | Mem:1.40M, Peak:1.94M | Scene, ViewLayer | Updating Scene BVH | Copying BVH to device
Fra:1 Mem:16.35M (Peak 18.84M) | Time:00:00.01 | Mem:1.40M, Peak:1.94M | Scene, ViewLayer | Updating Mesh | Computing normals
Fra:1 Mem:17.15M (Peak 18.84M) | Time:00:00.01 | Mem:1.40M, Peak:1.94M | Scene, ViewLayer | Updating Mesh | Copying Mesh to device
Fra:1 Mem:17.15M (Peak 18.84M) | Time:00:00.01 | Mem:2.20M, Peak:2.20M | Scene, ViewLayer | Updating Objects Flags
Fra:1 Mem:17.15M (Peak 18.84M) | Time:00:00.01 | Mem:2.20M, Peak:2.20M | Scene, ViewLayer | Updating Primitive Offsets
Fra:1 Mem:17.15M (Peak 18.84M) | Time:00:00.01 | Mem:2.20M, Peak:2.20M | Scene, ViewLayer | Updating Images
Fra:1 Mem:17.15M (Peak 18.84M) | Time:00:00.01 | Mem:2.20M, Peak:2.20M | Scene, ViewLayer | Updating Camera Volume
Fra:1 Mem:17.15M (Peak 18.84M) | Time:00:00.01 | Mem:2.20M, Peak:2.20M | Scene, ViewLayer | Updating Lookup Tables
Fra:1 Mem:17.15M (Peak 18.84M) | Time:00:00.01 | Mem:2.28M, Peak:2.28M | Scene, ViewLayer | Updating Lights
Fra:1 Mem:17.15M (Peak 18.84M) | Time:00:00.01 | Mem:2.28M, Peak:2.28M | Scene, ViewLayer | Updating Lights | Computing tree
Fra:1 Mem:17.15M (Peak 18.84M) | Time:00:00.01 | Mem:2.28M, Peak:2.28M | Scene, ViewLayer | Updating Integrator
Fra:1 Mem:17.15M (Peak 18.84M) | Time:00:00.01 | Mem:2.28M, Peak:2.28M | Scene, ViewLayer | Updating Film
Fra:1 Mem:17.16M (Peak 18.84M) | Time:00:00.01 | Mem:2.20M, Peak:2.28M | Scene, ViewLayer | Updating Lookup Tables
Fra:1 Mem:17.16M (Peak 18.84M) | Time:00:00.01 | Mem:2.29M, Peak:2.29M | Scene, ViewLayer | Updating Baking
Fra:1 Mem:17.16M (Peak 18.84M) | Time:00:00.01 | Mem:2.29M, Peak:2.29M | Scene, ViewLayer | Updating Device | Writing constant memory
Fra:1 Mem:17.16M (Peak 18.84M) | Time:00:00.01 | Mem:2.29M, Peak:2.29M | Scene, ViewLayer | Sample 0/24
Fra:1 Mem:55.50M (Peak 55.50M) | Time:00:00.49 | Remaining:00:11.07 | Mem:40.60M, Peak:40.60M | Scene, ViewLayer | Sample 1/24
Fra:1 Mem:72.53M (Peak 106.59M) | Time:00:10.58 | Mem:40.60M, Peak:40.60M | Scene, ViewLayer | Sample 24/24
Fra:1 Mem:72.53M (Peak 106.59M) | Time:00:10.58 | Mem:40.60M, Peak:40.60M | Scene, ViewLayer | Finished
Saved: 'ArtSource/TacticalAttachments/EnemyAssemblies/Slime.png'
Time: 00:10.81 (Saving: 00:00.22)

Fra:1 Mem:19.10M (Peak 19.10M) | Time:00:00.00 | Mem:0.00M, Peak:0.00M | Scene, ViewLayer | Synchronizing object | Plane
Fra:1 Mem:19.10M (Peak 19.10M) | Time:00:00.00 | Mem:0.00M, Peak:0.00M | Scene, ViewLayer | Synchronizing object | Text
Fra:1 Mem:19.15M (Peak 19.15M) | Time:00:00.00 | Mem:0.00M, Peak:0.00M | Scene, ViewLayer | Synchronizing object | Text.001
Fra:1 Mem:19.21M (Peak 19.21M) | Time:00:00.00 | Mem:0.00M, Peak:0.00M | Scene, ViewLayer | Synchronizing object | Text.002
Fra:1 Mem:19.31M (Peak 19.31M) | Time:00:00.00 | Mem:0.00M, Peak:0.00M | Scene, ViewLayer | Synchronizing object | Text.003
Fra:1 Mem:19.39M (Peak 19.39M) | Time:00:00.00 | Mem:0.00M, Peak:0.00M | Scene, ViewLayer | Synchronizing object | Text.004
Fra:1 Mem:19.52M (Peak 19.52M) | Time:00:00.00 | Mem:0.00M, Peak:0.00M | Scene, ViewLayer | Synchronizing object | Spirit Core
Fra:1 Mem:19.53M (Peak 19.53M) | Time:00:00.00 | Mem:0.00M, Peak:0.00M | Scene, ViewLayer | Synchronizing object | Spirit Crown
Fra:1 Mem:19.55M (Peak 19.55M) | Time:00:00.00 | Mem:0.00M, Peak:0.00M | Scene, ViewLayer | Synchronizing object | Spirit Tail
Fra:1 Mem:19.58M (Peak 19.58M) | Time:00:00.00 | Mem:0.00M, Peak:0.00M | Scene, ViewLayer | Synchronizing object | Spirit Tail.001
Fra:1 Mem:19.68M (Peak 19.68M) | Time:00:00.00 | Mem:0.00M, Peak:0.00M | Scene, ViewLayer | Synchronizing object | Spirit Tail.002
Fra:1 Mem:19.68M (Peak 19.68M) | Time:00:00.00 | Mem:0.00M, Peak:0.00M | Scene, ViewLayer | Synchronizing object | Spirit swept horn
Fra:1 Mem:19.71M (Peak 19.71M) | Time:00:00.00 | Mem:0.00M, Peak:0.00M | Scene, ViewLayer | Synchronizing object | Spirit swept horn.001
Fra:1 Mem:19.71M (Peak 19.71M) | Time:00:00.00 | Mem:0.00M, Peak:0.00M | Scene, ViewLayer | Synchronizing object | Spirit Core.001
Fra:1 Mem:19.75M (Peak 19.75M) | Time:00:00.00 | Mem:0.00M, Peak:0.00M | Scene, ViewLayer | Synchronizing object | Spirit swept horn.008
Fra:1 Mem:19.75M (Peak 19.75M) | Time:00:00.00 | Mem:0.00M, Peak:0.00M | Scene, ViewLayer | Synchronizing object | Spirit Crown.001
Fra:1 Mem:19.75M (Peak 19.75M) | Time:00:00.00 | Mem:0.00M, Peak:0.00M | Scene, ViewLayer | Synchronizing object | Spirit Eyes.002
Fra:1 Mem:19.82M (Peak 19.82M) | Time:00:00.00 | Mem:0.00M, Peak:0.00M | Scene, ViewLayer | Synchronizing object | Spirit Tail.014
Fra:1 Mem:19.87M (Peak 19.87M) | Time:00:00.00 | Mem:0.00M, Peak:0.00M | Scene, ViewLayer | Synchronizing object | Spirit Eyes.003
Fra:1 Mem:19.87M (Peak 19.87M) | Time:00:00.00 | Mem:0.00M, Peak:0.00M | Scene, ViewLayer | Synchronizing object | Spirit Tail.003
Fra:1 Mem:19.87M (Peak 19.87M) | Time:00:00.00 | Mem:0.00M, Peak:0.00M | Scene, ViewLayer | Synchronizing object | Spirit Tail.004
Fra:1 Mem:19.95M (Peak 19.95M) | Time:00:00.00 | Mem:0.00M, Peak:0.00M | Scene, ViewLayer | Synchronizing object | Spirit Tail.013
Fra:1 Mem:20.01M (Peak 20.01M) | Time:00:00.00 | Mem:0.00M, Peak:0.00M | Scene, ViewLayer | Synchronizing object | Spirit Tail.005
Fra:1 Mem:20.03M (Peak 20.03M) | Time:00:00.00 | Mem:0.00M, Peak:0.00M | Scene, ViewLayer | Synchronizing object | Spirit swept horn.002
Fra:1 Mem:20.05M (Peak 20.05M) | Time:00:00.00 | Mem:0.00M, Peak:0.00M | Scene, ViewLayer | Synchronizing object | Spirit swept horn.003
Fra:1 Mem:20.05M (Peak 20.05M) | Time:00:00.00 | Mem:0.00M, Peak:0.00M | Scene, ViewLayer | Synchronizing object | Spirit Tail.012
Fra:1 Mem:20.07M (Peak 20.07M) | Time:00:00.00 | Mem:0.00M, Peak:0.00M | Scene, ViewLayer | Synchronizing object | Spirit Core.002
Fra:1 Mem:20.09M (Peak 20.09M) | Time:00:00.00 | Mem:0.00M, Peak:0.00M | Scene, ViewLayer | Synchronizing object | Tactical attachment / HuntBadge
Fra:1 Mem:20.10M (Peak 20.10M) | Time:00:00.00 | Mem:0.00M, Peak:0.00M | Scene, ViewLayer | Synchronizing object | Spirit Crown.002
Fra:1 Mem:20.14M (Peak 20.14M) | Time:00:00.00 | Mem:0.00M, Peak:0.00M | Scene, ViewLayer | Synchronizing object | Spirit Eyes.004
Fra:1 Mem:20.18M (Peak 20.18M) | Time:00:00.00 | Mem:0.00M, Peak:0.00M | Scene, ViewLayer | Synchronizing object | Spirit Eyes.009
Fra:1 Mem:20.21M (Peak 20.21M) | Time:00:00.00 | Mem:0.00M, Peak:0.00M | Scene, ViewLayer | Synchronizing object | Spirit Tail.006
Fra:1 Mem:20.27M (Peak 20.27M) | Time:00:00.00 | Mem:0.00M, Peak:0.00M | Scene, ViewLayer | Synchronizing object | Spirit Tail.007
Fra:1 Mem:20.32M (Peak 20.32M) | Time:00:00.00 | Mem:0.00M, Peak:0.00M | Scene, ViewLayer | Synchronizing object | Spirit Tail.008
Fra:1 Mem:20.32M (Peak 20.32M) | Time:00:00.00 | Mem:0.00M, Peak:0.00M | Scene, ViewLayer | Synchronizing object | Spirit Eyes.008
Fra:1 Mem:20.36M (Peak 20.36M) | Time:00:00.00 | Mem:0.00M, Peak:0.00M | Scene, ViewLayer | Synchronizing object | Spirit swept horn.004
Fra:1 Mem:20.39M (Peak 20.39M) | Time:00:00.00 | Mem:0.00M, Peak:0.00M | Scene, ViewLayer | Synchronizing object | Spirit swept horn.005
Fra:1 Mem:20.39M (Peak 20.39M) | Time:00:00.00 | Mem:0.00M, Peak:0.00M | Scene, ViewLayer | Synchronizing object | Spirit Core.003
Fra:1 Mem:20.41M (Peak 20.41M) | Time:00:00.00 | Mem:0.00M, Peak:0.00M | Scene, ViewLayer | Synchronizing object | Tactical attachment / SupportMantle
Fra:1 Mem:20.43M (Peak 20.43M) | Time:00:00.00 | Mem:0.00M, Peak:0.00M | Scene, ViewLayer | Synchronizing object | Spirit Crown.003
Fra:1 Mem:20.43M (Peak 20.43M) | Time:00:00.00 | Mem:0.00M, Peak:0.00M | Scene, ViewLayer | Synchronizing object | Spirit Crown.004
Fra:1 Mem:20.45M (Peak 20.45M) | Time:00:00.00 | Mem:0.00M, Peak:0.00M | Scene, ViewLayer | Synchronizing object | Spirit Eyes.006
Fra:1 Mem:20.51M (Peak 20.51M) | Time:00:00.00 | Mem:0.00M, Peak:0.00M | Scene, ViewLayer | Synchronizing object | Spirit Eyes.007
Fra:1 Mem:20.55M (Peak 20.55M) | Time:00:00.00 | Mem:0.00M, Peak:0.00M | Scene, ViewLayer | Synchronizing object | Tactical attachment / SupportMantle.001
Fra:1 Mem:20.56M (Peak 20.56M) | Time:00:00.00 | Mem:0.00M, Peak:0.00M | Scene, ViewLayer | Synchronizing object | Spirit Tail.009
Fra:1 Mem:20.58M (Peak 20.58M) | Time:00:00.00 | Mem:0.00M, Peak:0.00M | Scene, ViewLayer | Synchronizing object | Spirit Tail.010
Fra:1 Mem:20.61M (Peak 20.61M) | Time:00:00.00 | Mem:0.00M, Peak:0.00M | Scene, ViewLayer | Synchronizing object | Tactical attachment / HuntBadge.001
Fra:1 Mem:20.64M (Peak 20.64M) | Time:00:00.00 | Mem:0.00M, Peak:0.00M | Scene, ViewLayer | Synchronizing object | Spirit Tail.011
Fra:1 Mem:20.68M (Peak 20.68M) | Time:00:00.00 | Mem:0.00M, Peak:0.00M | Scene, ViewLayer | Synchronizing object | Tactical attachment / SupplierBackpack.001
Fra:1 Mem:20.71M (Peak 20.71M) | Time:00:00.00 | Mem:0.00M, Peak:0.00M | Scene, ViewLayer | Synchronizing object | Spirit swept horn.006
Fra:1 Mem:20.71M (Peak 20.71M) | Time:00:00.00 | Mem:0.00M, Peak:0.00M | Scene, ViewLayer | Synchronizing object | Spirit swept horn.007
Fra:1 Mem:20.73M (Peak 20.73M) | Time:00:00.00 | Mem:0.00M, Peak:0.00M | Scene, ViewLayer | Synchronizing object | Spirit Core.004
Fra:1 Mem:20.78M (Peak 20.78M) | Time:00:00.00 | Mem:0.00M, Peak:0.00M | Scene, ViewLayer | Initializing
Fra:1 Mem:17.57M (Peak 20.78M) | Time:00:00.00 | Mem:0.00M, Peak:0.00M | Scene, ViewLayer | Waiting for render to start
Fra:1 Mem:17.57M (Peak 20.78M) | Time:00:00.00 | Mem:0.00M, Peak:0.00M | Scene, ViewLayer | Loading render kernels (may take a few minutes the first time)
Fra:1 Mem:17.57M (Peak 20.78M) | Time:00:00.00 | Mem:0.00M, Peak:0.00M | Scene, ViewLayer | Updating Scene
Fra:1 Mem:17.57M (Peak 20.78M) | Time:00:00.00 | Mem:0.00M, Peak:0.00M | Scene, ViewLayer | Updating Shaders
Fra:1 Mem:17.66M (Peak 20.78M) | Time:00:00.00 | Mem:0.01M, Peak:0.01M | Scene, ViewLayer | Updating Procedurals
Fra:1 Mem:17.66M (Peak 20.78M) | Time:00:00.00 | Mem:0.01M, Peak:0.01M | Scene, ViewLayer | Updating Background
Fra:1 Mem:17.66M (Peak 20.78M) | Time:00:00.00 | Mem:0.01M, Peak:0.01M | Scene, ViewLayer | Updating Camera
Fra:1 Mem:17.66M (Peak 20.78M) | Time:00:00.00 | Mem:0.01M, Peak:0.01M | Scene, ViewLayer | Updating Meshes Flags
Fra:1 Mem:17.66M (Peak 20.78M) | Time:00:00.00 | Mem:0.01M, Peak:0.01M | Scene, ViewLayer | Updating Objects
Fra:1 Mem:17.66M (Peak 20.78M) | Time:00:00.00 | Mem:0.01M, Peak:0.01M | Scene, ViewLayer | Updating Objects | Copying Transformations to device
Fra:1 Mem:17.67M (Peak 20.78M) | Time:00:00.00 | Mem:0.02M, Peak:0.02M | Scene, ViewLayer | Updating Objects | Applying Static Transformations
Fra:1 Mem:17.67M (Peak 20.78M) | Time:00:00.00 | Mem:0.02M, Peak:0.02M | Scene, ViewLayer | Updating Particle Systems
Fra:1 Mem:17.67M (Peak 20.78M) | Time:00:00.00 | Mem:0.02M, Peak:0.02M | Scene, ViewLayer | Updating Particle Systems | Copying Particles to device
Fra:1 Mem:17.68M (Peak 20.78M) | Time:00:00.00 | Mem:0.02M, Peak:0.02M | Scene, ViewLayer | Updating Meshes
Fra:1 Mem:17.92M (Peak 20.78M) | Time:00:00.00 | Mem:0.02M, Peak:0.02M | Scene, ViewLayer | Updating Mesh | Computing attributes
Fra:1 Mem:18.08M (Peak 20.78M) | Time:00:00.00 | Mem:0.02M, Peak:0.02M | Scene, ViewLayer | Updating Mesh | Copying Attributes to device
Fra:1 Mem:18.07M (Peak 20.78M) | Time:00:00.00 | Mem:0.17M, Peak:0.17M | Scene, ViewLayer | Updating Scene BVH | Building
Fra:1 Mem:18.07M (Peak 20.78M) | Time:00:00.00 | Mem:0.17M, Peak:0.17M | Scene, ViewLayer | Updating Scene BVH | Building BVH
Fra:1 Mem:18.07M (Peak 20.78M) | Time:00:00.00 | Mem:0.66M, Peak:0.66M | Scene, ViewLayer | Updating Scene BVH | Building BVH 0%
Fra:1 Mem:18.07M (Peak 20.78M) | Time:00:00.01 | Mem:1.25M, Peak:1.73M | Scene, ViewLayer | Updating Scene BVH | Copying BVH to device
Fra:1 Mem:18.07M (Peak 20.78M) | Time:00:00.01 | Mem:1.25M, Peak:1.73M | Scene, ViewLayer | Updating Mesh | Computing normals
Fra:1 Mem:18.78M (Peak 20.78M) | Time:00:00.01 | Mem:1.25M, Peak:1.73M | Scene, ViewLayer | Updating Mesh | Copying Mesh to device
Fra:1 Mem:18.78M (Peak 20.78M) | Time:00:00.01 | Mem:1.95M, Peak:1.95M | Scene, ViewLayer | Updating Objects Flags
Fra:1 Mem:18.78M (Peak 20.78M) | Time:00:00.01 | Mem:1.95M, Peak:1.95M | Scene, ViewLayer | Updating Primitive Offsets
Fra:1 Mem:18.78M (Peak 20.78M) | Time:00:00.01 | Mem:1.95M, Peak:1.95M | Scene, ViewLayer | Updating Images
Fra:1 Mem:18.78M (Peak 20.78M) | Time:00:00.01 | Mem:1.95M, Peak:1.95M | Scene, ViewLayer | Updating Camera Volume
Fra:1 Mem:18.78M (Peak 20.78M) | Time:00:00.01 | Mem:1.95M, Peak:1.95M | Scene, ViewLayer | Updating Lookup Tables
Fra:1 Mem:18.78M (Peak 20.78M) | Time:00:00.01 | Mem:2.03M, Peak:2.03M | Scene, ViewLayer | Updating Lights
Fra:1 Mem:18.78M (Peak 20.78M) | Time:00:00.01 | Mem:2.03M, Peak:2.03M | Scene, ViewLayer | Updating Lights | Computing tree
Fra:1 Mem:18.78M (Peak 20.78M) | Time:00:00.01 | Mem:2.03M, Peak:2.03M | Scene, ViewLayer | Updating Integrator
Fra:1 Mem:18.78M (Peak 20.78M) | Time:00:00.01 | Mem:2.03M, Peak:2.03M | Scene, ViewLayer | Updating Film
Fra:1 Mem:18.78M (Peak 20.78M) | Time:00:00.01 | Mem:1.95M, Peak:2.03M | Scene, ViewLayer | Updating Lookup Tables
Fra:1 Mem:18.78M (Peak 20.78M) | Time:00:00.01 | Mem:2.04M, Peak:2.04M | Scene, ViewLayer | Updating Baking
Fra:1 Mem:18.78M (Peak 20.78M) | Time:00:00.01 | Mem:2.04M, Peak:2.04M | Scene, ViewLayer | Updating Device | Writing constant memory
Fra:1 Mem:18.78M (Peak 20.78M) | Time:00:00.01 | Mem:2.04M, Peak:2.04M | Scene, ViewLayer | Sample 0/24
Fra:1 Mem:57.12M (Peak 57.12M) | Time:00:00.43 | Remaining:00:09.79 | Mem:40.35M, Peak:40.35M | Scene, ViewLayer | Sample 1/24
Fra:1 Mem:74.15M (Peak 108.21M) | Time:00:10.58 | Mem:40.35M, Peak:40.35M | Scene, ViewLayer | Sample 24/24
Fra:1 Mem:74.15M (Peak 108.21M) | Time:00:10.58 | Mem:40.35M, Peak:40.35M | Scene, ViewLayer | Finished
Saved: 'ArtSource/TacticalAttachments/EnemyAssemblies/Wisp.png'
Time: 00:10.68 (Saving: 00:00.10)

Fra:1 Mem:30.81M (Peak 30.81M) | Time:00:00.00 | Mem:0.00M, Peak:0.00M | Scene, ViewLayer | Synchronizing object | Plane
Fra:1 Mem:30.81M (Peak 30.81M) | Time:00:00.00 | Mem:0.00M, Peak:0.00M | Scene, ViewLayer | Synchronizing object | Text
Fra:1 Mem:30.86M (Peak 30.86M) | Time:00:00.00 | Mem:0.00M, Peak:0.00M | Scene, ViewLayer | Synchronizing object | Text.001
Fra:1 Mem:30.92M (Peak 30.92M) | Time:00:00.00 | Mem:0.00M, Peak:0.00M | Scene, ViewLayer | Synchronizing object | Text.002
Fra:1 Mem:31.02M (Peak 31.02M) | Time:00:00.00 | Mem:0.00M, Peak:0.00M | Scene, ViewLayer | Synchronizing object | Text.003
Fra:1 Mem:31.11M (Peak 31.11M) | Time:00:00.00 | Mem:0.00M, Peak:0.00M | Scene, ViewLayer | Synchronizing object | Text.004
Fra:1 Mem:31.23M (Peak 31.23M) | Time:00:00.00 | Mem:0.00M, Peak:0.00M | Scene, ViewLayer | Synchronizing object | Breastplate
Fra:1 Mem:31.24M (Peak 31.24M) | Time:00:00.00 | Mem:0.00M, Peak:0.00M | Scene, ViewLayer | Synchronizing object | Belt
Fra:1 Mem:31.28M (Peak 31.28M) | Time:00:00.00 | Mem:0.00M, Peak:0.00M | Scene, ViewLayer | Synchronizing object | Buckle
Fra:1 Mem:31.32M (Peak 31.32M) | Time:00:00.00 | Mem:0.00M, Peak:0.00M | Scene, ViewLayer | Synchronizing object | Pauldrons
Fra:1 Mem:31.34M (Peak 31.34M) | Time:00:00.00 | Mem:0.00M, Peak:0.00M | Scene, ViewLayer | Synchronizing object | Sleeve
Fra:1 Mem:31.38M (Peak 31.38M) | Time:00:00.00 | Mem:0.00M, Peak:0.00M | Scene, ViewLayer | Synchronizing object | Glove
Fra:1 Mem:31.42M (Peak 31.42M) | Time:00:00.00 | Mem:0.00M, Peak:0.00M | Scene, ViewLayer | Synchronizing object | Forearm Bracer
Fra:1 Mem:31.46M (Peak 31.46M) | Time:00:00.00 | Mem:0.00M, Peak:0.00M | Scene, ViewLayer | Synchronizing object | Cuff Trim
Fra:1 Mem:31.47M (Peak 31.47M) | Time:00:00.00 | Mem:0.00M, Peak:0.00M | Scene, ViewLayer | Synchronizing object | Pauldrons.001
Fra:1 Mem:31.50M (Peak 31.50M) | Time:00:00.00 | Mem:0.00M, Peak:0.00M | Scene, ViewLayer | Synchronizing object | Sleeve.001
Fra:1 Mem:31.54M (Peak 31.54M) | Time:00:00.00 | Mem:0.00M, Peak:0.00M | Scene, ViewLayer | Synchronizing object | Glove.001
Fra:1 Mem:31.58M (Peak 31.58M) | Time:00:00.00 | Mem:0.00M, Peak:0.00M | Scene, ViewLayer | Synchronizing object | Goblin Knife
Fra:1 Mem:31.60M (Peak 31.60M) | Time:00:00.00 | Mem:0.00M, Peak:0.00M | Scene, ViewLayer | Synchronizing object | Forearm Bracer.001
Fra:1 Mem:31.65M (Peak 31.65M) | Time:00:00.00 | Mem:0.00M, Peak:0.00M | Scene, ViewLayer | Synchronizing object | Cuff Trim.001
Fra:1 Mem:31.67M (Peak 31.67M) | Time:00:00.01 | Mem:0.00M, Peak:0.00M | Scene, ViewLayer | Synchronizing object | Head
Fra:1 Mem:31.67M (Peak 31.67M) | Time:00:00.01 | Mem:0.00M, Peak:0.00M | Scene, ViewLayer | Synchronizing object | Eyes L
Fra:1 Mem:31.73M (Peak 31.73M) | Time:00:00.01 | Mem:0.00M, Peak:0.00M | Scene, ViewLayer | Synchronizing object | Eyes R
Fra:1 Mem:31.77M (Peak 31.77M) | Time:00:00.01 | Mem:0.00M, Peak:0.00M | Scene, ViewLayer | Synchronizing object | Long Ear
Fra:1 Mem:31.81M (Peak 31.81M) | Time:00:00.01 | Mem:0.00M, Peak:0.00M | Scene, ViewLayer | Synchronizing object | Long Ear.001
Fra:1 Mem:31.86M (Peak 31.86M) | Time:00:00.01 | Mem:0.00M, Peak:0.00M | Scene, ViewLayer | Synchronizing object | Leather Cap
Fra:1 Mem:31.89M (Peak 31.89M) | Time:00:00.01 | Mem:0.00M, Peak:0.00M | Scene, ViewLayer | Synchronizing object | Goblin brow left
Fra:1 Mem:31.92M (Peak 31.92M) | Time:00:00.01 | Mem:0.00M, Peak:0.00M | Scene, ViewLayer | Synchronizing object | Goblin brow right
Fra:1 Mem:31.93M (Peak 31.93M) | Time:00:00.01 | Mem:0.00M, Peak:0.00M | Scene, ViewLayer | Synchronizing object | Knee Guard.009
Fra:1 Mem:31.95M (Peak 31.95M) | Time:00:00.01 | Mem:0.00M, Peak:0.00M | Scene, ViewLayer | Synchronizing object | Goblin nose
Fra:1 Mem:32.03M (Peak 32.03M) | Time:00:00.01 | Mem:0.00M, Peak:0.00M | Scene, ViewLayer | Synchronizing object | Trouser
Fra:1 Mem:32.03M (Peak 32.03M) | Time:00:00.01 | Mem:0.00M, Peak:0.00M | Scene, ViewLayer | Synchronizing object | Boot
Fra:1 Mem:32.11M (Peak 32.11M) | Time:00:00.01 | Mem:0.00M, Peak:0.00M | Scene, ViewLayer | Synchronizing object | Shin Guard
Fra:1 Mem:32.16M (Peak 32.16M) | Time:00:00.01 | Mem:0.00M, Peak:0.00M | Scene, ViewLayer | Synchronizing object | Boot.009
Fra:1 Mem:32.17M (Peak 32.17M) | Time:00:00.01 | Mem:0.00M, Peak:0.00M | Scene, ViewLayer | Synchronizing object | Knee Guard
Fra:1 Mem:32.19M (Peak 32.19M) | Time:00:00.01 | Mem:0.00M, Peak:0.00M | Scene, ViewLayer | Synchronizing object | Trouser.009
Fra:1 Mem:32.22M (Peak 32.22M) | Time:00:00.01 | Mem:0.00M, Peak:0.00M | Scene, ViewLayer | Synchronizing object | Trouser.001
Fra:1 Mem:32.29M (Peak 32.29M) | Time:00:00.01 | Mem:0.00M, Peak:0.00M | Scene, ViewLayer | Synchronizing object | Knee Guard.008
Fra:1 Mem:32.32M (Peak 32.32M) | Time:00:00.01 | Mem:0.00M, Peak:0.00M | Scene, ViewLayer | Synchronizing object | Boot.001
Fra:1 Mem:32.33M (Peak 32.33M) | Time:00:00.01 | Mem:0.00M, Peak:0.00M | Scene, ViewLayer | Synchronizing object | Shin Guard.001
Fra:1 Mem:32.36M (Peak 32.36M) | Time:00:00.01 | Mem:0.00M, Peak:0.00M | Scene, ViewLayer | Synchronizing object | Shin Guard.008
Fra:1 Mem:32.40M (Peak 32.40M) | Time:00:00.01 | Mem:0.00M, Peak:0.00M | Scene, ViewLayer | Synchronizing object | Knee Guard.001
Fra:1 Mem:32.45M (Peak 32.45M) | Time:00:00.01 | Mem:0.00M, Peak:0.00M | Scene, ViewLayer | Synchronizing object | Breastplate.001
Fra:1 Mem:32.48M (Peak 32.48M) | Time:00:00.01 | Mem:0.00M, Peak:0.00M | Scene, ViewLayer | Synchronizing object | Tactical attachment / SupplierBackpack
Fra:1 Mem:32.51M (Peak 32.51M) | Time:00:00.01 | Mem:0.00M, Peak:0.00M | Scene, ViewLayer | Synchronizing object | Trouser.008
Fra:1 Mem:32.54M (Peak 32.54M) | Time:00:00.01 | Mem:0.00M, Peak:0.00M | Scene, ViewLayer | Synchronizing object | Belt.001
Fra:1 Mem:32.58M (Peak 32.58M) | Time:00:00.01 | Mem:0.00M, Peak:0.00M | Scene, ViewLayer | Synchronizing object | Goblin nose.004
Fra:1 Mem:32.62M (Peak 32.62M) | Time:00:00.01 | Mem:0.00M, Peak:0.00M | Scene, ViewLayer | Synchronizing object | Buckle.001
Fra:1 Mem:32.65M (Peak 32.65M) | Time:00:00.01 | Mem:0.00M, Peak:0.00M | Scene, ViewLayer | Synchronizing object | Goblin brow right.004
Fra:1 Mem:32.69M (Peak 32.69M) | Time:00:00.01 | Mem:0.00M, Peak:0.00M | Scene, ViewLayer | Synchronizing object | Pauldrons.002
Fra:1 Mem:32.72M (Peak 32.72M) | Time:00:00.01 | Mem:0.00M, Peak:0.00M | Scene, ViewLayer | Synchronizing object | Goblin brow left.004
Fra:1 Mem:32.74M (Peak 32.74M) | Time:00:00.01 | Mem:0.00M, Peak:0.00M | Scene, ViewLayer | Synchronizing object | Sleeve.002
Fra:1 Mem:32.79M (Peak 32.79M) | Time:00:00.01 | Mem:0.00M, Peak:0.00M | Scene, ViewLayer | Synchronizing object | Leather Cap.004
Fra:1 Mem:32.82M (Peak 32.82M) | Time:00:00.01 | Mem:0.00M, Peak:0.00M | Scene, ViewLayer | Synchronizing object | Glove.002
Fra:1 Mem:32.84M (Peak 32.84M) | Time:00:00.01 | Mem:0.00M, Peak:0.00M | Scene, ViewLayer | Synchronizing object | Long Ear.009
Fra:1 Mem:32.86M (Peak 32.86M) | Time:00:00.01 | Mem:0.00M, Peak:0.00M | Scene, ViewLayer | Synchronizing object | Forearm Bracer.002
Fra:1 Mem:32.93M (Peak 32.93M) | Time:00:00.01 | Mem:0.00M, Peak:0.00M | Scene, ViewLayer | Synchronizing object | Cuff Trim.002
Fra:1 Mem:32.94M (Peak 32.94M) | Time:00:00.01 | Mem:0.00M, Peak:0.00M | Scene, ViewLayer | Synchronizing object | Long Ear.008
Fra:1 Mem:32.96M (Peak 32.96M) | Time:00:00.01 | Mem:0.00M, Peak:0.00M | Scene, ViewLayer | Synchronizing object | Pauldrons.003
Fra:1 Mem:32.99M (Peak 32.99M) | Time:00:00.01 | Mem:0.00M, Peak:0.00M | Scene, ViewLayer | Synchronizing object | Sleeve.003
Fra:1 Mem:33.03M (Peak 33.03M) | Time:00:00.01 | Mem:0.00M, Peak:0.00M | Scene, ViewLayer | Synchronizing object | Glove.003
Fra:1 Mem:33.06M (Peak 33.06M) | Time:00:00.01 | Mem:0.00M, Peak:0.00M | Scene, ViewLayer | Synchronizing object | Eyes R.004
Fra:1 Mem:33.10M (Peak 33.10M) | Time:00:00.01 | Mem:0.00M, Peak:0.00M | Scene, ViewLayer | Synchronizing object | Goblin Knife.001
Fra:1 Mem:33.14M (Peak 33.14M) | Time:00:00.01 | Mem:0.00M, Peak:0.00M | Scene, ViewLayer | Synchronizing object | Forearm Bracer.003
Fra:1 Mem:33.14M (Peak 33.14M) | Time:00:00.01 | Mem:0.00M, Peak:0.00M | Scene, ViewLayer | Synchronizing object | Eyes L.004
Fra:1 Mem:33.20M (Peak 33.20M) | Time:00:00.01 | Mem:0.00M, Peak:0.00M | Scene, ViewLayer | Synchronizing object | Cuff Trim.003
Fra:1 Mem:33.21M (Peak 33.21M) | Time:00:00.01 | Mem:0.00M, Peak:0.00M | Scene, ViewLayer | Synchronizing object | Head.001
Fra:1 Mem:33.24M (Peak 33.24M) | Time:00:00.01 | Mem:0.00M, Peak:0.00M | Scene, ViewLayer | Synchronizing object | Head.004
Fra:1 Mem:33.27M (Peak 33.27M) | Time:00:00.01 | Mem:0.00M, Peak:0.00M | Scene, ViewLayer | Synchronizing object | Eyes L.001
Fra:1 Mem:33.32M (Peak 33.32M) | Time:00:00.01 | Mem:0.00M, Peak:0.00M | Scene, ViewLayer | Synchronizing object | Cuff Trim.009
Fra:1 Mem:33.34M (Peak 33.34M) | Time:00:00.01 | Mem:0.00M, Peak:0.00M | Scene, ViewLayer | Synchronizing object | Forearm Bracer.009
Fra:1 Mem:33.35M (Peak 33.35M) | Time:00:00.01 | Mem:0.00M, Peak:0.00M | Scene, ViewLayer | Synchronizing object | Eyes R.001
Fra:1 Mem:33.42M (Peak 33.42M) | Time:00:00.01 | Mem:0.00M, Peak:0.00M | Scene, ViewLayer | Synchronizing object | Goblin Knife.004
Fra:1 Mem:33.42M (Peak 33.42M) | Time:00:00.01 | Mem:0.00M, Peak:0.00M | Scene, ViewLayer | Synchronizing object | Long Ear.002
Fra:1 Mem:33.48M (Peak 33.48M) | Time:00:00.01 | Mem:0.00M, Peak:0.00M | Scene, ViewLayer | Synchronizing object | Long Ear.003
Fra:1 Mem:33.49M (Peak 33.49M) | Time:00:00.01 | Mem:0.00M, Peak:0.00M | Scene, ViewLayer | Synchronizing object | Leather Cap.001
Fra:1 Mem:33.58M (Peak 33.58M) | Time:00:00.01 | Mem:0.00M, Peak:0.00M | Scene, ViewLayer | Synchronizing object | Goblin brow left.001
Fra:1 Mem:33.58M (Peak 33.58M) | Time:00:00.01 | Mem:0.00M, Peak:0.00M | Scene, ViewLayer | Synchronizing object | Sleeve.009
Fra:1 Mem:33.61M (Peak 33.61M) | Time:00:00.01 | Mem:0.00M, Peak:0.00M | Scene, ViewLayer | Synchronizing object | Goblin brow right.001
Fra:1 Mem:33.68M (Peak 33.68M) | Time:00:00.01 | Mem:0.00M, Peak:0.00M | Scene, ViewLayer | Synchronizing object | Pauldrons.009
Fra:1 Mem:33.71M (Peak 33.71M) | Time:00:00.01 | Mem:0.00M, Peak:0.00M | Scene, ViewLayer | Synchronizing object | Goblin nose.001
Fra:1 Mem:33.71M (Peak 33.71M) | Time:00:00.01 | Mem:0.00M, Peak:0.00M | Scene, ViewLayer | Synchronizing object | Trouser.002
Fra:1 Mem:33.75M (Peak 33.75M) | Time:00:00.01 | Mem:0.00M, Peak:0.00M | Scene, ViewLayer | Synchronizing object | Cuff Trim.008
Fra:1 Mem:33.79M (Peak 33.79M) | Time:00:00.01 | Mem:0.00M, Peak:0.00M | Scene, ViewLayer | Synchronizing object | Forearm Bracer.008
Fra:1 Mem:33.83M (Peak 33.83M) | Time:00:00.01 | Mem:0.00M, Peak:0.00M | Scene, ViewLayer | Synchronizing object | Boot.002
Fra:1 Mem:33.83M (Peak 33.83M) | Time:00:00.01 | Mem:0.00M, Peak:0.00M | Scene, ViewLayer | Synchronizing object | Shin Guard.002
Fra:1 Mem:33.88M (Peak 33.88M) | Time:00:00.01 | Mem:0.00M, Peak:0.00M | Scene, ViewLayer | Synchronizing object | Glove.008
Fra:1 Mem:33.91M (Peak 33.91M) | Time:00:00.01 | Mem:0.00M, Peak:0.00M | Scene, ViewLayer | Synchronizing object | Knee Guard.002
Fra:1 Mem:33.95M (Peak 33.95M) | Time:00:00.01 | Mem:0.00M, Peak:0.00M | Scene, ViewLayer | Synchronizing object | Trouser.003
Fra:1 Mem:33.96M (Peak 33.96M) | Time:00:00.01 | Mem:0.00M, Peak:0.00M | Scene, ViewLayer | Synchronizing object | Sleeve.008
Fra:1 Mem:34.00M (Peak 34.00M) | Time:00:00.01 | Mem:0.00M, Peak:0.00M | Scene, ViewLayer | Synchronizing object | Boot.003
Fra:1 Mem:34.05M (Peak 34.05M) | Time:00:00.01 | Mem:0.00M, Peak:0.00M | Scene, ViewLayer | Synchronizing object | Shin Guard.003
Fra:1 Mem:34.07M (Peak 34.07M) | Time:00:00.01 | Mem:0.00M, Peak:0.00M | Scene, ViewLayer | Synchronizing object | Pauldrons.008
Fra:1 Mem:34.09M (Peak 34.09M) | Time:00:00.01 | Mem:0.00M, Peak:0.00M | Scene, ViewLayer | Synchronizing object | Knee Guard.003
Fra:1 Mem:34.14M (Peak 34.14M) | Time:00:00.01 | Mem:0.00M, Peak:0.00M | Scene, ViewLayer | Synchronizing object | Buckle.004
Fra:1 Mem:34.17M (Peak 34.17M) | Time:00:00.01 | Mem:0.00M, Peak:0.00M | Scene, ViewLayer | Synchronizing object | Breastplate.002
Fra:1 Mem:34.21M (Peak 34.21M) | Time:00:00.01 | Mem:0.00M, Peak:0.00M | Scene, ViewLayer | Synchronizing object | Tactical attachment / HuntBadge
Fra:1 Mem:34.21M (Peak 34.21M) | Time:00:00.01 | Mem:0.00M, Peak:0.00M | Scene, ViewLayer | Synchronizing object | Belt.004
Fra:1 Mem:34.22M (Peak 34.22M) | Time:00:00.01 | Mem:0.00M, Peak:0.00M | Scene, ViewLayer | Synchronizing object | Belt.002
Fra:1 Mem:34.27M (Peak 34.27M) | Time:00:00.01 | Mem:0.00M, Peak:0.00M | Scene, ViewLayer | Synchronizing object | Buckle.002
Fra:1 Mem:34.30M (Peak 34.30M) | Time:00:00.01 | Mem:0.00M, Peak:0.00M | Scene, ViewLayer | Synchronizing object | Tactical attachment / SupportMantle.001
Fra:1 Mem:34.32M (Peak 34.32M) | Time:00:00.01 | Mem:0.00M, Peak:0.00M | Scene, ViewLayer | Synchronizing object | Pauldrons.004
Fra:1 Mem:34.34M (Peak 34.34M) | Time:00:00.01 | Mem:0.00M, Peak:0.00M | Scene, ViewLayer | Synchronizing object | Tactical attachment / HuntBadge.001
Fra:1 Mem:34.37M (Peak 34.37M) | Time:00:00.01 | Mem:0.00M, Peak:0.00M | Scene, ViewLayer | Synchronizing object | Tactical attachment / SupplierBackpack.001
Fra:1 Mem:34.39M (Peak 34.39M) | Time:00:00.01 | Mem:0.00M, Peak:0.00M | Scene, ViewLayer | Synchronizing object | Sleeve.004
Fra:1 Mem:34.41M (Peak 34.41M) | Time:00:00.01 | Mem:0.00M, Peak:0.00M | Scene, ViewLayer | Synchronizing object | Breastplate.004
Fra:1 Mem:34.46M (Peak 34.46M) | Time:00:00.01 | Mem:0.00M, Peak:0.00M | Scene, ViewLayer | Synchronizing object | Glove.004
Fra:1 Mem:34.46M (Peak 34.46M) | Time:00:00.01 | Mem:0.00M, Peak:0.00M | Scene, ViewLayer | Synchronizing object | Knee Guard.007
Fra:1 Mem:34.52M (Peak 34.52M) | Time:00:00.01 | Mem:0.00M, Peak:0.00M | Scene, ViewLayer | Synchronizing object | Forearm Bracer.004
Fra:1 Mem:34.56M (Peak 34.56M) | Time:00:00.01 | Mem:0.00M, Peak:0.00M | Scene, ViewLayer | Synchronizing object | Shin Guard.007
Fra:1 Mem:34.58M (Peak 34.58M) | Time:00:00.01 | Mem:0.00M, Peak:0.00M | Scene, ViewLayer | Synchronizing object | Cuff Trim.004
Fra:1 Mem:34.60M (Peak 34.60M) | Time:00:00.01 | Mem:0.00M, Peak:0.00M | Scene, ViewLayer | Synchronizing object | Pauldrons.005
Fra:1 Mem:34.63M (Peak 34.63M) | Time:00:00.01 | Mem:0.00M, Peak:0.00M | Scene, ViewLayer | Synchronizing object | Sleeve.005
Fra:1 Mem:34.65M (Peak 34.65M) | Time:00:00.01 | Mem:0.00M, Peak:0.00M | Scene, ViewLayer | Synchronizing object | Boot.007
Fra:1 Mem:34.65M (Peak 34.65M) | Time:00:00.01 | Mem:0.00M, Peak:0.00M | Scene, ViewLayer | Synchronizing object | Glove.005
Fra:1 Mem:34.69M (Peak 34.69M) | Time:00:00.01 | Mem:0.00M, Peak:0.00M | Scene, ViewLayer | Synchronizing object | Trouser.007
Fra:1 Mem:34.73M (Peak 34.73M) | Time:00:00.01 | Mem:0.00M, Peak:0.00M | Scene, ViewLayer | Synchronizing object | Goblin Knife.002
Fra:1 Mem:34.76M (Peak 34.76M) | Time:00:00.01 | Mem:0.00M, Peak:0.00M | Scene, ViewLayer | Synchronizing object | Knee Guard.006
Fra:1 Mem:34.79M (Peak 34.79M) | Time:00:00.01 | Mem:0.00M, Peak:0.00M | Scene, ViewLayer | Synchronizing object | Forearm Bracer.005
Fra:1 Mem:34.82M (Peak 34.82M) | Time:00:00.01 | Mem:0.00M, Peak:0.00M | Scene, ViewLayer | Synchronizing object | Shin Guard.006
Fra:1 Mem:34.87M (Peak 34.87M) | Time:00:00.01 | Mem:0.00M, Peak:0.00M | Scene, ViewLayer | Synchronizing object | Cuff Trim.005
Fra:1 Mem:34.90M (Peak 34.90M) | Time:00:00.01 | Mem:0.00M, Peak:0.00M | Scene, ViewLayer | Synchronizing object | Boot.006
Fra:1 Mem:34.92M (Peak 34.92M) | Time:00:00.01 | Mem:0.00M, Peak:0.00M | Scene, ViewLayer | Synchronizing object | Head.002
Fra:1 Mem:34.95M (Peak 34.95M) | Time:00:00.01 | Mem:0.00M, Peak:0.00M | Scene, ViewLayer | Synchronizing object | Trouser.006
Fra:1 Mem:34.99M (Peak 34.99M) | Time:00:00.01 | Mem:0.00M, Peak:0.00M | Scene, ViewLayer | Synchronizing object | Eyes L.002
Fra:1 Mem:35.03M (Peak 35.03M) | Time:00:00.01 | Mem:0.00M, Peak:0.00M | Scene, ViewLayer | Synchronizing object | Eyes R.002
Fra:1 Mem:35.06M (Peak 35.06M) | Time:00:00.01 | Mem:0.00M, Peak:0.00M | Scene, ViewLayer | Synchronizing object | Goblin nose.003
Fra:1 Mem:35.10M (Peak 35.10M) | Time:00:00.01 | Mem:0.00M, Peak:0.00M | Scene, ViewLayer | Synchronizing object | Long Ear.004
Fra:1 Mem:35.14M (Peak 35.14M) | Time:00:00.01 | Mem:0.00M, Peak:0.00M | Scene, ViewLayer | Synchronizing object | Long Ear.005
Fra:1 Mem:35.18M (Peak 35.18M) | Time:00:00.01 | Mem:0.00M, Peak:0.00M | Scene, ViewLayer | Synchronizing object | Leather Cap.002
Fra:1 Mem:35.20M (Peak 35.20M) | Time:00:00.01 | Mem:0.00M, Peak:0.00M | Scene, ViewLayer | Synchronizing object | Goblin brow left.002
Fra:1 Mem:35.24M (Peak 35.24M) | Time:00:00.01 | Mem:0.00M, Peak:0.00M | Scene, ViewLayer | Synchronizing object | Goblin brow right.002
Fra:1 Mem:35.28M (Peak 35.28M) | Time:00:00.01 | Mem:0.00M, Peak:0.00M | Scene, ViewLayer | Synchronizing object | Goblin nose.002
Fra:1 Mem:35.32M (Peak 35.32M) | Time:00:00.01 | Mem:0.00M, Peak:0.00M | Scene, ViewLayer | Synchronizing object | Trouser.004
Fra:1 Mem:35.33M (Peak 35.33M) | Time:00:00.01 | Mem:0.00M, Peak:0.00M | Scene, ViewLayer | Synchronizing object | Boot.004
Fra:1 Mem:35.36M (Peak 35.36M) | Time:00:00.01 | Mem:0.00M, Peak:0.00M | Scene, ViewLayer | Synchronizing object | Goblin brow right.003
Fra:1 Mem:35.40M (Peak 35.40M) | Time:00:00.01 | Mem:0.00M, Peak:0.00M | Scene, ViewLayer | Synchronizing object | Shin Guard.004
Fra:1 Mem:35.43M (Peak 35.43M) | Time:00:00.01 | Mem:0.00M, Peak:0.00M | Scene, ViewLayer | Synchronizing object | Knee Guard.004
Fra:1 Mem:35.46M (Peak 35.46M) | Time:00:00.01 | Mem:0.00M, Peak:0.00M | Scene, ViewLayer | Synchronizing object | Goblin brow left.003
Fra:1 Mem:35.51M (Peak 35.51M) | Time:00:00.01 | Mem:0.00M, Peak:0.00M | Scene, ViewLayer | Synchronizing object | Trouser.005
Fra:1 Mem:35.54M (Peak 35.54M) | Time:00:00.01 | Mem:0.00M, Peak:0.00M | Scene, ViewLayer | Synchronizing object | Boot.005
Fra:1 Mem:35.56M (Peak 35.56M) | Time:00:00.01 | Mem:0.00M, Peak:0.00M | Scene, ViewLayer | Synchronizing object | Leather Cap.003
Fra:1 Mem:35.59M (Peak 35.59M) | Time:00:00.01 | Mem:0.00M, Peak:0.00M | Scene, ViewLayer | Synchronizing object | Shin Guard.005
Fra:1 Mem:35.63M (Peak 35.63M) | Time:00:00.01 | Mem:0.00M, Peak:0.00M | Scene, ViewLayer | Synchronizing object | Knee Guard.005
Fra:1 Mem:35.63M (Peak 35.63M) | Time:00:00.01 | Mem:0.00M, Peak:0.00M | Scene, ViewLayer | Synchronizing object | Long Ear.007
Fra:1 Mem:35.70M (Peak 35.70M) | Time:00:00.01 | Mem:0.00M, Peak:0.00M | Scene, ViewLayer | Synchronizing object | Breastplate.003
Fra:1 Mem:35.73M (Peak 35.73M) | Time:00:00.01 | Mem:0.00M, Peak:0.00M | Scene, ViewLayer | Synchronizing object | Tactical attachment / SupportMantle
Fra:1 Mem:35.73M (Peak 35.73M) | Time:00:00.01 | Mem:0.00M, Peak:0.00M | Scene, ViewLayer | Synchronizing object | Long Ear.006
Fra:1 Mem:35.77M (Peak 35.77M) | Time:00:00.01 | Mem:0.00M, Peak:0.00M | Scene, ViewLayer | Synchronizing object | Belt.003
Fra:1 Mem:35.80M (Peak 35.80M) | Time:00:00.01 | Mem:0.00M, Peak:0.00M | Scene, ViewLayer | Synchronizing object | Buckle.003
Fra:1 Mem:35.85M (Peak 35.85M) | Time:00:00.01 | Mem:0.00M, Peak:0.00M | Scene, ViewLayer | Synchronizing object | Eyes R.003
Fra:1 Mem:35.86M (Peak 35.86M) | Time:00:00.01 | Mem:0.00M, Peak:0.00M | Scene, ViewLayer | Synchronizing object | Pauldrons.006
Fra:1 Mem:35.90M (Peak 35.90M) | Time:00:00.01 | Mem:0.00M, Peak:0.00M | Scene, ViewLayer | Synchronizing object | Sleeve.006
Fra:1 Mem:35.94M (Peak 35.94M) | Time:00:00.01 | Mem:0.00M, Peak:0.00M | Scene, ViewLayer | Synchronizing object | Glove.006
Fra:1 Mem:35.95M (Peak 35.95M) | Time:00:00.01 | Mem:0.00M, Peak:0.00M | Scene, ViewLayer | Synchronizing object | Eyes L.003
Fra:1 Mem:36.01M (Peak 36.01M) | Time:00:00.01 | Mem:0.00M, Peak:0.00M | Scene, ViewLayer | Synchronizing object | Forearm Bracer.006
Fra:1 Mem:36.05M (Peak 36.05M) | Time:00:00.01 | Mem:0.00M, Peak:0.00M | Scene, ViewLayer | Synchronizing object | Head.003
Fra:1 Mem:36.07M (Peak 36.07M) | Time:00:00.01 | Mem:0.00M, Peak:0.00M | Scene, ViewLayer | Synchronizing object | Cuff Trim.006
Fra:1 Mem:36.09M (Peak 36.09M) | Time:00:00.01 | Mem:0.00M, Peak:0.00M | Scene, ViewLayer | Synchronizing object | Pauldrons.007
Fra:1 Mem:36.11M (Peak 36.11M) | Time:00:00.01 | Mem:0.00M, Peak:0.00M | Scene, ViewLayer | Synchronizing object | Sleeve.007
Fra:1 Mem:36.14M (Peak 36.14M) | Time:00:00.01 | Mem:0.00M, Peak:0.00M | Scene, ViewLayer | Synchronizing object | Cuff Trim.007
Fra:1 Mem:36.17M (Peak 36.17M) | Time:00:00.01 | Mem:0.00M, Peak:0.00M | Scene, ViewLayer | Synchronizing object | Glove.007
Fra:1 Mem:36.18M (Peak 36.18M) | Time:00:00.01 | Mem:0.00M, Peak:0.00M | Scene, ViewLayer | Synchronizing object | Forearm Bracer.007
Fra:1 Mem:36.24M (Peak 36.24M) | Time:00:00.01 | Mem:0.00M, Peak:0.00M | Scene, ViewLayer | Synchronizing object | Goblin Knife.003
Fra:1 Mem:36.28M (Peak 36.28M) | Time:00:00.01 | Mem:0.00M, Peak:0.00M | Scene, ViewLayer | Initializing
Fra:1 Mem:29.47M (Peak 36.28M) | Time:00:00.01 | Mem:0.00M, Peak:0.00M | Scene, ViewLayer | Waiting for render to start
Fra:1 Mem:29.47M (Peak 36.28M) | Time:00:00.01 | Mem:0.00M, Peak:0.00M | Scene, ViewLayer | Loading render kernels (may take a few minutes the first time)
Fra:1 Mem:29.47M (Peak 36.28M) | Time:00:00.01 | Mem:0.00M, Peak:0.00M | Scene, ViewLayer | Updating Scene
Fra:1 Mem:29.47M (Peak 36.28M) | Time:00:00.01 | Mem:0.00M, Peak:0.00M | Scene, ViewLayer | Updating Shaders
Fra:1 Mem:29.56M (Peak 36.28M) | Time:00:00.01 | Mem:0.01M, Peak:0.01M | Scene, ViewLayer | Updating Procedurals
Fra:1 Mem:29.56M (Peak 36.28M) | Time:00:00.01 | Mem:0.01M, Peak:0.01M | Scene, ViewLayer | Updating Background
Fra:1 Mem:29.56M (Peak 36.28M) | Time:00:00.01 | Mem:0.01M, Peak:0.01M | Scene, ViewLayer | Updating Camera
Fra:1 Mem:29.56M (Peak 36.28M) | Time:00:00.01 | Mem:0.01M, Peak:0.01M | Scene, ViewLayer | Updating Meshes Flags
Fra:1 Mem:29.56M (Peak 36.28M) | Time:00:00.01 | Mem:0.01M, Peak:0.01M | Scene, ViewLayer | Updating Objects
Fra:1 Mem:29.56M (Peak 36.28M) | Time:00:00.01 | Mem:0.01M, Peak:0.01M | Scene, ViewLayer | Updating Objects | Copying Transformations to device
Fra:1 Mem:29.60M (Peak 36.28M) | Time:00:00.01 | Mem:0.05M, Peak:0.05M | Scene, ViewLayer | Updating Objects | Applying Static Transformations
Fra:1 Mem:29.60M (Peak 36.28M) | Time:00:00.01 | Mem:0.05M, Peak:0.05M | Scene, ViewLayer | Updating Particle Systems
Fra:1 Mem:29.60M (Peak 36.28M) | Time:00:00.01 | Mem:0.05M, Peak:0.05M | Scene, ViewLayer | Updating Particle Systems | Copying Particles to device
Fra:1 Mem:29.60M (Peak 36.28M) | Time:00:00.01 | Mem:0.05M, Peak:0.05M | Scene, ViewLayer | Updating Meshes
Fra:1 Mem:30.41M (Peak 36.28M) | Time:00:00.01 | Mem:0.05M, Peak:0.05M | Scene, ViewLayer | Updating Mesh | Computing attributes
Fra:1 Mem:30.92M (Peak 36.28M) | Time:00:00.01 | Mem:0.06M, Peak:0.06M | Scene, ViewLayer | Updating Mesh | Copying Attributes to device
Fra:1 Mem:30.90M (Peak 36.28M) | Time:00:00.01 | Mem:0.54M, Peak:0.54M | Scene, ViewLayer | Updating Scene BVH | Building
Fra:1 Mem:30.90M (Peak 36.28M) | Time:00:00.01 | Mem:0.54M, Peak:0.54M | Scene, ViewLayer | Updating Scene BVH | Building BVH
Fra:1 Mem:30.90M (Peak 36.28M) | Time:00:00.01 | Mem:2.15M, Peak:2.15M | Scene, ViewLayer | Updating Scene BVH | Building BVH 0%
Fra:1 Mem:30.90M (Peak 36.28M) | Time:00:00.03 | Mem:4.08M, Peak:5.69M | Scene, ViewLayer | Updating Scene BVH | Copying BVH to device
Fra:1 Mem:30.90M (Peak 36.28M) | Time:00:00.03 | Mem:4.08M, Peak:5.69M | Scene, ViewLayer | Updating Mesh | Computing normals
Fra:1 Mem:33.18M (Peak 36.28M) | Time:00:00.03 | Mem:4.08M, Peak:5.69M | Scene, ViewLayer | Updating Mesh | Copying Mesh to device
Fra:1 Mem:33.18M (Peak 36.28M) | Time:00:00.03 | Mem:6.36M, Peak:6.36M | Scene, ViewLayer | Updating Objects Flags
Fra:1 Mem:33.18M (Peak 36.28M) | Time:00:00.03 | Mem:6.36M, Peak:6.36M | Scene, ViewLayer | Updating Primitive Offsets
Fra:1 Mem:33.18M (Peak 36.28M) | Time:00:00.03 | Mem:6.36M, Peak:6.36M | Scene, ViewLayer | Updating Images
Fra:1 Mem:33.18M (Peak 36.28M) | Time:00:00.03 | Mem:6.36M, Peak:6.36M | Scene, ViewLayer | Updating Camera Volume
Fra:1 Mem:33.18M (Peak 36.28M) | Time:00:00.03 | Mem:6.36M, Peak:6.36M | Scene, ViewLayer | Updating Lookup Tables
Fra:1 Mem:33.18M (Peak 36.28M) | Time:00:00.03 | Mem:6.44M, Peak:6.44M | Scene, ViewLayer | Updating Lights
Fra:1 Mem:33.18M (Peak 36.28M) | Time:00:00.03 | Mem:6.44M, Peak:6.44M | Scene, ViewLayer | Updating Lights | Computing tree
Fra:1 Mem:33.18M (Peak 36.28M) | Time:00:00.03 | Mem:6.44M, Peak:6.44M | Scene, ViewLayer | Updating Integrator
Fra:1 Mem:33.18M (Peak 36.28M) | Time:00:00.03 | Mem:6.44M, Peak:6.44M | Scene, ViewLayer | Updating Film
Fra:1 Mem:33.18M (Peak 36.28M) | Time:00:00.03 | Mem:6.36M, Peak:6.44M | Scene, ViewLayer | Updating Lookup Tables
Fra:1 Mem:33.18M (Peak 36.28M) | Time:00:00.03 | Mem:6.45M, Peak:6.45M | Scene, ViewLayer | Updating Baking
Fra:1 Mem:33.18M (Peak 36.28M) | Time:00:00.03 | Mem:6.45M, Peak:6.45M | Scene, ViewLayer | Updating Device | Writing constant memory
Fra:1 Mem:33.19M (Peak 36.28M) | Time:00:00.03 | Mem:6.45M, Peak:6.45M | Scene, ViewLayer | Sample 0/24
Fra:1 Mem:71.53M (Peak 71.53M) | Time:00:00.57 | Remaining:00:12.46 | Mem:44.76M, Peak:44.76M | Scene, ViewLayer | Sample 1/24
Fra:1 Mem:88.56M (Peak 122.62M) | Time:00:10.15 | Mem:44.76M, Peak:44.76M | Scene, ViewLayer | Sample 24/24
Fra:1 Mem:88.56M (Peak 122.62M) | Time:00:10.15 | Mem:44.76M, Peak:44.76M | Scene, ViewLayer | Finished
Saved: 'ArtSource/TacticalAttachments/EnemyAssemblies/Goblin.png'
Time: 00:10.26 (Saving: 00:00.10)

Fra:1 Mem:38.31M (Peak 38.31M) | Time:00:00.00 | Mem:0.00M, Peak:0.00M | Scene, ViewLayer | Synchronizing object | Plane
Fra:1 Mem:38.31M (Peak 38.31M) | Time:00:00.00 | Mem:0.00M, Peak:0.00M | Scene, ViewLayer | Synchronizing object | Text
Fra:1 Mem:38.36M (Peak 38.36M) | Time:00:00.00 | Mem:0.00M, Peak:0.00M | Scene, ViewLayer | Synchronizing object | Text.001
Fra:1 Mem:38.42M (Peak 38.42M) | Time:00:00.00 | Mem:0.00M, Peak:0.00M | Scene, ViewLayer | Synchronizing object | Text.002
Fra:1 Mem:38.52M (Peak 38.52M) | Time:00:00.01 | Mem:0.00M, Peak:0.00M | Scene, ViewLayer | Synchronizing object | Text.003
Fra:1 Mem:38.60M (Peak 38.60M) | Time:00:00.01 | Mem:0.00M, Peak:0.00M | Scene, ViewLayer | Synchronizing object | Text.004
Fra:1 Mem:38.73M (Peak 38.73M) | Time:00:00.01 | Mem:0.00M, Peak:0.00M | Scene, ViewLayer | Synchronizing object | Breastplate
Fra:1 Mem:38.73M (Peak 38.73M) | Time:00:00.01 | Mem:0.00M, Peak:0.00M | Scene, ViewLayer | Synchronizing object | Belt
Fra:1 Mem:38.76M (Peak 38.76M) | Time:00:00.01 | Mem:0.00M, Peak:0.00M | Scene, ViewLayer | Synchronizing object | Buckle
Fra:1 Mem:38.79M (Peak 38.79M) | Time:00:00.01 | Mem:0.00M, Peak:0.00M | Scene, ViewLayer | Synchronizing object | Sleeve
Fra:1 Mem:38.83M (Peak 38.83M) | Time:00:00.01 | Mem:0.00M, Peak:0.00M | Scene, ViewLayer | Synchronizing object | Glove
Fra:1 Mem:38.86M (Peak 38.86M) | Time:00:00.01 | Mem:0.00M, Peak:0.00M | Scene, ViewLayer | Synchronizing object | Guardian layered pauldron
Fra:1 Mem:38.87M (Peak 38.87M) | Time:00:00.01 | Mem:0.00M, Peak:0.00M | Scene, ViewLayer | Synchronizing object | Forearm Bracer
Fra:1 Mem:38.98M (Peak 38.98M) | Time:00:00.01 | Mem:0.00M, Peak:0.00M | Scene, ViewLayer | Synchronizing object | Cuff Trim
Fra:1 Mem:39.00M (Peak 39.00M) | Time:00:00.01 | Mem:0.00M, Peak:0.00M | Scene, ViewLayer | Synchronizing object | Sleeve.001
Fra:1 Mem:39.02M (Peak 39.02M) | Time:00:00.01 | Mem:0.00M, Peak:0.00M | Scene, ViewLayer | Synchronizing object | Glove.001
Fra:1 Mem:39.07M (Peak 39.07M) | Time:00:00.01 | Mem:0.00M, Peak:0.00M | Scene, ViewLayer | Synchronizing object | Hammer Grip
Fra:1 Mem:39.11M (Peak 39.11M) | Time:00:00.01 | Mem:0.00M, Peak:0.00M | Scene, ViewLayer | Synchronizing object | Great Hammer
Fra:1 Mem:39.12M (Peak 39.12M) | Time:00:00.01 | Mem:0.00M, Peak:0.00M | Scene, ViewLayer | Synchronizing object | Forearm Bracer.001
Fra:1 Mem:39.12M (Peak 39.12M) | Time:00:00.01 | Mem:0.00M, Peak:0.00M | Scene, ViewLayer | Synchronizing object | Cuff Trim.001
Fra:1 Mem:39.21M (Peak 39.21M) | Time:00:00.01 | Mem:0.00M, Peak:0.00M | Scene, ViewLayer | Synchronizing object | Guardian chest plate
Fra:1 Mem:39.26M (Peak 39.26M) | Time:00:00.01 | Mem:0.00M, Peak:0.00M | Scene, ViewLayer | Synchronizing object | Guardian ember crystal
Fra:1 Mem:39.25M (Peak 39.26M) | Time:00:00.01 | Mem:0.00M, Peak:0.00M | Scene, ViewLayer | Synchronizing object | Eyes L
Fra:1 Mem:39.34M (Peak 39.34M) | Time:00:00.01 | Mem:0.00M, Peak:0.00M | Scene, ViewLayer | Synchronizing object | Eyes R
Fra:1 Mem:39.39M (Peak 39.39M) | Time:00:00.01 | Mem:0.00M, Peak:0.00M | Scene, ViewLayer | Synchronizing object | Stone Horn
Fra:1 Mem:39.40M (Peak 39.40M) | Time:00:00.01 | Mem:0.00M, Peak:0.00M | Scene, ViewLayer | Synchronizing object | Stone Horn.001
Fra:1 Mem:39.44M (Peak 39.44M) | Time:00:00.01 | Mem:0.00M, Peak:0.00M | Scene, ViewLayer | Synchronizing object | Iron Crown
Fra:1 Mem:39.45M (Peak 39.45M) | Time:00:00.01 | Mem:0.00M, Peak:0.00M | Scene, ViewLayer | Synchronizing object | Crown Crystal
Fra:1 Mem:39.53M (Peak 39.53M) | Time:00:00.01 | Mem:0.00M, Peak:0.00M | Scene, ViewLayer | Synchronizing object | Trouser
Fra:1 Mem:39.55M (Peak 39.55M) | Time:00:00.01 | Mem:0.00M, Peak:0.00M | Scene, ViewLayer | Synchronizing object | Boot
Fra:1 Mem:39.58M (Peak 39.58M) | Time:00:00.01 | Mem:0.00M, Peak:0.00M | Scene, ViewLayer | Synchronizing object | Shin Guard
Fra:1 Mem:39.59M (Peak 39.59M) | Time:00:00.01 | Mem:0.00M, Peak:0.00M | Scene, ViewLayer | Synchronizing object | Knee Guard
Fra:1 Mem:39.62M (Peak 39.62M) | Time:00:00.01 | Mem:0.00M, Peak:0.00M | Scene, ViewLayer | Synchronizing object | Trouser.001
Fra:1 Mem:39.68M (Peak 39.68M) | Time:00:00.01 | Mem:0.00M, Peak:0.00M | Scene, ViewLayer | Synchronizing object | Boot.001
Fra:1 Mem:39.72M (Peak 39.72M) | Time:00:00.01 | Mem:0.00M, Peak:0.00M | Scene, ViewLayer | Synchronizing object | Shin Guard.001
Fra:1 Mem:39.72M (Peak 39.72M) | Time:00:00.01 | Mem:0.00M, Peak:0.00M | Scene, ViewLayer | Synchronizing object | Breastplate.001
Fra:1 Mem:39.75M (Peak 39.75M) | Time:00:00.01 | Mem:0.00M, Peak:0.00M | Scene, ViewLayer | Synchronizing object | Tactical attachment / SupplierBackpack
Fra:1 Mem:39.83M (Peak 39.83M) | Time:00:00.01 | Mem:0.00M, Peak:0.00M | Scene, ViewLayer | Synchronizing object | Belt.001
Fra:1 Mem:39.87M (Peak 39.87M) | Time:00:00.01 | Mem:0.00M, Peak:0.00M | Scene, ViewLayer | Synchronizing object | Buckle.001
Fra:1 Mem:39.88M (Peak 39.88M) | Time:00:00.01 | Mem:0.00M, Peak:0.00M | Scene, ViewLayer | Synchronizing object | Sleeve.002
Fra:1 Mem:39.95M (Peak 39.95M) | Time:00:00.01 | Mem:0.00M, Peak:0.00M | Scene, ViewLayer | Synchronizing object | Glove.002
Fra:1 Mem:40.00M (Peak 40.00M) | Time:00:00.01 | Mem:0.00M, Peak:0.00M | Scene, ViewLayer | Synchronizing object | Guardian layered pauldron.002
Fra:1 Mem:40.02M (Peak 40.02M) | Time:00:00.01 | Mem:0.00M, Peak:0.00M | Scene, ViewLayer | Synchronizing object | Forearm Bracer.002
Fra:1 Mem:40.06M (Peak 40.06M) | Time:00:00.01 | Mem:0.00M, Peak:0.00M | Scene, ViewLayer | Synchronizing object | Cuff Trim.002
Fra:1 Mem:40.08M (Peak 40.08M) | Time:00:00.01 | Mem:0.00M, Peak:0.00M | Scene, ViewLayer | Synchronizing object | Pauldrons.003
Fra:1 Mem:40.11M (Peak 40.11M) | Time:00:00.01 | Mem:0.00M, Peak:0.00M | Scene, ViewLayer | Synchronizing object | Sleeve.003
Fra:1 Mem:40.12M (Peak 40.12M) | Time:00:00.01 | Mem:0.00M, Peak:0.00M | Scene, ViewLayer | Synchronizing object | Hammer Grip.001
Fra:1 Mem:40.16M (Peak 40.16M) | Time:00:00.01 | Mem:0.00M, Peak:0.00M | Scene, ViewLayer | Synchronizing object | Great Hammer.001
Fra:1 Mem:40.20M (Peak 40.20M) | Time:00:00.01 | Mem:0.00M, Peak:0.00M | Scene, ViewLayer | Synchronizing object | Guardian layered pauldron.003
Fra:1 Mem:40.26M (Peak 40.26M) | Time:00:00.01 | Mem:0.00M, Peak:0.00M | Scene, ViewLayer | Synchronizing object | Forearm Bracer.003
Fra:1 Mem:40.28M (Peak 40.28M) | Time:00:00.01 | Mem:0.00M, Peak:0.00M | Scene, ViewLayer | Synchronizing object | Cuff Trim.003
Fra:1 Mem:40.29M (Peak 40.29M) | Time:00:00.01 | Mem:0.00M, Peak:0.00M | Scene, ViewLayer | Synchronizing object | Guardian chest plate.001
Fra:1 Mem:40.34M (Peak 40.34M) | Time:00:00.01 | Mem:0.00M, Peak:0.00M | Scene, ViewLayer | Synchronizing object | Guardian ember crystal.001
Fra:1 Mem:40.35M (Peak 40.35M) | Time:00:00.01 | Mem:0.00M, Peak:0.00M | Scene, ViewLayer | Synchronizing object | Head.001
Fra:1 Mem:40.39M (Peak 40.39M) | Time:00:00.01 | Mem:0.00M, Peak:0.00M | Scene, ViewLayer | Synchronizing object | Eyes L.001
Fra:1 Mem:40.43M (Peak 40.43M) | Time:00:00.01 | Mem:0.00M, Peak:0.00M | Scene, ViewLayer | Synchronizing object | Eyes R.001
Fra:1 Mem:40.48M (Peak 40.48M) | Time:00:00.01 | Mem:0.00M, Peak:0.00M | Scene, ViewLayer | Synchronizing object | Stone Horn.002
Fra:1 Mem:40.49M (Peak 40.49M) | Time:00:00.01 | Mem:0.00M, Peak:0.00M | Scene, ViewLayer | Synchronizing object | Stone Horn.003
Fra:1 Mem:40.50M (Peak 40.50M) | Time:00:00.01 | Mem:0.00M, Peak:0.00M | Scene, ViewLayer | Synchronizing object | Iron Crown.001
Fra:1 Mem:40.56M (Peak 40.56M) | Time:00:00.01 | Mem:0.00M, Peak:0.00M | Scene, ViewLayer | Synchronizing object | Crown Crystal.001
Fra:1 Mem:40.62M (Peak 40.62M) | Time:00:00.01 | Mem:0.00M, Peak:0.00M | Scene, ViewLayer | Synchronizing object | Trouser.002
Fra:1 Mem:40.64M (Peak 40.64M) | Time:00:00.01 | Mem:0.00M, Peak:0.00M | Scene, ViewLayer | Synchronizing object | Knee Guard.009
Fra:1 Mem:40.65M (Peak 40.65M) | Time:00:00.01 | Mem:0.00M, Peak:0.00M | Scene, ViewLayer | Synchronizing object | Knee Guard.002
Fra:1 Mem:40.78M (Peak 40.78M) | Time:00:00.01 | Mem:0.00M, Peak:0.00M | Scene, ViewLayer | Synchronizing object | Trouser.003
Fra:1 Mem:40.79M (Peak 40.79M) | Time:00:00.01 | Mem:0.00M, Peak:0.00M | Scene, ViewLayer | Synchronizing object | Shin Guard.003
Fra:1 Mem:40.79M (Peak 40.79M) | Time:00:00.01 | Mem:0.00M, Peak:0.00M | Scene, ViewLayer | Synchronizing object | Shin Guard.009
Fra:1 Mem:40.90M (Peak 40.90M) | Time:00:00.01 | Mem:0.00M, Peak:0.00M | Scene, ViewLayer | Synchronizing object | Knee Guard.003
Fra:1 Mem:40.91M (Peak 40.91M) | Time:00:00.01 | Mem:0.00M, Peak:0.00M | Scene, ViewLayer | Synchronizing object | Breastplate.002
Fra:1 Mem:40.97M (Peak 40.97M) | Time:00:00.01 | Mem:0.00M, Peak:0.00M | Scene, ViewLayer | Synchronizing object | Tactical attachment / HuntBadge
Fra:1 Mem:40.98M (Peak 40.98M) | Time:00:00.01 | Mem:0.00M, Peak:0.00M | Scene, ViewLayer | Synchronizing object | Belt.002
Fra:1 Mem:41.01M (Peak 41.01M) | Time:00:00.01 | Mem:0.00M, Peak:0.00M | Scene, ViewLayer | Synchronizing object | Buckle.002
Fra:1 Mem:41.03M (Peak 41.03M) | Time:00:00.01 | Mem:0.00M, Peak:0.00M | Scene, ViewLayer | Synchronizing object | Pauldrons.004
Fra:1 Mem:41.07M (Peak 41.07M) | Time:00:00.01 | Mem:0.00M, Peak:0.00M | Scene, ViewLayer | Synchronizing object | Sleeve.004
Fra:1 Mem:41.09M (Peak 41.09M) | Time:00:00.01 | Mem:0.00M, Peak:0.00M | Scene, ViewLayer | Synchronizing object | Trouser.009
Fra:1 Mem:41.17M (Peak 41.17M) | Time:00:00.01 | Mem:0.00M, Peak:0.00M | Scene, ViewLayer | Synchronizing object | Glove.004
Fra:1 Mem:41.17M (Peak 41.17M) | Time:00:00.01 | Mem:0.00M, Peak:0.00M | Scene, ViewLayer | Synchronizing object | Forearm Bracer.004
Fra:1 Mem:41.25M (Peak 41.25M) | Time:00:00.01 | Mem:0.00M, Peak:0.00M | Scene, ViewLayer | Synchronizing object | Cuff Trim.004
Fra:1 Mem:41.27M (Peak 41.27M) | Time:00:00.01 | Mem:0.00M, Peak:0.00M | Scene, ViewLayer | Synchronizing object | Knee Guard.008
Fra:1 Mem:41.32M (Peak 41.32M) | Time:00:00.01 | Mem:0.00M, Peak:0.00M | Scene, ViewLayer | Synchronizing object | Pauldrons.005
Fra:1 Mem:41.31M (Peak 41.32M) | Time:00:00.01 | Mem:0.00M, Peak:0.00M | Scene, ViewLayer | Synchronizing object | Glove.005
Fra:1 Mem:41.39M (Peak 41.39M) | Time:00:00.01 | Mem:0.00M, Peak:0.00M | Scene, ViewLayer | Synchronizing object | Shin Guard.008
Fra:1 Mem:41.40M (Peak 41.40M) | Time:00:00.01 | Mem:0.00M, Peak:0.00M | Scene, ViewLayer | Synchronizing object | Hammer Grip.002
Fra:1 Mem:41.44M (Peak 41.44M) | Time:00:00.01 | Mem:0.00M, Peak:0.00M | Scene, ViewLayer | Synchronizing object | Great Hammer.002
Fra:1 Mem:41.49M (Peak 41.49M) | Time:00:00.01 | Mem:0.00M, Peak:0.00M | Scene, ViewLayer | Synchronizing object | Guardian layered pauldron.005
Fra:1 Mem:41.50M (Peak 41.50M) | Time:00:00.01 | Mem:0.00M, Peak:0.00M | Scene, ViewLayer | Synchronizing object | Forearm Bracer.005
Fra:1 Mem:41.51M (Peak 41.51M) | Time:00:00.01 | Mem:0.00M, Peak:0.00M | Scene, ViewLayer | Synchronizing object | Boot.008
Fra:1 Mem:41.52M (Peak 41.52M) | Time:00:00.01 | Mem:0.00M, Peak:0.00M | Scene, ViewLayer | Synchronizing object | Guardian chest plate.002
Fra:1 Mem:41.60M (Peak 41.60M) | Time:00:00.01 | Mem:0.00M, Peak:0.00M | Scene, ViewLayer | Synchronizing object | Trouser.008
Fra:1 Mem:41.61M (Peak 41.61M) | Time:00:00.01 | Mem:0.00M, Peak:0.00M | Scene, ViewLayer | Synchronizing object | Head.002
Fra:1 Mem:41.71M (Peak 41.71M) | Time:00:00.01 | Mem:0.00M, Peak:0.00M | Scene, ViewLayer | Synchronizing object | Eyes L.002
Fra:1 Mem:41.71M (Peak 41.71M) | Time:00:00.01 | Mem:0.00M, Peak:0.00M | Scene, ViewLayer | Synchronizing object | Eyes R.002
Fra:1 Mem:41.78M (Peak 41.78M) | Time:00:00.01 | Mem:0.00M, Peak:0.00M | Scene, ViewLayer | Synchronizing object | Crown Crystal.004
Fra:1 Mem:41.83M (Peak 41.83M) | Time:00:00.01 | Mem:0.00M, Peak:0.00M | Scene, ViewLayer | Synchronizing object | Stone Horn.004
Fra:1 Mem:41.83M (Peak 41.83M) | Time:00:00.01 | Mem:0.00M, Peak:0.00M | Scene, ViewLayer | Synchronizing object | Stone Horn.005
Fra:1 Mem:41.86M (Peak 41.86M) | Time:00:00.01 | Mem:0.00M, Peak:0.00M | Scene, ViewLayer | Synchronizing object | Crown Crystal.002
Fra:1 Mem:41.86M (Peak 41.86M) | Time:00:00.01 | Mem:0.00M, Peak:0.00M | Scene, ViewLayer | Synchronizing object | Iron Crown.004
Fra:1 Mem:42.00M (Peak 42.00M) | Time:00:00.01 | Mem:0.00M, Peak:0.00M | Scene, ViewLayer | Synchronizing object | Stone Horn.009
Fra:1 Mem:41.99M (Peak 42.00M) | Time:00:00.01 | Mem:0.00M, Peak:0.00M | Scene, ViewLayer | Synchronizing object | Trouser.004
Fra:1 Mem:42.04M (Peak 42.04M) | Time:00:00.01 | Mem:0.00M, Peak:0.00M | Scene, ViewLayer | Synchronizing object | Shin Guard.004
Fra:1 Mem:42.08M (Peak 42.08M) | Time:00:00.01 | Mem:0.00M, Peak:0.00M | Scene, ViewLayer | Synchronizing object | Knee Guard.004
Fra:1 Mem:42.10M (Peak 42.10M) | Time:00:00.01 | Mem:0.00M, Peak:0.00M | Scene, ViewLayer | Synchronizing object | Stone Horn.008
Fra:1 Mem:42.16M (Peak 42.16M) | Time:00:00.01 | Mem:0.00M, Peak:0.00M | Scene, ViewLayer | Synchronizing object | Trouser.005
Fra:1 Mem:42.20M (Peak 42.20M) | Time:00:00.01 | Mem:0.00M, Peak:0.00M | Scene, ViewLayer | Synchronizing object | Boot.005
Fra:1 Mem:42.24M (Peak 42.24M) | Time:00:00.01 | Mem:0.00M, Peak:0.00M | Scene, ViewLayer | Synchronizing object | Shin Guard.005
Fra:1 Mem:42.25M (Peak 42.25M) | Time:00:00.01 | Mem:0.00M, Peak:0.00M | Scene, ViewLayer | Synchronizing object | Eyes R.004
Fra:1 Mem:42.29M (Peak 42.29M) | Time:00:00.01 | Mem:0.00M, Peak:0.00M | Scene, ViewLayer | Synchronizing object | Knee Guard.005
Fra:1 Mem:42.34M (Peak 42.34M) | Time:00:00.01 | Mem:0.00M, Peak:0.00M | Scene, ViewLayer | Synchronizing object | Breastplate.003
Fra:1 Mem:42.37M (Peak 42.37M) | Time:00:00.01 | Mem:0.00M, Peak:0.00M | Scene, ViewLayer | Synchronizing object | Tactical attachment / SupportMantle
Fra:1 Mem:42.39M (Peak 42.39M) | Time:00:00.01 | Mem:0.00M, Peak:0.00M | Scene, ViewLayer | Synchronizing object | Belt.003
Fra:1 Mem:42.40M (Peak 42.40M) | Time:00:00.01 | Mem:0.00M, Peak:0.00M | Scene, ViewLayer | Synchronizing object | Buckle.003
Fra:1 Mem:42.43M (Peak 42.43M) | Time:00:00.01 | Mem:0.00M, Peak:0.00M | Scene, ViewLayer | Synchronizing object | Pauldrons.006
Fra:1 Mem:42.47M (Peak 42.47M) | Time:00:00.01 | Mem:0.00M, Peak:0.00M | Scene, ViewLayer | Synchronizing object | Sleeve.006
Fra:1 Mem:42.56M (Peak 42.56M) | Time:00:00.01 | Mem:0.00M, Peak:0.00M | Scene, ViewLayer | Synchronizing object | Glove.006
Fra:1 Mem:42.56M (Peak 42.56M) | Time:00:00.01 | Mem:0.00M, Peak:0.00M | Scene, ViewLayer | Synchronizing object | Head.004
Fra:1 Mem:42.58M (Peak 42.58M) | Time:00:00.01 | Mem:0.00M, Peak:0.00M | Scene, ViewLayer | Synchronizing object | Forearm Bracer.006
Fra:1 Mem:42.62M (Peak 42.62M) | Time:00:00.01 | Mem:0.00M, Peak:0.00M | Scene, ViewLayer | Synchronizing object | Cuff Trim.006
Fra:1 Mem:42.69M (Peak 42.69M) | Time:00:00.01 | Mem:0.00M, Peak:0.00M | Scene, ViewLayer | Synchronizing object | Guardian ember crystal.004
Fra:1 Mem:42.71M (Peak 42.71M) | Time:00:00.01 | Mem:0.00M, Peak:0.00M | Scene, ViewLayer | Synchronizing object | Pauldrons.007
Fra:1 Mem:42.72M (Peak 42.72M) | Time:00:00.01 | Mem:0.00M, Peak:0.00M | Scene, ViewLayer | Synchronizing object | Sleeve.007
Fra:1 Mem:42.81M (Peak 42.81M) | Time:00:00.01 | Mem:0.00M, Peak:0.00M | Scene, ViewLayer | Synchronizing object | Glove.007
Fra:1 Mem:42.81M (Peak 42.81M) | Time:00:00.01 | Mem:0.00M, Peak:0.00M | Scene, ViewLayer | Synchronizing object | Guardian chest plate.004
Fra:1 Mem:42.81M (Peak 42.81M) | Time:00:00.01 | Mem:0.00M, Peak:0.00M | Scene, ViewLayer | Synchronizing object | Great Hammer.003
Fra:1 Mem:42.86M (Peak 42.86M) | Time:00:00.01 | Mem:0.00M, Peak:0.00M | Scene, ViewLayer | Synchronizing object | Guardian layered pauldron.007
Fra:1 Mem:42.92M (Peak 42.92M) | Time:00:00.01 | Mem:0.00M, Peak:0.00M | Scene, ViewLayer | Synchronizing object | Forearm Bracer.007
Fra:1 Mem:42.96M (Peak 42.96M) | Time:00:00.01 | Mem:0.00M, Peak:0.00M | Scene, ViewLayer | Synchronizing object | Cuff Trim.009
Fra:1 Mem:42.98M (Peak 42.98M) | Time:00:00.01 | Mem:0.00M, Peak:0.00M | Scene, ViewLayer | Synchronizing object | Cuff Trim.007
Fra:1 Mem:42.99M (Peak 42.99M) | Time:00:00.01 | Mem:0.00M, Peak:0.00M | Scene, ViewLayer | Synchronizing object | Guardian ember crystal.003
Fra:1 Mem:42.99M (Peak 42.99M) | Time:00:00.01 | Mem:0.00M, Peak:0.00M | Scene, ViewLayer | Synchronizing object | Forearm Bracer.009
Fra:1 Mem:43.08M (Peak 43.08M) | Time:00:00.01 | Mem:0.00M, Peak:0.00M | Scene, ViewLayer | Synchronizing object | Head.003
Fra:1 Mem:43.09M (Peak 43.09M) | Time:00:00.01 | Mem:0.00M, Peak:0.00M | Scene, ViewLayer | Synchronizing object | Eyes L.003
Fra:1 Mem:43.17M (Peak 43.17M) | Time:00:00.01 | Mem:0.00M, Peak:0.00M | Scene, ViewLayer | Synchronizing object | Eyes R.003
Fra:1 Mem:43.18M (Peak 43.18M) | Time:00:00.01 | Mem:0.00M, Peak:0.00M | Scene, ViewLayer | Synchronizing object | Guardian layered pauldron.009
Fra:1 Mem:43.20M (Peak 43.20M) | Time:00:00.01 | Mem:0.00M, Peak:0.00M | Scene, ViewLayer | Synchronizing object | Stone Horn.007
Fra:1 Mem:43.21M (Peak 43.21M) | Time:00:00.01 | Mem:0.00M, Peak:0.00M | Scene, ViewLayer | Synchronizing object | Iron Crown.003
Fra:1 Mem:43.32M (Peak 43.32M) | Time:00:00.01 | Mem:0.00M, Peak:0.00M | Scene, ViewLayer | Synchronizing object | Crown Crystal.003
Fra:1 Mem:43.35M (Peak 43.35M) | Time:00:00.01 | Mem:0.00M, Peak:0.00M | Scene, ViewLayer | Synchronizing object | Great Hammer.004
Fra:1 Mem:43.39M (Peak 43.39M) | Time:00:00.01 | Mem:0.00M, Peak:0.00M | Scene, ViewLayer | Synchronizing object | Trouser.006
Fra:1 Mem:43.39M (Peak 43.39M) | Time:00:00.01 | Mem:0.00M, Peak:0.00M | Scene, ViewLayer | Synchronizing object | Boot.006
Fra:1 Mem:43.40M (Peak 43.40M) | Time:00:00.01 | Mem:0.00M, Peak:0.00M | Scene, ViewLayer | Synchronizing object | Shin Guard.006
Fra:1 Mem:43.46M (Peak 43.46M) | Time:00:00.01 | Mem:0.00M, Peak:0.00M | Scene, ViewLayer | Synchronizing object | Knee Guard.006
Fra:1 Mem:43.50M (Peak 43.50M) | Time:00:00.01 | Mem:0.00M, Peak:0.00M | Scene, ViewLayer | Synchronizing object | Trouser.007
Fra:1 Mem:43.55M (Peak 43.55M) | Time:00:00.01 | Mem:0.00M, Peak:0.00M | Scene, ViewLayer | Synchronizing object | Boot.007
Fra:1 Mem:43.56M (Peak 43.56M) | Time:00:00.01 | Mem:0.00M, Peak:0.00M | Scene, ViewLayer | Synchronizing object | Shin Guard.007
Fra:1 Mem:43.56M (Peak 43.56M) | Time:00:00.01 | Mem:0.00M, Peak:0.00M | Scene, ViewLayer | Synchronizing object | Knee Guard.007
Fra:1 Mem:43.63M (Peak 43.63M) | Time:00:00.01 | Mem:0.00M, Peak:0.00M | Scene, ViewLayer | Synchronizing object | Breastplate.004
Fra:1 Mem:43.65M (Peak 43.65M) | Time:00:00.01 | Mem:0.00M, Peak:0.00M | Scene, ViewLayer | Synchronizing object | Tactical attachment / SupplierBackpack.001
Fra:1 Mem:43.69M (Peak 43.69M) | Time:00:00.01 | Mem:0.00M, Peak:0.00M | Scene, ViewLayer | Synchronizing object | Tactical attachment / HuntBadge.001
Fra:1 Mem:43.71M (Peak 43.71M) | Time:00:00.01 | Mem:0.00M, Peak:0.00M | Scene, ViewLayer | Synchronizing object | Tactical attachment / SupportMantle.001
Fra:1 Mem:43.72M (Peak 43.72M) | Time:00:00.01 | Mem:0.00M, Peak:0.00M | Scene, ViewLayer | Synchronizing object | Belt.004
Fra:1 Mem:43.73M (Peak 43.73M) | Time:00:00.01 | Mem:0.00M, Peak:0.00M | Scene, ViewLayer | Synchronizing object | Pauldrons.008
Fra:1 Mem:43.80M (Peak 43.80M) | Time:00:00.01 | Mem:0.00M, Peak:0.00M | Scene, ViewLayer | Synchronizing object | Sleeve.008
Fra:1 Mem:43.84M (Peak 43.84M) | Time:00:00.01 | Mem:0.00M, Peak:0.00M | Scene, ViewLayer | Synchronizing object | Hammer Grip.004
Fra:1 Mem:43.84M (Peak 43.84M) | Time:00:00.01 | Mem:0.00M, Peak:0.00M | Scene, ViewLayer | Synchronizing object | Glove.008
Fra:1 Mem:43.89M (Peak 43.89M) | Time:00:00.01 | Mem:0.00M, Peak:0.00M | Scene, ViewLayer | Synchronizing object | Guardian layered pauldron.008
Fra:1 Mem:43.93M (Peak 43.93M) | Time:00:00.01 | Mem:0.00M, Peak:0.00M | Scene, ViewLayer | Synchronizing object | Forearm Bracer.008
Fra:1 Mem:43.94M (Peak 43.94M) | Time:00:00.01 | Mem:0.00M, Peak:0.00M | Scene, ViewLayer | Synchronizing object | Cuff Trim.008
Fra:1 Mem:43.98M (Peak 43.98M) | Time:00:00.01 | Mem:0.00M, Peak:0.00M | Scene, ViewLayer | Synchronizing object | Pauldrons.009
Fra:1 Mem:43.98M (Peak 43.98M) | Time:00:00.01 | Mem:0.00M, Peak:0.00M | Scene, ViewLayer | Synchronizing object | Sleeve.009
Fra:1 Mem:44.09M (Peak 44.09M) | Time:00:00.01 | Mem:0.00M, Peak:0.00M | Scene, ViewLayer | Initializing
Fra:1 Mem:36.74M (Peak 44.09M) | Time:00:00.01 | Mem:0.00M, Peak:0.00M | Scene, ViewLayer | Waiting for render to start
Fra:1 Mem:36.74M (Peak 44.09M) | Time:00:00.01 | Mem:0.00M, Peak:0.00M | Scene, ViewLayer | Loading render kernels (may take a few minutes the first time)
Fra:1 Mem:36.74M (Peak 44.09M) | Time:00:00.01 | Mem:0.00M, Peak:0.00M | Scene, ViewLayer | Updating Scene
Fra:1 Mem:36.74M (Peak 44.09M) | Time:00:00.01 | Mem:0.00M, Peak:0.00M | Scene, ViewLayer | Updating Shaders
Fra:1 Mem:36.84M (Peak 44.09M) | Time:00:00.01 | Mem:0.01M, Peak:0.01M | Scene, ViewLayer | Updating Procedurals
Fra:1 Mem:36.84M (Peak 44.09M) | Time:00:00.01 | Mem:0.01M, Peak:0.01M | Scene, ViewLayer | Updating Background
Fra:1 Mem:36.84M (Peak 44.09M) | Time:00:00.01 | Mem:0.01M, Peak:0.01M | Scene, ViewLayer | Updating Camera
Fra:1 Mem:36.84M (Peak 44.09M) | Time:00:00.01 | Mem:0.01M, Peak:0.01M | Scene, ViewLayer | Updating Meshes Flags
Fra:1 Mem:36.84M (Peak 44.09M) | Time:00:00.01 | Mem:0.01M, Peak:0.01M | Scene, ViewLayer | Updating Objects
Fra:1 Mem:36.84M (Peak 44.09M) | Time:00:00.01 | Mem:0.01M, Peak:0.01M | Scene, ViewLayer | Updating Objects | Copying Transformations to device
Fra:1 Mem:36.88M (Peak 44.09M) | Time:00:00.01 | Mem:0.05M, Peak:0.05M | Scene, ViewLayer | Updating Objects | Applying Static Transformations
Fra:1 Mem:36.88M (Peak 44.09M) | Time:00:00.01 | Mem:0.05M, Peak:0.05M | Scene, ViewLayer | Updating Particle Systems
Fra:1 Mem:36.88M (Peak 44.09M) | Time:00:00.01 | Mem:0.05M, Peak:0.05M | Scene, ViewLayer | Updating Particle Systems | Copying Particles to device
Fra:1 Mem:36.88M (Peak 44.09M) | Time:00:00.01 | Mem:0.05M, Peak:0.05M | Scene, ViewLayer | Updating Meshes
Fra:1 Mem:37.73M (Peak 44.09M) | Time:00:00.01 | Mem:0.05M, Peak:0.05M | Scene, ViewLayer | Updating Mesh | Computing attributes
Fra:1 Mem:38.27M (Peak 44.09M) | Time:00:00.01 | Mem:0.06M, Peak:0.06M | Scene, ViewLayer | Updating Mesh | Copying Attributes to device
Fra:1 Mem:38.25M (Peak 44.09M) | Time:00:00.01 | Mem:0.57M, Peak:0.57M | Scene, ViewLayer | Updating Scene BVH | Building
Fra:1 Mem:38.25M (Peak 44.09M) | Time:00:00.01 | Mem:0.57M, Peak:0.57M | Scene, ViewLayer | Updating Scene BVH | Building BVH
Fra:1 Mem:38.25M (Peak 44.09M) | Time:00:00.01 | Mem:2.27M, Peak:2.27M | Scene, ViewLayer | Updating Scene BVH | Building BVH 0%
Fra:1 Mem:38.25M (Peak 44.09M) | Time:00:00.02 | Mem:4.30M, Peak:6.00M | Scene, ViewLayer | Updating Scene BVH | Copying BVH to device
Fra:1 Mem:38.25M (Peak 44.09M) | Time:00:00.02 | Mem:4.30M, Peak:6.00M | Scene, ViewLayer | Updating Mesh | Computing normals
Fra:1 Mem:40.66M (Peak 44.09M) | Time:00:00.02 | Mem:4.30M, Peak:6.00M | Scene, ViewLayer | Updating Mesh | Copying Mesh to device
Fra:1 Mem:40.66M (Peak 44.09M) | Time:00:00.02 | Mem:6.71M, Peak:6.71M | Scene, ViewLayer | Updating Objects Flags
Fra:1 Mem:40.66M (Peak 44.09M) | Time:00:00.02 | Mem:6.71M, Peak:6.71M | Scene, ViewLayer | Updating Primitive Offsets
Fra:1 Mem:40.66M (Peak 44.09M) | Time:00:00.02 | Mem:6.71M, Peak:6.71M | Scene, ViewLayer | Updating Images
Fra:1 Mem:40.66M (Peak 44.09M) | Time:00:00.02 | Mem:6.71M, Peak:6.71M | Scene, ViewLayer | Updating Camera Volume
Fra:1 Mem:40.66M (Peak 44.09M) | Time:00:00.02 | Mem:6.71M, Peak:6.71M | Scene, ViewLayer | Updating Lookup Tables
Fra:1 Mem:40.66M (Peak 44.09M) | Time:00:00.02 | Mem:6.79M, Peak:6.79M | Scene, ViewLayer | Updating Lights
Fra:1 Mem:40.66M (Peak 44.09M) | Time:00:00.02 | Mem:6.79M, Peak:6.79M | Scene, ViewLayer | Updating Lights | Computing tree
Fra:1 Mem:40.67M (Peak 44.09M) | Time:00:00.02 | Mem:6.80M, Peak:6.80M | Scene, ViewLayer | Updating Integrator
Fra:1 Mem:40.67M (Peak 44.09M) | Time:00:00.02 | Mem:6.80M, Peak:6.80M | Scene, ViewLayer | Updating Film
Fra:1 Mem:40.67M (Peak 44.09M) | Time:00:00.02 | Mem:6.71M, Peak:6.80M | Scene, ViewLayer | Updating Lookup Tables
Fra:1 Mem:40.67M (Peak 44.09M) | Time:00:00.02 | Mem:6.80M, Peak:6.80M | Scene, ViewLayer | Updating Baking
Fra:1 Mem:40.67M (Peak 44.09M) | Time:00:00.02 | Mem:6.80M, Peak:6.80M | Scene, ViewLayer | Updating Device | Writing constant memory
Fra:1 Mem:40.67M (Peak 44.09M) | Time:00:00.02 | Mem:6.80M, Peak:6.80M | Scene, ViewLayer | Sample 0/24
Fra:1 Mem:79.01M (Peak 79.01M) | Time:00:00.48 | Remaining:00:10.66 | Mem:45.11M, Peak:45.11M | Scene, ViewLayer | Sample 1/24
Fra:1 Mem:96.04M (Peak 130.10M) | Time:00:11.34 | Mem:45.11M, Peak:45.11M | Scene, ViewLayer | Sample 24/24
Fra:1 Mem:96.04M (Peak 130.10M) | Time:00:11.34 | Mem:45.11M, Peak:45.11M | Scene, ViewLayer | Finished
Saved: 'ArtSource/TacticalAttachments/EnemyAssemblies/Guardian.png'
Time: 00:11.47 (Saving: 00:00.12)

Fra:1 Mem:45.41M (Peak 45.41M) | Time:00:00.01 | Mem:0.00M, Peak:0.00M | Scene, ViewLayer | Synchronizing object | Plane
Fra:1 Mem:45.41M (Peak 45.41M) | Time:00:00.01 | Mem:0.00M, Peak:0.00M | Scene, ViewLayer | Synchronizing object | Text
Fra:1 Mem:45.46M (Peak 45.46M) | Time:00:00.01 | Mem:0.00M, Peak:0.00M | Scene, ViewLayer | Synchronizing object | Text.001
Fra:1 Mem:45.52M (Peak 45.52M) | Time:00:00.01 | Mem:0.00M, Peak:0.00M | Scene, ViewLayer | Synchronizing object | Text.002
Fra:1 Mem:45.62M (Peak 45.62M) | Time:00:00.01 | Mem:0.00M, Peak:0.00M | Scene, ViewLayer | Synchronizing object | Text.003
Fra:1 Mem:45.71M (Peak 45.71M) | Time:00:00.01 | Mem:0.00M, Peak:0.00M | Scene, ViewLayer | Synchronizing object | Text.004
Fra:1 Mem:45.83M (Peak 45.83M) | Time:00:00.01 | Mem:0.00M, Peak:0.00M | Scene, ViewLayer | Synchronizing object | Breastplate
Fra:1 Mem:45.85M (Peak 45.85M) | Time:00:00.01 | Mem:0.00M, Peak:0.00M | Scene, ViewLayer | Synchronizing object | Belt
Fra:1 Mem:45.86M (Peak 45.86M) | Time:00:00.01 | Mem:0.00M, Peak:0.00M | Scene, ViewLayer | Synchronizing object | Sleeve
Fra:1 Mem:45.95M (Peak 45.95M) | Time:00:00.01 | Mem:0.00M, Peak:0.00M | Scene, ViewLayer | Synchronizing object | Glove
Fra:1 Mem:45.99M (Peak 45.99M) | Time:00:00.01 | Mem:0.00M, Peak:0.00M | Scene, ViewLayer | Synchronizing object | Guardian layered pauldron
Fra:1 Mem:46.01M (Peak 46.01M) | Time:00:00.01 | Mem:0.00M, Peak:0.00M | Scene, ViewLayer | Synchronizing object | Forearm Bracer
Fra:1 Mem:46.02M (Peak 46.02M) | Time:00:00.01 | Mem:0.00M, Peak:0.00M | Scene, ViewLayer | Synchronizing object | Cuff Trim
Fra:1 Mem:46.07M (Peak 46.07M) | Time:00:00.01 | Mem:0.00M, Peak:0.00M | Scene, ViewLayer | Synchronizing object | Pauldrons.001
Fra:1 Mem:46.09M (Peak 46.09M) | Time:00:00.01 | Mem:0.00M, Peak:0.00M | Scene, ViewLayer | Synchronizing object | Glove.001
Fra:1 Mem:46.16M (Peak 46.16M) | Time:00:00.01 | Mem:0.00M, Peak:0.00M | Scene, ViewLayer | Synchronizing object | Hammer Grip
Fra:1 Mem:46.18M (Peak 46.18M) | Time:00:00.01 | Mem:0.00M, Peak:0.00M | Scene, ViewLayer | Synchronizing object | Great Hammer
Fra:1 Mem:46.20M (Peak 46.20M) | Time:00:00.01 | Mem:0.00M, Peak:0.00M | Scene, ViewLayer | Synchronizing object | Guardian layered pauldron.001
Fra:1 Mem:46.27M (Peak 46.27M) | Time:00:00.01 | Mem:0.00M, Peak:0.00M | Scene, ViewLayer | Synchronizing object | Cuff Trim.001
Fra:1 Mem:46.29M (Peak 46.29M) | Time:00:00.01 | Mem:0.00M, Peak:0.00M | Scene, ViewLayer | Synchronizing object | Guardian chest plate
Fra:1 Mem:46.32M (Peak 46.32M) | Time:00:00.01 | Mem:0.00M, Peak:0.00M | Scene, ViewLayer | Synchronizing object | Guardian ember crystal
Fra:1 Mem:46.33M (Peak 46.33M) | Time:00:00.01 | Mem:0.00M, Peak:0.00M | Scene, ViewLayer | Synchronizing object | Head
Fra:1 Mem:46.38M (Peak 46.38M) | Time:00:00.01 | Mem:0.00M, Peak:0.00M | Scene, ViewLayer | Synchronizing object | Eyes L
Fra:1 Mem:46.43M (Peak 46.43M) | Time:00:00.01 | Mem:0.00M, Peak:0.00M | Scene, ViewLayer | Synchronizing object | Eyes R
Fra:1 Mem:46.43M (Peak 46.43M) | Time:00:00.01 | Mem:0.00M, Peak:0.00M | Scene, ViewLayer | Synchronizing object | Stone Horn
Fra:1 Mem:46.49M (Peak 46.49M) | Time:00:00.01 | Mem:0.00M, Peak:0.00M | Scene, ViewLayer | Synchronizing object | Stone Horn.001
Fra:1 Mem:46.54M (Peak 46.54M) | Time:00:00.01 | Mem:0.00M, Peak:0.00M | Scene, ViewLayer | Synchronizing object | Iron Crown
Fra:1 Mem:46.55M (Peak 46.55M) | Time:00:00.01 | Mem:0.00M, Peak:0.00M | Scene, ViewLayer | Synchronizing object | Crown Crystal
Fra:1 Mem:46.60M (Peak 46.60M) | Time:00:00.01 | Mem:0.00M, Peak:0.00M | Scene, ViewLayer | Synchronizing object | Guardian crown spike
Fra:1 Mem:46.61M (Peak 46.61M) | Time:00:00.01 | Mem:0.00M, Peak:0.00M | Scene, ViewLayer | Synchronizing object | Guardian crown spike.001
Fra:1 Mem:46.61M (Peak 46.61M) | Time:00:00.01 | Mem:0.00M, Peak:0.00M | Scene, ViewLayer | Synchronizing object | Boot
Fra:1 Mem:46.62M (Peak 46.62M) | Time:00:00.01 | Mem:0.00M, Peak:0.00M | Scene, ViewLayer | Synchronizing object | Shin Guard
Fra:1 Mem:46.67M (Peak 46.67M) | Time:00:00.01 | Mem:0.00M, Peak:0.00M | Scene, ViewLayer | Synchronizing object | Knee Guard
Fra:1 Mem:46.71M (Peak 46.71M) | Time:00:00.01 | Mem:0.00M, Peak:0.00M | Scene, ViewLayer | Synchronizing object | Trouser.001
Fra:1 Mem:46.75M (Peak 46.75M) | Time:00:00.01 | Mem:0.00M, Peak:0.00M | Scene, ViewLayer | Synchronizing object | Boot.001
Fra:1 Mem:46.77M (Peak 46.77M) | Time:00:00.01 | Mem:0.00M, Peak:0.00M | Scene, ViewLayer | Synchronizing object | Shin Guard.001
Fra:1 Mem:46.77M (Peak 46.77M) | Time:00:00.01 | Mem:0.00M, Peak:0.00M | Scene, ViewLayer | Synchronizing object | Knee Guard.001
Fra:1 Mem:46.85M (Peak 46.85M) | Time:00:00.01 | Mem:0.00M, Peak:0.00M | Scene, ViewLayer | Synchronizing object | Breastplate.001
Fra:1 Mem:46.87M (Peak 46.87M) | Time:00:00.01 | Mem:0.00M, Peak:0.00M | Scene, ViewLayer | Synchronizing object | Tactical attachment / SupplierBackpack
Fra:1 Mem:46.87M (Peak 46.87M) | Time:00:00.01 | Mem:0.00M, Peak:0.00M | Scene, ViewLayer | Synchronizing object | Belt.001
Fra:1 Mem:46.98M (Peak 46.98M) | Time:00:00.01 | Mem:0.00M, Peak:0.00M | Scene, ViewLayer | Synchronizing object | Buckle.001
Fra:1 Mem:46.97M (Peak 46.98M) | Time:00:00.01 | Mem:0.00M, Peak:0.00M | Scene, ViewLayer | Synchronizing object | Pauldrons.002
Fra:1 Mem:47.00M (Peak 47.00M) | Time:00:00.01 | Mem:0.00M, Peak:0.00M | Scene, ViewLayer | Synchronizing object | Sleeve.002
Fra:1 Mem:47.06M (Peak 47.06M) | Time:00:00.01 | Mem:0.00M, Peak:0.00M | Scene, ViewLayer | Synchronizing object | Glove.002
Fra:1 Mem:47.07M (Peak 47.07M) | Time:00:00.01 | Mem:0.00M, Peak:0.00M | Scene, ViewLayer | Synchronizing object | Guardian layered pauldron.002
Fra:1 Mem:47.11M (Peak 47.11M) | Time:00:00.01 | Mem:0.00M, Peak:0.00M | Scene, ViewLayer | Synchronizing object | Forearm Bracer.002
Fra:1 Mem:47.16M (Peak 47.16M) | Time:00:00.01 | Mem:0.00M, Peak:0.00M | Scene, ViewLayer | Synchronizing object | Cuff Trim.002
Fra:1 Mem:47.17M (Peak 47.17M) | Time:00:00.01 | Mem:0.00M, Peak:0.00M | Scene, ViewLayer | Synchronizing object | Pauldrons.003
Fra:1 Mem:47.19M (Peak 47.19M) | Time:00:00.01 | Mem:0.00M, Peak:0.00M | Scene, ViewLayer | Synchronizing object | Sleeve.003
Fra:1 Mem:47.23M (Peak 47.23M) | Time:00:00.01 | Mem:0.00M, Peak:0.00M | Scene, ViewLayer | Synchronizing object | Glove.003
Fra:1 Mem:47.26M (Peak 47.26M) | Time:00:00.01 | Mem:0.00M, Peak:0.00M | Scene, ViewLayer | Synchronizing object | Hammer Grip.001
Fra:1 Mem:47.29M (Peak 47.29M) | Time:00:00.01 | Mem:0.00M, Peak:0.00M | Scene, ViewLayer | Synchronizing object | Great Hammer.001
Fra:1 Mem:47.30M (Peak 47.30M) | Time:00:00.01 | Mem:0.00M, Peak:0.00M | Scene, ViewLayer | Synchronizing object | Guardian layered pauldron.003
Fra:1 Mem:47.30M (Peak 47.30M) | Time:00:00.01 | Mem:0.00M, Peak:0.00M | Scene, ViewLayer | Synchronizing object | Forearm Bracer.003
Fra:1 Mem:47.38M (Peak 47.38M) | Time:00:00.01 | Mem:0.00M, Peak:0.00M | Scene, ViewLayer | Synchronizing object | Cuff Trim.003
Fra:1 Mem:47.43M (Peak 47.43M) | Time:00:00.01 | Mem:0.00M, Peak:0.00M | Scene, ViewLayer | Synchronizing object | Guardian chest plate.001
Fra:1 Mem:47.46M (Peak 47.46M) | Time:00:00.01 | Mem:0.00M, Peak:0.00M | Scene, ViewLayer | Synchronizing object | Guardian ember crystal.001
Fra:1 Mem:47.48M (Peak 47.48M) | Time:00:00.01 | Mem:0.00M, Peak:0.00M | Scene, ViewLayer | Synchronizing object | Head.001
Fra:1 Mem:47.53M (Peak 47.53M) | Time:00:00.01 | Mem:0.00M, Peak:0.00M | Scene, ViewLayer | Synchronizing object | Shin Guard.009
Fra:1 Mem:47.56M (Peak 47.56M) | Time:00:00.01 | Mem:0.00M, Peak:0.00M | Scene, ViewLayer | Synchronizing object | Eyes L.001
Fra:1 Mem:47.60M (Peak 47.60M) | Time:00:00.01 | Mem:0.00M, Peak:0.00M | Scene, ViewLayer | Synchronizing object | Eyes R.001
Fra:1 Mem:47.62M (Peak 47.62M) | Time:00:00.01 | Mem:0.00M, Peak:0.00M | Scene, ViewLayer | Synchronizing object | Stone Horn.002
Fra:1 Mem:47.66M (Peak 47.66M) | Time:00:00.01 | Mem:0.00M, Peak:0.00M | Scene, ViewLayer | Synchronizing object | Boot.009
Fra:1 Mem:47.69M (Peak 47.69M) | Time:00:00.01 | Mem:0.00M, Peak:0.00M | Scene, ViewLayer | Synchronizing object | Stone Horn.003
Fra:1 Mem:47.72M (Peak 47.72M) | Time:00:00.01 | Mem:0.00M, Peak:0.00M | Scene, ViewLayer | Synchronizing object | Trouser.009
Fra:1 Mem:47.76M (Peak 47.76M) | Time:00:00.01 | Mem:0.00M, Peak:0.00M | Scene, ViewLayer | Synchronizing object | Crown Crystal.001
Fra:1 Mem:47.83M (Peak 47.83M) | Time:00:00.01 | Mem:0.00M, Peak:0.00M | Scene, ViewLayer | Synchronizing object | Guardian crown spike.002
Fra:1 Mem:47.84M (Peak 47.84M) | Time:00:00.01 | Mem:0.00M, Peak:0.00M | Scene, ViewLayer | Synchronizing object | Knee Guard.008
Fra:1 Mem:47.85M (Peak 47.85M) | Time:00:00.01 | Mem:0.00M, Peak:0.00M | Scene, ViewLayer | Synchronizing object | Guardian crown spike.003
Fra:1 Mem:47.85M (Peak 47.85M) | Time:00:00.01 | Mem:0.00M, Peak:0.00M | Scene, ViewLayer | Synchronizing object | Trouser.002
Fra:1 Mem:47.87M (Peak 47.87M) | Time:00:00.01 | Mem:0.00M, Peak:0.00M | Scene, ViewLayer | Synchronizing object | Boot.002
Fra:1 Mem:47.93M (Peak 47.93M) | Time:00:00.01 | Mem:0.00M, Peak:0.00M | Scene, ViewLayer | Synchronizing object | Shin Guard.002
Fra:1 Mem:47.95M (Peak 47.95M) | Time:00:00.01 | Mem:0.00M, Peak:0.00M | Scene, ViewLayer | Synchronizing object | Knee Guard.002
Fra:1 Mem:48.00M (Peak 48.00M) | Time:00:00.01 | Mem:0.00M, Peak:0.00M | Scene, ViewLayer | Synchronizing object | Shin Guard.008
Fra:1 Mem:48.03M (Peak 48.03M) | Time:00:00.01 | Mem:0.00M, Peak:0.00M | Scene, ViewLayer | Synchronizing object | Trouser.003
Fra:1 Mem:48.07M (Peak 48.07M) | Time:00:00.01 | Mem:0.00M, Peak:0.00M | Scene, ViewLayer | Synchronizing object | Boot.003
Fra:1 Mem:48.07M (Peak 48.07M) | Time:00:00.01 | Mem:0.00M, Peak:0.00M | Scene, ViewLayer | Synchronizing object | Shin Guard.003
Fra:1 Mem:48.12M (Peak 48.12M) | Time:00:00.01 | Mem:0.00M, Peak:0.00M | Scene, ViewLayer | Synchronizing object | Boot.008
Fra:1 Mem:48.14M (Peak 48.14M) | Time:00:00.01 | Mem:0.00M, Peak:0.00M | Scene, ViewLayer | Synchronizing object | Knee Guard.003
Fra:1 Mem:48.18M (Peak 48.18M) | Time:00:00.01 | Mem:0.00M, Peak:0.00M | Scene, ViewLayer | Synchronizing object | Trouser.008
Fra:1 Mem:48.21M (Peak 48.21M) | Time:00:00.01 | Mem:0.00M, Peak:0.00M | Scene, ViewLayer | Synchronizing object | Breastplate.002
Fra:1 Mem:48.25M (Peak 48.25M) | Time:00:00.01 | Mem:0.00M, Peak:0.00M | Scene, ViewLayer | Synchronizing object | Belt.002
Fra:1 Mem:48.32M (Peak 48.32M) | Time:00:00.01 | Mem:0.00M, Peak:0.00M | Scene, ViewLayer | Synchronizing object | Buckle.002
Fra:1 Mem:48.33M (Peak 48.33M) | Time:00:00.01 | Mem:0.00M, Peak:0.00M | Scene, ViewLayer | Synchronizing object | Pauldrons.004
Fra:1 Mem:48.36M (Peak 48.36M) | Time:00:00.01 | Mem:0.00M, Peak:0.00M | Scene, ViewLayer | Synchronizing object | Sleeve.004
Fra:1 Mem:48.41M (Peak 48.41M) | Time:00:00.01 | Mem:0.00M, Peak:0.00M | Scene, ViewLayer | Synchronizing object | Guardian crown spike.009
Fra:1 Mem:48.41M (Peak 48.41M) | Time:00:00.01 | Mem:0.00M, Peak:0.00M | Scene, ViewLayer | Synchronizing object | Guardian layered pauldron.004
Fra:1 Mem:48.46M (Peak 48.46M) | Time:00:00.01 | Mem:0.00M, Peak:0.00M | Scene, ViewLayer | Synchronizing object | Guardian crown spike.008
Fra:1 Mem:48.47M (Peak 48.47M) | Time:00:00.01 | Mem:0.00M, Peak:0.00M | Scene, ViewLayer | Synchronizing object | Forearm Bracer.004
Fra:1 Mem:48.48M (Peak 48.48M) | Time:00:00.01 | Mem:0.00M, Peak:0.00M | Scene, ViewLayer | Synchronizing object | Crown Crystal.004
Fra:1 Mem:48.54M (Peak 48.54M) | Time:00:00.01 | Mem:0.00M, Peak:0.00M | Scene, ViewLayer | Synchronizing object | Pauldrons.005
Fra:1 Mem:48.58M (Peak 48.58M) | Time:00:00.01 | Mem:0.00M, Peak:0.00M | Scene, ViewLayer | Synchronizing object | Iron Crown.004
Fra:1 Mem:48.59M (Peak 48.59M) | Time:00:00.01 | Mem:0.00M, Peak:0.00M | Scene, ViewLayer | Synchronizing object | Sleeve.005
Fra:1 Mem:48.65M (Peak 48.65M) | Time:00:00.01 | Mem:0.00M, Peak:0.00M | Scene, ViewLayer | Synchronizing object | Stone Horn.009
Fra:1 Mem:48.70M (Peak 48.70M) | Time:00:00.01 | Mem:0.00M, Peak:0.00M | Scene, ViewLayer | Synchronizing object | Great Hammer.002
Fra:1 Mem:48.74M (Peak 48.74M) | Time:00:00.01 | Mem:0.00M, Peak:0.00M | Scene, ViewLayer | Synchronizing object | Guardian layered pauldron.005
Fra:1 Mem:48.77M (Peak 48.77M) | Time:00:00.01 | Mem:0.00M, Peak:0.00M | Scene, ViewLayer | Synchronizing object | Forearm Bracer.005
Fra:1 Mem:48.81M (Peak 48.81M) | Time:00:00.01 | Mem:0.00M, Peak:0.00M | Scene, ViewLayer | Synchronizing object | Cuff Trim.005
Fra:1 Mem:48.85M (Peak 48.85M) | Time:00:00.01 | Mem:0.00M, Peak:0.00M | Scene, ViewLayer | Synchronizing object | Stone Horn.008
Fra:1 Mem:48.86M (Peak 48.86M) | Time:00:00.01 | Mem:0.00M, Peak:0.00M | Scene, ViewLayer | Synchronizing object | Guardian chest plate.002
Fra:1 Mem:48.93M (Peak 48.93M) | Time:00:00.01 | Mem:0.00M, Peak:0.00M | Scene, ViewLayer | Synchronizing object | Guardian ember crystal.002
Fra:1 Mem:48.94M (Peak 48.94M) | Time:00:00.01 | Mem:0.00M, Peak:0.00M | Scene, ViewLayer | Synchronizing object | Eyes R.004
Fra:1 Mem:48.95M (Peak 48.95M) | Time:00:00.01 | Mem:0.00M, Peak:0.00M | Scene, ViewLayer | Synchronizing object | Eyes L.002
Fra:1 Mem:49.07M (Peak 49.07M) | Time:00:00.01 | Mem:0.00M, Peak:0.00M | Scene, ViewLayer | Synchronizing object | Eyes R.002
Fra:1 Mem:49.07M (Peak 49.07M) | Time:00:00.01 | Mem:0.00M, Peak:0.00M | Scene, ViewLayer | Synchronizing object | Stone Horn.004
Fra:1 Mem:49.12M (Peak 49.12M) | Time:00:00.01 | Mem:0.00M, Peak:0.00M | Scene, ViewLayer | Synchronizing object | Stone Horn.005
Fra:1 Mem:49.20M (Peak 49.20M) | Time:00:00.01 | Mem:0.00M, Peak:0.00M | Scene, ViewLayer | Synchronizing object | Head.004
Fra:1 Mem:49.24M (Peak 49.24M) | Time:00:00.01 | Mem:0.00M, Peak:0.00M | Scene, ViewLayer | Synchronizing object | Iron Crown.002
Fra:1 Mem:49.25M (Peak 49.25M) | Time:00:00.01 | Mem:0.00M, Peak:0.00M | Scene, ViewLayer | Synchronizing object | Guardian crown spike.004
Fra:1 Mem:49.27M (Peak 49.27M) | Time:00:00.01 | Mem:0.00M, Peak:0.00M | Scene, ViewLayer | Synchronizing object | Guardian ember crystal.004
Fra:1 Mem:49.31M (Peak 49.31M) | Time:00:00.01 | Mem:0.00M, Peak:0.00M | Scene, ViewLayer | Synchronizing object | Guardian crown spike.005
Fra:1 Mem:49.34M (Peak 49.34M) | Time:00:00.01 | Mem:0.00M, Peak:0.00M | Scene, ViewLayer | Synchronizing object | Trouser.004
Fra:1 Mem:49.34M (Peak 49.34M) | Time:00:00.01 | Mem:0.00M, Peak:0.00M | Scene, ViewLayer | Synchronizing object | Boot.004
Fra:1 Mem:49.40M (Peak 49.40M) | Time:00:00.01 | Mem:0.00M, Peak:0.00M | Scene, ViewLayer | Synchronizing object | Guardian chest plate.004
Fra:1 Mem:49.42M (Peak 49.42M) | Time:00:00.01 | Mem:0.00M, Peak:0.00M | Scene, ViewLayer | Synchronizing object | Shin Guard.004
Fra:1 Mem:49.44M (Peak 49.44M) | Time:00:00.01 | Mem:0.00M, Peak:0.00M | Scene, ViewLayer | Synchronizing object | Knee Guard.004
Fra:1 Mem:49.46M (Peak 49.46M) | Time:00:00.01 | Mem:0.00M, Peak:0.00M | Scene, ViewLayer | Synchronizing object | Trouser.005
Fra:1 Mem:49.51M (Peak 49.51M) | Time:00:00.01 | Mem:0.00M, Peak:0.00M | Scene, ViewLayer | Synchronizing object | Cuff Trim.009
Fra:1 Mem:49.54M (Peak 49.54M) | Time:00:00.01 | Mem:0.00M, Peak:0.00M | Scene, ViewLayer | Synchronizing object | Forearm Bracer.009
Fra:1 Mem:49.59M (Peak 49.59M) | Time:00:00.01 | Mem:0.00M, Peak:0.00M | Scene, ViewLayer | Synchronizing object | Boot.005
Fra:1 Mem:49.59M (Peak 49.59M) | Time:00:00.01 | Mem:0.00M, Peak:0.00M | Scene, ViewLayer | Synchronizing object | Shin Guard.005
Fra:1 Mem:49.61M (Peak 49.61M) | Time:00:00.01 | Mem:0.00M, Peak:0.00M | Scene, ViewLayer | Synchronizing object | Knee Guard.005
Fra:1 Mem:49.67M (Peak 49.67M) | Time:00:00.01 | Mem:0.00M, Peak:0.00M | Scene, ViewLayer | Synchronizing object | Guardian layered pauldron.009
Fra:1 Mem:49.69M (Peak 49.69M) | Time:00:00.01 | Mem:0.00M, Peak:0.00M | Scene, ViewLayer | Synchronizing object | Breastplate.003
Fra:1 Mem:49.73M (Peak 49.73M) | Time:00:00.01 | Mem:0.00M, Peak:0.00M | Scene, ViewLayer | Synchronizing object | Tactical attachment / SupportMantle
Fra:1 Mem:49.73M (Peak 49.73M) | Time:00:00.01 | Mem:0.00M, Peak:0.00M | Scene, ViewLayer | Synchronizing object | Belt.003
Fra:1 Mem:49.79M (Peak 49.79M) | Time:00:00.01 | Mem:0.00M, Peak:0.00M | Scene, ViewLayer | Synchronizing object | Great Hammer.004
Fra:1 Mem:49.78M (Peak 49.79M) | Time:00:00.01 | Mem:0.00M, Peak:0.00M | Scene, ViewLayer | Synchronizing object | Pauldrons.006
Fra:1 Mem:49.83M (Peak 49.83M) | Time:00:00.01 | Mem:0.00M, Peak:0.00M | Scene, ViewLayer | Synchronizing object | Sleeve.006
Fra:1 Mem:49.90M (Peak 49.90M) | Time:00:00.01 | Mem:0.00M, Peak:0.00M | Scene, ViewLayer | Synchronizing object | Hammer Grip.004
Fra:1 Mem:49.91M (Peak 49.91M) | Time:00:00.01 | Mem:0.00M, Peak:0.00M | Scene, ViewLayer | Synchronizing object | Glove.006
Fra:1 Mem:49.93M (Peak 49.93M) | Time:00:00.01 | Mem:0.00M, Peak:0.00M | Scene, ViewLayer | Synchronizing object | Guardian layered pauldron.006
Fra:1 Mem:49.94M (Peak 49.94M) | Time:00:00.01 | Mem:0.00M, Peak:0.00M | Scene, ViewLayer | Synchronizing object | Glove.009
Fra:1 Mem:50.01M (Peak 50.01M) | Time:00:00.01 | Mem:0.00M, Peak:0.00M | Scene, ViewLayer | Synchronizing object | Forearm Bracer.006
Fra:1 Mem:50.05M (Peak 50.05M) | Time:00:00.01 | Mem:0.00M, Peak:0.00M | Scene, ViewLayer | Synchronizing object | Cuff Trim.006
Fra:1 Mem:50.05M (Peak 50.05M) | Time:00:00.01 | Mem:0.00M, Peak:0.00M | Scene, ViewLayer | Synchronizing object | Sleeve.009
Fra:1 Mem:50.08M (Peak 50.08M) | Time:00:00.01 | Mem:0.00M, Peak:0.00M | Scene, ViewLayer | Synchronizing object | Sleeve.007
Fra:1 Mem:50.15M (Peak 50.15M) | Time:00:00.01 | Mem:0.00M, Peak:0.00M | Scene, ViewLayer | Synchronizing object | Glove.007
Fra:1 Mem:50.17M (Peak 50.17M) | Time:00:00.01 | Mem:0.00M, Peak:0.00M | Scene, ViewLayer | Synchronizing object | Hammer Grip.003
Fra:1 Mem:50.21M (Peak 50.21M) | Time:00:00.01 | Mem:0.00M, Peak:0.00M | Scene, ViewLayer | Synchronizing object | Pauldrons.009
Fra:1 Mem:50.23M (Peak 50.23M) | Time:00:00.01 | Mem:0.00M, Peak:0.00M | Scene, ViewLayer | Synchronizing object | Great Hammer.003
Fra:1 Mem:50.24M (Peak 50.24M) | Time:00:00.01 | Mem:0.00M, Peak:0.00M | Scene, ViewLayer | Synchronizing object | Guardian layered pauldron.007
Fra:1 Mem:50.28M (Peak 50.28M) | Time:00:00.01 | Mem:0.00M, Peak:0.00M | Scene, ViewLayer | Synchronizing object | Forearm Bracer.007
Fra:1 Mem:50.28M (Peak 50.28M) | Time:00:00.01 | Mem:0.00M, Peak:0.00M | Scene, ViewLayer | Synchronizing object | Cuff Trim.008
Fra:1 Mem:50.34M (Peak 50.34M) | Time:00:00.01 | Mem:0.00M, Peak:0.00M | Scene, ViewLayer | Synchronizing object | Forearm Bracer.008
Fra:1 Mem:50.36M (Peak 50.36M) | Time:00:00.01 | Mem:0.00M, Peak:0.00M | Scene, ViewLayer | Synchronizing object | Guardian chest plate.003
Fra:1 Mem:50.41M (Peak 50.41M) | Time:00:00.01 | Mem:0.00M, Peak:0.00M | Scene, ViewLayer | Synchronizing object | Guardian ember crystal.003
Fra:1 Mem:50.41M (Peak 50.42M) | Time:00:00.01 | Mem:0.00M, Peak:0.00M | Scene, ViewLayer | Synchronizing object | Head.003
Fra:1 Mem:50.49M (Peak 50.49M) | Time:00:00.01 | Mem:0.00M, Peak:0.00M | Scene, ViewLayer | Synchronizing object | Eyes L.003
Fra:1 Mem:50.51M (Peak 50.51M) | Time:00:00.01 | Mem:0.00M, Peak:0.00M | Scene, ViewLayer | Synchronizing object | Eyes R.003
Fra:1 Mem:50.52M (Peak 50.52M) | Time:00:00.01 | Mem:0.00M, Peak:0.00M | Scene, ViewLayer | Synchronizing object | Stone Horn.006
Fra:1 Mem:50.61M (Peak 50.61M) | Time:00:00.01 | Mem:0.00M, Peak:0.00M | Scene, ViewLayer | Synchronizing object | Stone Horn.007
Fra:1 Mem:50.61M (Peak 50.61M) | Time:00:00.01 | Mem:0.00M, Peak:0.00M | Scene, ViewLayer | Synchronizing object | Iron Crown.003
Fra:1 Mem:50.63M (Peak 50.63M) | Time:00:00.01 | Mem:0.00M, Peak:0.00M | Scene, ViewLayer | Synchronizing object | Guardian layered pauldron.008
Fra:1 Mem:50.67M (Peak 50.67M) | Time:00:00.01 | Mem:0.00M, Peak:0.00M | Scene, ViewLayer | Synchronizing object | Guardian crown spike.006
Fra:1 Mem:50.72M (Peak 50.72M) | Time:00:00.01 | Mem:0.00M, Peak:0.00M | Scene, ViewLayer | Synchronizing object | Guardian crown spike.007
Fra:1 Mem:50.73M (Peak 50.73M) | Time:00:00.01 | Mem:0.00M, Peak:0.00M | Scene, ViewLayer | Synchronizing object | Trouser.006
Fra:1 Mem:50.74M (Peak 50.74M) | Time:00:00.01 | Mem:0.00M, Peak:0.00M | Scene, ViewLayer | Synchronizing object | Glove.008
Fra:1 Mem:50.78M (Peak 50.78M) | Time:00:00.01 | Mem:0.00M, Peak:0.00M | Scene, ViewLayer | Synchronizing object | Shin Guard.006
Fra:1 Mem:50.82M (Peak 50.82M) | Time:00:00.01 | Mem:0.00M, Peak:0.00M | Scene, ViewLayer | Synchronizing object | Knee Guard.006
Fra:1 Mem:50.84M (Peak 50.84M) | Time:00:00.01 | Mem:0.00M, Peak:0.00M | Scene, ViewLayer | Synchronizing object | Sleeve.008
Fra:1 Mem:50.85M (Peak 50.85M) | Time:00:00.01 | Mem:0.00M, Peak:0.00M | Scene, ViewLayer | Synchronizing object | Trouser.007
Fra:1 Mem:50.88M (Peak 50.88M) | Time:00:00.01 | Mem:0.00M, Peak:0.00M | Scene, ViewLayer | Synchronizing object | Boot.007
Fra:1 Mem:50.96M (Peak 50.96M) | Time:00:00.01 | Mem:0.00M, Peak:0.00M | Scene, ViewLayer | Synchronizing object | Shin Guard.007
Fra:1 Mem:51.01M (Peak 51.01M) | Time:00:00.01 | Mem:0.00M, Peak:0.00M | Scene, ViewLayer | Synchronizing object | Knee Guard.007
Fra:1 Mem:51.04M (Peak 51.04M) | Time:00:00.01 | Mem:0.00M, Peak:0.00M | Scene, ViewLayer | Synchronizing object | Tactical attachment / SupplierBackpack.001
Fra:1 Mem:51.04M (Peak 51.04M) | Time:00:00.01 | Mem:0.00M, Peak:0.00M | Scene, ViewLayer | Synchronizing object | Tactical attachment / HuntBadge.001
Fra:1 Mem:51.09M (Peak 51.09M) | Time:00:00.01 | Mem:0.00M, Peak:0.00M | Scene, ViewLayer | Synchronizing object | Tactical attachment / SupportMantle.001
Fra:1 Mem:51.10M (Peak 51.10M) | Time:00:00.01 | Mem:0.00M, Peak:0.00M | Scene, ViewLayer | Synchronizing object | Belt.004
Fra:1 Mem:51.13M (Peak 51.13M) | Time:00:00.01 | Mem:0.00M, Peak:0.00M | Scene, ViewLayer | Synchronizing object | Buckle.004
Fra:1 Mem:51.13M (Peak 51.13M) | Time:00:00.01 | Mem:0.00M, Peak:0.00M | Scene, ViewLayer | Synchronizing object | Pauldrons.008
Fra:1 Mem:51.24M (Peak 51.24M) | Time:00:00.01 | Mem:0.00M, Peak:0.00M | Scene, ViewLayer | Initializing
Fra:1 Mem:43.49M (Peak 51.24M) | Time:00:00.01 | Mem:0.00M, Peak:0.00M | Scene, ViewLayer | Waiting for render to start
Fra:1 Mem:43.49M (Peak 51.24M) | Time:00:00.01 | Mem:0.00M, Peak:0.00M | Scene, ViewLayer | Loading render kernels (may take a few minutes the first time)
Fra:1 Mem:43.49M (Peak 51.24M) | Time:00:00.01 | Mem:0.00M, Peak:0.00M | Scene, ViewLayer | Updating Scene
Fra:1 Mem:43.49M (Peak 51.24M) | Time:00:00.01 | Mem:0.00M, Peak:0.00M | Scene, ViewLayer | Updating Shaders
Fra:1 Mem:43.58M (Peak 51.24M) | Time:00:00.01 | Mem:0.01M, Peak:0.01M | Scene, ViewLayer | Updating Procedurals
Fra:1 Mem:43.58M (Peak 51.24M) | Time:00:00.01 | Mem:0.01M, Peak:0.01M | Scene, ViewLayer | Updating Background
Fra:1 Mem:43.58M (Peak 51.24M) | Time:00:00.01 | Mem:0.01M, Peak:0.01M | Scene, ViewLayer | Updating Camera
Fra:1 Mem:43.58M (Peak 51.24M) | Time:00:00.01 | Mem:0.01M, Peak:0.01M | Scene, ViewLayer | Updating Meshes Flags
Fra:1 Mem:43.58M (Peak 51.24M) | Time:00:00.01 | Mem:0.01M, Peak:0.01M | Scene, ViewLayer | Updating Objects
Fra:1 Mem:43.58M (Peak 51.24M) | Time:00:00.01 | Mem:0.01M, Peak:0.01M | Scene, ViewLayer | Updating Objects | Copying Transformations to device
Fra:1 Mem:43.63M (Peak 51.24M) | Time:00:00.01 | Mem:0.06M, Peak:0.06M | Scene, ViewLayer | Updating Objects | Applying Static Transformations
Fra:1 Mem:43.63M (Peak 51.24M) | Time:00:00.01 | Mem:0.06M, Peak:0.06M | Scene, ViewLayer | Updating Particle Systems
Fra:1 Mem:43.63M (Peak 51.24M) | Time:00:00.01 | Mem:0.06M, Peak:0.06M | Scene, ViewLayer | Updating Particle Systems | Copying Particles to device
Fra:1 Mem:43.63M (Peak 51.24M) | Time:00:00.01 | Mem:0.06M, Peak:0.06M | Scene, ViewLayer | Updating Meshes
Fra:1 Mem:44.48M (Peak 51.24M) | Time:00:00.01 | Mem:0.06M, Peak:0.06M | Scene, ViewLayer | Updating Mesh | Computing attributes
Fra:1 Mem:45.03M (Peak 51.24M) | Time:00:00.01 | Mem:0.07M, Peak:0.07M | Scene, ViewLayer | Updating Mesh | Copying Attributes to device
Fra:1 Mem:45.00M (Peak 51.24M) | Time:00:00.01 | Mem:0.58M, Peak:0.58M | Scene, ViewLayer | Updating Scene BVH | Building
Fra:1 Mem:45.01M (Peak 51.24M) | Time:00:00.01 | Mem:0.58M, Peak:0.58M | Scene, ViewLayer | Updating Scene BVH | Building BVH
Fra:1 Mem:45.01M (Peak 51.24M) | Time:00:00.02 | Mem:2.29M, Peak:2.29M | Scene, ViewLayer | Updating Scene BVH | Building BVH 0%
Fra:1 Mem:45.01M (Peak 51.24M) | Time:00:00.02 | Mem:4.34M, Peak:6.05M | Scene, ViewLayer | Updating Scene BVH | Copying BVH to device
Fra:1 Mem:45.01M (Peak 51.24M) | Time:00:00.02 | Mem:4.34M, Peak:6.05M | Scene, ViewLayer | Updating Mesh | Computing normals
Fra:1 Mem:47.44M (Peak 51.24M) | Time:00:00.02 | Mem:4.34M, Peak:6.05M | Scene, ViewLayer | Updating Mesh | Copying Mesh to device
Fra:1 Mem:47.44M (Peak 51.24M) | Time:00:00.02 | Mem:6.77M, Peak:6.77M | Scene, ViewLayer | Updating Objects Flags
Fra:1 Mem:47.44M (Peak 51.24M) | Time:00:00.02 | Mem:6.77M, Peak:6.77M | Scene, ViewLayer | Updating Primitive Offsets
Fra:1 Mem:47.44M (Peak 51.24M) | Time:00:00.02 | Mem:6.77M, Peak:6.77M | Scene, ViewLayer | Updating Images
Fra:1 Mem:47.44M (Peak 51.24M) | Time:00:00.02 | Mem:6.77M, Peak:6.77M | Scene, ViewLayer | Updating Camera Volume
Fra:1 Mem:47.44M (Peak 51.24M) | Time:00:00.02 | Mem:6.77M, Peak:6.77M | Scene, ViewLayer | Updating Lookup Tables
Fra:1 Mem:47.44M (Peak 51.24M) | Time:00:00.02 | Mem:6.85M, Peak:6.85M | Scene, ViewLayer | Updating Lights
Fra:1 Mem:47.44M (Peak 51.24M) | Time:00:00.02 | Mem:6.85M, Peak:6.85M | Scene, ViewLayer | Updating Lights | Computing tree
Fra:1 Mem:47.44M (Peak 51.24M) | Time:00:00.02 | Mem:6.85M, Peak:6.85M | Scene, ViewLayer | Updating Integrator
Fra:1 Mem:47.44M (Peak 51.24M) | Time:00:00.02 | Mem:6.85M, Peak:6.85M | Scene, ViewLayer | Updating Film
Fra:1 Mem:47.44M (Peak 51.24M) | Time:00:00.02 | Mem:6.77M, Peak:6.85M | Scene, ViewLayer | Updating Lookup Tables
Fra:1 Mem:47.44M (Peak 51.24M) | Time:00:00.02 | Mem:6.86M, Peak:6.86M | Scene, ViewLayer | Updating Baking
Fra:1 Mem:47.44M (Peak 51.24M) | Time:00:00.02 | Mem:6.86M, Peak:6.86M | Scene, ViewLayer | Updating Device | Writing constant memory
Fra:1 Mem:47.45M (Peak 51.24M) | Time:00:00.02 | Mem:6.86M, Peak:6.86M | Scene, ViewLayer | Sample 0/24
Fra:1 Mem:85.79M (Peak 85.79M) | Time:00:00.68 | Remaining:00:15.19 | Mem:45.17M, Peak:45.17M | Scene, ViewLayer | Sample 1/24
Fra:1 Mem:102.82M (Peak 136.88M) | Time:00:14.31 | Mem:45.17M, Peak:45.17M | Scene, ViewLayer | Sample 24/24
Fra:1 Mem:102.82M (Peak 136.88M) | Time:00:14.31 | Mem:45.17M, Peak:45.17M | Scene, ViewLayer | Finished
Saved: 'ArtSource/TacticalAttachments/EnemyAssemblies/GuardianBoss.png'
Time: 00:14.43 (Saving: 00:00.12)

Fra:1 Mem:48.37M (Peak 48.37M) | Time:00:00.01 | Mem:0.00M, Peak:0.00M | Scene, ViewLayer | Synchronizing object | Plane
Fra:1 Mem:48.37M (Peak 48.37M) | Time:00:00.01 | Mem:0.00M, Peak:0.00M | Scene, ViewLayer | Synchronizing object | Text
Fra:1 Mem:48.42M (Peak 48.42M) | Time:00:00.01 | Mem:0.00M, Peak:0.00M | Scene, ViewLayer | Synchronizing object | Text.001
Fra:1 Mem:48.45M (Peak 48.45M) | Time:00:00.01 | Mem:0.00M, Peak:0.00M | Scene, ViewLayer | Synchronizing object | Text.002
Fra:1 Mem:48.50M (Peak 48.50M) | Time:00:00.01 | Mem:0.00M, Peak:0.00M | Scene, ViewLayer | Synchronizing object | Text.003
Fra:1 Mem:48.58M (Peak 48.58M) | Time:00:00.01 | Mem:0.00M, Peak:0.00M | Scene, ViewLayer | Synchronizing object | Text.004
Fra:1 Mem:48.72M (Peak 48.72M) | Time:00:00.01 | Mem:0.00M, Peak:0.00M | Scene, ViewLayer | Synchronizing object | Slime Body
Fra:1 Mem:48.73M (Peak 48.73M) | Time:00:00.01 | Mem:0.00M, Peak:0.00M | Scene, ViewLayer | Synchronizing object | Tactical attachment / SupplierBackpack
Fra:1 Mem:48.75M (Peak 48.75M) | Time:00:00.01 | Mem:0.00M, Peak:0.00M | Scene, ViewLayer | Synchronizing object | Tactical attachment / SupportMantle
Fra:1 Mem:48.80M (Peak 48.80M) | Time:00:00.01 | Mem:0.00M, Peak:0.00M | Scene, ViewLayer | Synchronizing object | Slime Crown
Fra:1 Mem:48.81M (Peak 48.81M) | Time:00:00.01 | Mem:0.00M, Peak:0.00M | Scene, ViewLayer | Synchronizing object | Eye Pupil
Fra:1 Mem:48.92M (Peak 48.92M) | Time:00:00.01 | Mem:0.00M, Peak:0.00M | Scene, ViewLayer | Synchronizing object | Eye White.001
Fra:1 Mem:48.95M (Peak 48.95M) | Time:00:00.01 | Mem:0.00M, Peak:0.00M | Scene, ViewLayer | Synchronizing object | Eye Pupil.001
Fra:1 Mem:48.96M (Peak 48.96M) | Time:00:00.01 | Mem:0.00M, Peak:0.00M | Scene, ViewLayer | Synchronizing object | Smile
Fra:1 Mem:49.00M (Peak 49.00M) | Time:00:00.01 | Mem:0.00M, Peak:0.00M | Scene, ViewLayer | Synchronizing object | Slime soft highlight
Fra:1 Mem:49.04M (Peak 49.04M) | Time:00:00.01 | Mem:0.00M, Peak:0.00M | Scene, ViewLayer | Synchronizing object | Spirit Core
Fra:1 Mem:49.08M (Peak 49.08M) | Time:00:00.01 | Mem:0.00M, Peak:0.00M | Scene, ViewLayer | Synchronizing object | Tactical attachment / SupplierBackpack.001
Fra:1 Mem:49.08M (Peak 49.08M) | Time:00:00.01 | Mem:0.00M, Peak:0.00M | Scene, ViewLayer | Synchronizing object | Tactical attachment / SupportMantle.001
Fra:1 Mem:49.08M (Peak 49.08M) | Time:00:00.01 | Mem:0.00M, Peak:0.00M | Scene, ViewLayer | Synchronizing object | Spirit Crown
Fra:1 Mem:49.16M (Peak 49.16M) | Time:00:00.01 | Mem:0.00M, Peak:0.00M | Scene, ViewLayer | Synchronizing object | Spirit Eyes
Fra:1 Mem:49.17M (Peak 49.17M) | Time:00:00.01 | Mem:0.00M, Peak:0.00M | Scene, ViewLayer | Synchronizing object | Spirit Eyes.001
Fra:1 Mem:49.18M (Peak 49.18M) | Time:00:00.01 | Mem:0.00M, Peak:0.00M | Scene, ViewLayer | Synchronizing object | Spirit Tail
Fra:1 Mem:49.24M (Peak 49.24M) | Time:00:00.01 | Mem:0.00M, Peak:0.00M | Scene, ViewLayer | Synchronizing object | Spirit Tail.001
Fra:1 Mem:49.29M (Peak 49.29M) | Time:00:00.01 | Mem:0.00M, Peak:0.00M | Scene, ViewLayer | Synchronizing object | Spirit Tail.002
Fra:1 Mem:49.32M (Peak 49.32M) | Time:00:00.01 | Mem:0.00M, Peak:0.00M | Scene, ViewLayer | Synchronizing object | Spirit swept horn
Fra:1 Mem:49.33M (Peak 49.33M) | Time:00:00.01 | Mem:0.00M, Peak:0.00M | Scene, ViewLayer | Synchronizing object | Spirit swept horn.001
Fra:1 Mem:49.35M (Peak 49.35M) | Time:00:00.01 | Mem:0.00M, Peak:0.00M | Scene, ViewLayer | Synchronizing object | Breastplate
Fra:1 Mem:49.36M (Peak 49.36M) | Time:00:00.01 | Mem:0.00M, Peak:0.00M | Scene, ViewLayer | Synchronizing object | Tactical attachment / HuntBadge.002
Fra:1 Mem:49.35M (Peak 49.36M) | Time:00:00.01 | Mem:0.00M, Peak:0.00M | Scene, ViewLayer | Synchronizing object | Tactical attachment / SupportMantle.002
Fra:1 Mem:49.42M (Peak 49.42M) | Time:00:00.01 | Mem:0.00M, Peak:0.00M | Scene, ViewLayer | Synchronizing object | Belt
Fra:1 Mem:49.45M (Peak 49.45M) | Time:00:00.01 | Mem:0.00M, Peak:0.00M | Scene, ViewLayer | Synchronizing object | Buckle
Fra:1 Mem:49.47M (Peak 49.47M) | Time:00:00.01 | Mem:0.00M, Peak:0.00M | Scene, ViewLayer | Synchronizing object | Pauldrons
Fra:1 Mem:49.51M (Peak 49.51M) | Time:00:00.01 | Mem:0.00M, Peak:0.00M | Scene, ViewLayer | Synchronizing object | Sleeve
Fra:1 Mem:49.52M (Peak 49.52M) | Time:00:00.01 | Mem:0.00M, Peak:0.00M | Scene, ViewLayer | Synchronizing object | Glove
Fra:1 Mem:49.57M (Peak 49.57M) | Time:00:00.01 | Mem:0.00M, Peak:0.00M | Scene, ViewLayer | Synchronizing object | Forearm Bracer
Fra:1 Mem:49.58M (Peak 49.58M) | Time:00:00.01 | Mem:0.00M, Peak:0.00M | Scene, ViewLayer | Synchronizing object | Cuff Trim
Fra:1 Mem:49.63M (Peak 49.63M) | Time:00:00.01 | Mem:0.00M, Peak:0.00M | Scene, ViewLayer | Synchronizing object | Pauldrons.001
Fra:1 Mem:49.65M (Peak 49.65M) | Time:00:00.01 | Mem:0.00M, Peak:0.00M | Scene, ViewLayer | Synchronizing object | Sleeve.001
Fra:1 Mem:49.69M (Peak 49.69M) | Time:00:00.01 | Mem:0.00M, Peak:0.00M | Scene, ViewLayer | Synchronizing object | Glove.001
Fra:1 Mem:49.70M (Peak 49.70M) | Time:00:00.01 | Mem:0.00M, Peak:0.00M | Scene, ViewLayer | Synchronizing object | Goblin Knife
Fra:1 Mem:49.72M (Peak 49.72M) | Time:00:00.01 | Mem:0.00M, Peak:0.00M | Scene, ViewLayer | Synchronizing object | Forearm Bracer.001
Fra:1 Mem:49.80M (Peak 49.80M) | Time:00:00.01 | Mem:0.00M, Peak:0.00M | Scene, ViewLayer | Synchronizing object | Cuff Trim.001
Fra:1 Mem:49.82M (Peak 49.82M) | Time:00:00.01 | Mem:0.00M, Peak:0.00M | Scene, ViewLayer | Synchronizing object | Head
Fra:1 Mem:49.83M (Peak 49.83M) | Time:00:00.01 | Mem:0.00M, Peak:0.00M | Scene, ViewLayer | Synchronizing object | Eyes R
Fra:1 Mem:49.86M (Peak 49.86M) | Time:00:00.01 | Mem:0.00M, Peak:0.00M | Scene, ViewLayer | Synchronizing object | Long Ear
Fra:1 Mem:49.96M (Peak 49.96M) | Time:00:00.01 | Mem:0.00M, Peak:0.00M | Scene, ViewLayer | Synchronizing object | Long Ear.001
Fra:1 Mem:49.96M (Peak 49.96M) | Time:00:00.01 | Mem:0.00M, Peak:0.00M | Scene, ViewLayer | Synchronizing object | Leather Cap
Fra:1 Mem:50.02M (Peak 50.02M) | Time:00:00.01 | Mem:0.00M, Peak:0.00M | Scene, ViewLayer | Synchronizing object | Goblin brow left
Fra:1 Mem:50.02M (Peak 50.02M) | Time:00:00.01 | Mem:0.00M, Peak:0.00M | Scene, ViewLayer | Synchronizing object | Goblin brow right
Fra:1 Mem:50.08M (Peak 50.08M) | Time:00:00.01 | Mem:0.00M, Peak:0.00M | Scene, ViewLayer | Synchronizing object | Goblin nose
Fra:1 Mem:50.09M (Peak 50.10M) | Time:00:00.01 | Mem:0.00M, Peak:0.00M | Scene, ViewLayer | Synchronizing object | Trouser
Fra:1 Mem:50.17M (Peak 50.17M) | Time:00:00.01 | Mem:0.00M, Peak:0.00M | Scene, ViewLayer | Synchronizing object | Boot
Fra:1 Mem:50.19M (Peak 50.19M) | Time:00:00.01 | Mem:0.00M, Peak:0.00M | Scene, ViewLayer | Synchronizing object | Shin Guard
Fra:1 Mem:50.21M (Peak 50.21M) | Time:00:00.01 | Mem:0.00M, Peak:0.00M | Scene, ViewLayer | Synchronizing object | Knee Guard
Fra:1 Mem:50.22M (Peak 50.22M) | Time:00:00.01 | Mem:0.00M, Peak:0.00M | Scene, ViewLayer | Synchronizing object | Trouser.001
Fra:1 Mem:50.24M (Peak 50.24M) | Time:00:00.01 | Mem:0.00M, Peak:0.00M | Scene, ViewLayer | Synchronizing object | Boot.001
Fra:1 Mem:50.32M (Peak 50.32M) | Time:00:00.01 | Mem:0.00M, Peak:0.00M | Scene, ViewLayer | Synchronizing object | Shin Guard.001
Fra:1 Mem:50.34M (Peak 50.34M) | Time:00:00.01 | Mem:0.00M, Peak:0.00M | Scene, ViewLayer | Synchronizing object | Knee Guard.001
Fra:1 Mem:50.37M (Peak 50.37M) | Time:00:00.01 | Mem:0.00M, Peak:0.00M | Scene, ViewLayer | Synchronizing object | Breastplate.001
Fra:1 Mem:50.44M (Peak 50.44M) | Time:00:00.01 | Mem:0.00M, Peak:0.00M | Scene, ViewLayer | Synchronizing object | Tactical attachment / SupplierBackpack.003
Fra:1 Mem:50.43M (Peak 50.44M) | Time:00:00.01 | Mem:0.00M, Peak:0.00M | Scene, ViewLayer | Synchronizing object | Tactical attachment / HuntBadge.003
Fra:1 Mem:50.45M (Peak 50.45M) | Time:00:00.01 | Mem:0.00M, Peak:0.00M | Scene, ViewLayer | Synchronizing object | Belt.001
Fra:1 Mem:50.51M (Peak 50.51M) | Time:00:00.01 | Mem:0.00M, Peak:0.00M | Scene, ViewLayer | Synchronizing object | Buckle.001
Fra:1 Mem:50.53M (Peak 50.53M) | Time:00:00.01 | Mem:0.00M, Peak:0.00M | Scene, ViewLayer | Synchronizing object | Pauldrons.002
Fra:1 Mem:50.54M (Peak 50.54M) | Time:00:00.01 | Mem:0.00M, Peak:0.00M | Scene, ViewLayer | Synchronizing object | Sleeve.002
Fra:1 Mem:50.56M (Peak 50.56M) | Time:00:00.01 | Mem:0.00M, Peak:0.00M | Scene, ViewLayer | Synchronizing object | Glove.002
Fra:1 Mem:50.64M (Peak 50.64M) | Time:00:00.01 | Mem:0.00M, Peak:0.00M | Scene, ViewLayer | Synchronizing object | Guardian layered pauldron
Fra:1 Mem:50.70M (Peak 50.70M) | Time:00:00.01 | Mem:0.00M, Peak:0.00M | Scene, ViewLayer | Synchronizing object | Forearm Bracer.002
Fra:1 Mem:50.71M (Peak 50.71M) | Time:00:00.01 | Mem:0.00M, Peak:0.00M | Scene, ViewLayer | Synchronizing object | Pauldrons.003
Fra:1 Mem:50.71M (Peak 50.71M) | Time:00:00.01 | Mem:0.00M, Peak:0.00M | Scene, ViewLayer | Synchronizing object | Sleeve.003
Fra:1 Mem:50.80M (Peak 50.80M) | Time:00:00.01 | Mem:0.00M, Peak:0.00M | Scene, ViewLayer | Synchronizing object | Shin Guard.005
Fra:1 Mem:50.82M (Peak 50.82M) | Time:00:00.01 | Mem:0.00M, Peak:0.00M | Scene, ViewLayer | Synchronizing object | Glove.003
Fra:1 Mem:50.86M (Peak 50.86M) | Time:00:00.01 | Mem:0.00M, Peak:0.00M | Scene, ViewLayer | Synchronizing object | Hammer Grip
Fra:1 Mem:50.89M (Peak 50.89M) | Time:00:00.01 | Mem:0.00M, Peak:0.00M | Scene, ViewLayer | Synchronizing object | Great Hammer
Fra:1 Mem:50.91M (Peak 50.91M) | Time:00:00.01 | Mem:0.00M, Peak:0.00M | Scene, ViewLayer | Synchronizing object | Guardian layered pauldron.001
Fra:1 Mem:50.93M (Peak 50.93M) | Time:00:00.01 | Mem:0.00M, Peak:0.00M | Scene, ViewLayer | Synchronizing object | Forearm Bracer.003
Fra:1 Mem:50.95M (Peak 50.95M) | Time:00:00.01 | Mem:0.00M, Peak:0.00M | Scene, ViewLayer | Synchronizing object | Cuff Trim.003
Fra:1 Mem:50.99M (Peak 50.99M) | Time:00:00.01 | Mem:0.00M, Peak:0.00M | Scene, ViewLayer | Synchronizing object | Guardian chest plate
Fra:1 Mem:51.01M (Peak 51.01M) | Time:00:00.01 | Mem:0.00M, Peak:0.00M | Scene, ViewLayer | Synchronizing object | Boot.005
Fra:1 Mem:51.02M (Peak 51.02M) | Time:00:00.01 | Mem:0.00M, Peak:0.00M | Scene, ViewLayer | Synchronizing object | Guardian ember crystal
Fra:1 Mem:51.10M (Peak 51.10M) | Time:00:00.01 | Mem:0.00M, Peak:0.00M | Scene, ViewLayer | Synchronizing object | Head.001
Fra:1 Mem:51.10M (Peak 51.10M) | Time:00:00.01 | Mem:0.00M, Peak:0.00M | Scene, ViewLayer | Synchronizing object | Trouser.005
Fra:1 Mem:51.13M (Peak 51.13M) | Time:00:00.01 | Mem:0.00M, Peak:0.00M | Scene, ViewLayer | Synchronizing object | Eyes R.001
Fra:1 Mem:51.14M (Peak 51.14M) | Time:00:00.01 | Mem:0.00M, Peak:0.00M | Scene, ViewLayer | Synchronizing object | Stone Horn
Fra:1 Mem:51.22M (Peak 51.22M) | Time:00:00.01 | Mem:0.00M, Peak:0.00M | Scene, ViewLayer | Synchronizing object | Stone Horn.001
Fra:1 Mem:51.29M (Peak 51.29M) | Time:00:00.01 | Mem:0.00M, Peak:0.00M | Scene, ViewLayer | Synchronizing object | Iron Crown
Fra:1 Mem:51.31M (Peak 51.31M) | Time:00:00.01 | Mem:0.00M, Peak:0.00M | Scene, ViewLayer | Synchronizing object | Knee Guard.004
Fra:1 Mem:51.36M (Peak 51.36M) | Time:00:00.01 | Mem:0.00M, Peak:0.00M | Scene, ViewLayer | Synchronizing object | Crown Crystal
Fra:1 Mem:51.36M (Peak 51.36M) | Time:00:00.01 | Mem:0.00M, Peak:0.00M | Scene, ViewLayer | Synchronizing object | Trouser.002
Fra:1 Mem:51.39M (Peak 51.39M) | Time:00:00.01 | Mem:0.00M, Peak:0.00M | Scene, ViewLayer | Synchronizing object | Shin Guard.002
Fra:1 Mem:51.49M (Peak 51.49M) | Time:00:00.01 | Mem:0.00M, Peak:0.00M | Scene, ViewLayer | Synchronizing object | Shin Guard.004
Fra:1 Mem:51.50M (Peak 51.50M) | Time:00:00.01 | Mem:0.00M, Peak:0.00M | Scene, ViewLayer | Synchronizing object | Knee Guard.002
Fra:1 Mem:51.52M (Peak 51.52M) | Time:00:00.01 | Mem:0.00M, Peak:0.00M | Scene, ViewLayer | Synchronizing object | Trouser.003
Fra:1 Mem:51.54M (Peak 51.54M) | Time:00:00.01 | Mem:0.00M, Peak:0.00M | Scene, ViewLayer | Synchronizing object | Boot.003
Fra:1 Mem:51.60M (Peak 51.60M) | Time:00:00.01 | Mem:0.00M, Peak:0.00M | Scene, ViewLayer | Synchronizing object | Shin Guard.003
Fra:1 Mem:51.64M (Peak 51.64M) | Time:00:00.01 | Mem:0.00M, Peak:0.00M | Scene, ViewLayer | Synchronizing object | Knee Guard.003
Fra:1 Mem:51.68M (Peak 51.68M) | Time:00:00.01 | Mem:0.00M, Peak:0.00M | Scene, ViewLayer | Synchronizing object | Boot.004
Fra:1 Mem:51.71M (Peak 51.71M) | Time:00:00.01 | Mem:0.00M, Peak:0.00M | Scene, ViewLayer | Synchronizing object | Breastplate.002
Fra:1 Mem:51.71M (Peak 51.71M) | Time:00:00.01 | Mem:0.00M, Peak:0.00M | Scene, ViewLayer | Synchronizing object | Tactical attachment / SupplierBackpack.004
Fra:1 Mem:51.74M (Peak 51.74M) | Time:00:00.01 | Mem:0.00M, Peak:0.00M | Scene, ViewLayer | Synchronizing object | Trouser.004
Fra:1 Mem:51.75M (Peak 51.75M) | Time:00:00.01 | Mem:0.00M, Peak:0.00M | Scene, ViewLayer | Synchronizing object | Tactical attachment / SupportMantle.004
Fra:1 Mem:51.80M (Peak 51.80M) | Time:00:00.01 | Mem:0.00M, Peak:0.00M | Scene, ViewLayer | Synchronizing object | Belt.002
Fra:1 Mem:51.83M (Peak 51.83M) | Time:00:00.01 | Mem:0.00M, Peak:0.00M | Scene, ViewLayer | Synchronizing object | Pauldrons.004
Fra:1 Mem:51.88M (Peak 51.88M) | Time:00:00.01 | Mem:0.00M, Peak:0.00M | Scene, ViewLayer | Synchronizing object | Sleeve.004
Fra:1 Mem:51.94M (Peak 51.94M) | Time:00:00.01 | Mem:0.00M, Peak:0.00M | Scene, ViewLayer | Synchronizing object | Glove.004
Fra:1 Mem:51.96M (Peak 51.96M) | Time:00:00.01 | Mem:0.00M, Peak:0.00M | Scene, ViewLayer | Synchronizing object | Guardian layered pauldron.002
Fra:1 Mem:51.98M (Peak 51.98M) | Time:00:00.01 | Mem:0.00M, Peak:0.00M | Scene, ViewLayer | Synchronizing object | Guardian crown spike.001
Fra:1 Mem:52.05M (Peak 52.05M) | Time:00:00.01 | Mem:0.00M, Peak:0.00M | Scene, ViewLayer | Synchronizing object | Guardian crown spike
Fra:1 Mem:52.07M (Peak 52.07M) | Time:00:00.01 | Mem:0.00M, Peak:0.00M | Scene, ViewLayer | Synchronizing object | Cuff Trim.004
Fra:1 Mem:52.07M (Peak 52.07M) | Time:00:00.01 | Mem:0.00M, Peak:0.00M | Scene, ViewLayer | Synchronizing object | Sleeve.005
Fra:1 Mem:52.07M (Peak 52.07M) | Time:00:00.01 | Mem:0.00M, Peak:0.00M | Scene, ViewLayer | Synchronizing object | Crown Crystal.001
Fra:1 Mem:52.14M (Peak 52.14M) | Time:00:00.01 | Mem:0.00M, Peak:0.00M | Scene, ViewLayer | Synchronizing object | Glove.005
Fra:1 Mem:52.15M (Peak 52.15M) | Time:00:00.01 | Mem:0.00M, Peak:0.00M | Scene, ViewLayer | Synchronizing object | Hammer Grip.001
Fra:1 Mem:52.20M (Peak 52.20M) | Time:00:00.01 | Mem:0.00M, Peak:0.00M | Scene, ViewLayer | Synchronizing object | Great Hammer.001
Fra:1 Mem:52.24M (Peak 52.24M) | Time:00:00.01 | Mem:0.00M, Peak:0.00M | Scene, ViewLayer | Synchronizing object | Guardian layered pauldron.003
Fra:1 Mem:52.28M (Peak 52.28M) | Time:00:00.01 | Mem:0.00M, Peak:0.00M | Scene, ViewLayer | Synchronizing object | Forearm Bracer.005
Fra:1 Mem:52.29M (Peak 52.29M) | Time:00:00.01 | Mem:0.00M, Peak:0.00M | Scene, ViewLayer | Synchronizing object | Cuff Trim.005
Fra:1 Mem:52.30M (Peak 52.30M) | Time:00:00.01 | Mem:0.00M, Peak:0.00M | Scene, ViewLayer | Synchronizing object | Guardian chest plate.001
Fra:1 Mem:52.34M (Peak 52.34M) | Time:00:00.01 | Mem:0.00M, Peak:0.00M | Scene, ViewLayer | Synchronizing object | Guardian ember crystal.001
Fra:1 Mem:52.39M (Peak 52.39M) | Time:00:00.01 | Mem:0.00M, Peak:0.00M | Scene, ViewLayer | Synchronizing object | Head.002
Fra:1 Mem:52.44M (Peak 52.44M) | Time:00:00.01 | Mem:0.00M, Peak:0.00M | Scene, ViewLayer | Synchronizing object | Eyes L.002
Fra:1 Mem:52.49M (Peak 52.49M) | Time:00:00.01 | Mem:0.00M, Peak:0.00M | Scene, ViewLayer | Synchronizing object | Stone Horn.003
Fra:1 Mem:52.49M (Peak 52.49M) | Time:00:00.01 | Mem:0.00M, Peak:0.00M | Scene, ViewLayer | Synchronizing object | Eyes R.002
Fra:1 Mem:52.50M (Peak 52.50M) | Time:00:00.01 | Mem:0.00M, Peak:0.00M | Scene, ViewLayer | Synchronizing object | Stone Horn.002
Fra:1 Mem:52.61M (Peak 52.61M) | Time:00:00.01 | Mem:0.00M, Peak:0.00M | Scene, ViewLayer | Initializing
Fra:1 Mem:46.02M (Peak 52.61M) | Time:00:00.01 | Mem:0.00M, Peak:0.00M | Scene, ViewLayer | Waiting for render to start
Fra:1 Mem:46.02M (Peak 52.61M) | Time:00:00.01 | Mem:0.00M, Peak:0.00M | Scene, ViewLayer | Loading render kernels (may take a few minutes the first time)
Fra:1 Mem:46.02M (Peak 52.61M) | Time:00:00.01 | Mem:0.00M, Peak:0.00M | Scene, ViewLayer | Updating Scene
Fra:1 Mem:46.02M (Peak 52.61M) | Time:00:00.01 | Mem:0.00M, Peak:0.00M | Scene, ViewLayer | Updating Shaders
Fra:1 Mem:46.12M (Peak 52.61M) | Time:00:00.01 | Mem:0.02M, Peak:0.02M | Scene, ViewLayer | Updating Procedurals
Fra:1 Mem:46.12M (Peak 52.61M) | Time:00:00.01 | Mem:0.02M, Peak:0.02M | Scene, ViewLayer | Updating Background
Fra:1 Mem:46.12M (Peak 52.61M) | Time:00:00.01 | Mem:0.02M, Peak:0.02M | Scene, ViewLayer | Updating Camera
Fra:1 Mem:46.12M (Peak 52.61M) | Time:00:00.01 | Mem:0.02M, Peak:0.02M | Scene, ViewLayer | Updating Meshes Flags
Fra:1 Mem:46.12M (Peak 52.61M) | Time:00:00.01 | Mem:0.02M, Peak:0.02M | Scene, ViewLayer | Updating Objects
Fra:1 Mem:46.12M (Peak 52.61M) | Time:00:00.01 | Mem:0.02M, Peak:0.02M | Scene, ViewLayer | Updating Objects | Copying Transformations to device
Fra:1 Mem:46.16M (Peak 52.61M) | Time:00:00.01 | Mem:0.05M, Peak:0.05M | Scene, ViewLayer | Updating Objects | Applying Static Transformations
Fra:1 Mem:46.16M (Peak 52.61M) | Time:00:00.01 | Mem:0.05M, Peak:0.05M | Scene, ViewLayer | Updating Particle Systems
Fra:1 Mem:46.16M (Peak 52.61M) | Time:00:00.01 | Mem:0.05M, Peak:0.05M | Scene, ViewLayer | Updating Particle Systems | Copying Particles to device
Fra:1 Mem:46.16M (Peak 52.61M) | Time:00:00.01 | Mem:0.05M, Peak:0.05M | Scene, ViewLayer | Updating Meshes
Fra:1 Mem:46.76M (Peak 52.61M) | Time:00:00.01 | Mem:0.05M, Peak:0.05M | Scene, ViewLayer | Updating Mesh | Computing attributes
Fra:1 Mem:47.17M (Peak 52.61M) | Time:00:00.01 | Mem:0.06M, Peak:0.06M | Scene, ViewLayer | Updating Mesh | Copying Attributes to device
Fra:1 Mem:47.15M (Peak 52.61M) | Time:00:00.01 | Mem:0.44M, Peak:0.44M | Scene, ViewLayer | Updating Scene BVH | Building
Fra:1 Mem:47.16M (Peak 52.61M) | Time:00:00.01 | Mem:0.44M, Peak:0.44M | Scene, ViewLayer | Updating Scene BVH | Building BVH
Fra:1 Mem:47.16M (Peak 52.61M) | Time:00:00.01 | Mem:1.66M, Peak:1.66M | Scene, ViewLayer | Updating Scene BVH | Building BVH 0%
Fra:1 Mem:47.16M (Peak 52.61M) | Time:00:00.02 | Mem:3.11M, Peak:4.33M | Scene, ViewLayer | Updating Scene BVH | Copying BVH to device
Fra:1 Mem:47.16M (Peak 52.61M) | Time:00:00.02 | Mem:3.11M, Peak:4.33M | Scene, ViewLayer | Updating Mesh | Computing normals
Fra:1 Mem:48.93M (Peak 52.61M) | Time:00:00.02 | Mem:3.11M, Peak:4.33M | Scene, ViewLayer | Updating Mesh | Copying Mesh to device
Fra:1 Mem:48.93M (Peak 52.61M) | Time:00:00.02 | Mem:4.89M, Peak:4.89M | Scene, ViewLayer | Updating Objects Flags
Fra:1 Mem:48.93M (Peak 52.61M) | Time:00:00.02 | Mem:4.89M, Peak:4.89M | Scene, ViewLayer | Updating Primitive Offsets
Fra:1 Mem:48.93M (Peak 52.61M) | Time:00:00.02 | Mem:4.89M, Peak:4.89M | Scene, ViewLayer | Updating Images
Fra:1 Mem:48.93M (Peak 52.61M) | Time:00:00.02 | Mem:4.89M, Peak:4.89M | Scene, ViewLayer | Updating Camera Volume
Fra:1 Mem:48.93M (Peak 52.61M) | Time:00:00.02 | Mem:4.89M, Peak:4.89M | Scene, ViewLayer | Updating Lookup Tables
Fra:1 Mem:48.93M (Peak 52.61M) | Time:00:00.02 | Mem:4.97M, Peak:4.97M | Scene, ViewLayer | Updating Lights
Fra:1 Mem:48.93M (Peak 52.61M) | Time:00:00.02 | Mem:4.97M, Peak:4.97M | Scene, ViewLayer | Updating Lights | Computing tree
Fra:1 Mem:48.93M (Peak 52.61M) | Time:00:00.02 | Mem:4.97M, Peak:4.97M | Scene, ViewLayer | Updating Integrator
Fra:1 Mem:48.93M (Peak 52.61M) | Time:00:00.02 | Mem:4.97M, Peak:4.97M | Scene, ViewLayer | Updating Film
Fra:1 Mem:48.94M (Peak 52.61M) | Time:00:00.02 | Mem:4.89M, Peak:4.97M | Scene, ViewLayer | Updating Lookup Tables
Fra:1 Mem:48.94M (Peak 52.61M) | Time:00:00.02 | Mem:4.97M, Peak:4.97M | Scene, ViewLayer | Updating Baking
Fra:1 Mem:48.94M (Peak 52.61M) | Time:00:00.02 | Mem:4.97M, Peak:4.97M | Scene, ViewLayer | Updating Device | Writing constant memory
Fra:1 Mem:48.94M (Peak 52.61M) | Time:00:00.02 | Mem:4.97M, Peak:4.97M | Scene, ViewLayer | Sample 0/24
Fra:1 Mem:87.28M (Peak 87.28M) | Time:00:00.50 | Remaining:00:11.03 | Mem:43.29M, Peak:43.29M | Scene, ViewLayer | Sample 1/24
Fra:1 Mem:104.31M (Peak 138.37M) | Time:00:10.42 | Mem:43.29M, Peak:43.29M | Scene, ViewLayer | Sample 24/24
Fra:1 Mem:104.31M (Peak 138.37M) | Time:00:10.42 | Mem:43.29M, Peak:43.29M | Scene, ViewLayer | Finished
Saved: 'ArtSource/TacticalAttachments/EnemyAssemblies/Combined-back.png'
Time: 00:10.53 (Saving: 00:00.10)


Blender quit
