Blender 4.3.2
Fra:1 Mem:12.24M (Peak 12.24M) | Time:00:00.00 | Mem:0.00M, Peak:0.00M | Scene, ViewLayer | Synchronizing object | Text
Fra:1 Mem:12.34M (Peak 12.34M) | Time:00:00.00 | Mem:0.00M, Peak:0.00M | Scene, ViewLayer | Synchronizing object | Text.001
Fra:1 Mem:12.44M (Peak 12.44M) | Time:00:00.00 | Mem:0.00M, Peak:0.00M | Scene, ViewLayer | Synchronizing object | Anchor claw.005
Fra:1 Mem:12.45M (Peak 12.45M) | Time:00:00.00 | Mem:0.00M, Peak:0.00M | Scene, ViewLayer | Synchronizing object | Anchor claw.004
Fra:1 Mem:12.47M (Peak 12.47M) | Time:00:00.00 | Mem:0.00M, Peak:0.00M | Scene, ViewLayer | Synchronizing object | Anchor claw.003
Fra:1 Mem:12.48M (Peak 12.48M) | Time:00:00.00 | Mem:0.00M, Peak:0.00M | Scene, ViewLayer | Synchronizing object | Breakable crystal.001
Fra:1 Mem:12.49M (Peak 12.49M) | Time:00:00.00 | Mem:0.00M, Peak:0.00M | Scene, ViewLayer | Synchronizing object | Power anchor plinth.001
Fra:1 Mem:12.53M (Peak 12.53M) | Time:00:00.00 | Mem:0.00M, Peak:0.00M | Scene, ViewLayer | Synchronizing object | Anchor claw.002
Fra:1 Mem:12.56M (Peak 12.56M) | Time:00:00.00 | Mem:0.00M, Peak:0.00M | Scene, ViewLayer | Synchronizing object | Anchor claw.001
Fra:1 Mem:12.60M (Peak 12.60M) | Time:00:00.00 | Mem:0.00M, Peak:0.00M | Scene, ViewLayer | Synchronizing object | Anchor claw
Fra:1 Mem:12.64M (Peak 12.64M) | Time:00:00.00 | Mem:0.00M, Peak:0.00M | Scene, ViewLayer | Synchronizing object | Breakable crystal
Fra:1 Mem:12.67M (Peak 12.67M) | Time:00:00.00 | Mem:0.00M, Peak:0.00M | Scene, ViewLayer | Synchronizing object | Power anchor plinth
Fra:1 Mem:12.68M (Peak 12.68M) | Time:00:00.00 | Mem:0.00M, Peak:0.00M | Scene, ViewLayer | Synchronizing object | Plane
Fra:1 Mem:12.68M (Peak 12.68M) | Time:00:00.00 | Mem:0.00M, Peak:0.00M | Scene, ViewLayer | Initializing
Fra:1 Mem:11.55M (Peak 12.68M) | Time:00:00.01 | Mem:0.00M, Peak:0.00M | Scene, ViewLayer | Waiting for render to start
Fra:1 Mem:11.55M (Peak 12.68M) | Time:00:00.01 | Mem:0.00M, Peak:0.00M | Scene, ViewLayer | Loading render kernels (may take a few minutes the first time)
Fra:1 Mem:11.55M (Peak 12.68M) | Time:00:00.01 | Mem:0.00M, Peak:0.00M | Scene, ViewLayer | Updating Scene
Fra:1 Mem:11.55M (Peak 12.68M) | Time:00:00.01 | Mem:0.00M, Peak:0.00M | Scene, ViewLayer | Updating Shaders
Fra:1 Mem:11.63M (Peak 12.68M) | Time:00:00.01 | Mem:0.00M, Peak:0.00M | Scene, ViewLayer | Updating Procedurals
Fra:1 Mem:11.63M (Peak 12.68M) | Time:00:00.01 | Mem:0.00M, Peak:0.00M | Scene, ViewLayer | Updating Background
Fra:1 Mem:11.63M (Peak 12.68M) | Time:00:00.01 | Mem:0.00M, Peak:0.00M | Scene, ViewLayer | Updating Camera
Fra:1 Mem:11.63M (Peak 12.68M) | Time:00:00.01 | Mem:0.00M, Peak:0.00M | Scene, ViewLayer | Updating Meshes Flags
Fra:1 Mem:11.63M (Peak 12.68M) | Time:00:00.01 | Mem:0.00M, Peak:0.00M | Scene, ViewLayer | Updating Objects
Fra:1 Mem:11.63M (Peak 12.68M) | Time:00:00.01 | Mem:0.00M, Peak:0.00M | Scene, ViewLayer | Updating Objects | Copying Transformations to device
Fra:1 Mem:11.63M (Peak 12.68M) | Time:00:00.01 | Mem:0.01M, Peak:0.01M | Scene, ViewLayer | Updating Objects | Applying Static Transformations
Fra:1 Mem:11.63M (Peak 12.68M) | Time:00:00.01 | Mem:0.01M, Peak:0.01M | Scene, ViewLayer | Updating Particle Systems
Fra:1 Mem:11.63M (Peak 12.68M) | Time:00:00.01 | Mem:0.01M, Peak:0.01M | Scene, ViewLayer | Updating Particle Systems | Copying Particles to device
Fra:1 Mem:11.63M (Peak 12.68M) | Time:00:00.01 | Mem:0.01M, Peak:0.01M | Scene, ViewLayer | Updating Meshes
Fra:1 Mem:11.69M (Peak 12.68M) | Time:00:00.01 | Mem:0.01M, Peak:0.01M | Scene, ViewLayer | Updating Mesh | Computing attributes
Fra:1 Mem:11.74M (Peak 12.68M) | Time:00:00.01 | Mem:0.01M, Peak:0.01M | Scene, ViewLayer | Updating Mesh | Copying Attributes to device
Fra:1 Mem:11.73M (Peak 12.68M) | Time:00:00.01 | Mem:0.05M, Peak:0.05M | Scene, ViewLayer | Updating Scene BVH | Building
Fra:1 Mem:11.74M (Peak 12.68M) | Time:00:00.01 | Mem:0.05M, Peak:0.05M | Scene, ViewLayer | Updating Scene BVH | Building BVH
Fra:1 Mem:11.74M (Peak 12.68M) | Time:00:00.01 | Mem:0.16M, Peak:0.16M | Scene, ViewLayer | Updating Scene BVH | Building BVH 0%
Fra:1 Mem:11.74M (Peak 12.68M) | Time:00:00.01 | Mem:0.30M, Peak:0.41M | Scene, ViewLayer | Updating Scene BVH | Copying BVH to device
Fra:1 Mem:11.74M (Peak 12.68M) | Time:00:00.01 | Mem:0.30M, Peak:0.41M | Scene, ViewLayer | Updating Mesh | Computing normals
Fra:1 Mem:11.92M (Peak 12.68M) | Time:00:00.01 | Mem:0.30M, Peak:0.41M | Scene, ViewLayer | Updating Mesh | Copying Mesh to device
Fra:1 Mem:11.92M (Peak 12.68M) | Time:00:00.01 | Mem:0.49M, Peak:0.49M | Scene, ViewLayer | Updating Objects Flags
Fra:1 Mem:11.92M (Peak 12.68M) | Time:00:00.01 | Mem:0.49M, Peak:0.49M | Scene, ViewLayer | Updating Primitive Offsets
Fra:1 Mem:11.92M (Peak 12.68M) | Time:00:00.01 | Mem:0.49M, Peak:0.49M | Scene, ViewLayer | Updating Images
Fra:1 Mem:11.92M (Peak 12.68M) | Time:00:00.01 | Mem:0.49M, Peak:0.49M | Scene, ViewLayer | Updating Camera Volume
Fra:1 Mem:11.92M (Peak 12.68M) | Time:00:00.01 | Mem:0.49M, Peak:0.49M | Scene, ViewLayer | Updating Lookup Tables
Fra:1 Mem:11.92M (Peak 12.68M) | Time:00:00.01 | Mem:0.57M, Peak:0.57M | Scene, ViewLayer | Updating Lights
Fra:1 Mem:11.92M (Peak 12.68M) | Time:00:00.01 | Mem:0.57M, Peak:0.57M | Scene, ViewLayer | Updating Lights | Computing tree
Fra:1 Mem:11.92M (Peak 12.68M) | Time:00:00.01 | Mem:0.57M, Peak:0.57M | Scene, ViewLayer | Updating Integrator
Fra:1 Mem:11.92M (Peak 12.68M) | Time:00:00.01 | Mem:0.57M, Peak:0.57M | Scene, ViewLayer | Updating Film
Fra:1 Mem:11.93M (Peak 12.68M) | Time:00:00.01 | Mem:0.49M, Peak:0.57M | Scene, ViewLayer | Updating Lookup Tables
Fra:1 Mem:11.93M (Peak 12.68M) | Time:00:00.01 | Mem:0.58M, Peak:0.58M | Scene, ViewLayer | Updating Baking
Fra:1 Mem:11.93M (Peak 12.68M) | Time:00:00.01 | Mem:0.58M, Peak:0.58M | Scene, ViewLayer | Updating Device | Writing constant memory
Fra:1 Mem:11.93M (Peak 12.68M) | Time:00:00.01 | Mem:0.58M, Peak:0.58M | Scene, ViewLayer | Sample 0/20
Fra:1 Mem:40.77M (Peak 40.77M) | Time:00:03.49 | Remaining:01:06.21 | Mem:29.41M, Peak:29.41M | Scene, ViewLayer | Sample 1/20
Fra:1 Mem:40.77M (Peak 40.77M) | Time:00:14.63 | Remaining:00:17.87 | Mem:29.41M, Peak:29.41M | Scene, ViewLayer | Sample 9/20
Fra:1 Mem:53.59M (Peak 79.23M) | Time:00:27.60 | Mem:29.41M, Peak:29.41M | Scene, ViewLayer | Sample 20/20
Fra:1 Mem:53.59M (Peak 79.23M) | Time:00:27.60 | Mem:29.41M, Peak:29.41M | Scene, ViewLayer | Finished
Saved: 'ArtSource/EnemySilhouettes/Assemblies/Anchor-pair.png'
Time: 00:28.20 (Saving: 00:00.59)

Fra:1 Mem:14.59M (Peak 14.59M) | Time:00:00.00 | Mem:0.00M, Peak:0.00M | Scene, ViewLayer | Synchronizing object | Text
Fra:1 Mem:14.75M (Peak 14.75M) | Time:00:00.00 | Mem:0.00M, Peak:0.00M | Scene, ViewLayer | Synchronizing object | Grounded claw.003
Fra:1 Mem:14.76M (Peak 14.76M) | Time:00:00.00 | Mem:0.00M, Peak:0.00M | Scene, ViewLayer | Synchronizing object | Tapered radial shin.003
Fra:1 Mem:14.80M (Peak 14.80M) | Time:00:00.00 | Mem:0.00M, Peak:0.00M | Scene, ViewLayer | Synchronizing object | Bronze knee.003
Fra:1 Mem:14.84M (Peak 14.84M) | Time:00:00.00 | Mem:0.00M, Peak:0.00M | Scene, ViewLayer | Synchronizing object | Thigh armour.003
Fra:1 Mem:14.87M (Peak 14.87M) | Time:00:00.00 | Mem:0.00M, Peak:0.00M | Scene, ViewLayer | Synchronizing object | Grounded claw.002
Fra:1 Mem:14.89M (Peak 14.89M) | Time:00:00.00 | Mem:0.00M, Peak:0.00M | Scene, ViewLayer | Synchronizing object | Tapered radial shin.002
Fra:1 Mem:14.93M (Peak 14.93M) | Time:00:00.00 | Mem:0.00M, Peak:0.00M | Scene, ViewLayer | Synchronizing object | Bronze knee.002
Fra:1 Mem:14.96M (Peak 14.96M) | Time:00:00.00 | Mem:0.00M, Peak:0.00M | Scene, ViewLayer | Synchronizing object | Thigh armour.002
Fra:1 Mem:15.00M (Peak 15.00M) | Time:00:00.00 | Mem:0.00M, Peak:0.00M | Scene, ViewLayer | Synchronizing object | Grounded claw.001
Fra:1 Mem:15.02M (Peak 15.02M) | Time:00:00.00 | Mem:0.00M, Peak:0.00M | Scene, ViewLayer | Synchronizing object | Tapered radial shin.001
Fra:1 Mem:15.05M (Peak 15.05M) | Time:00:00.00 | Mem:0.00M, Peak:0.00M | Scene, ViewLayer | Synchronizing object | Plane
Fra:1 Mem:15.06M (Peak 15.06M) | Time:00:00.00 | Mem:0.00M, Peak:0.00M | Scene, ViewLayer | Synchronizing object | Bronze knee.001
Fra:1 Mem:15.07M (Peak 15.07M) | Time:00:00.00 | Mem:0.00M, Peak:0.00M | Scene, ViewLayer | Synchronizing object | Faceted engine housing
Fra:1 Mem:15.13M (Peak 15.13M) | Time:00:00.00 | Mem:0.00M, Peak:0.00M | Scene, ViewLayer | Synchronizing object | Thigh armour.001
Fra:1 Mem:15.15M (Peak 15.15M) | Time:00:00.00 | Mem:0.00M, Peak:0.00M | Scene, ViewLayer | Synchronizing object | Engine collar
Fra:1 Mem:15.17M (Peak 15.17M) | Time:00:00.00 | Mem:0.00M, Peak:0.00M | Scene, ViewLayer | Synchronizing object | Radial beam emitter
Fra:1 Mem:15.20M (Peak 15.20M) | Time:00:00.00 | Mem:0.00M, Peak:0.00M | Scene, ViewLayer | Synchronizing object | Grounded claw
Fra:1 Mem:15.23M (Peak 15.23M) | Time:00:00.00 | Mem:0.00M, Peak:0.00M | Scene, ViewLayer | Synchronizing object | Tapered radial shin
Fra:1 Mem:15.23M (Peak 15.23M) | Time:00:00.00 | Mem:0.00M, Peak:0.00M | Scene, ViewLayer | Synchronizing object | Exposed star heart
Fra:1 Mem:15.28M (Peak 15.28M) | Time:00:00.00 | Mem:0.00M, Peak:0.00M | Scene, ViewLayer | Synchronizing object | Split crown spindle
Fra:1 Mem:15.31M (Peak 15.31M) | Time:00:00.00 | Mem:0.00M, Peak:0.00M | Scene, ViewLayer | Synchronizing object | Bronze knee
Fra:1 Mem:15.34M (Peak 15.34M) | Time:00:00.00 | Mem:0.00M, Peak:0.00M | Scene, ViewLayer | Synchronizing object | Bronze orbital meridian
Fra:1 Mem:15.38M (Peak 15.38M) | Time:00:00.00 | Mem:0.00M, Peak:0.00M | Scene, ViewLayer | Synchronizing object | Thigh armour
Fra:1 Mem:15.42M (Peak 15.42M) | Time:00:00.00 | Mem:0.00M, Peak:0.00M | Scene, ViewLayer | Synchronizing object | Dark counter-rotating meridian
Fra:1 Mem:15.46M (Peak 15.46M) | Time:00:00.00 | Mem:0.00M, Peak:0.00M | Scene, ViewLayer | Synchronizing object | Metal power channel casing.002
Fra:1 Mem:15.49M (Peak 15.49M) | Time:00:00.00 | Mem:0.00M, Peak:0.00M | Scene, ViewLayer | Synchronizing object | Curved shell plate
Fra:1 Mem:15.51M (Peak 15.51M) | Time:00:00.00 | Mem:0.00M, Peak:0.00M | Scene, ViewLayer | Synchronizing object | Metal power channel casing.001
Fra:1 Mem:15.51M (Peak 15.51M) | Time:00:00.00 | Mem:0.00M, Peak:0.00M | Scene, ViewLayer | Synchronizing object | Armour crest inlay
Fra:1 Mem:15.58M (Peak 15.58M) | Time:00:00.00 | Mem:0.00M, Peak:0.00M | Scene, ViewLayer | Synchronizing object | Curved shell plate.001
Fra:1 Mem:15.57M (Peak 15.58M) | Time:00:00.00 | Mem:0.00M, Peak:0.00M | Scene, ViewLayer | Synchronizing object | Metal power channel casing
Fra:1 Mem:15.62M (Peak 15.62M) | Time:00:00.00 | Mem:0.00M, Peak:0.00M | Scene, ViewLayer | Synchronizing object | Armour crest inlay.001
Fra:1 Mem:15.65M (Peak 15.65M) | Time:00:00.00 | Mem:0.00M, Peak:0.00M | Scene, ViewLayer | Synchronizing object | Armour crest inlay.003
Fra:1 Mem:15.68M (Peak 15.68M) | Time:00:00.00 | Mem:0.00M, Peak:0.00M | Scene, ViewLayer | Synchronizing object | Curved shell plate.002
Fra:1 Mem:15.71M (Peak 15.71M) | Time:00:00.00 | Mem:0.00M, Peak:0.00M | Scene, ViewLayer | Synchronizing object | Armour crest inlay.002
Fra:1 Mem:15.73M (Peak 15.73M) | Time:00:00.00 | Mem:0.00M, Peak:0.00M | Scene, ViewLayer | Synchronizing object | Curved shell plate.003
Fra:1 Mem:15.76M (Peak 15.76M) | Time:00:00.00 | Mem:0.00M, Peak:0.00M | Scene, ViewLayer | Initializing
Fra:1 Mem:13.97M (Peak 15.76M) | Time:00:00.00 | Mem:0.00M, Peak:0.00M | Scene, ViewLayer | Waiting for render to start
Fra:1 Mem:13.97M (Peak 15.76M) | Time:00:00.00 | Mem:0.00M, Peak:0.00M | Scene, ViewLayer | Loading render kernels (may take a few minutes the first time)
Fra:1 Mem:13.97M (Peak 15.76M) | Time:00:00.00 | Mem:0.00M, Peak:0.00M | Scene, ViewLayer | Updating Scene
Fra:1 Mem:13.97M (Peak 15.76M) | Time:00:00.00 | Mem:0.00M, Peak:0.00M | Scene, ViewLayer | Updating Shaders
Fra:1 Mem:14.06M (Peak 15.76M) | Time:00:00.00 | Mem:0.00M, Peak:0.00M | Scene, ViewLayer | Updating Procedurals
Fra:1 Mem:14.06M (Peak 15.76M) | Time:00:00.00 | Mem:0.00M, Peak:0.00M | Scene, ViewLayer | Updating Background
Fra:1 Mem:14.06M (Peak 15.76M) | Time:00:00.00 | Mem:0.00M, Peak:0.00M | Scene, ViewLayer | Updating Camera
Fra:1 Mem:14.06M (Peak 15.76M) | Time:00:00.00 | Mem:0.00M, Peak:0.00M | Scene, ViewLayer | Updating Meshes Flags
Fra:1 Mem:14.06M (Peak 15.76M) | Time:00:00.00 | Mem:0.00M, Peak:0.00M | Scene, ViewLayer | Updating Objects
Fra:1 Mem:14.06M (Peak 15.76M) | Time:00:00.00 | Mem:0.00M, Peak:0.00M | Scene, ViewLayer | Updating Objects | Copying Transformations to device
Fra:1 Mem:14.07M (Peak 15.76M) | Time:00:00.00 | Mem:0.01M, Peak:0.01M | Scene, ViewLayer | Updating Objects | Applying Static Transformations
Fra:1 Mem:14.07M (Peak 15.76M) | Time:00:00.00 | Mem:0.01M, Peak:0.01M | Scene, ViewLayer | Updating Particle Systems
Fra:1 Mem:14.07M (Peak 15.76M) | Time:00:00.00 | Mem:0.01M, Peak:0.01M | Scene, ViewLayer | Updating Particle Systems | Copying Particles to device
Fra:1 Mem:14.07M (Peak 15.76M) | Time:00:00.00 | Mem:0.01M, Peak:0.01M | Scene, ViewLayer | Updating Meshes
Fra:1 Mem:14.23M (Peak 15.76M) | Time:00:00.00 | Mem:0.01M, Peak:0.01M | Scene, ViewLayer | Updating Mesh | Computing attributes
Fra:1 Mem:14.35M (Peak 15.76M) | Time:00:00.00 | Mem:0.01M, Peak:0.01M | Scene, ViewLayer | Updating Mesh | Copying Attributes to device
Fra:1 Mem:14.34M (Peak 15.76M) | Time:00:00.00 | Mem:0.12M, Peak:0.12M | Scene, ViewLayer | Updating Scene BVH | Building
Fra:1 Mem:14.34M (Peak 15.76M) | Time:00:00.00 | Mem:0.12M, Peak:0.12M | Scene, ViewLayer | Updating Scene BVH | Building BVH
Fra:1 Mem:14.34M (Peak 15.76M) | Time:00:00.00 | Mem:0.45M, Peak:0.45M | Scene, ViewLayer | Updating Scene BVH | Building BVH 0%
Fra:1 Mem:14.34M (Peak 15.76M) | Time:00:00.01 | Mem:0.82M, Peak:1.15M | Scene, ViewLayer | Updating Scene BVH | Copying BVH to device
Fra:1 Mem:14.34M (Peak 15.76M) | Time:00:00.01 | Mem:0.82M, Peak:1.15M | Scene, ViewLayer | Updating Mesh | Computing normals
Fra:1 Mem:14.84M (Peak 15.76M) | Time:00:00.02 | Mem:0.82M, Peak:1.15M | Scene, ViewLayer | Updating Mesh | Copying Mesh to device
Fra:1 Mem:14.84M (Peak 15.76M) | Time:00:00.02 | Mem:1.31M, Peak:1.31M | Scene, ViewLayer | Updating Objects Flags
Fra:1 Mem:14.84M (Peak 15.76M) | Time:00:00.02 | Mem:1.31M, Peak:1.31M | Scene, ViewLayer | Updating Primitive Offsets
Fra:1 Mem:14.84M (Peak 15.76M) | Time:00:00.02 | Mem:1.31M, Peak:1.31M | Scene, ViewLayer | Updating Images
Fra:1 Mem:14.84M (Peak 15.76M) | Time:00:00.02 | Mem:1.31M, Peak:1.31M | Scene, ViewLayer | Updating Camera Volume
Fra:1 Mem:14.84M (Peak 15.76M) | Time:00:00.02 | Mem:1.31M, Peak:1.31M | Scene, ViewLayer | Updating Lookup Tables
Fra:1 Mem:14.84M (Peak 15.76M) | Time:00:00.02 | Mem:1.39M, Peak:1.39M | Scene, ViewLayer | Updating Lights
Fra:1 Mem:14.84M (Peak 15.76M) | Time:00:00.02 | Mem:1.39M, Peak:1.39M | Scene, ViewLayer | Updating Lights | Computing tree
Fra:1 Mem:14.84M (Peak 15.76M) | Time:00:00.02 | Mem:1.39M, Peak:1.39M | Scene, ViewLayer | Updating Integrator
Fra:1 Mem:14.84M (Peak 15.76M) | Time:00:00.02 | Mem:1.39M, Peak:1.39M | Scene, ViewLayer | Updating Film
Fra:1 Mem:14.84M (Peak 15.76M) | Time:00:00.02 | Mem:1.31M, Peak:1.39M | Scene, ViewLayer | Updating Lookup Tables
Fra:1 Mem:14.84M (Peak 15.76M) | Time:00:00.02 | Mem:1.40M, Peak:1.40M | Scene, ViewLayer | Updating Baking
Fra:1 Mem:14.84M (Peak 15.76M) | Time:00:00.02 | Mem:1.40M, Peak:1.40M | Scene, ViewLayer | Updating Device | Writing constant memory
Fra:1 Mem:14.84M (Peak 15.76M) | Time:00:00.02 | Mem:1.40M, Peak:1.40M | Scene, ViewLayer | Sample 0/20
Fra:1 Mem:43.69M (Peak 43.69M) | Time:00:01.85 | Remaining:00:34.87 | Mem:30.24M, Peak:30.24M | Scene, ViewLayer | Sample 1/20
Fra:1 Mem:43.69M (Peak 43.69M) | Time:00:22.47 | Remaining:00:03.96 | Mem:30.24M, Peak:30.24M | Scene, ViewLayer | Sample 17/20
Fra:1 Mem:56.51M (Peak 82.14M) | Time:00:25.48 | Mem:30.24M, Peak:30.24M | Scene, ViewLayer | Sample 20/20
Fra:1 Mem:56.51M (Peak 82.14M) | Time:00:25.48 | Mem:30.24M, Peak:30.24M | Scene, ViewLayer | Finished
Saved: 'ArtSource/EnemySilhouettes/Assemblies/Astrolabe-retained.png'
Time: 00:25.64 (Saving: 00:00.16)

Fra:1 Mem:27.01M (Peak 27.01M) | Time:00:00.01 | Mem:0.00M, Peak:0.00M | Scene, ViewLayer | Synchronizing object | Text
Fra:1 Mem:27.06M (Peak 27.06M) | Time:00:00.01 | Mem:0.00M, Peak:0.00M | Scene, ViewLayer | Synchronizing object | Text.001
Fra:1 Mem:27.11M (Peak 27.11M) | Time:00:00.01 | Mem:0.00M, Peak:0.00M | Scene, ViewLayer | Synchronizing object | Text.002
Fra:1 Mem:27.14M (Peak 27.14M) | Time:00:00.01 | Mem:0.00M, Peak:0.00M | Scene, ViewLayer | Synchronizing object | Text.003
Fra:1 Mem:27.22M (Peak 27.22M) | Time:00:00.01 | Mem:0.00M, Peak:0.00M | Scene, ViewLayer | Synchronizing object | Text.004
Fra:1 Mem:27.40M (Peak 27.40M) | Time:00:00.01 | Mem:0.00M, Peak:0.00M | Scene, ViewLayer | Synchronizing object | Knee Guard.005
Fra:1 Mem:27.43M (Peak 27.43M) | Time:00:00.01 | Mem:0.00M, Peak:0.00M | Scene, ViewLayer | Synchronizing object | Shin Guard.005
Fra:1 Mem:27.47M (Peak 27.47M) | Time:00:00.01 | Mem:0.00M, Peak:0.00M | Scene, ViewLayer | Synchronizing object | Boot.005
Fra:1 Mem:27.49M (Peak 27.49M) | Time:00:00.01 | Mem:0.00M, Peak:0.00M | Scene, ViewLayer | Synchronizing object | Trouser.005
Fra:1 Mem:27.52M (Peak 27.52M) | Time:00:00.01 | Mem:0.00M, Peak:0.00M | Scene, ViewLayer | Synchronizing object | Knee Guard.004
Fra:1 Mem:27.56M (Peak 27.56M) | Time:00:00.01 | Mem:0.00M, Peak:0.00M | Scene, ViewLayer | Synchronizing object | Shin Guard.004
Fra:1 Mem:27.59M (Peak 27.59M) | Time:00:00.01 | Mem:0.00M, Peak:0.00M | Scene, ViewLayer | Synchronizing object | Boot.004
Fra:1 Mem:27.61M (Peak 27.61M) | Time:00:00.01 | Mem:0.00M, Peak:0.00M | Scene, ViewLayer | Synchronizing object | Trouser.004
Fra:1 Mem:27.65M (Peak 27.65M) | Time:00:00.01 | Mem:0.00M, Peak:0.00M | Scene, ViewLayer | Synchronizing object | Guardian crown spike.001
Fra:1 Mem:27.65M (Peak 27.65M) | Time:00:00.01 | Mem:0.00M, Peak:0.00M | Scene, ViewLayer | Synchronizing object | Guardian crown spike
Fra:1 Mem:27.66M (Peak 27.66M) | Time:00:00.01 | Mem:0.00M, Peak:0.00M | Scene, ViewLayer | Synchronizing object | Crown Crystal.001
Fra:1 Mem:27.69M (Peak 27.69M) | Time:00:00.01 | Mem:0.00M, Peak:0.00M | Scene, ViewLayer | Synchronizing object | Iron Crown.001
Fra:1 Mem:27.72M (Peak 27.72M) | Time:00:00.01 | Mem:0.00M, Peak:0.00M | Scene, ViewLayer | Synchronizing object | Stone Horn.003
Fra:1 Mem:27.76M (Peak 27.76M) | Time:00:00.01 | Mem:0.00M, Peak:0.00M | Scene, ViewLayer | Synchronizing object | Stone Horn.002
Fra:1 Mem:27.80M (Peak 27.80M) | Time:00:00.01 | Mem:0.00M, Peak:0.00M | Scene, ViewLayer | Synchronizing object | Eyes R.002
Fra:1 Mem:27.83M (Peak 27.83M) | Time:00:00.01 | Mem:0.00M, Peak:0.00M | Scene, ViewLayer | Synchronizing object | Eyes L.002
Fra:1 Mem:27.87M (Peak 27.87M) | Time:00:00.01 | Mem:0.00M, Peak:0.00M | Scene, ViewLayer | Synchronizing object | Head.002
Fra:1 Mem:27.90M (Peak 27.90M) | Time:00:00.01 | Mem:0.00M, Peak:0.00M | Scene, ViewLayer | Synchronizing object | Guardian ember crystal.001
Fra:1 Mem:27.93M (Peak 27.93M) | Time:00:00.01 | Mem:0.00M, Peak:0.00M | Scene, ViewLayer | Synchronizing object | Guardian chest plate.001
Fra:1 Mem:27.96M (Peak 27.96M) | Time:00:00.01 | Mem:0.00M, Peak:0.00M | Scene, ViewLayer | Synchronizing object | Cuff Trim.005
Fra:1 Mem:27.98M (Peak 27.98M) | Time:00:00.01 | Mem:0.00M, Peak:0.00M | Scene, ViewLayer | Synchronizing object | Forearm Bracer.005
Fra:1 Mem:28.01M (Peak 28.01M) | Time:00:00.01 | Mem:0.00M, Peak:0.00M | Scene, ViewLayer | Synchronizing object | Guardian layered pauldron.003
Fra:1 Mem:28.04M (Peak 28.04M) | Time:00:00.01 | Mem:0.00M, Peak:0.00M | Scene, ViewLayer | Synchronizing object | Plane
Fra:1 Mem:28.04M (Peak 28.04M) | Time:00:00.01 | Mem:0.00M, Peak:0.00M | Scene, ViewLayer | Synchronizing object | Slime Body
Fra:1 Mem:28.07M (Peak 28.07M) | Time:00:00.01 | Mem:0.00M, Peak:0.00M | Scene, ViewLayer | Synchronizing object | Slime Crown
Fra:1 Mem:28.11M (Peak 28.11M) | Time:00:00.01 | Mem:0.00M, Peak:0.00M | Scene, ViewLayer | Synchronizing object | Eye White
Fra:1 Mem:28.14M (Peak 28.14M) | Time:00:00.01 | Mem:0.00M, Peak:0.00M | Scene, ViewLayer | Synchronizing object | Eye Pupil
Fra:1 Mem:28.18M (Peak 28.18M) | Time:00:00.01 | Mem:0.00M, Peak:0.00M | Scene, ViewLayer | Synchronizing object | Eye White.001
Fra:1 Mem:28.21M (Peak 28.21M) | Time:00:00.01 | Mem:0.00M, Peak:0.00M | Scene, ViewLayer | Synchronizing object | Eye Pupil.001
Fra:1 Mem:28.25M (Peak 28.25M) | Time:00:00.01 | Mem:0.00M, Peak:0.00M | Scene, ViewLayer | Synchronizing object | Smile
Fra:1 Mem:28.28M (Peak 28.28M) | Time:00:00.01 | Mem:0.00M, Peak:0.00M | Scene, ViewLayer | Synchronizing object | Slime soft highlight
Fra:1 Mem:28.31M (Peak 28.31M) | Time:00:00.01 | Mem:0.00M, Peak:0.00M | Scene, ViewLayer | Synchronizing object | Breastplate
Fra:1 Mem:28.34M (Peak 28.34M) | Time:00:00.01 | Mem:0.00M, Peak:0.00M | Scene, ViewLayer | Synchronizing object | Belt
Fra:1 Mem:28.37M (Peak 28.37M) | Time:00:00.01 | Mem:0.00M, Peak:0.00M | Scene, ViewLayer | Synchronizing object | Buckle
Fra:1 Mem:28.40M (Peak 28.40M) | Time:00:00.01 | Mem:0.00M, Peak:0.00M | Scene, ViewLayer | Synchronizing object | Pauldrons
Fra:1 Mem:28.42M (Peak 28.42M) | Time:00:00.01 | Mem:0.00M, Peak:0.00M | Scene, ViewLayer | Synchronizing object | Sleeve
Fra:1 Mem:28.46M (Peak 28.46M) | Time:00:00.01 | Mem:0.00M, Peak:0.00M | Scene, ViewLayer | Synchronizing object | Glove
Fra:1 Mem:28.50M (Peak 28.50M) | Time:00:00.01 | Mem:0.00M, Peak:0.00M | Scene, ViewLayer | Synchronizing object | Forearm Bracer
Fra:1 Mem:28.53M (Peak 28.53M) | Time:00:00.01 | Mem:0.00M, Peak:0.00M | Scene, ViewLayer | Synchronizing object | Cuff Trim
Fra:1 Mem:28.54M (Peak 28.54M) | Time:00:00.01 | Mem:0.00M, Peak:0.00M | Scene, ViewLayer | Synchronizing object | Pauldrons.001
Fra:1 Mem:28.57M (Peak 28.57M) | Time:00:00.01 | Mem:0.00M, Peak:0.00M | Scene, ViewLayer | Synchronizing object | Sleeve.001
Fra:1 Mem:28.61M (Peak 28.61M) | Time:00:00.01 | Mem:0.00M, Peak:0.00M | Scene, ViewLayer | Synchronizing object | Glove.001
Fra:1 Mem:28.64M (Peak 28.64M) | Time:00:00.01 | Mem:0.00M, Peak:0.00M | Scene, ViewLayer | Synchronizing object | Goblin Knife
Fra:1 Mem:28.67M (Peak 28.67M) | Time:00:00.01 | Mem:0.00M, Peak:0.00M | Scene, ViewLayer | Synchronizing object | Forearm Bracer.001
Fra:1 Mem:28.71M (Peak 28.71M) | Time:00:00.01 | Mem:0.00M, Peak:0.00M | Scene, ViewLayer | Synchronizing object | Cuff Trim.001
Fra:1 Mem:28.72M (Peak 28.72M) | Time:00:00.01 | Mem:0.00M, Peak:0.00M | Scene, ViewLayer | Synchronizing object | Head
Fra:1 Mem:28.76M (Peak 28.76M) | Time:00:00.01 | Mem:0.00M, Peak:0.00M | Scene, ViewLayer | Synchronizing object | Eyes L
Fra:1 Mem:28.79M (Peak 28.79M) | Time:00:00.01 | Mem:0.00M, Peak:0.00M | Scene, ViewLayer | Synchronizing object | Eyes R
Fra:1 Mem:28.82M (Peak 28.82M) | Time:00:00.01 | Mem:0.00M, Peak:0.00M | Scene, ViewLayer | Synchronizing object | Long Ear
Fra:1 Mem:28.86M (Peak 28.86M) | Time:00:00.01 | Mem:0.00M, Peak:0.00M | Scene, ViewLayer | Synchronizing object | Long Ear.001
Fra:1 Mem:28.90M (Peak 28.90M) | Time:00:00.01 | Mem:0.00M, Peak:0.00M | Scene, ViewLayer | Synchronizing object | Leather Cap
Fra:1 Mem:28.93M (Peak 28.93M) | Time:00:00.01 | Mem:0.00M, Peak:0.00M | Scene, ViewLayer | Synchronizing object | Goblin brow left
Fra:1 Mem:28.96M (Peak 28.96M) | Time:00:00.01 | Mem:0.00M, Peak:0.00M | Scene, ViewLayer | Synchronizing object | Goblin brow right
Fra:1 Mem:29.00M (Peak 29.00M) | Time:00:00.01 | Mem:0.00M, Peak:0.00M | Scene, ViewLayer | Synchronizing object | Goblin nose
Fra:1 Mem:29.04M (Peak 29.04M) | Time:00:00.01 | Mem:0.00M, Peak:0.00M | Scene, ViewLayer | Synchronizing object | Trouser
Fra:1 Mem:29.07M (Peak 29.07M) | Time:00:00.01 | Mem:0.00M, Peak:0.00M | Scene, ViewLayer | Synchronizing object | Boot
Fra:1 Mem:29.09M (Peak 29.09M) | Time:00:00.01 | Mem:0.00M, Peak:0.00M | Scene, ViewLayer | Synchronizing object | Shin Guard
Fra:1 Mem:29.13M (Peak 29.13M) | Time:00:00.01 | Mem:0.00M, Peak:0.00M | Scene, ViewLayer | Synchronizing object | Knee Guard
Fra:1 Mem:29.16M (Peak 29.16M) | Time:00:00.01 | Mem:0.00M, Peak:0.00M | Scene, ViewLayer | Synchronizing object | Trouser.001
Fra:1 Mem:29.20M (Peak 29.20M) | Time:00:00.01 | Mem:0.00M, Peak:0.00M | Scene, ViewLayer | Synchronizing object | Boot.001
Fra:1 Mem:29.22M (Peak 29.22M) | Time:00:00.01 | Mem:0.00M, Peak:0.00M | Scene, ViewLayer | Synchronizing object | Shin Guard.001
Fra:1 Mem:29.25M (Peak 29.25M) | Time:00:00.01 | Mem:0.00M, Peak:0.00M | Scene, ViewLayer | Synchronizing object | Knee Guard.001
Fra:1 Mem:29.29M (Peak 29.29M) | Time:00:00.01 | Mem:0.00M, Peak:0.00M | Scene, ViewLayer | Synchronizing object | Spirit Core
Fra:1 Mem:29.31M (Peak 29.31M) | Time:00:00.01 | Mem:0.00M, Peak:0.00M | Scene, ViewLayer | Synchronizing object | Spirit Crown
Fra:1 Mem:29.34M (Peak 29.34M) | Time:00:00.01 | Mem:0.00M, Peak:0.00M | Scene, ViewLayer | Synchronizing object | Spirit Eyes
Fra:1 Mem:29.37M (Peak 29.37M) | Time:00:00.01 | Mem:0.00M, Peak:0.00M | Scene, ViewLayer | Synchronizing object | Spirit Eyes.001
Fra:1 Mem:29.41M (Peak 29.41M) | Time:00:00.01 | Mem:0.00M, Peak:0.00M | Scene, ViewLayer | Synchronizing object | Spirit Tail
Fra:1 Mem:29.44M (Peak 29.44M) | Time:00:00.01 | Mem:0.00M, Peak:0.00M | Scene, ViewLayer | Synchronizing object | Spirit Tail.001
Fra:1 Mem:29.47M (Peak 29.47M) | Time:00:00.01 | Mem:0.00M, Peak:0.00M | Scene, ViewLayer | Synchronizing object | Spirit Tail.002
Fra:1 Mem:29.51M (Peak 29.51M) | Time:00:00.01 | Mem:0.00M, Peak:0.00M | Scene, ViewLayer | Synchronizing object | Spirit swept horn
Fra:1 Mem:29.51M (Peak 29.51M) | Time:00:00.01 | Mem:0.00M, Peak:0.00M | Scene, ViewLayer | Synchronizing object | Spirit swept horn.001
Fra:1 Mem:29.52M (Peak 29.52M) | Time:00:00.01 | Mem:0.00M, Peak:0.00M | Scene, ViewLayer | Synchronizing object | Breastplate.001
Fra:1 Mem:29.54M (Peak 29.54M) | Time:00:00.01 | Mem:0.00M, Peak:0.00M | Scene, ViewLayer | Synchronizing object | Belt.001
Fra:1 Mem:29.57M (Peak 29.57M) | Time:00:00.01 | Mem:0.00M, Peak:0.00M | Scene, ViewLayer | Synchronizing object | Buckle.001
Fra:1 Mem:29.60M (Peak 29.60M) | Time:00:00.01 | Mem:0.00M, Peak:0.00M | Scene, ViewLayer | Synchronizing object | Pauldrons.002
Fra:1 Mem:29.63M (Peak 29.63M) | Time:00:00.01 | Mem:0.00M, Peak:0.00M | Scene, ViewLayer | Synchronizing object | Sleeve.002
Fra:1 Mem:29.67M (Peak 29.67M) | Time:00:00.01 | Mem:0.00M, Peak:0.00M | Scene, ViewLayer | Synchronizing object | Glove.002
Fra:1 Mem:29.70M (Peak 29.70M) | Time:00:00.01 | Mem:0.00M, Peak:0.00M | Scene, ViewLayer | Synchronizing object | Guardian layered pauldron
Fra:1 Mem:29.73M (Peak 29.73M) | Time:00:00.01 | Mem:0.00M, Peak:0.00M | Scene, ViewLayer | Synchronizing object | Forearm Bracer.002
Fra:1 Mem:29.77M (Peak 29.77M) | Time:00:00.01 | Mem:0.00M, Peak:0.00M | Scene, ViewLayer | Synchronizing object | Cuff Trim.002
Fra:1 Mem:29.78M (Peak 29.78M) | Time:00:00.01 | Mem:0.00M, Peak:0.00M | Scene, ViewLayer | Synchronizing object | Pauldrons.003
Fra:1 Mem:29.81M (Peak 29.81M) | Time:00:00.01 | Mem:0.00M, Peak:0.00M | Scene, ViewLayer | Synchronizing object | Sleeve.003
Fra:1 Mem:29.84M (Peak 29.84M) | Time:00:00.01 | Mem:0.00M, Peak:0.00M | Scene, ViewLayer | Synchronizing object | Glove.003
Fra:1 Mem:29.88M (Peak 29.88M) | Time:00:00.01 | Mem:0.00M, Peak:0.00M | Scene, ViewLayer | Synchronizing object | Hammer Grip
Fra:1 Mem:29.89M (Peak 29.89M) | Time:00:00.01 | Mem:0.00M, Peak:0.00M | Scene, ViewLayer | Synchronizing object | Great Hammer
Fra:1 Mem:29.92M (Peak 29.92M) | Time:00:00.01 | Mem:0.00M, Peak:0.00M | Scene, ViewLayer | Synchronizing object | Guardian layered pauldron.001
Fra:1 Mem:29.95M (Peak 29.95M) | Time:00:00.01 | Mem:0.00M, Peak:0.00M | Scene, ViewLayer | Synchronizing object | Forearm Bracer.003
Fra:1 Mem:29.99M (Peak 29.99M) | Time:00:00.01 | Mem:0.00M, Peak:0.00M | Scene, ViewLayer | Synchronizing object | Cuff Trim.003
Fra:1 Mem:30.00M (Peak 30.00M) | Time:00:00.01 | Mem:0.00M, Peak:0.00M | Scene, ViewLayer | Synchronizing object | Guardian chest plate
Fra:1 Mem:30.03M (Peak 30.03M) | Time:00:00.01 | Mem:0.00M, Peak:0.00M | Scene, ViewLayer | Synchronizing object | Guardian ember crystal
Fra:1 Mem:30.06M (Peak 30.06M) | Time:00:00.01 | Mem:0.00M, Peak:0.00M | Scene, ViewLayer | Synchronizing object | Head.001
Fra:1 Mem:30.10M (Peak 30.10M) | Time:00:00.01 | Mem:0.00M, Peak:0.00M | Scene, ViewLayer | Synchronizing object | Eyes L.001
Fra:1 Mem:30.13M (Peak 30.13M) | Time:00:00.01 | Mem:0.00M, Peak:0.00M | Scene, ViewLayer | Synchronizing object | Eyes R.001
Fra:1 Mem:30.17M (Peak 30.17M) | Time:00:00.01 | Mem:0.00M, Peak:0.00M | Scene, ViewLayer | Synchronizing object | Stone Horn
Fra:1 Mem:30.20M (Peak 30.20M) | Time:00:00.01 | Mem:0.00M, Peak:0.00M | Scene, ViewLayer | Synchronizing object | Stone Horn.001
Fra:1 Mem:30.24M (Peak 30.24M) | Time:00:00.01 | Mem:0.00M, Peak:0.00M | Scene, ViewLayer | Synchronizing object | Iron Crown
Fra:1 Mem:30.27M (Peak 30.27M) | Time:00:00.01 | Mem:0.00M, Peak:0.00M | Scene, ViewLayer | Synchronizing object | Crown Crystal
Fra:1 Mem:30.30M (Peak 30.30M) | Time:00:00.01 | Mem:0.00M, Peak:0.00M | Scene, ViewLayer | Synchronizing object | Trouser.002
Fra:1 Mem:30.34M (Peak 30.34M) | Time:00:00.01 | Mem:0.00M, Peak:0.00M | Scene, ViewLayer | Synchronizing object | Boot.002
Fra:1 Mem:30.36M (Peak 30.36M) | Time:00:00.01 | Mem:0.00M, Peak:0.00M | Scene, ViewLayer | Synchronizing object | Shin Guard.002
Fra:1 Mem:30.40M (Peak 30.40M) | Time:00:00.01 | Mem:0.00M, Peak:0.00M | Scene, ViewLayer | Synchronizing object | Knee Guard.002
Fra:1 Mem:30.43M (Peak 30.43M) | Time:00:00.01 | Mem:0.00M, Peak:0.00M | Scene, ViewLayer | Synchronizing object | Trouser.003
Fra:1 Mem:30.47M (Peak 30.47M) | Time:00:00.01 | Mem:0.00M, Peak:0.00M | Scene, ViewLayer | Synchronizing object | Boot.003
Fra:1 Mem:30.49M (Peak 30.49M) | Time:00:00.01 | Mem:0.00M, Peak:0.00M | Scene, ViewLayer | Synchronizing object | Shin Guard.003
Fra:1 Mem:30.52M (Peak 30.52M) | Time:00:00.01 | Mem:0.00M, Peak:0.00M | Scene, ViewLayer | Synchronizing object | Knee Guard.003
Fra:1 Mem:30.56M (Peak 30.56M) | Time:00:00.01 | Mem:0.00M, Peak:0.00M | Scene, ViewLayer | Synchronizing object | Breastplate.002
Fra:1 Mem:30.58M (Peak 30.58M) | Time:00:00.01 | Mem:0.00M, Peak:0.00M | Scene, ViewLayer | Synchronizing object | Belt.002
Fra:1 Mem:30.60M (Peak 30.60M) | Time:00:00.01 | Mem:0.00M, Peak:0.00M | Scene, ViewLayer | Synchronizing object | Great Hammer.001
Fra:1 Mem:30.63M (Peak 30.63M) | Time:00:00.01 | Mem:0.00M, Peak:0.00M | Scene, ViewLayer | Synchronizing object | Hammer Grip.001
Fra:1 Mem:30.64M (Peak 30.64M) | Time:00:00.01 | Mem:0.00M, Peak:0.00M | Scene, ViewLayer | Synchronizing object | Glove.005
Fra:1 Mem:30.68M (Peak 30.68M) | Time:00:00.01 | Mem:0.00M, Peak:0.00M | Scene, ViewLayer | Synchronizing object | Sleeve.005
Fra:1 Mem:30.71M (Peak 30.71M) | Time:00:00.01 | Mem:0.00M, Peak:0.00M | Scene, ViewLayer | Synchronizing object | Pauldrons.005
Fra:1 Mem:30.74M (Peak 30.74M) | Time:00:00.01 | Mem:0.00M, Peak:0.00M | Scene, ViewLayer | Synchronizing object | Cuff Trim.004
Fra:1 Mem:30.75M (Peak 30.75M) | Time:00:00.01 | Mem:0.00M, Peak:0.00M | Scene, ViewLayer | Synchronizing object | Forearm Bracer.004
Fra:1 Mem:30.79M (Peak 30.79M) | Time:00:00.01 | Mem:0.00M, Peak:0.00M | Scene, ViewLayer | Synchronizing object | Guardian layered pauldron.002
Fra:1 Mem:30.82M (Peak 30.82M) | Time:00:00.01 | Mem:0.00M, Peak:0.00M | Scene, ViewLayer | Synchronizing object | Glove.004
Fra:1 Mem:30.85M (Peak 30.85M) | Time:00:00.01 | Mem:0.00M, Peak:0.00M | Scene, ViewLayer | Synchronizing object | Sleeve.004
Fra:1 Mem:30.89M (Peak 30.89M) | Time:00:00.01 | Mem:0.00M, Peak:0.00M | Scene, ViewLayer | Synchronizing object | Pauldrons.004
Fra:1 Mem:30.92M (Peak 30.92M) | Time:00:00.01 | Mem:0.00M, Peak:0.00M | Scene, ViewLayer | Synchronizing object | Buckle.002
Fra:1 Mem:30.97M (Peak 30.97M) | Time:00:00.01 | Mem:0.00M, Peak:0.00M | Scene, ViewLayer | Initializing
Fra:1 Mem:24.96M (Peak 30.97M) | Time:00:00.01 | Mem:0.00M, Peak:0.00M | Scene, ViewLayer | Waiting for render to start
Fra:1 Mem:24.96M (Peak 30.97M) | Time:00:00.01 | Mem:0.00M, Peak:0.00M | Scene, ViewLayer | Loading render kernels (may take a few minutes the first time)
Fra:1 Mem:24.96M (Peak 30.97M) | Time:00:00.01 | Mem:0.00M, Peak:0.00M | Scene, ViewLayer | Updating Scene
Fra:1 Mem:24.96M (Peak 30.97M) | Time:00:00.01 | Mem:0.00M, Peak:0.00M | Scene, ViewLayer | Updating Shaders
Fra:1 Mem:25.06M (Peak 30.97M) | Time:00:00.01 | Mem:0.02M, Peak:0.02M | Scene, ViewLayer | Updating Procedurals
Fra:1 Mem:25.06M (Peak 30.97M) | Time:00:00.01 | Mem:0.02M, Peak:0.02M | Scene, ViewLayer | Updating Background
Fra:1 Mem:25.06M (Peak 30.97M) | Time:00:00.01 | Mem:0.02M, Peak:0.02M | Scene, ViewLayer | Updating Camera
Fra:1 Mem:25.06M (Peak 30.97M) | Time:00:00.01 | Mem:0.02M, Peak:0.02M | Scene, ViewLayer | Updating Meshes Flags
Fra:1 Mem:25.06M (Peak 30.97M) | Time:00:00.02 | Mem:0.02M, Peak:0.02M | Scene, ViewLayer | Updating Objects
Fra:1 Mem:25.06M (Peak 30.97M) | Time:00:00.02 | Mem:0.02M, Peak:0.02M | Scene, ViewLayer | Updating Objects | Copying Transformations to device
Fra:1 Mem:25.09M (Peak 30.97M) | Time:00:00.02 | Mem:0.05M, Peak:0.05M | Scene, ViewLayer | Updating Objects | Applying Static Transformations
Fra:1 Mem:25.09M (Peak 30.97M) | Time:00:00.02 | Mem:0.05M, Peak:0.05M | Scene, ViewLayer | Updating Particle Systems
Fra:1 Mem:25.09M (Peak 30.97M) | Time:00:00.02 | Mem:0.05M, Peak:0.05M | Scene, ViewLayer | Updating Particle Systems | Copying Particles to device
Fra:1 Mem:25.09M (Peak 30.97M) | Time:00:00.02 | Mem:0.05M, Peak:0.05M | Scene, ViewLayer | Updating Meshes
Fra:1 Mem:25.68M (Peak 30.97M) | Time:00:00.02 | Mem:0.05M, Peak:0.05M | Scene, ViewLayer | Updating Mesh | Computing attributes
Fra:1 Mem:26.05M (Peak 30.97M) | Time:00:00.02 | Mem:0.06M, Peak:0.06M | Scene, ViewLayer | Updating Mesh | Copying Attributes to device
Fra:1 Mem:26.03M (Peak 30.97M) | Time:00:00.02 | Mem:0.40M, Peak:0.40M | Scene, ViewLayer | Updating Scene BVH | Building
Fra:1 Mem:26.03M (Peak 30.97M) | Time:00:00.02 | Mem:0.40M, Peak:0.40M | Scene, ViewLayer | Updating Scene BVH | Building BVH
Fra:1 Mem:26.03M (Peak 30.97M) | Time:00:00.02 | Mem:1.58M, Peak:1.58M | Scene, ViewLayer | Updating Scene BVH | Building BVH 0%
Fra:1 Mem:26.03M (Peak 30.97M) | Time:00:00.03 | Mem:2.99M, Peak:4.17M | Scene, ViewLayer | Updating Scene BVH | Copying BVH to device
Fra:1 Mem:26.03M (Peak 30.97M) | Time:00:00.03 | Mem:2.99M, Peak:4.17M | Scene, ViewLayer | Updating Mesh | Computing normals
Fra:1 Mem:27.68M (Peak 30.97M) | Time:00:00.03 | Mem:2.99M, Peak:4.17M | Scene, ViewLayer | Updating Mesh | Copying Mesh to device
Fra:1 Mem:27.68M (Peak 30.97M) | Time:00:00.03 | Mem:4.63M, Peak:4.63M | Scene, ViewLayer | Updating Objects Flags
Fra:1 Mem:27.68M (Peak 30.97M) | Time:00:00.03 | Mem:4.64M, Peak:4.64M | Scene, ViewLayer | Updating Primitive Offsets
Fra:1 Mem:27.68M (Peak 30.97M) | Time:00:00.03 | Mem:4.64M, Peak:4.64M | Scene, ViewLayer | Updating Images
Fra:1 Mem:27.68M (Peak 30.97M) | Time:00:00.03 | Mem:4.64M, Peak:4.64M | Scene, ViewLayer | Updating Camera Volume
Fra:1 Mem:27.68M (Peak 30.97M) | Time:00:00.03 | Mem:4.64M, Peak:4.64M | Scene, ViewLayer | Updating Lookup Tables
Fra:1 Mem:27.68M (Peak 30.97M) | Time:00:00.03 | Mem:4.72M, Peak:4.72M | Scene, ViewLayer | Updating Lights
Fra:1 Mem:27.68M (Peak 30.97M) | Time:00:00.03 | Mem:4.72M, Peak:4.72M | Scene, ViewLayer | Updating Lights | Computing tree
Fra:1 Mem:27.68M (Peak 30.97M) | Time:00:00.03 | Mem:4.72M, Peak:4.72M | Scene, ViewLayer | Updating Integrator
Fra:1 Mem:27.68M (Peak 30.97M) | Time:00:00.03 | Mem:4.72M, Peak:4.72M | Scene, ViewLayer | Updating Film
Fra:1 Mem:27.68M (Peak 30.97M) | Time:00:00.03 | Mem:4.64M, Peak:4.72M | Scene, ViewLayer | Updating Lookup Tables
Fra:1 Mem:27.68M (Peak 30.97M) | Time:00:00.03 | Mem:4.72M, Peak:4.72M | Scene, ViewLayer | Updating Baking
Fra:1 Mem:27.68M (Peak 30.97M) | Time:00:00.03 | Mem:4.72M, Peak:4.72M | Scene, ViewLayer | Updating Device | Writing constant memory
Fra:1 Mem:27.68M (Peak 30.97M) | Time:00:00.03 | Mem:4.72M, Peak:4.72M | Scene, ViewLayer | Sample 0/20
Fra:1 Mem:56.53M (Peak 56.53M) | Time:00:01.22 | Remaining:00:22.56 | Mem:33.56M, Peak:33.56M | Scene, ViewLayer | Sample 1/20
Fra:1 Mem:69.35M (Peak 94.98M) | Time:00:21.85 | Mem:33.56M, Peak:33.56M | Scene, ViewLayer | Sample 20/20
Fra:1 Mem:69.35M (Peak 94.98M) | Time:00:21.85 | Mem:33.56M, Peak:33.56M | Scene, ViewLayer | Finished
Saved: 'ArtSource/EnemySilhouettes/Assemblies/Action-walk-before.png'
Time: 00:22.01 (Saving: 00:00.16)

Fra:1 Mem:31.14M (Peak 31.14M) | Time:00:00.01 | Mem:0.00M, Peak:0.00M | Scene, ViewLayer | Synchronizing object | Text
Fra:1 Mem:31.18M (Peak 31.18M) | Time:00:00.01 | Mem:0.00M, Peak:0.00M | Scene, ViewLayer | Synchronizing object | Text.001
Fra:1 Mem:31.23M (Peak 31.23M) | Time:00:00.01 | Mem:0.00M, Peak:0.00M | Scene, ViewLayer | Synchronizing object | Text.002
Fra:1 Mem:31.26M (Peak 31.26M) | Time:00:00.01 | Mem:0.00M, Peak:0.00M | Scene, ViewLayer | Synchronizing object | Text.003
Fra:1 Mem:31.35M (Peak 31.35M) | Time:00:00.01 | Mem:0.00M, Peak:0.00M | Scene, ViewLayer | Synchronizing object | Text.004
Fra:1 Mem:31.52M (Peak 31.52M) | Time:00:00.01 | Mem:0.00M, Peak:0.00M | Scene, ViewLayer | Synchronizing object | Knee Guard.005
Fra:1 Mem:31.55M (Peak 31.55M) | Time:00:00.01 | Mem:0.00M, Peak:0.00M | Scene, ViewLayer | Synchronizing object | Shin Guard.005
Fra:1 Mem:31.59M (Peak 31.59M) | Time:00:00.01 | Mem:0.00M, Peak:0.00M | Scene, ViewLayer | Synchronizing object | Boot.005
Fra:1 Mem:31.61M (Peak 31.61M) | Time:00:00.01 | Mem:0.00M, Peak:0.00M | Scene, ViewLayer | Synchronizing object | Trouser.005
Fra:1 Mem:31.65M (Peak 31.65M) | Time:00:00.01 | Mem:0.00M, Peak:0.00M | Scene, ViewLayer | Synchronizing object | Knee Guard.004
Fra:1 Mem:31.68M (Peak 31.68M) | Time:00:00.01 | Mem:0.00M, Peak:0.00M | Scene, ViewLayer | Synchronizing object | Shin Guard.004
Fra:1 Mem:31.72M (Peak 31.72M) | Time:00:00.01 | Mem:0.00M, Peak:0.00M | Scene, ViewLayer | Synchronizing object | Boot.004
Fra:1 Mem:31.74M (Peak 31.74M) | Time:00:00.01 | Mem:0.00M, Peak:0.00M | Scene, ViewLayer | Synchronizing object | Trouser.004
Fra:1 Mem:31.77M (Peak 31.77M) | Time:00:00.01 | Mem:0.00M, Peak:0.00M | Scene, ViewLayer | Synchronizing object | Guardian crown spike.001
Fra:1 Mem:31.78M (Peak 31.78M) | Time:00:00.01 | Mem:0.00M, Peak:0.00M | Scene, ViewLayer | Synchronizing object | Guardian crown spike
Fra:1 Mem:31.78M (Peak 31.78M) | Time:00:00.01 | Mem:0.00M, Peak:0.00M | Scene, ViewLayer | Synchronizing object | Crown Crystal.001
Fra:1 Mem:31.81M (Peak 31.81M) | Time:00:00.01 | Mem:0.00M, Peak:0.00M | Scene, ViewLayer | Synchronizing object | Iron Crown.001
Fra:1 Mem:31.87M (Peak 31.87M) | Time:00:00.01 | Mem:0.00M, Peak:0.00M | Scene, ViewLayer | Synchronizing object | Stone Horn.003
Fra:1 Mem:31.91M (Peak 31.91M) | Time:00:00.01 | Mem:0.00M, Peak:0.00M | Scene, ViewLayer | Synchronizing object | Stone Horn.002
Fra:1 Mem:31.94M (Peak 31.94M) | Time:00:00.01 | Mem:0.00M, Peak:0.00M | Scene, ViewLayer | Synchronizing object | Eyes R.002
Fra:1 Mem:31.98M (Peak 31.98M) | Time:00:00.01 | Mem:0.00M, Peak:0.00M | Scene, ViewLayer | Synchronizing object | Eyes L.002
Fra:1 Mem:32.01M (Peak 32.01M) | Time:00:00.01 | Mem:0.00M, Peak:0.00M | Scene, ViewLayer | Synchronizing object | Head.002
Fra:1 Mem:32.05M (Peak 32.05M) | Time:00:00.01 | Mem:0.00M, Peak:0.00M | Scene, ViewLayer | Synchronizing object | Guardian ember crystal.001
Fra:1 Mem:32.08M (Peak 32.08M) | Time:00:00.01 | Mem:0.00M, Peak:0.00M | Scene, ViewLayer | Synchronizing object | Guardian chest plate.001
Fra:1 Mem:32.10M (Peak 32.10M) | Time:00:00.01 | Mem:0.00M, Peak:0.00M | Scene, ViewLayer | Synchronizing object | Cuff Trim.005
Fra:1 Mem:32.11M (Peak 32.11M) | Time:00:00.01 | Mem:0.00M, Peak:0.00M | Scene, ViewLayer | Synchronizing object | Forearm Bracer.005
Fra:1 Mem:32.14M (Peak 32.14M) | Time:00:00.01 | Mem:0.00M, Peak:0.00M | Scene, ViewLayer | Synchronizing object | Guardian layered pauldron.003
Fra:1 Mem:32.15M (Peak 32.15M) | Time:00:00.01 | Mem:0.00M, Peak:0.00M | Scene, ViewLayer | Synchronizing object | Great Hammer.001
Fra:1 Mem:32.18M (Peak 32.18M) | Time:00:00.01 | Mem:0.00M, Peak:0.00M | Scene, ViewLayer | Synchronizing object | Hammer Grip.001
Fra:1 Mem:32.20M (Peak 32.20M) | Time:00:00.01 | Mem:0.00M, Peak:0.00M | Scene, ViewLayer | Synchronizing object | Glove.005
Fra:1 Mem:32.23M (Peak 32.23M) | Time:00:00.01 | Mem:0.00M, Peak:0.00M | Scene, ViewLayer | Synchronizing object | Sleeve.005
Fra:1 Mem:32.27M (Peak 32.27M) | Time:00:00.01 | Mem:0.00M, Peak:0.00M | Scene, ViewLayer | Synchronizing object | Pauldrons.005
Fra:1 Mem:32.29M (Peak 32.29M) | Time:00:00.01 | Mem:0.00M, Peak:0.00M | Scene, ViewLayer | Synchronizing object | Cuff Trim.004
Fra:1 Mem:32.31M (Peak 32.31M) | Time:00:00.01 | Mem:0.00M, Peak:0.00M | Scene, ViewLayer | Synchronizing object | Forearm Bracer.004
Fra:1 Mem:32.34M (Peak 32.34M) | Time:00:00.01 | Mem:0.00M, Peak:0.00M | Scene, ViewLayer | Synchronizing object | Guardian layered pauldron.002
Fra:1 Mem:32.35M (Peak 32.35M) | Time:00:00.01 | Mem:0.00M, Peak:0.00M | Scene, ViewLayer | Synchronizing object | Glove.004
Fra:1 Mem:32.39M (Peak 32.39M) | Time:00:00.01 | Mem:0.00M, Peak:0.00M | Scene, ViewLayer | Synchronizing object | Sleeve.004
Fra:1 Mem:32.42M (Peak 32.42M) | Time:00:00.01 | Mem:0.00M, Peak:0.00M | Scene, ViewLayer | Synchronizing object | Pauldrons.004
Fra:1 Mem:32.45M (Peak 32.45M) | Time:00:00.01 | Mem:0.00M, Peak:0.00M | Scene, ViewLayer | Synchronizing object | Buckle.002
Fra:1 Mem:32.48M (Peak 32.48M) | Time:00:00.01 | Mem:0.00M, Peak:0.00M | Scene, ViewLayer | Synchronizing object | Belt.002
Fra:1 Mem:32.51M (Peak 32.51M) | Time:00:00.01 | Mem:0.00M, Peak:0.00M | Scene, ViewLayer | Synchronizing object | Breastplate.002
Fra:1 Mem:32.54M (Peak 32.54M) | Time:00:00.01 | Mem:0.00M, Peak:0.00M | Scene, ViewLayer | Synchronizing object | Knee Guard.003
Fra:1 Mem:32.57M (Peak 32.57M) | Time:00:00.01 | Mem:0.00M, Peak:0.00M | Scene, ViewLayer | Synchronizing object | Shin Guard.003
Fra:1 Mem:32.61M (Peak 32.61M) | Time:00:00.01 | Mem:0.00M, Peak:0.00M | Scene, ViewLayer | Synchronizing object | Boot.003
Fra:1 Mem:32.63M (Peak 32.63M) | Time:00:00.01 | Mem:0.00M, Peak:0.00M | Scene, ViewLayer | Synchronizing object | Trouser.003
Fra:1 Mem:32.67M (Peak 32.67M) | Time:00:00.01 | Mem:0.00M, Peak:0.00M | Scene, ViewLayer | Synchronizing object | Knee Guard.002
Fra:1 Mem:32.70M (Peak 32.70M) | Time:00:00.01 | Mem:0.00M, Peak:0.00M | Scene, ViewLayer | Synchronizing object | Shin Guard.002
Fra:1 Mem:32.74M (Peak 32.74M) | Time:00:00.01 | Mem:0.00M, Peak:0.00M | Scene, ViewLayer | Synchronizing object | Boot.002
Fra:1 Mem:32.76M (Peak 32.76M) | Time:00:00.01 | Mem:0.00M, Peak:0.00M | Scene, ViewLayer | Synchronizing object | Trouser.002
Fra:1 Mem:32.79M (Peak 32.79M) | Time:00:00.01 | Mem:0.00M, Peak:0.00M | Scene, ViewLayer | Synchronizing object | Crown Crystal
Fra:1 Mem:32.83M (Peak 32.83M) | Time:00:00.01 | Mem:0.00M, Peak:0.00M | Scene, ViewLayer | Synchronizing object | Iron Crown
Fra:1 Mem:32.88M (Peak 32.88M) | Time:00:00.01 | Mem:0.00M, Peak:0.00M | Scene, ViewLayer | Synchronizing object | Stone Horn.001
Fra:1 Mem:32.92M (Peak 32.92M) | Time:00:00.01 | Mem:0.00M, Peak:0.00M | Scene, ViewLayer | Synchronizing object | Stone Horn
Fra:1 Mem:32.95M (Peak 32.95M) | Time:00:00.01 | Mem:0.00M, Peak:0.00M | Scene, ViewLayer | Synchronizing object | Eyes R.001
Fra:1 Mem:32.99M (Peak 32.99M) | Time:00:00.01 | Mem:0.00M, Peak:0.00M | Scene, ViewLayer | Synchronizing object | Eyes L.001
Fra:1 Mem:33.02M (Peak 33.02M) | Time:00:00.01 | Mem:0.00M, Peak:0.00M | Scene, ViewLayer | Synchronizing object | Head.001
Fra:1 Mem:33.06M (Peak 33.06M) | Time:00:00.01 | Mem:0.00M, Peak:0.00M | Scene, ViewLayer | Synchronizing object | Guardian ember crystal
Fra:1 Mem:33.09M (Peak 33.09M) | Time:00:00.01 | Mem:0.00M, Peak:0.00M | Scene, ViewLayer | Synchronizing object | Guardian chest plate
Fra:1 Mem:33.11M (Peak 33.11M) | Time:00:00.01 | Mem:0.00M, Peak:0.00M | Scene, ViewLayer | Synchronizing object | Cuff Trim.003
Fra:1 Mem:33.12M (Peak 33.12M) | Time:00:00.01 | Mem:0.00M, Peak:0.00M | Scene, ViewLayer | Synchronizing object | Forearm Bracer.003
Fra:1 Mem:33.16M (Peak 33.16M) | Time:00:00.01 | Mem:0.00M, Peak:0.00M | Scene, ViewLayer | Synchronizing object | Guardian layered pauldron.001
Fra:1 Mem:33.17M (Peak 33.17M) | Time:00:00.01 | Mem:0.00M, Peak:0.00M | Scene, ViewLayer | Synchronizing object | Great Hammer
Fra:1 Mem:33.20M (Peak 33.20M) | Time:00:00.01 | Mem:0.00M, Peak:0.00M | Scene, ViewLayer | Synchronizing object | Hammer Grip
Fra:1 Mem:33.21M (Peak 33.21M) | Time:00:00.01 | Mem:0.00M, Peak:0.00M | Scene, ViewLayer | Synchronizing object | Glove.003
Fra:1 Mem:33.24M (Peak 33.24M) | Time:00:00.01 | Mem:0.00M, Peak:0.00M | Scene, ViewLayer | Synchronizing object | Sleeve.003
Fra:1 Mem:33.26M (Peak 33.26M) | Time:00:00.01 | Mem:0.00M, Peak:0.00M | Scene, ViewLayer | Synchronizing object | Plane
Fra:1 Mem:33.26M (Peak 33.26M) | Time:00:00.01 | Mem:0.00M, Peak:0.00M | Scene, ViewLayer | Synchronizing object | Slime Body
Fra:1 Mem:33.30M (Peak 33.30M) | Time:00:00.01 | Mem:0.00M, Peak:0.00M | Scene, ViewLayer | Synchronizing object | Slime Crown
Fra:1 Mem:33.34M (Peak 33.34M) | Time:00:00.01 | Mem:0.00M, Peak:0.00M | Scene, ViewLayer | Synchronizing object | Eye White
Fra:1 Mem:33.37M (Peak 33.37M) | Time:00:00.01 | Mem:0.00M, Peak:0.00M | Scene, ViewLayer | Synchronizing object | Eye Pupil
Fra:1 Mem:33.41M (Peak 33.41M) | Time:00:00.01 | Mem:0.00M, Peak:0.00M | Scene, ViewLayer | Synchronizing object | Eye White.001
Fra:1 Mem:33.44M (Peak 33.44M) | Time:00:00.01 | Mem:0.00M, Peak:0.00M | Scene, ViewLayer | Synchronizing object | Eye Pupil.001
Fra:1 Mem:33.48M (Peak 33.48M) | Time:00:00.01 | Mem:0.00M, Peak:0.00M | Scene, ViewLayer | Synchronizing object | Smile
Fra:1 Mem:33.50M (Peak 33.50M) | Time:00:00.01 | Mem:0.00M, Peak:0.00M | Scene, ViewLayer | Synchronizing object | Slime soft highlight
Fra:1 Mem:33.54M (Peak 33.54M) | Time:00:00.01 | Mem:0.00M, Peak:0.00M | Scene, ViewLayer | Synchronizing object | Breastplate
Fra:1 Mem:33.57M (Peak 33.57M) | Time:00:00.01 | Mem:0.00M, Peak:0.00M | Scene, ViewLayer | Synchronizing object | Belt
Fra:1 Mem:33.60M (Peak 33.60M) | Time:00:00.01 | Mem:0.00M, Peak:0.00M | Scene, ViewLayer | Synchronizing object | Buckle
Fra:1 Mem:33.63M (Peak 33.63M) | Time:00:00.01 | Mem:0.00M, Peak:0.00M | Scene, ViewLayer | Synchronizing object | Pauldrons
Fra:1 Mem:33.65M (Peak 33.65M) | Time:00:00.01 | Mem:0.00M, Peak:0.00M | Scene, ViewLayer | Synchronizing object | Sleeve
Fra:1 Mem:33.69M (Peak 33.69M) | Time:00:00.01 | Mem:0.00M, Peak:0.00M | Scene, ViewLayer | Synchronizing object | Glove
Fra:1 Mem:33.72M (Peak 33.72M) | Time:00:00.01 | Mem:0.00M, Peak:0.00M | Scene, ViewLayer | Synchronizing object | Forearm Bracer
Fra:1 Mem:33.76M (Peak 33.76M) | Time:00:00.01 | Mem:0.00M, Peak:0.00M | Scene, ViewLayer | Synchronizing object | Cuff Trim
Fra:1 Mem:33.77M (Peak 33.77M) | Time:00:00.01 | Mem:0.00M, Peak:0.00M | Scene, ViewLayer | Synchronizing object | Pauldrons.001
Fra:1 Mem:33.80M (Peak 33.80M) | Time:00:00.01 | Mem:0.00M, Peak:0.00M | Scene, ViewLayer | Synchronizing object | Sleeve.001
Fra:1 Mem:33.84M (Peak 33.84M) | Time:00:00.01 | Mem:0.00M, Peak:0.00M | Scene, ViewLayer | Synchronizing object | Glove.001
Fra:1 Mem:33.87M (Peak 33.87M) | Time:00:00.01 | Mem:0.00M, Peak:0.00M | Scene, ViewLayer | Synchronizing object | Goblin Knife
Fra:1 Mem:33.89M (Peak 33.89M) | Time:00:00.01 | Mem:0.00M, Peak:0.00M | Scene, ViewLayer | Synchronizing object | Forearm Bracer.001
Fra:1 Mem:33.93M (Peak 33.93M) | Time:00:00.01 | Mem:0.00M, Peak:0.00M | Scene, ViewLayer | Synchronizing object | Cuff Trim.001
Fra:1 Mem:33.94M (Peak 33.94M) | Time:00:00.01 | Mem:0.00M, Peak:0.00M | Scene, ViewLayer | Synchronizing object | Head
Fra:1 Mem:33.97M (Peak 33.97M) | Time:00:00.01 | Mem:0.00M, Peak:0.00M | Scene, ViewLayer | Synchronizing object | Eyes L
Fra:1 Mem:34.01M (Peak 34.01M) | Time:00:00.01 | Mem:0.00M, Peak:0.00M | Scene, ViewLayer | Synchronizing object | Eyes R
Fra:1 Mem:34.04M (Peak 34.04M) | Time:00:00.01 | Mem:0.00M, Peak:0.00M | Scene, ViewLayer | Synchronizing object | Long Ear
Fra:1 Mem:34.05M (Peak 34.05M) | Time:00:00.01 | Mem:0.00M, Peak:0.00M | Scene, ViewLayer | Synchronizing object | Long Ear.001
Fra:1 Mem:34.06M (Peak 34.06M) | Time:00:00.01 | Mem:0.00M, Peak:0.00M | Scene, ViewLayer | Synchronizing object | Leather Cap
Fra:1 Mem:34.09M (Peak 34.09M) | Time:00:00.01 | Mem:0.00M, Peak:0.00M | Scene, ViewLayer | Synchronizing object | Goblin brow left
Fra:1 Mem:34.13M (Peak 34.13M) | Time:00:00.01 | Mem:0.00M, Peak:0.00M | Scene, ViewLayer | Synchronizing object | Goblin brow right
Fra:1 Mem:34.17M (Peak 34.17M) | Time:00:00.01 | Mem:0.00M, Peak:0.00M | Scene, ViewLayer | Synchronizing object | Goblin nose
Fra:1 Mem:34.20M (Peak 34.20M) | Time:00:00.01 | Mem:0.00M, Peak:0.00M | Scene, ViewLayer | Synchronizing object | Trouser
Fra:1 Mem:34.24M (Peak 34.24M) | Time:00:00.01 | Mem:0.00M, Peak:0.00M | Scene, ViewLayer | Synchronizing object | Boot
Fra:1 Mem:34.26M (Peak 34.26M) | Time:00:00.01 | Mem:0.00M, Peak:0.00M | Scene, ViewLayer | Synchronizing object | Shin Guard
Fra:1 Mem:34.29M (Peak 34.29M) | Time:00:00.01 | Mem:0.00M, Peak:0.00M | Scene, ViewLayer | Synchronizing object | Knee Guard
Fra:1 Mem:34.33M (Peak 34.33M) | Time:00:00.01 | Mem:0.00M, Peak:0.00M | Scene, ViewLayer | Synchronizing object | Trouser.001
Fra:1 Mem:34.37M (Peak 34.37M) | Time:00:00.01 | Mem:0.00M, Peak:0.00M | Scene, ViewLayer | Synchronizing object | Boot.001
Fra:1 Mem:34.38M (Peak 34.38M) | Time:00:00.01 | Mem:0.00M, Peak:0.00M | Scene, ViewLayer | Synchronizing object | Shin Guard.001
Fra:1 Mem:34.42M (Peak 34.42M) | Time:00:00.01 | Mem:0.00M, Peak:0.00M | Scene, ViewLayer | Synchronizing object | Knee Guard.001
Fra:1 Mem:34.45M (Peak 34.45M) | Time:00:00.01 | Mem:0.00M, Peak:0.00M | Scene, ViewLayer | Synchronizing object | Spirit Core
Fra:1 Mem:34.47M (Peak 34.47M) | Time:00:00.01 | Mem:0.00M, Peak:0.00M | Scene, ViewLayer | Synchronizing object | Spirit Crown
Fra:1 Mem:34.50M (Peak 34.50M) | Time:00:00.01 | Mem:0.00M, Peak:0.00M | Scene, ViewLayer | Synchronizing object | Spirit Eyes
Fra:1 Mem:34.54M (Peak 34.54M) | Time:00:00.01 | Mem:0.00M, Peak:0.00M | Scene, ViewLayer | Synchronizing object | Spirit Eyes.001
Fra:1 Mem:34.57M (Peak 34.57M) | Time:00:00.01 | Mem:0.00M, Peak:0.00M | Scene, ViewLayer | Synchronizing object | Spirit Tail
Fra:1 Mem:34.61M (Peak 34.61M) | Time:00:00.01 | Mem:0.00M, Peak:0.00M | Scene, ViewLayer | Synchronizing object | Spirit Tail.001
Fra:1 Mem:34.64M (Peak 34.64M) | Time:00:00.01 | Mem:0.00M, Peak:0.00M | Scene, ViewLayer | Synchronizing object | Spirit Tail.002
Fra:1 Mem:34.67M (Peak 34.67M) | Time:00:00.01 | Mem:0.00M, Peak:0.00M | Scene, ViewLayer | Synchronizing object | Spirit swept horn
Fra:1 Mem:34.68M (Peak 34.68M) | Time:00:00.01 | Mem:0.00M, Peak:0.00M | Scene, ViewLayer | Synchronizing object | Spirit swept horn.001
Fra:1 Mem:34.68M (Peak 34.68M) | Time:00:00.01 | Mem:0.00M, Peak:0.00M | Scene, ViewLayer | Synchronizing object | Breastplate.001
Fra:1 Mem:34.71M (Peak 34.71M) | Time:00:00.01 | Mem:0.00M, Peak:0.00M | Scene, ViewLayer | Synchronizing object | Belt.001
Fra:1 Mem:34.74M (Peak 34.74M) | Time:00:00.01 | Mem:0.00M, Peak:0.00M | Scene, ViewLayer | Synchronizing object | Buckle.001
Fra:1 Mem:34.77M (Peak 34.77M) | Time:00:00.01 | Mem:0.00M, Peak:0.00M | Scene, ViewLayer | Synchronizing object | Pauldrons.002
Fra:1 Mem:34.80M (Peak 34.80M) | Time:00:00.01 | Mem:0.00M, Peak:0.00M | Scene, ViewLayer | Synchronizing object | Sleeve.002
Fra:1 Mem:34.83M (Peak 34.83M) | Time:00:00.01 | Mem:0.00M, Peak:0.00M | Scene, ViewLayer | Synchronizing object | Glove.002
Fra:1 Mem:34.87M (Peak 34.87M) | Time:00:00.01 | Mem:0.00M, Peak:0.00M | Scene, ViewLayer | Synchronizing object | Guardian layered pauldron
Fra:1 Mem:34.88M (Peak 34.88M) | Time:00:00.01 | Mem:0.00M, Peak:0.00M | Scene, ViewLayer | Synchronizing object | Forearm Bracer.002
Fra:1 Mem:34.92M (Peak 34.92M) | Time:00:00.01 | Mem:0.00M, Peak:0.00M | Scene, ViewLayer | Synchronizing object | Cuff Trim.002
Fra:1 Mem:34.93M (Peak 34.93M) | Time:00:00.01 | Mem:0.00M, Peak:0.00M | Scene, ViewLayer | Synchronizing object | Pauldrons.003
Fra:1 Mem:34.97M (Peak 34.97M) | Time:00:00.01 | Mem:0.00M, Peak:0.00M | Scene, ViewLayer | Initializing
Fra:1 Mem:28.96M (Peak 34.97M) | Time:00:00.01 | Mem:0.00M, Peak:0.00M | Scene, ViewLayer | Waiting for render to start
Fra:1 Mem:28.96M (Peak 34.97M) | Time:00:00.01 | Mem:0.00M, Peak:0.00M | Scene, ViewLayer | Loading render kernels (may take a few minutes the first time)
Fra:1 Mem:28.96M (Peak 34.97M) | Time:00:00.01 | Mem:0.00M, Peak:0.00M | Scene, ViewLayer | Updating Scene
Fra:1 Mem:28.96M (Peak 34.97M) | Time:00:00.01 | Mem:0.00M, Peak:0.00M | Scene, ViewLayer | Updating Shaders
Fra:1 Mem:29.06M (Peak 34.97M) | Time:00:00.01 | Mem:0.02M, Peak:0.02M | Scene, ViewLayer | Updating Procedurals
Fra:1 Mem:29.06M (Peak 34.97M) | Time:00:00.01 | Mem:0.02M, Peak:0.02M | Scene, ViewLayer | Updating Background
Fra:1 Mem:29.06M (Peak 34.97M) | Time:00:00.01 | Mem:0.02M, Peak:0.02M | Scene, ViewLayer | Updating Camera
Fra:1 Mem:29.06M (Peak 34.97M) | Time:00:00.01 | Mem:0.02M, Peak:0.02M | Scene, ViewLayer | Updating Meshes Flags
Fra:1 Mem:29.06M (Peak 34.97M) | Time:00:00.01 | Mem:0.02M, Peak:0.02M | Scene, ViewLayer | Updating Objects
Fra:1 Mem:29.06M (Peak 34.97M) | Time:00:00.01 | Mem:0.02M, Peak:0.02M | Scene, ViewLayer | Updating Objects | Copying Transformations to device
Fra:1 Mem:29.09M (Peak 34.97M) | Time:00:00.01 | Mem:0.05M, Peak:0.05M | Scene, ViewLayer | Updating Objects | Applying Static Transformations
Fra:1 Mem:29.09M (Peak 34.97M) | Time:00:00.01 | Mem:0.05M, Peak:0.05M | Scene, ViewLayer | Updating Particle Systems
Fra:1 Mem:29.09M (Peak 34.97M) | Time:00:00.01 | Mem:0.05M, Peak:0.05M | Scene, ViewLayer | Updating Particle Systems | Copying Particles to device
Fra:1 Mem:29.09M (Peak 34.97M) | Time:00:00.01 | Mem:0.05M, Peak:0.05M | Scene, ViewLayer | Updating Meshes
Fra:1 Mem:29.64M (Peak 34.97M) | Time:00:00.02 | Mem:0.05M, Peak:0.05M | Scene, ViewLayer | Updating Mesh | Computing attributes
Fra:1 Mem:30.01M (Peak 34.97M) | Time:00:00.02 | Mem:0.06M, Peak:0.06M | Scene, ViewLayer | Updating Mesh | Copying Attributes to device
Fra:1 Mem:29.99M (Peak 34.97M) | Time:00:00.02 | Mem:0.40M, Peak:0.40M | Scene, ViewLayer | Updating Scene BVH | Building
Fra:1 Mem:30.00M (Peak 34.97M) | Time:00:00.02 | Mem:0.40M, Peak:0.40M | Scene, ViewLayer | Updating Scene BVH | Building BVH
Fra:1 Mem:30.00M (Peak 34.97M) | Time:00:00.02 | Mem:1.50M, Peak:1.50M | Scene, ViewLayer | Updating Scene BVH | Building BVH 0%
Fra:1 Mem:30.00M (Peak 34.97M) | Time:00:00.03 | Mem:2.82M, Peak:3.92M | Scene, ViewLayer | Updating Scene BVH | Copying BVH to device
Fra:1 Mem:30.00M (Peak 34.97M) | Time:00:00.03 | Mem:2.82M, Peak:3.92M | Scene, ViewLayer | Updating Mesh | Computing normals
Fra:1 Mem:31.60M (Peak 34.97M) | Time:00:00.03 | Mem:2.82M, Peak:3.92M | Scene, ViewLayer | Updating Mesh | Copying Mesh to device
Fra:1 Mem:31.60M (Peak 34.97M) | Time:00:00.03 | Mem:4.42M, Peak:4.42M | Scene, ViewLayer | Updating Objects Flags
Fra:1 Mem:31.60M (Peak 34.97M) | Time:00:00.03 | Mem:4.43M, Peak:4.43M | Scene, ViewLayer | Updating Primitive Offsets
Fra:1 Mem:31.60M (Peak 34.97M) | Time:00:00.03 | Mem:4.43M, Peak:4.43M | Scene, ViewLayer | Updating Images
Fra:1 Mem:31.60M (Peak 34.97M) | Time:00:00.03 | Mem:4.43M, Peak:4.43M | Scene, ViewLayer | Updating Camera Volume
Fra:1 Mem:31.60M (Peak 34.97M) | Time:00:00.03 | Mem:4.43M, Peak:4.43M | Scene, ViewLayer | Updating Lookup Tables
Fra:1 Mem:31.60M (Peak 34.97M) | Time:00:00.03 | Mem:4.51M, Peak:4.51M | Scene, ViewLayer | Updating Lights
Fra:1 Mem:31.60M (Peak 34.97M) | Time:00:00.03 | Mem:4.51M, Peak:4.51M | Scene, ViewLayer | Updating Lights | Computing tree
Fra:1 Mem:31.60M (Peak 34.97M) | Time:00:00.03 | Mem:4.51M, Peak:4.51M | Scene, ViewLayer | Updating Integrator
Fra:1 Mem:31.60M (Peak 34.97M) | Time:00:00.03 | Mem:4.51M, Peak:4.51M | Scene, ViewLayer | Updating Film
Fra:1 Mem:31.61M (Peak 34.97M) | Time:00:00.03 | Mem:4.43M, Peak:4.51M | Scene, ViewLayer | Updating Lookup Tables
Fra:1 Mem:31.61M (Peak 34.97M) | Time:00:00.03 | Mem:4.51M, Peak:4.51M | Scene, ViewLayer | Updating Baking
Fra:1 Mem:31.61M (Peak 34.97M) | Time:00:00.03 | Mem:4.51M, Peak:4.51M | Scene, ViewLayer | Updating Device | Writing constant memory
Fra:1 Mem:31.61M (Peak 34.97M) | Time:00:00.03 | Mem:4.51M, Peak:4.51M | Scene, ViewLayer | Sample 0/20
Fra:1 Mem:60.46M (Peak 60.46M) | Time:00:01.04 | Remaining:00:19.23 | Mem:33.35M, Peak:33.35M | Scene, ViewLayer | Sample 1/20
Fra:1 Mem:73.28M (Peak 98.91M) | Time:00:22.64 | Mem:33.35M, Peak:33.35M | Scene, ViewLayer | Sample 20/20
Fra:1 Mem:73.28M (Peak 98.91M) | Time:00:22.64 | Mem:33.35M, Peak:33.35M | Scene, ViewLayer | Finished
Saved: 'ArtSource/EnemySilhouettes/Assemblies/Action-walk-after.png'
Time: 00:22.94 (Saving: 00:00.29)

Fra:1 Mem:35.25M (Peak 35.25M) | Time:00:00.01 | Mem:0.00M, Peak:0.00M | Scene, ViewLayer | Synchronizing object | Text
Fra:1 Mem:35.29M (Peak 35.29M) | Time:00:00.01 | Mem:0.00M, Peak:0.00M | Scene, ViewLayer | Synchronizing object | Text.001
Fra:1 Mem:35.34M (Peak 35.34M) | Time:00:00.01 | Mem:0.00M, Peak:0.00M | Scene, ViewLayer | Synchronizing object | Text.002
Fra:1 Mem:35.37M (Peak 35.37M) | Time:00:00.01 | Mem:0.00M, Peak:0.00M | Scene, ViewLayer | Synchronizing object | Text.003
Fra:1 Mem:35.46M (Peak 35.46M) | Time:00:00.01 | Mem:0.00M, Peak:0.00M | Scene, ViewLayer | Synchronizing object | Text.004
Fra:1 Mem:35.63M (Peak 35.63M) | Time:00:00.01 | Mem:0.00M, Peak:0.00M | Scene, ViewLayer | Synchronizing object | Knee Guard.005
Fra:1 Mem:35.66M (Peak 35.66M) | Time:00:00.01 | Mem:0.00M, Peak:0.00M | Scene, ViewLayer | Synchronizing object | Shin Guard.005
Fra:1 Mem:35.70M (Peak 35.70M) | Time:00:00.01 | Mem:0.00M, Peak:0.00M | Scene, ViewLayer | Synchronizing object | Boot.005
Fra:1 Mem:35.72M (Peak 35.72M) | Time:00:00.01 | Mem:0.00M, Peak:0.00M | Scene, ViewLayer | Synchronizing object | Trouser.005
Fra:1 Mem:35.76M (Peak 35.76M) | Time:00:00.01 | Mem:0.00M, Peak:0.00M | Scene, ViewLayer | Synchronizing object | Knee Guard.004
Fra:1 Mem:35.79M (Peak 35.79M) | Time:00:00.01 | Mem:0.00M, Peak:0.00M | Scene, ViewLayer | Synchronizing object | Shin Guard.004
Fra:1 Mem:35.83M (Peak 35.83M) | Time:00:00.01 | Mem:0.00M, Peak:0.00M | Scene, ViewLayer | Synchronizing object | Boot.004
Fra:1 Mem:35.84M (Peak 35.84M) | Time:00:00.01 | Mem:0.00M, Peak:0.00M | Scene, ViewLayer | Synchronizing object | Trouser.004
Fra:1 Mem:35.88M (Peak 35.88M) | Time:00:00.01 | Mem:0.00M, Peak:0.00M | Scene, ViewLayer | Synchronizing object | Guardian crown spike.001
Fra:1 Mem:35.89M (Peak 35.89M) | Time:00:00.01 | Mem:0.00M, Peak:0.00M | Scene, ViewLayer | Synchronizing object | Guardian crown spike
Fra:1 Mem:35.89M (Peak 35.89M) | Time:00:00.01 | Mem:0.00M, Peak:0.00M | Scene, ViewLayer | Synchronizing object | Crown Crystal.001
Fra:1 Mem:35.92M (Peak 35.92M) | Time:00:00.01 | Mem:0.00M, Peak:0.00M | Scene, ViewLayer | Synchronizing object | Iron Crown.001
Fra:1 Mem:35.95M (Peak 35.95M) | Time:00:00.01 | Mem:0.00M, Peak:0.00M | Scene, ViewLayer | Synchronizing object | Stone Horn.003
Fra:1 Mem:35.99M (Peak 35.99M) | Time:00:00.01 | Mem:0.00M, Peak:0.00M | Scene, ViewLayer | Synchronizing object | Stone Horn.002
Fra:1 Mem:36.03M (Peak 36.03M) | Time:00:00.01 | Mem:0.00M, Peak:0.00M | Scene, ViewLayer | Synchronizing object | Eyes R.002
Fra:1 Mem:36.06M (Peak 36.06M) | Time:00:00.01 | Mem:0.00M, Peak:0.00M | Scene, ViewLayer | Synchronizing object | Eyes L.002
Fra:1 Mem:36.10M (Peak 36.10M) | Time:00:00.01 | Mem:0.00M, Peak:0.00M | Scene, ViewLayer | Synchronizing object | Head.002
Fra:1 Mem:36.13M (Peak 36.13M) | Time:00:00.01 | Mem:0.00M, Peak:0.00M | Scene, ViewLayer | Synchronizing object | Guardian ember crystal.001
Fra:1 Mem:36.17M (Peak 36.17M) | Time:00:00.01 | Mem:0.00M, Peak:0.00M | Scene, ViewLayer | Synchronizing object | Guardian chest plate.001
Fra:1 Mem:36.20M (Peak 36.20M) | Time:00:00.01 | Mem:0.00M, Peak:0.00M | Scene, ViewLayer | Synchronizing object | Cuff Trim.005
Fra:1 Mem:36.21M (Peak 36.21M) | Time:00:00.01 | Mem:0.00M, Peak:0.00M | Scene, ViewLayer | Synchronizing object | Forearm Bracer.005
Fra:1 Mem:36.24M (Peak 36.24M) | Time:00:00.01 | Mem:0.00M, Peak:0.00M | Scene, ViewLayer | Synchronizing object | Guardian layered pauldron.003
Fra:1 Mem:36.27M (Peak 36.27M) | Time:00:00.01 | Mem:0.00M, Peak:0.00M | Scene, ViewLayer | Synchronizing object | Great Hammer.001
Fra:1 Mem:36.30M (Peak 36.30M) | Time:00:00.01 | Mem:0.00M, Peak:0.00M | Scene, ViewLayer | Synchronizing object | Hammer Grip.001
Fra:1 Mem:36.31M (Peak 36.31M) | Time:00:00.01 | Mem:0.00M, Peak:0.00M | Scene, ViewLayer | Synchronizing object | Glove.005
Fra:1 Mem:36.35M (Peak 36.35M) | Time:00:00.01 | Mem:0.00M, Peak:0.00M | Scene, ViewLayer | Synchronizing object | Sleeve.005
Fra:1 Mem:36.39M (Peak 36.39M) | Time:00:00.01 | Mem:0.00M, Peak:0.00M | Scene, ViewLayer | Synchronizing object | Pauldrons.005
Fra:1 Mem:36.41M (Peak 36.41M) | Time:00:00.01 | Mem:0.00M, Peak:0.00M | Scene, ViewLayer | Synchronizing object | Cuff Trim.004
Fra:1 Mem:36.43M (Peak 36.43M) | Time:00:00.01 | Mem:0.00M, Peak:0.00M | Scene, ViewLayer | Synchronizing object | Forearm Bracer.004
Fra:1 Mem:36.46M (Peak 36.46M) | Time:00:00.01 | Mem:0.00M, Peak:0.00M | Scene, ViewLayer | Synchronizing object | Guardian layered pauldron.002
Fra:1 Mem:36.49M (Peak 36.49M) | Time:00:00.01 | Mem:0.00M, Peak:0.00M | Scene, ViewLayer | Synchronizing object | Glove.004
Fra:1 Mem:36.53M (Peak 36.53M) | Time:00:00.01 | Mem:0.00M, Peak:0.00M | Scene, ViewLayer | Synchronizing object | Sleeve.004
Fra:1 Mem:36.56M (Peak 36.56M) | Time:00:00.01 | Mem:0.00M, Peak:0.00M | Scene, ViewLayer | Synchronizing object | Pauldrons.004
Fra:1 Mem:36.59M (Peak 36.59M) | Time:00:00.01 | Mem:0.00M, Peak:0.00M | Scene, ViewLayer | Synchronizing object | Buckle.002
Fra:1 Mem:36.62M (Peak 36.62M) | Time:00:00.01 | Mem:0.00M, Peak:0.00M | Scene, ViewLayer | Synchronizing object | Belt.002
Fra:1 Mem:36.65M (Peak 36.65M) | Time:00:00.01 | Mem:0.00M, Peak:0.00M | Scene, ViewLayer | Synchronizing object | Breastplate.002
Fra:1 Mem:36.68M (Peak 36.68M) | Time:00:00.01 | Mem:0.00M, Peak:0.00M | Scene, ViewLayer | Synchronizing object | Knee Guard.003
Fra:1 Mem:36.71M (Peak 36.71M) | Time:00:00.04 | Mem:0.00M, Peak:0.00M | Scene, ViewLayer | Synchronizing object | Plane
Fra:1 Mem:36.71M (Peak 36.71M) | Time:00:00.04 | Mem:0.00M, Peak:0.00M | Scene, ViewLayer | Synchronizing object | Slime Body
Fra:1 Mem:36.75M (Peak 36.75M) | Time:00:00.04 | Mem:0.00M, Peak:0.00M | Scene, ViewLayer | Synchronizing object | Slime Crown
Fra:1 Mem:36.78M (Peak 36.78M) | Time:00:00.04 | Mem:0.00M, Peak:0.00M | Scene, ViewLayer | Synchronizing object | Eye White
Fra:1 Mem:36.81M (Peak 36.81M) | Time:00:00.04 | Mem:0.00M, Peak:0.00M | Scene, ViewLayer | Synchronizing object | Eye Pupil
Fra:1 Mem:36.85M (Peak 36.85M) | Time:00:00.04 | Mem:0.00M, Peak:0.00M | Scene, ViewLayer | Synchronizing object | Eye White.001
Fra:1 Mem:36.88M (Peak 36.88M) | Time:00:00.04 | Mem:0.00M, Peak:0.00M | Scene, ViewLayer | Synchronizing object | Eye Pupil.001
Fra:1 Mem:36.92M (Peak 36.92M) | Time:00:00.04 | Mem:0.00M, Peak:0.00M | Scene, ViewLayer | Synchronizing object | Smile
Fra:1 Mem:36.95M (Peak 36.95M) | Time:00:00.04 | Mem:0.00M, Peak:0.00M | Scene, ViewLayer | Synchronizing object | Slime soft highlight
Fra:1 Mem:36.98M (Peak 36.98M) | Time:00:00.04 | Mem:0.00M, Peak:0.00M | Scene, ViewLayer | Synchronizing object | Breastplate
Fra:1 Mem:37.01M (Peak 37.01M) | Time:00:00.04 | Mem:0.00M, Peak:0.00M | Scene, ViewLayer | Synchronizing object | Belt
Fra:1 Mem:37.04M (Peak 37.04M) | Time:00:00.04 | Mem:0.00M, Peak:0.00M | Scene, ViewLayer | Synchronizing object | Buckle
Fra:1 Mem:37.07M (Peak 37.07M) | Time:00:00.04 | Mem:0.00M, Peak:0.00M | Scene, ViewLayer | Synchronizing object | Pauldrons
Fra:1 Mem:37.10M (Peak 37.10M) | Time:00:00.04 | Mem:0.00M, Peak:0.00M | Scene, ViewLayer | Synchronizing object | Sleeve
Fra:1 Mem:37.13M (Peak 37.13M) | Time:00:00.04 | Mem:0.00M, Peak:0.00M | Scene, ViewLayer | Synchronizing object | Glove
Fra:1 Mem:37.17M (Peak 37.17M) | Time:00:00.04 | Mem:0.00M, Peak:0.00M | Scene, ViewLayer | Synchronizing object | Forearm Bracer
Fra:1 Mem:37.20M (Peak 37.20M) | Time:00:00.04 | Mem:0.00M, Peak:0.00M | Scene, ViewLayer | Synchronizing object | Cuff Trim
Fra:1 Mem:37.22M (Peak 37.22M) | Time:00:00.04 | Mem:0.00M, Peak:0.00M | Scene, ViewLayer | Synchronizing object | Pauldrons.001
Fra:1 Mem:37.24M (Peak 37.24M) | Time:00:00.04 | Mem:0.00M, Peak:0.00M | Scene, ViewLayer | Synchronizing object | Sleeve.001
Fra:1 Mem:37.28M (Peak 37.28M) | Time:00:00.04 | Mem:0.00M, Peak:0.00M | Scene, ViewLayer | Synchronizing object | Glove.001
Fra:1 Mem:37.31M (Peak 37.31M) | Time:00:00.04 | Mem:0.00M, Peak:0.00M | Scene, ViewLayer | Synchronizing object | Goblin Knife
Fra:1 Mem:37.34M (Peak 37.34M) | Time:00:00.04 | Mem:0.00M, Peak:0.00M | Scene, ViewLayer | Synchronizing object | Forearm Bracer.001
Fra:1 Mem:37.38M (Peak 37.38M) | Time:00:00.04 | Mem:0.00M, Peak:0.00M | Scene, ViewLayer | Synchronizing object | Cuff Trim.001
Fra:1 Mem:37.39M (Peak 37.39M) | Time:00:00.04 | Mem:0.00M, Peak:0.00M | Scene, ViewLayer | Synchronizing object | Head
Fra:1 Mem:37.43M (Peak 37.43M) | Time:00:00.04 | Mem:0.00M, Peak:0.00M | Scene, ViewLayer | Synchronizing object | Eyes L
Fra:1 Mem:37.46M (Peak 37.46M) | Time:00:00.04 | Mem:0.00M, Peak:0.00M | Scene, ViewLayer | Synchronizing object | Eyes R
Fra:1 Mem:37.50M (Peak 37.50M) | Time:00:00.04 | Mem:0.00M, Peak:0.00M | Scene, ViewLayer | Synchronizing object | Long Ear
Fra:1 Mem:37.53M (Peak 37.53M) | Time:00:00.04 | Mem:0.00M, Peak:0.00M | Scene, ViewLayer | Synchronizing object | Long Ear.001
Fra:1 Mem:37.57M (Peak 37.57M) | Time:00:00.04 | Mem:0.00M, Peak:0.00M | Scene, ViewLayer | Synchronizing object | Leather Cap
Fra:1 Mem:37.60M (Peak 37.60M) | Time:00:00.04 | Mem:0.00M, Peak:0.00M | Scene, ViewLayer | Synchronizing object | Goblin brow left
Fra:1 Mem:37.64M (Peak 37.64M) | Time:00:00.04 | Mem:0.00M, Peak:0.00M | Scene, ViewLayer | Synchronizing object | Goblin brow right
Fra:1 Mem:37.67M (Peak 37.67M) | Time:00:00.04 | Mem:0.00M, Peak:0.00M | Scene, ViewLayer | Synchronizing object | Goblin nose
Fra:1 Mem:37.71M (Peak 37.71M) | Time:00:00.04 | Mem:0.00M, Peak:0.00M | Scene, ViewLayer | Synchronizing object | Trouser
Fra:1 Mem:37.74M (Peak 37.74M) | Time:00:00.04 | Mem:0.00M, Peak:0.00M | Scene, ViewLayer | Synchronizing object | Boot
Fra:1 Mem:37.76M (Peak 37.76M) | Time:00:00.04 | Mem:0.00M, Peak:0.00M | Scene, ViewLayer | Synchronizing object | Shin Guard
Fra:1 Mem:37.80M (Peak 37.80M) | Time:00:00.04 | Mem:0.00M, Peak:0.00M | Scene, ViewLayer | Synchronizing object | Knee Guard
Fra:1 Mem:37.83M (Peak 37.83M) | Time:00:00.04 | Mem:0.00M, Peak:0.00M | Scene, ViewLayer | Synchronizing object | Trouser.001
Fra:1 Mem:37.87M (Peak 37.87M) | Time:00:00.04 | Mem:0.00M, Peak:0.00M | Scene, ViewLayer | Synchronizing object | Boot.001
Fra:1 Mem:37.89M (Peak 37.89M) | Time:00:00.04 | Mem:0.00M, Peak:0.00M | Scene, ViewLayer | Synchronizing object | Shin Guard.001
Fra:1 Mem:37.93M (Peak 37.93M) | Time:00:00.04 | Mem:0.00M, Peak:0.00M | Scene, ViewLayer | Synchronizing object | Knee Guard.001
Fra:1 Mem:37.96M (Peak 37.96M) | Time:00:00.04 | Mem:0.00M, Peak:0.00M | Scene, ViewLayer | Synchronizing object | Spirit Core
Fra:1 Mem:37.98M (Peak 37.98M) | Time:00:00.04 | Mem:0.00M, Peak:0.00M | Scene, ViewLayer | Synchronizing object | Spirit Crown
Fra:1 Mem:38.01M (Peak 38.01M) | Time:00:00.04 | Mem:0.00M, Peak:0.00M | Scene, ViewLayer | Synchronizing object | Spirit Eyes
Fra:1 Mem:38.04M (Peak 38.04M) | Time:00:00.04 | Mem:0.00M, Peak:0.00M | Scene, ViewLayer | Synchronizing object | Spirit Eyes.001
Fra:1 Mem:38.08M (Peak 38.08M) | Time:00:00.04 | Mem:0.00M, Peak:0.00M | Scene, ViewLayer | Synchronizing object | Spirit Tail
Fra:1 Mem:38.11M (Peak 38.11M) | Time:00:00.04 | Mem:0.00M, Peak:0.00M | Scene, ViewLayer | Synchronizing object | Spirit Tail.001
Fra:1 Mem:38.14M (Peak 38.14M) | Time:00:00.04 | Mem:0.00M, Peak:0.00M | Scene, ViewLayer | Synchronizing object | Spirit Tail.002
Fra:1 Mem:38.18M (Peak 38.18M) | Time:00:00.04 | Mem:0.00M, Peak:0.00M | Scene, ViewLayer | Synchronizing object | Spirit swept horn
Fra:1 Mem:38.18M (Peak 38.18M) | Time:00:00.04 | Mem:0.00M, Peak:0.00M | Scene, ViewLayer | Synchronizing object | Spirit swept horn.001
Fra:1 Mem:38.19M (Peak 38.19M) | Time:00:00.04 | Mem:0.00M, Peak:0.00M | Scene, ViewLayer | Synchronizing object | Breastplate.001
Fra:1 Mem:38.22M (Peak 38.22M) | Time:00:00.04 | Mem:0.00M, Peak:0.00M | Scene, ViewLayer | Synchronizing object | Belt.001
Fra:1 Mem:38.24M (Peak 38.24M) | Time:00:00.04 | Mem:0.00M, Peak:0.00M | Scene, ViewLayer | Synchronizing object | Buckle.001
Fra:1 Mem:38.27M (Peak 38.27M) | Time:00:00.04 | Mem:0.00M, Peak:0.00M | Scene, ViewLayer | Synchronizing object | Pauldrons.002
Fra:1 Mem:38.30M (Peak 38.30M) | Time:00:00.04 | Mem:0.00M, Peak:0.00M | Scene, ViewLayer | Synchronizing object | Sleeve.002
Fra:1 Mem:38.34M (Peak 38.34M) | Time:00:00.04 | Mem:0.00M, Peak:0.00M | Scene, ViewLayer | Synchronizing object | Glove.002
Fra:1 Mem:38.37M (Peak 38.37M) | Time:00:00.04 | Mem:0.00M, Peak:0.00M | Scene, ViewLayer | Synchronizing object | Guardian layered pauldron
Fra:1 Mem:38.40M (Peak 38.40M) | Time:00:00.04 | Mem:0.00M, Peak:0.00M | Scene, ViewLayer | Synchronizing object | Forearm Bracer.002
Fra:1 Mem:38.44M (Peak 38.44M) | Time:00:00.04 | Mem:0.00M, Peak:0.00M | Scene, ViewLayer | Synchronizing object | Cuff Trim.002
Fra:1 Mem:38.45M (Peak 38.45M) | Time:00:00.04 | Mem:0.00M, Peak:0.00M | Scene, ViewLayer | Synchronizing object | Pauldrons.003
Fra:1 Mem:38.48M (Peak 38.48M) | Time:00:00.04 | Mem:0.00M, Peak:0.00M | Scene, ViewLayer | Synchronizing object | Sleeve.003
Fra:1 Mem:38.52M (Peak 38.52M) | Time:00:00.04 | Mem:0.00M, Peak:0.00M | Scene, ViewLayer | Synchronizing object | Glove.003
Fra:1 Mem:38.55M (Peak 38.55M) | Time:00:00.04 | Mem:0.00M, Peak:0.00M | Scene, ViewLayer | Synchronizing object | Hammer Grip
Fra:1 Mem:38.56M (Peak 38.56M) | Time:00:00.04 | Mem:0.00M, Peak:0.00M | Scene, ViewLayer | Synchronizing object | Great Hammer
Fra:1 Mem:38.59M (Peak 38.59M) | Time:00:00.04 | Mem:0.00M, Peak:0.00M | Scene, ViewLayer | Synchronizing object | Guardian layered pauldron.001
Fra:1 Mem:38.62M (Peak 38.62M) | Time:00:00.04 | Mem:0.00M, Peak:0.00M | Scene, ViewLayer | Synchronizing object | Forearm Bracer.003
Fra:1 Mem:38.66M (Peak 38.66M) | Time:00:00.04 | Mem:0.00M, Peak:0.00M | Scene, ViewLayer | Synchronizing object | Cuff Trim.003
Fra:1 Mem:38.67M (Peak 38.67M) | Time:00:00.04 | Mem:0.00M, Peak:0.00M | Scene, ViewLayer | Synchronizing object | Guardian chest plate
Fra:1 Mem:38.70M (Peak 38.70M) | Time:00:00.04 | Mem:0.00M, Peak:0.00M | Scene, ViewLayer | Synchronizing object | Guardian ember crystal
Fra:1 Mem:38.73M (Peak 38.73M) | Time:00:00.04 | Mem:0.00M, Peak:0.00M | Scene, ViewLayer | Synchronizing object | Head.001
Fra:1 Mem:38.77M (Peak 38.77M) | Time:00:00.04 | Mem:0.00M, Peak:0.00M | Scene, ViewLayer | Synchronizing object | Eyes L.001
Fra:1 Mem:38.80M (Peak 38.80M) | Time:00:00.04 | Mem:0.00M, Peak:0.00M | Scene, ViewLayer | Synchronizing object | Eyes R.001
Fra:1 Mem:38.84M (Peak 38.84M) | Time:00:00.04 | Mem:0.00M, Peak:0.00M | Scene, ViewLayer | Synchronizing object | Stone Horn
Fra:1 Mem:38.87M (Peak 38.87M) | Time:00:00.04 | Mem:0.00M, Peak:0.00M | Scene, ViewLayer | Synchronizing object | Stone Horn.001
Fra:1 Mem:38.91M (Peak 38.91M) | Time:00:00.04 | Mem:0.00M, Peak:0.00M | Scene, ViewLayer | Synchronizing object | Iron Crown
Fra:1 Mem:38.94M (Peak 38.94M) | Time:00:00.04 | Mem:0.00M, Peak:0.00M | Scene, ViewLayer | Synchronizing object | Crown Crystal
Fra:1 Mem:38.97M (Peak 38.97M) | Time:00:00.04 | Mem:0.00M, Peak:0.00M | Scene, ViewLayer | Synchronizing object | Trouser.002
Fra:1 Mem:39.01M (Peak 39.01M) | Time:00:00.04 | Mem:0.00M, Peak:0.00M | Scene, ViewLayer | Synchronizing object | Boot.002
Fra:1 Mem:39.03M (Peak 39.03M) | Time:00:00.04 | Mem:0.00M, Peak:0.00M | Scene, ViewLayer | Synchronizing object | Shin Guard.002
Fra:1 Mem:39.07M (Peak 39.07M) | Time:00:00.04 | Mem:0.00M, Peak:0.00M | Scene, ViewLayer | Synchronizing object | Knee Guard.002
Fra:1 Mem:39.10M (Peak 39.10M) | Time:00:00.04 | Mem:0.00M, Peak:0.00M | Scene, ViewLayer | Synchronizing object | Trouser.003
Fra:1 Mem:39.14M (Peak 39.14M) | Time:00:00.04 | Mem:0.00M, Peak:0.00M | Scene, ViewLayer | Synchronizing object | Boot.003
Fra:1 Mem:39.16M (Peak 39.16M) | Time:00:00.04 | Mem:0.00M, Peak:0.00M | Scene, ViewLayer | Synchronizing object | Shin Guard.003
Fra:1 Mem:39.20M (Peak 39.20M) | Time:00:00.04 | Mem:0.00M, Peak:0.00M | Scene, ViewLayer | Initializing
Fra:1 Mem:33.19M (Peak 39.20M) | Time:00:00.05 | Mem:0.00M, Peak:0.00M | Scene, ViewLayer | Waiting for render to start
Fra:1 Mem:33.19M (Peak 39.20M) | Time:00:00.05 | Mem:0.00M, Peak:0.00M | Scene, ViewLayer | Loading render kernels (may take a few minutes the first time)
Fra:1 Mem:33.19M (Peak 39.20M) | Time:00:00.05 | Mem:0.00M, Peak:0.00M | Scene, ViewLayer | Updating Scene
Fra:1 Mem:33.19M (Peak 39.20M) | Time:00:00.05 | Mem:0.00M, Peak:0.00M | Scene, ViewLayer | Updating Shaders
Fra:1 Mem:33.29M (Peak 39.20M) | Time:00:00.05 | Mem:0.02M, Peak:0.02M | Scene, ViewLayer | Updating Procedurals
Fra:1 Mem:33.29M (Peak 39.20M) | Time:00:00.05 | Mem:0.02M, Peak:0.02M | Scene, ViewLayer | Updating Background
Fra:1 Mem:33.29M (Peak 39.20M) | Time:00:00.05 | Mem:0.02M, Peak:0.02M | Scene, ViewLayer | Updating Camera
Fra:1 Mem:33.29M (Peak 39.20M) | Time:00:00.05 | Mem:0.02M, Peak:0.02M | Scene, ViewLayer | Updating Meshes Flags
Fra:1 Mem:33.29M (Peak 39.20M) | Time:00:00.05 | Mem:0.02M, Peak:0.02M | Scene, ViewLayer | Updating Objects
Fra:1 Mem:33.29M (Peak 39.20M) | Time:00:00.05 | Mem:0.02M, Peak:0.02M | Scene, ViewLayer | Updating Objects | Copying Transformations to device
Fra:1 Mem:33.32M (Peak 39.20M) | Time:00:00.05 | Mem:0.05M, Peak:0.05M | Scene, ViewLayer | Updating Objects | Applying Static Transformations
Fra:1 Mem:33.32M (Peak 39.20M) | Time:00:00.05 | Mem:0.05M, Peak:0.05M | Scene, ViewLayer | Updating Particle Systems
Fra:1 Mem:33.32M (Peak 39.20M) | Time:00:00.05 | Mem:0.05M, Peak:0.05M | Scene, ViewLayer | Updating Particle Systems | Copying Particles to device
Fra:1 Mem:33.32M (Peak 39.20M) | Time:00:00.05 | Mem:0.05M, Peak:0.05M | Scene, ViewLayer | Updating Meshes
Fra:1 Mem:33.91M (Peak 39.20M) | Time:00:00.05 | Mem:0.05M, Peak:0.05M | Scene, ViewLayer | Updating Mesh | Computing attributes
Fra:1 Mem:34.28M (Peak 39.20M) | Time:00:00.05 | Mem:0.06M, Peak:0.06M | Scene, ViewLayer | Updating Mesh | Copying Attributes to device
Fra:1 Mem:34.26M (Peak 39.20M) | Time:00:00.05 | Mem:0.40M, Peak:0.40M | Scene, ViewLayer | Updating Scene BVH | Building
Fra:1 Mem:34.26M (Peak 39.20M) | Time:00:00.05 | Mem:0.40M, Peak:0.40M | Scene, ViewLayer | Updating Scene BVH | Building BVH
Fra:1 Mem:34.26M (Peak 39.20M) | Time:00:00.05 | Mem:1.58M, Peak:1.58M | Scene, ViewLayer | Updating Scene BVH | Building BVH 0%
Fra:1 Mem:34.26M (Peak 39.20M) | Time:00:00.08 | Mem:2.87M, Peak:4.05M | Scene, ViewLayer | Updating Scene BVH | Copying BVH to device
Fra:1 Mem:34.26M (Peak 39.20M) | Time:00:00.08 | Mem:2.87M, Peak:4.05M | Scene, ViewLayer | Updating Mesh | Computing normals
Fra:1 Mem:35.91M (Peak 39.20M) | Time:00:00.08 | Mem:2.87M, Peak:4.05M | Scene, ViewLayer | Updating Mesh | Copying Mesh to device
Fra:1 Mem:35.91M (Peak 39.20M) | Time:00:00.08 | Mem:4.51M, Peak:4.51M | Scene, ViewLayer | Updating Objects Flags
Fra:1 Mem:35.91M (Peak 39.20M) | Time:00:00.08 | Mem:4.51M, Peak:4.51M | Scene, ViewLayer | Updating Primitive Offsets
Fra:1 Mem:35.91M (Peak 39.20M) | Time:00:00.08 | Mem:4.51M, Peak:4.51M | Scene, ViewLayer | Updating Images
Fra:1 Mem:35.91M (Peak 39.20M) | Time:00:00.08 | Mem:4.51M, Peak:4.51M | Scene, ViewLayer | Updating Camera Volume
Fra:1 Mem:35.91M (Peak 39.20M) | Time:00:00.08 | Mem:4.51M, Peak:4.51M | Scene, ViewLayer | Updating Lookup Tables
Fra:1 Mem:35.91M (Peak 39.20M) | Time:00:00.08 | Mem:4.59M, Peak:4.59M | Scene, ViewLayer | Updating Lights
Fra:1 Mem:35.91M (Peak 39.20M) | Time:00:00.08 | Mem:4.59M, Peak:4.59M | Scene, ViewLayer | Updating Lights | Computing tree
Fra:1 Mem:35.91M (Peak 39.20M) | Time:00:00.08 | Mem:4.59M, Peak:4.59M | Scene, ViewLayer | Updating Integrator
Fra:1 Mem:35.91M (Peak 39.20M) | Time:00:00.08 | Mem:4.59M, Peak:4.59M | Scene, ViewLayer | Updating Film
Fra:1 Mem:35.91M (Peak 39.20M) | Time:00:00.08 | Mem:4.51M, Peak:4.59M | Scene, ViewLayer | Updating Lookup Tables
Fra:1 Mem:35.91M (Peak 39.20M) | Time:00:00.08 | Mem:4.60M, Peak:4.60M | Scene, ViewLayer | Updating Baking
Fra:1 Mem:35.91M (Peak 39.20M) | Time:00:00.08 | Mem:4.60M, Peak:4.60M | Scene, ViewLayer | Updating Device | Writing constant memory
Fra:1 Mem:35.92M (Peak 39.20M) | Time:00:00.08 | Mem:4.60M, Peak:4.60M | Scene, ViewLayer | Sample 0/20
Fra:1 Mem:64.76M (Peak 64.76M) | Time:00:03.22 | Remaining:00:59.60 | Mem:33.44M, Peak:33.44M | Scene, ViewLayer | Sample 1/20
Fra:1 Mem:64.76M (Peak 64.76M) | Time:00:12.31 | Remaining:00:14.95 | Mem:33.44M, Peak:33.44M | Scene, ViewLayer | Sample 9/20
Fra:1 Mem:77.58M (Peak 103.22M) | Time:00:23.70 | Mem:33.44M, Peak:33.44M | Scene, ViewLayer | Sample 20/20
Fra:1 Mem:77.58M (Peak 103.22M) | Time:00:23.70 | Mem:33.44M, Peak:33.44M | Scene, ViewLayer | Finished
Saved: 'ArtSource/EnemySilhouettes/Assemblies/Action-windup-before.png'
Time: 00:23.95 (Saving: 00:00.24)

Fra:1 Mem:39.40M (Peak 39.40M) | Time:00:00.00 | Mem:0.00M, Peak:0.00M | Scene, ViewLayer | Synchronizing object | Text
Fra:1 Mem:39.44M (Peak 39.44M) | Time:00:00.00 | Mem:0.00M, Peak:0.00M | Scene, ViewLayer | Synchronizing object | Text.001
Fra:1 Mem:39.49M (Peak 39.49M) | Time:00:00.00 | Mem:0.00M, Peak:0.00M | Scene, ViewLayer | Synchronizing object | Text.002
Fra:1 Mem:39.52M (Peak 39.52M) | Time:00:00.00 | Mem:0.00M, Peak:0.00M | Scene, ViewLayer | Synchronizing object | Text.003
Fra:1 Mem:39.61M (Peak 39.61M) | Time:00:00.00 | Mem:0.00M, Peak:0.00M | Scene, ViewLayer | Synchronizing object | Text.004
Fra:1 Mem:39.78M (Peak 39.78M) | Time:00:00.01 | Mem:0.00M, Peak:0.00M | Scene, ViewLayer | Synchronizing object | Knee Guard.005
Fra:1 Mem:39.82M (Peak 39.82M) | Time:00:00.01 | Mem:0.00M, Peak:0.00M | Scene, ViewLayer | Synchronizing object | Shin Guard.005
Fra:1 Mem:39.85M (Peak 39.85M) | Time:00:00.01 | Mem:0.00M, Peak:0.00M | Scene, ViewLayer | Synchronizing object | Boot.005
Fra:1 Mem:39.87M (Peak 39.87M) | Time:00:00.01 | Mem:0.00M, Peak:0.00M | Scene, ViewLayer | Synchronizing object | Trouser.005
Fra:1 Mem:39.91M (Peak 39.91M) | Time:00:00.01 | Mem:0.00M, Peak:0.00M | Scene, ViewLayer | Synchronizing object | Knee Guard.004
Fra:1 Mem:39.94M (Peak 39.94M) | Time:00:00.01 | Mem:0.00M, Peak:0.00M | Scene, ViewLayer | Synchronizing object | Shin Guard.004
Fra:1 Mem:39.98M (Peak 39.98M) | Time:00:00.01 | Mem:0.00M, Peak:0.00M | Scene, ViewLayer | Synchronizing object | Boot.004
Fra:1 Mem:40.00M (Peak 40.00M) | Time:00:00.01 | Mem:0.00M, Peak:0.00M | Scene, ViewLayer | Synchronizing object | Trouser.004
Fra:1 Mem:40.03M (Peak 40.03M) | Time:00:00.01 | Mem:0.00M, Peak:0.00M | Scene, ViewLayer | Synchronizing object | Guardian crown spike.001
Fra:1 Mem:40.04M (Peak 40.04M) | Time:00:00.01 | Mem:0.00M, Peak:0.00M | Scene, ViewLayer | Synchronizing object | Guardian crown spike
Fra:1 Mem:40.04M (Peak 40.04M) | Time:00:00.01 | Mem:0.00M, Peak:0.00M | Scene, ViewLayer | Synchronizing object | Crown Crystal.001
Fra:1 Mem:40.08M (Peak 40.08M) | Time:00:00.01 | Mem:0.00M, Peak:0.00M | Scene, ViewLayer | Synchronizing object | Iron Crown.001
Fra:1 Mem:40.13M (Peak 40.13M) | Time:00:00.01 | Mem:0.00M, Peak:0.00M | Scene, ViewLayer | Synchronizing object | Stone Horn.003
Fra:1 Mem:40.17M (Peak 40.17M) | Time:00:00.01 | Mem:0.00M, Peak:0.00M | Scene, ViewLayer | Synchronizing object | Stone Horn.002
Fra:1 Mem:40.21M (Peak 40.21M) | Time:00:00.01 | Mem:0.00M, Peak:0.00M | Scene, ViewLayer | Synchronizing object | Eyes R.002
Fra:1 Mem:40.24M (Peak 40.24M) | Time:00:00.01 | Mem:0.00M, Peak:0.00M | Scene, ViewLayer | Synchronizing object | Eyes L.002
Fra:1 Mem:40.27M (Peak 40.27M) | Time:00:00.01 | Mem:0.00M, Peak:0.00M | Scene, ViewLayer | Synchronizing object | Head.002
Fra:1 Mem:40.31M (Peak 40.31M) | Time:00:00.01 | Mem:0.00M, Peak:0.00M | Scene, ViewLayer | Synchronizing object | Guardian ember crystal.001
Fra:1 Mem:40.34M (Peak 40.34M) | Time:00:00.01 | Mem:0.00M, Peak:0.00M | Scene, ViewLayer | Synchronizing object | Guardian chest plate.001
Fra:1 Mem:40.36M (Peak 40.36M) | Time:00:00.01 | Mem:0.00M, Peak:0.00M | Scene, ViewLayer | Synchronizing object | Cuff Trim.005
Fra:1 Mem:40.37M (Peak 40.37M) | Time:00:00.01 | Mem:0.00M, Peak:0.00M | Scene, ViewLayer | Synchronizing object | Forearm Bracer.005
Fra:1 Mem:40.41M (Peak 40.41M) | Time:00:00.01 | Mem:0.00M, Peak:0.00M | Scene, ViewLayer | Synchronizing object | Guardian layered pauldron.003
Fra:1 Mem:40.42M (Peak 40.42M) | Time:00:00.01 | Mem:0.00M, Peak:0.00M | Scene, ViewLayer | Synchronizing object | Great Hammer.001
Fra:1 Mem:40.45M (Peak 40.45M) | Time:00:00.01 | Mem:0.00M, Peak:0.00M | Scene, ViewLayer | Synchronizing object | Hammer Grip.001
Fra:1 Mem:40.46M (Peak 40.46M) | Time:00:00.01 | Mem:0.00M, Peak:0.00M | Scene, ViewLayer | Synchronizing object | Glove.005
Fra:1 Mem:40.49M (Peak 40.49M) | Time:00:00.01 | Mem:0.00M, Peak:0.00M | Scene, ViewLayer | Synchronizing object | Sleeve.005
Fra:1 Mem:40.53M (Peak 40.53M) | Time:00:00.01 | Mem:0.00M, Peak:0.00M | Scene, ViewLayer | Synchronizing object | Pauldrons.005
Fra:1 Mem:40.56M (Peak 40.56M) | Time:00:00.01 | Mem:0.00M, Peak:0.00M | Scene, ViewLayer | Synchronizing object | Cuff Trim.004
Fra:1 Mem:40.57M (Peak 40.57M) | Time:00:00.01 | Mem:0.00M, Peak:0.00M | Scene, ViewLayer | Synchronizing object | Forearm Bracer.004
Fra:1 Mem:40.61M (Peak 40.61M) | Time:00:00.01 | Mem:0.00M, Peak:0.00M | Scene, ViewLayer | Synchronizing object | Guardian layered pauldron.002
Fra:1 Mem:40.62M (Peak 40.62M) | Time:00:00.01 | Mem:0.00M, Peak:0.00M | Scene, ViewLayer | Synchronizing object | Glove.004
Fra:1 Mem:40.65M (Peak 40.65M) | Time:00:00.01 | Mem:0.00M, Peak:0.00M | Scene, ViewLayer | Synchronizing object | Sleeve.004
Fra:1 Mem:40.69M (Peak 40.69M) | Time:00:00.01 | Mem:0.00M, Peak:0.00M | Scene, ViewLayer | Synchronizing object | Pauldrons.004
Fra:1 Mem:40.71M (Peak 40.71M) | Time:00:00.01 | Mem:0.00M, Peak:0.00M | Scene, ViewLayer | Synchronizing object | Buckle.002
Fra:1 Mem:40.74M (Peak 40.74M) | Time:00:00.01 | Mem:0.00M, Peak:0.00M | Scene, ViewLayer | Synchronizing object | Belt.002
Fra:1 Mem:40.77M (Peak 40.77M) | Time:00:00.01 | Mem:0.00M, Peak:0.00M | Scene, ViewLayer | Synchronizing object | Breastplate.002
Fra:1 Mem:40.80M (Peak 40.80M) | Time:00:00.01 | Mem:0.00M, Peak:0.00M | Scene, ViewLayer | Synchronizing object | Knee Guard.003
Fra:1 Mem:40.84M (Peak 40.84M) | Time:00:00.01 | Mem:0.00M, Peak:0.00M | Scene, ViewLayer | Synchronizing object | Shin Guard.003
Fra:1 Mem:40.87M (Peak 40.87M) | Time:00:00.01 | Mem:0.00M, Peak:0.00M | Scene, ViewLayer | Synchronizing object | Boot.003
Fra:1 Mem:40.89M (Peak 40.89M) | Time:00:00.01 | Mem:0.00M, Peak:0.00M | Scene, ViewLayer | Synchronizing object | Trouser.003
Fra:1 Mem:40.93M (Peak 40.93M) | Time:00:00.01 | Mem:0.00M, Peak:0.00M | Scene, ViewLayer | Synchronizing object | Knee Guard.002
Fra:1 Mem:40.96M (Peak 40.96M) | Time:00:00.01 | Mem:0.00M, Peak:0.00M | Scene, ViewLayer | Synchronizing object | Shin Guard.002
Fra:1 Mem:41.00M (Peak 41.00M) | Time:00:00.01 | Mem:0.00M, Peak:0.00M | Scene, ViewLayer | Synchronizing object | Boot.002
Fra:1 Mem:41.02M (Peak 41.02M) | Time:00:00.01 | Mem:0.00M, Peak:0.00M | Scene, ViewLayer | Synchronizing object | Trouser.002
Fra:1 Mem:41.05M (Peak 41.05M) | Time:00:00.01 | Mem:0.00M, Peak:0.00M | Scene, ViewLayer | Synchronizing object | Crown Crystal
Fra:1 Mem:41.09M (Peak 41.09M) | Time:00:00.01 | Mem:0.00M, Peak:0.00M | Scene, ViewLayer | Synchronizing object | Iron Crown
Fra:1 Mem:41.14M (Peak 41.14M) | Time:00:00.01 | Mem:0.00M, Peak:0.00M | Scene, ViewLayer | Synchronizing object | Stone Horn.001
Fra:1 Mem:41.18M (Peak 41.18M) | Time:00:00.01 | Mem:0.00M, Peak:0.00M | Scene, ViewLayer | Synchronizing object | Stone Horn
Fra:1 Mem:41.22M (Peak 41.22M) | Time:00:00.01 | Mem:0.00M, Peak:0.00M | Scene, ViewLayer | Synchronizing object | Eyes R.001
Fra:1 Mem:41.25M (Peak 41.25M) | Time:00:00.01 | Mem:0.00M, Peak:0.00M | Scene, ViewLayer | Synchronizing object | Eyes L.001
Fra:1 Mem:41.29M (Peak 41.29M) | Time:00:00.01 | Mem:0.00M, Peak:0.00M | Scene, ViewLayer | Synchronizing object | Head.001
Fra:1 Mem:41.32M (Peak 41.32M) | Time:00:00.01 | Mem:0.00M, Peak:0.00M | Scene, ViewLayer | Synchronizing object | Guardian ember crystal
Fra:1 Mem:41.36M (Peak 41.36M) | Time:00:00.01 | Mem:0.00M, Peak:0.00M | Scene, ViewLayer | Synchronizing object | Guardian chest plate
Fra:1 Mem:41.37M (Peak 41.37M) | Time:00:00.01 | Mem:0.00M, Peak:0.00M | Scene, ViewLayer | Synchronizing object | Cuff Trim.003
Fra:1 Mem:41.38M (Peak 41.38M) | Time:00:00.01 | Mem:0.00M, Peak:0.00M | Scene, ViewLayer | Synchronizing object | Forearm Bracer.003
Fra:1 Mem:41.42M (Peak 41.42M) | Time:00:00.01 | Mem:0.00M, Peak:0.00M | Scene, ViewLayer | Synchronizing object | Guardian layered pauldron.001
Fra:1 Mem:41.43M (Peak 41.43M) | Time:00:00.01 | Mem:0.00M, Peak:0.00M | Scene, ViewLayer | Synchronizing object | Great Hammer
Fra:1 Mem:41.46M (Peak 41.46M) | Time:00:00.01 | Mem:0.00M, Peak:0.00M | Scene, ViewLayer | Synchronizing object | Hammer Grip
Fra:1 Mem:41.47M (Peak 41.47M) | Time:00:00.01 | Mem:0.00M, Peak:0.00M | Scene, ViewLayer | Synchronizing object | Glove.003
Fra:1 Mem:41.50M (Peak 41.50M) | Time:00:00.01 | Mem:0.00M, Peak:0.00M | Scene, ViewLayer | Synchronizing object | Sleeve.003
Fra:1 Mem:41.54M (Peak 41.54M) | Time:00:00.01 | Mem:0.00M, Peak:0.00M | Scene, ViewLayer | Synchronizing object | Pauldrons.003
Fra:1 Mem:41.57M (Peak 41.57M) | Time:00:00.01 | Mem:0.00M, Peak:0.00M | Scene, ViewLayer | Synchronizing object | Cuff Trim.002
Fra:1 Mem:41.58M (Peak 41.58M) | Time:00:00.01 | Mem:0.00M, Peak:0.00M | Scene, ViewLayer | Synchronizing object | Forearm Bracer.002
Fra:1 Mem:41.62M (Peak 41.62M) | Time:00:00.01 | Mem:0.00M, Peak:0.00M | Scene, ViewLayer | Synchronizing object | Guardian layered pauldron
Fra:1 Mem:41.63M (Peak 41.63M) | Time:00:00.01 | Mem:0.00M, Peak:0.00M | Scene, ViewLayer | Synchronizing object | Glove.002
Fra:1 Mem:41.66M (Peak 41.66M) | Time:00:00.01 | Mem:0.00M, Peak:0.00M | Scene, ViewLayer | Synchronizing object | Sleeve.002
Fra:1 Mem:41.70M (Peak 41.70M) | Time:00:00.01 | Mem:0.00M, Peak:0.00M | Scene, ViewLayer | Synchronizing object | Pauldrons.002
Fra:1 Mem:41.73M (Peak 41.73M) | Time:00:00.01 | Mem:0.00M, Peak:0.00M | Scene, ViewLayer | Synchronizing object | Buckle.001
Fra:1 Mem:41.76M (Peak 41.76M) | Time:00:00.01 | Mem:0.00M, Peak:0.00M | Scene, ViewLayer | Synchronizing object | Belt.001
Fra:1 Mem:41.79M (Peak 41.79M) | Time:00:00.01 | Mem:0.00M, Peak:0.00M | Scene, ViewLayer | Synchronizing object | Breastplate.001
Fra:1 Mem:41.81M (Peak 41.81M) | Time:00:00.01 | Mem:0.00M, Peak:0.00M | Scene, ViewLayer | Synchronizing object | Spirit swept horn.001
Fra:1 Mem:41.82M (Peak 41.82M) | Time:00:00.01 | Mem:0.00M, Peak:0.00M | Scene, ViewLayer | Synchronizing object | Spirit swept horn
Fra:1 Mem:41.82M (Peak 41.82M) | Time:00:00.01 | Mem:0.00M, Peak:0.00M | Scene, ViewLayer | Synchronizing object | Spirit Tail.002
Fra:1 Mem:41.85M (Peak 41.85M) | Time:00:00.01 | Mem:0.00M, Peak:0.00M | Scene, ViewLayer | Synchronizing object | Plane
Fra:1 Mem:41.85M (Peak 41.85M) | Time:00:00.01 | Mem:0.00M, Peak:0.00M | Scene, ViewLayer | Synchronizing object | Slime Body
Fra:1 Mem:41.89M (Peak 41.89M) | Time:00:00.01 | Mem:0.00M, Peak:0.00M | Scene, ViewLayer | Synchronizing object | Slime Crown
Fra:1 Mem:41.92M (Peak 41.92M) | Time:00:00.01 | Mem:0.00M, Peak:0.00M | Scene, ViewLayer | Synchronizing object | Eye White
Fra:1 Mem:41.96M (Peak 41.96M) | Time:00:00.01 | Mem:0.00M, Peak:0.00M | Scene, ViewLayer | Synchronizing object | Eye Pupil
Fra:1 Mem:41.99M (Peak 41.99M) | Time:00:00.01 | Mem:0.00M, Peak:0.00M | Scene, ViewLayer | Synchronizing object | Eye White.001
Fra:1 Mem:42.03M (Peak 42.03M) | Time:00:00.01 | Mem:0.00M, Peak:0.00M | Scene, ViewLayer | Synchronizing object | Eye Pupil.001
Fra:1 Mem:42.06M (Peak 42.06M) | Time:00:00.01 | Mem:0.00M, Peak:0.00M | Scene, ViewLayer | Synchronizing object | Smile
Fra:1 Mem:42.09M (Peak 42.09M) | Time:00:00.01 | Mem:0.00M, Peak:0.00M | Scene, ViewLayer | Synchronizing object | Slime soft highlight
Fra:1 Mem:42.13M (Peak 42.13M) | Time:00:00.01 | Mem:0.00M, Peak:0.00M | Scene, ViewLayer | Synchronizing object | Breastplate
Fra:1 Mem:42.15M (Peak 42.15M) | Time:00:00.01 | Mem:0.00M, Peak:0.00M | Scene, ViewLayer | Synchronizing object | Belt
Fra:1 Mem:42.18M (Peak 42.18M) | Time:00:00.01 | Mem:0.00M, Peak:0.00M | Scene, ViewLayer | Synchronizing object | Buckle
Fra:1 Mem:42.21M (Peak 42.21M) | Time:00:00.01 | Mem:0.00M, Peak:0.00M | Scene, ViewLayer | Synchronizing object | Pauldrons
Fra:1 Mem:42.24M (Peak 42.24M) | Time:00:00.01 | Mem:0.00M, Peak:0.00M | Scene, ViewLayer | Synchronizing object | Sleeve
Fra:1 Mem:42.28M (Peak 42.28M) | Time:00:00.01 | Mem:0.00M, Peak:0.00M | Scene, ViewLayer | Synchronizing object | Glove
Fra:1 Mem:42.31M (Peak 42.31M) | Time:00:00.01 | Mem:0.00M, Peak:0.00M | Scene, ViewLayer | Synchronizing object | Forearm Bracer
Fra:1 Mem:42.35M (Peak 42.35M) | Time:00:00.01 | Mem:0.00M, Peak:0.00M | Scene, ViewLayer | Synchronizing object | Cuff Trim
Fra:1 Mem:42.36M (Peak 42.36M) | Time:00:00.01 | Mem:0.00M, Peak:0.00M | Scene, ViewLayer | Synchronizing object | Pauldrons.001
Fra:1 Mem:42.39M (Peak 42.39M) | Time:00:00.01 | Mem:0.00M, Peak:0.00M | Scene, ViewLayer | Synchronizing object | Sleeve.001
Fra:1 Mem:42.42M (Peak 42.42M) | Time:00:00.01 | Mem:0.00M, Peak:0.00M | Scene, ViewLayer | Synchronizing object | Glove.001
Fra:1 Mem:42.46M (Peak 42.46M) | Time:00:00.01 | Mem:0.00M, Peak:0.00M | Scene, ViewLayer | Synchronizing object | Goblin Knife
Fra:1 Mem:42.48M (Peak 42.48M) | Time:00:00.01 | Mem:0.00M, Peak:0.00M | Scene, ViewLayer | Synchronizing object | Forearm Bracer.001
Fra:1 Mem:42.51M (Peak 42.51M) | Time:00:00.01 | Mem:0.00M, Peak:0.00M | Scene, ViewLayer | Synchronizing object | Cuff Trim.001
Fra:1 Mem:42.53M (Peak 42.53M) | Time:00:00.01 | Mem:0.00M, Peak:0.00M | Scene, ViewLayer | Synchronizing object | Head
Fra:1 Mem:42.56M (Peak 42.56M) | Time:00:00.01 | Mem:0.00M, Peak:0.00M | Scene, ViewLayer | Synchronizing object | Eyes L
Fra:1 Mem:42.59M (Peak 42.59M) | Time:00:00.01 | Mem:0.00M, Peak:0.00M | Scene, ViewLayer | Synchronizing object | Eyes R
Fra:1 Mem:42.63M (Peak 42.63M) | Time:00:00.01 | Mem:0.00M, Peak:0.00M | Scene, ViewLayer | Synchronizing object | Long Ear
Fra:1 Mem:42.64M (Peak 42.64M) | Time:00:00.01 | Mem:0.00M, Peak:0.00M | Scene, ViewLayer | Synchronizing object | Long Ear.001
Fra:1 Mem:42.65M (Peak 42.65M) | Time:00:00.01 | Mem:0.00M, Peak:0.00M | Scene, ViewLayer | Synchronizing object | Leather Cap
Fra:1 Mem:42.68M (Peak 42.68M) | Time:00:00.01 | Mem:0.00M, Peak:0.00M | Scene, ViewLayer | Synchronizing object | Goblin brow left
Fra:1 Mem:42.72M (Peak 42.72M) | Time:00:00.01 | Mem:0.00M, Peak:0.00M | Scene, ViewLayer | Synchronizing object | Goblin brow right
Fra:1 Mem:42.75M (Peak 42.75M) | Time:00:00.01 | Mem:0.00M, Peak:0.00M | Scene, ViewLayer | Synchronizing object | Goblin nose
Fra:1 Mem:42.79M (Peak 42.79M) | Time:00:00.01 | Mem:0.00M, Peak:0.00M | Scene, ViewLayer | Synchronizing object | Trouser
Fra:1 Mem:42.82M (Peak 42.82M) | Time:00:00.01 | Mem:0.00M, Peak:0.00M | Scene, ViewLayer | Synchronizing object | Boot
Fra:1 Mem:42.84M (Peak 42.84M) | Time:00:00.01 | Mem:0.00M, Peak:0.00M | Scene, ViewLayer | Synchronizing object | Shin Guard
Fra:1 Mem:42.88M (Peak 42.88M) | Time:00:00.01 | Mem:0.00M, Peak:0.00M | Scene, ViewLayer | Synchronizing object | Knee Guard
Fra:1 Mem:42.91M (Peak 42.91M) | Time:00:00.01 | Mem:0.00M, Peak:0.00M | Scene, ViewLayer | Synchronizing object | Trouser.001
Fra:1 Mem:42.95M (Peak 42.95M) | Time:00:00.01 | Mem:0.00M, Peak:0.00M | Scene, ViewLayer | Synchronizing object | Boot.001
Fra:1 Mem:42.97M (Peak 42.97M) | Time:00:00.01 | Mem:0.00M, Peak:0.00M | Scene, ViewLayer | Synchronizing object | Shin Guard.001
Fra:1 Mem:43.01M (Peak 43.01M) | Time:00:00.01 | Mem:0.00M, Peak:0.00M | Scene, ViewLayer | Synchronizing object | Knee Guard.001
Fra:1 Mem:43.04M (Peak 43.04M) | Time:00:00.01 | Mem:0.00M, Peak:0.00M | Scene, ViewLayer | Synchronizing object | Spirit Core
Fra:1 Mem:43.06M (Peak 43.06M) | Time:00:00.01 | Mem:0.00M, Peak:0.00M | Scene, ViewLayer | Synchronizing object | Spirit Crown
Fra:1 Mem:43.09M (Peak 43.09M) | Time:00:00.01 | Mem:0.00M, Peak:0.00M | Scene, ViewLayer | Synchronizing object | Spirit Eyes
Fra:1 Mem:43.12M (Peak 43.12M) | Time:00:00.01 | Mem:0.00M, Peak:0.00M | Scene, ViewLayer | Synchronizing object | Spirit Eyes.001
Fra:1 Mem:43.16M (Peak 43.16M) | Time:00:00.01 | Mem:0.00M, Peak:0.00M | Scene, ViewLayer | Synchronizing object | Spirit Tail
Fra:1 Mem:43.19M (Peak 43.19M) | Time:00:00.01 | Mem:0.00M, Peak:0.00M | Scene, ViewLayer | Synchronizing object | Spirit Tail.001
Fra:1 Mem:43.23M (Peak 43.23M) | Time:00:00.01 | Mem:0.00M, Peak:0.00M | Scene, ViewLayer | Initializing
Fra:1 Mem:37.22M (Peak 43.23M) | Time:00:00.01 | Mem:0.00M, Peak:0.00M | Scene, ViewLayer | Waiting for render to start
Fra:1 Mem:37.22M (Peak 43.23M) | Time:00:00.01 | Mem:0.00M, Peak:0.00M | Scene, ViewLayer | Loading render kernels (may take a few minutes the first time)
Fra:1 Mem:37.22M (Peak 43.23M) | Time:00:00.01 | Mem:0.00M, Peak:0.00M | Scene, ViewLayer | Updating Scene
Fra:1 Mem:37.22M (Peak 43.23M) | Time:00:00.01 | Mem:0.00M, Peak:0.00M | Scene, ViewLayer | Updating Shaders
Fra:1 Mem:37.33M (Peak 43.23M) | Time:00:00.01 | Mem:0.02M, Peak:0.02M | Scene, ViewLayer | Updating Procedurals
Fra:1 Mem:37.33M (Peak 43.23M) | Time:00:00.01 | Mem:0.02M, Peak:0.02M | Scene, ViewLayer | Updating Background
Fra:1 Mem:37.33M (Peak 43.23M) | Time:00:00.01 | Mem:0.02M, Peak:0.02M | Scene, ViewLayer | Updating Camera
Fra:1 Mem:37.33M (Peak 43.23M) | Time:00:00.01 | Mem:0.02M, Peak:0.02M | Scene, ViewLayer | Updating Meshes Flags
Fra:1 Mem:37.33M (Peak 43.23M) | Time:00:00.01 | Mem:0.02M, Peak:0.02M | Scene, ViewLayer | Updating Objects
Fra:1 Mem:37.33M (Peak 43.23M) | Time:00:00.01 | Mem:0.02M, Peak:0.02M | Scene, ViewLayer | Updating Objects | Copying Transformations to device
Fra:1 Mem:37.35M (Peak 43.23M) | Time:00:00.01 | Mem:0.05M, Peak:0.05M | Scene, ViewLayer | Updating Objects | Applying Static Transformations
Fra:1 Mem:37.35M (Peak 43.23M) | Time:00:00.01 | Mem:0.05M, Peak:0.05M | Scene, ViewLayer | Updating Particle Systems
Fra:1 Mem:37.35M (Peak 43.23M) | Time:00:00.01 | Mem:0.05M, Peak:0.05M | Scene, ViewLayer | Updating Particle Systems | Copying Particles to device
Fra:1 Mem:37.35M (Peak 43.23M) | Time:00:00.01 | Mem:0.05M, Peak:0.05M | Scene, ViewLayer | Updating Meshes
Fra:1 Mem:37.91M (Peak 43.23M) | Time:00:00.01 | Mem:0.05M, Peak:0.05M | Scene, ViewLayer | Updating Mesh | Computing attributes
Fra:1 Mem:38.28M (Peak 43.23M) | Time:00:00.01 | Mem:0.06M, Peak:0.06M | Scene, ViewLayer | Updating Mesh | Copying Attributes to device
Fra:1 Mem:38.26M (Peak 43.23M) | Time:00:00.01 | Mem:0.40M, Peak:0.40M | Scene, ViewLayer | Updating Scene BVH | Building
Fra:1 Mem:38.26M (Peak 43.23M) | Time:00:00.01 | Mem:0.40M, Peak:0.40M | Scene, ViewLayer | Updating Scene BVH | Building BVH
Fra:1 Mem:38.26M (Peak 43.23M) | Time:00:00.01 | Mem:1.50M, Peak:1.50M | Scene, ViewLayer | Updating Scene BVH | Building BVH 0%
Fra:1 Mem:38.26M (Peak 43.23M) | Time:00:00.04 | Mem:2.82M, Peak:3.92M | Scene, ViewLayer | Updating Scene BVH | Copying BVH to device
Fra:1 Mem:38.26M (Peak 43.23M) | Time:00:00.04 | Mem:2.82M, Peak:3.92M | Scene, ViewLayer | Updating Mesh | Computing normals
Fra:1 Mem:39.86M (Peak 43.23M) | Time:00:00.04 | Mem:2.82M, Peak:3.92M | Scene, ViewLayer | Updating Mesh | Copying Mesh to device
Fra:1 Mem:39.86M (Peak 43.23M) | Time:00:00.04 | Mem:4.42M, Peak:4.42M | Scene, ViewLayer | Updating Objects Flags
Fra:1 Mem:39.86M (Peak 43.23M) | Time:00:00.04 | Mem:4.43M, Peak:4.43M | Scene, ViewLayer | Updating Primitive Offsets
Fra:1 Mem:39.87M (Peak 43.23M) | Time:00:00.04 | Mem:4.43M, Peak:4.43M | Scene, ViewLayer | Updating Images
Fra:1 Mem:39.87M (Peak 43.23M) | Time:00:00.04 | Mem:4.43M, Peak:4.43M | Scene, ViewLayer | Updating Camera Volume
Fra:1 Mem:39.87M (Peak 43.23M) | Time:00:00.04 | Mem:4.43M, Peak:4.43M | Scene, ViewLayer | Updating Lookup Tables
Fra:1 Mem:39.87M (Peak 43.23M) | Time:00:00.04 | Mem:4.51M, Peak:4.51M | Scene, ViewLayer | Updating Lights
Fra:1 Mem:39.87M (Peak 43.23M) | Time:00:00.04 | Mem:4.51M, Peak:4.51M | Scene, ViewLayer | Updating Lights | Computing tree
Fra:1 Mem:39.87M (Peak 43.23M) | Time:00:00.04 | Mem:4.51M, Peak:4.51M | Scene, ViewLayer | Updating Integrator
Fra:1 Mem:39.87M (Peak 43.23M) | Time:00:00.04 | Mem:4.51M, Peak:4.51M | Scene, ViewLayer | Updating Film
Fra:1 Mem:39.87M (Peak 43.23M) | Time:00:00.04 | Mem:4.43M, Peak:4.51M | Scene, ViewLayer | Updating Lookup Tables
Fra:1 Mem:39.87M (Peak 43.23M) | Time:00:00.04 | Mem:4.51M, Peak:4.51M | Scene, ViewLayer | Updating Baking
Fra:1 Mem:39.87M (Peak 43.23M) | Time:00:00.04 | Mem:4.51M, Peak:4.51M | Scene, ViewLayer | Updating Device | Writing constant memory
Fra:1 Mem:39.87M (Peak 43.23M) | Time:00:00.04 | Mem:4.51M, Peak:4.51M | Scene, ViewLayer | Sample 0/20
Fra:1 Mem:68.72M (Peak 68.72M) | Time:00:01.10 | Remaining:00:20.28 | Mem:33.35M, Peak:33.35M | Scene, ViewLayer | Sample 1/20
Fra:1 Mem:81.54M (Peak 107.17M) | Time:00:17.81 | Mem:33.35M, Peak:33.35M | Scene, ViewLayer | Sample 20/20
Fra:1 Mem:81.54M (Peak 107.17M) | Time:00:17.81 | Mem:33.35M, Peak:33.35M | Scene, ViewLayer | Finished
Saved: 'ArtSource/EnemySilhouettes/Assemblies/Action-windup-after.png'
Time: 00:17.91 (Saving: 00:00.09)

Fra:1 Mem:43.49M (Peak 43.49M) | Time:00:00.00 | Mem:0.00M, Peak:0.00M | Scene, ViewLayer | Synchronizing object | Plane
Fra:1 Mem:43.49M (Peak 43.49M) | Time:00:00.00 | Mem:0.00M, Peak:0.00M | Scene, ViewLayer | Synchronizing object | Text
Fra:1 Mem:43.54M (Peak 43.54M) | Time:00:00.00 | Mem:0.00M, Peak:0.00M | Scene, ViewLayer | Synchronizing object | Text.001
Fra:1 Mem:43.58M (Peak 43.58M) | Time:00:00.00 | Mem:0.00M, Peak:0.00M | Scene, ViewLayer | Synchronizing object | Text.002
Fra:1 Mem:43.62M (Peak 43.62M) | Time:00:00.00 | Mem:0.00M, Peak:0.00M | Scene, ViewLayer | Synchronizing object | Text.003
Fra:1 Mem:43.70M (Peak 43.70M) | Time:00:00.00 | Mem:0.00M, Peak:0.00M | Scene, ViewLayer | Synchronizing object | Text.004
Fra:1 Mem:43.84M (Peak 43.84M) | Time:00:00.00 | Mem:0.00M, Peak:0.00M | Scene, ViewLayer | Synchronizing object | Slime Body
Fra:1 Mem:43.88M (Peak 43.88M) | Time:00:00.00 | Mem:0.00M, Peak:0.00M | Scene, ViewLayer | Synchronizing object | Slime Crown
Fra:1 Mem:43.92M (Peak 43.92M) | Time:00:00.00 | Mem:0.00M, Peak:0.00M | Scene, ViewLayer | Synchronizing object | Eye White
Fra:1 Mem:43.96M (Peak 43.96M) | Time:00:00.00 | Mem:0.00M, Peak:0.00M | Scene, ViewLayer | Synchronizing object | Eye Pupil
Fra:1 Mem:44.00M (Peak 44.00M) | Time:00:00.00 | Mem:0.00M, Peak:0.00M | Scene, ViewLayer | Synchronizing object | Eye White.001
Fra:1 Mem:44.03M (Peak 44.03M) | Time:00:00.00 | Mem:0.00M, Peak:0.00M | Scene, ViewLayer | Synchronizing object | Eye Pupil.001
Fra:1 Mem:44.07M (Peak 44.07M) | Time:00:00.00 | Mem:0.00M, Peak:0.00M | Scene, ViewLayer | Synchronizing object | Smile
Fra:1 Mem:44.11M (Peak 44.11M) | Time:00:00.00 | Mem:0.00M, Peak:0.00M | Scene, ViewLayer | Synchronizing object | Slime soft highlight
Fra:1 Mem:44.14M (Peak 44.14M) | Time:00:00.00 | Mem:0.00M, Peak:0.00M | Scene, ViewLayer | Synchronizing object | Breastplate
Fra:1 Mem:44.17M (Peak 44.17M) | Time:00:00.00 | Mem:0.00M, Peak:0.00M | Scene, ViewLayer | Synchronizing object | Belt
Fra:1 Mem:44.20M (Peak 44.20M) | Time:00:00.00 | Mem:0.00M, Peak:0.00M | Scene, ViewLayer | Synchronizing object | Buckle
Fra:1 Mem:44.23M (Peak 44.23M) | Time:00:00.00 | Mem:0.00M, Peak:0.00M | Scene, ViewLayer | Synchronizing object | Knee Guard.005
Fra:1 Mem:44.26M (Peak 44.26M) | Time:00:00.00 | Mem:0.00M, Peak:0.00M | Scene, ViewLayer | Synchronizing object | Pauldrons
Fra:1 Mem:44.29M (Peak 44.29M) | Time:00:00.00 | Mem:0.00M, Peak:0.00M | Scene, ViewLayer | Synchronizing object | Sleeve
Fra:1 Mem:44.32M (Peak 44.32M) | Time:00:00.00 | Mem:0.00M, Peak:0.00M | Scene, ViewLayer | Synchronizing object | Shin Guard.005
Fra:1 Mem:44.37M (Peak 44.37M) | Time:00:00.00 | Mem:0.00M, Peak:0.00M | Scene, ViewLayer | Synchronizing object | Glove
Fra:1 Mem:44.40M (Peak 44.40M) | Time:00:00.00 | Mem:0.00M, Peak:0.00M | Scene, ViewLayer | Synchronizing object | Boot.005
Fra:1 Mem:44.42M (Peak 44.42M) | Time:00:00.00 | Mem:0.00M, Peak:0.00M | Scene, ViewLayer | Synchronizing object | Forearm Bracer
Fra:1 Mem:44.45M (Peak 44.45M) | Time:00:00.00 | Mem:0.00M, Peak:0.00M | Scene, ViewLayer | Synchronizing object | Trouser.005
Fra:1 Mem:44.49M (Peak 44.49M) | Time:00:00.00 | Mem:0.00M, Peak:0.00M | Scene, ViewLayer | Synchronizing object | Cuff Trim
Fra:1 Mem:44.51M (Peak 44.51M) | Time:00:00.00 | Mem:0.00M, Peak:0.00M | Scene, ViewLayer | Synchronizing object | Pauldrons.001
Fra:1 Mem:44.52M (Peak 44.52M) | Time:00:00.00 | Mem:0.00M, Peak:0.00M | Scene, ViewLayer | Synchronizing object | Knee Guard.004
Fra:1 Mem:44.57M (Peak 44.57M) | Time:00:00.00 | Mem:0.00M, Peak:0.00M | Scene, ViewLayer | Synchronizing object | Sleeve.001
Fra:1 Mem:44.60M (Peak 44.60M) | Time:00:00.00 | Mem:0.00M, Peak:0.00M | Scene, ViewLayer | Synchronizing object | Shin Guard.004
Fra:1 Mem:44.64M (Peak 44.64M) | Time:00:00.00 | Mem:0.00M, Peak:0.00M | Scene, ViewLayer | Synchronizing object | Glove.001
Fra:1 Mem:44.68M (Peak 44.68M) | Time:00:00.00 | Mem:0.00M, Peak:0.00M | Scene, ViewLayer | Synchronizing object | Boot.004
Fra:1 Mem:44.69M (Peak 44.69M) | Time:00:00.00 | Mem:0.00M, Peak:0.00M | Scene, ViewLayer | Synchronizing object | Goblin Knife
Fra:1 Mem:44.72M (Peak 44.72M) | Time:00:00.00 | Mem:0.00M, Peak:0.00M | Scene, ViewLayer | Synchronizing object | Trouser.004
Fra:1 Mem:44.76M (Peak 44.76M) | Time:00:00.00 | Mem:0.00M, Peak:0.00M | Scene, ViewLayer | Synchronizing object | Forearm Bracer.001
Fra:1 Mem:44.80M (Peak 44.80M) | Time:00:00.00 | Mem:0.00M, Peak:0.00M | Scene, ViewLayer | Synchronizing object | Guardian crown spike.001
Fra:1 Mem:44.81M (Peak 44.81M) | Time:00:00.00 | Mem:0.00M, Peak:0.00M | Scene, ViewLayer | Synchronizing object | Guardian crown spike
Fra:1 Mem:44.81M (Peak 44.81M) | Time:00:00.00 | Mem:0.00M, Peak:0.00M | Scene, ViewLayer | Synchronizing object | Cuff Trim.001
Fra:1 Mem:44.82M (Peak 44.82M) | Time:00:00.00 | Mem:0.00M, Peak:0.00M | Scene, ViewLayer | Synchronizing object | Crown Crystal.001
Fra:1 Mem:44.84M (Peak 44.84M) | Time:00:00.00 | Mem:0.00M, Peak:0.00M | Scene, ViewLayer | Synchronizing object | Head
Fra:1 Mem:44.89M (Peak 44.89M) | Time:00:00.00 | Mem:0.00M, Peak:0.00M | Scene, ViewLayer | Synchronizing object | Eyes L
Fra:1 Mem:44.89M (Peak 44.89M) | Time:00:00.00 | Mem:0.00M, Peak:0.00M | Scene, ViewLayer | Synchronizing object | Iron Crown.001
Fra:1 Mem:44.95M (Peak 44.95M) | Time:00:00.00 | Mem:0.00M, Peak:0.00M | Scene, ViewLayer | Synchronizing object | Eyes R
Fra:1 Mem:44.98M (Peak 44.98M) | Time:00:00.00 | Mem:0.00M, Peak:0.00M | Scene, ViewLayer | Synchronizing object | Stone Horn.003
Fra:1 Mem:45.02M (Peak 45.02M) | Time:00:00.00 | Mem:0.00M, Peak:0.00M | Scene, ViewLayer | Synchronizing object | Long Ear
Fra:1 Mem:45.06M (Peak 45.06M) | Time:00:00.00 | Mem:0.00M, Peak:0.00M | Scene, ViewLayer | Synchronizing object | Stone Horn.002
Fra:1 Mem:45.09M (Peak 45.09M) | Time:00:00.00 | Mem:0.00M, Peak:0.00M | Scene, ViewLayer | Synchronizing object | Long Ear.001
Fra:1 Mem:45.13M (Peak 45.13M) | Time:00:00.00 | Mem:0.00M, Peak:0.00M | Scene, ViewLayer | Synchronizing object | Eyes R.002
Fra:1 Mem:45.16M (Peak 45.16M) | Time:00:00.00 | Mem:0.00M, Peak:0.00M | Scene, ViewLayer | Synchronizing object | Leather Cap
Fra:1 Mem:45.19M (Peak 45.19M) | Time:00:00.00 | Mem:0.00M, Peak:0.00M | Scene, ViewLayer | Synchronizing object | Goblin brow left
Fra:1 Mem:45.22M (Peak 45.22M) | Time:00:00.00 | Mem:0.00M, Peak:0.00M | Scene, ViewLayer | Synchronizing object | Eyes L.002
Fra:1 Mem:45.27M (Peak 45.27M) | Time:00:00.00 | Mem:0.00M, Peak:0.00M | Scene, ViewLayer | Synchronizing object | Goblin brow right
Fra:1 Mem:45.29M (Peak 45.29M) | Time:00:00.00 | Mem:0.00M, Peak:0.00M | Scene, ViewLayer | Synchronizing object | Head.002
Fra:1 Mem:45.34M (Peak 45.34M) | Time:00:00.00 | Mem:0.00M, Peak:0.00M | Scene, ViewLayer | Synchronizing object | Goblin nose
Fra:1 Mem:45.36M (Peak 45.36M) | Time:00:00.00 | Mem:0.00M, Peak:0.00M | Scene, ViewLayer | Synchronizing object | Guardian ember crystal.001
Fra:1 Mem:45.41M (Peak 45.41M) | Time:00:00.01 | Mem:0.00M, Peak:0.00M | Scene, ViewLayer | Synchronizing object | Trouser
Fra:1 Mem:45.44M (Peak 45.44M) | Time:00:00.01 | Mem:0.00M, Peak:0.00M | Scene, ViewLayer | Synchronizing object | Guardian chest plate.001
Fra:1 Mem:45.47M (Peak 45.47M) | Time:00:00.01 | Mem:0.00M, Peak:0.00M | Scene, ViewLayer | Synchronizing object | Boot
Fra:1 Mem:45.49M (Peak 45.49M) | Time:00:00.01 | Mem:0.00M, Peak:0.00M | Scene, ViewLayer | Synchronizing object | Cuff Trim.005
Fra:1 Mem:45.50M (Peak 45.50M) | Time:00:00.01 | Mem:0.00M, Peak:0.00M | Scene, ViewLayer | Synchronizing object | Shin Guard
Fra:1 Mem:45.54M (Peak 45.54M) | Time:00:00.01 | Mem:0.00M, Peak:0.00M | Scene, ViewLayer | Synchronizing object | Forearm Bracer.005
Fra:1 Mem:45.58M (Peak 45.58M) | Time:00:00.01 | Mem:0.00M, Peak:0.00M | Scene, ViewLayer | Synchronizing object | Knee Guard
Fra:1 Mem:45.61M (Peak 45.61M) | Time:00:00.01 | Mem:0.00M, Peak:0.00M | Scene, ViewLayer | Synchronizing object | Guardian layered pauldron.003
Fra:1 Mem:45.64M (Peak 45.64M) | Time:00:00.01 | Mem:0.00M, Peak:0.00M | Scene, ViewLayer | Synchronizing object | Trouser.001
Fra:1 Mem:45.68M (Peak 45.68M) | Time:00:00.01 | Mem:0.00M, Peak:0.00M | Scene, ViewLayer | Synchronizing object | Great Hammer.001
Fra:1 Mem:45.71M (Peak 45.71M) | Time:00:00.01 | Mem:0.00M, Peak:0.00M | Scene, ViewLayer | Synchronizing object | Boot.001
Fra:1 Mem:45.73M (Peak 45.73M) | Time:00:00.01 | Mem:0.00M, Peak:0.00M | Scene, ViewLayer | Synchronizing object | Hammer Grip.001
Fra:1 Mem:45.74M (Peak 45.74M) | Time:00:00.01 | Mem:0.00M, Peak:0.00M | Scene, ViewLayer | Synchronizing object | Shin Guard.001
Fra:1 Mem:45.77M (Peak 45.77M) | Time:00:00.01 | Mem:0.00M, Peak:0.00M | Scene, ViewLayer | Synchronizing object | Glove.005
Fra:1 Mem:45.81M (Peak 45.81M) | Time:00:00.01 | Mem:0.00M, Peak:0.00M | Scene, ViewLayer | Synchronizing object | Knee Guard.001
Fra:1 Mem:45.84M (Peak 45.84M) | Time:00:00.01 | Mem:0.00M, Peak:0.00M | Scene, ViewLayer | Synchronizing object | Sleeve.005
Fra:1 Mem:45.88M (Peak 45.88M) | Time:00:00.01 | Mem:0.00M, Peak:0.00M | Scene, ViewLayer | Synchronizing object | Spirit Core
Fra:1 Mem:45.90M (Peak 45.90M) | Time:00:00.01 | Mem:0.00M, Peak:0.00M | Scene, ViewLayer | Synchronizing object | Spirit Crown
Fra:1 Mem:45.92M (Peak 45.92M) | Time:00:00.01 | Mem:0.00M, Peak:0.00M | Scene, ViewLayer | Synchronizing object | Pauldrons.005
Fra:1 Mem:45.95M (Peak 45.95M) | Time:00:00.01 | Mem:0.00M, Peak:0.00M | Scene, ViewLayer | Synchronizing object | Spirit Eyes
Fra:1 Mem:45.99M (Peak 45.99M) | Time:00:00.01 | Mem:0.00M, Peak:0.00M | Scene, ViewLayer | Synchronizing object | Cuff Trim.004
Fra:1 Mem:46.00M (Peak 46.00M) | Time:00:00.01 | Mem:0.00M, Peak:0.00M | Scene, ViewLayer | Synchronizing object | Forearm Bracer.004
Fra:1 Mem:46.01M (Peak 46.01M) | Time:00:00.01 | Mem:0.00M, Peak:0.00M | Scene, ViewLayer | Synchronizing object | Spirit Eyes.001
Fra:1 Mem:46.08M (Peak 46.08M) | Time:00:00.01 | Mem:0.00M, Peak:0.00M | Scene, ViewLayer | Synchronizing object | Spirit Tail
Fra:1 Mem:46.10M (Peak 46.10M) | Time:00:00.01 | Mem:0.00M, Peak:0.00M | Scene, ViewLayer | Synchronizing object | Guardian layered pauldron.002
Fra:1 Mem:46.14M (Peak 46.14M) | Time:00:00.01 | Mem:0.00M, Peak:0.00M | Scene, ViewLayer | Synchronizing object | Spirit Tail.001
Fra:1 Mem:46.17M (Peak 46.17M) | Time:00:00.01 | Mem:0.00M, Peak:0.00M | Scene, ViewLayer | Synchronizing object | Glove.004
Fra:1 Mem:46.20M (Peak 46.20M) | Time:00:00.01 | Mem:0.00M, Peak:0.00M | Scene, ViewLayer | Synchronizing object | Spirit Tail.002
Fra:1 Mem:46.23M (Peak 46.23M) | Time:00:00.01 | Mem:0.00M, Peak:0.00M | Scene, ViewLayer | Synchronizing object | Sleeve.004
Fra:1 Mem:46.27M (Peak 46.27M) | Time:00:00.01 | Mem:0.00M, Peak:0.00M | Scene, ViewLayer | Synchronizing object | Spirit swept horn
Fra:1 Mem:46.28M (Peak 46.28M) | Time:00:00.01 | Mem:0.00M, Peak:0.00M | Scene, ViewLayer | Synchronizing object | Spirit swept horn.001
Fra:1 Mem:46.29M (Peak 46.29M) | Time:00:00.01 | Mem:0.00M, Peak:0.00M | Scene, ViewLayer | Synchronizing object | Breastplate.001
Fra:1 Mem:46.30M (Peak 46.30M) | Time:00:00.01 | Mem:0.00M, Peak:0.00M | Scene, ViewLayer | Synchronizing object | Pauldrons.004
Fra:1 Mem:46.34M (Peak 46.34M) | Time:00:00.01 | Mem:0.00M, Peak:0.00M | Scene, ViewLayer | Synchronizing object | Belt.001
Fra:1 Mem:46.34M (Peak 46.34M) | Time:00:00.01 | Mem:0.00M, Peak:0.00M | Scene, ViewLayer | Synchronizing object | Buckle.002
Fra:1 Mem:46.39M (Peak 46.39M) | Time:00:00.01 | Mem:0.00M, Peak:0.00M | Scene, ViewLayer | Synchronizing object | Belt.002
Fra:1 Mem:46.42M (Peak 46.42M) | Time:00:00.01 | Mem:0.00M, Peak:0.00M | Scene, ViewLayer | Synchronizing object | Breastplate.002
Fra:1 Mem:46.45M (Peak 46.45M) | Time:00:00.01 | Mem:0.00M, Peak:0.00M | Scene, ViewLayer | Synchronizing object | Knee Guard.003
Fra:1 Mem:46.49M (Peak 46.49M) | Time:00:00.01 | Mem:0.00M, Peak:0.00M | Scene, ViewLayer | Synchronizing object | Shin Guard.003
Fra:1 Mem:46.52M (Peak 46.52M) | Time:00:00.01 | Mem:0.00M, Peak:0.00M | Scene, ViewLayer | Synchronizing object | Buckle.001
Fra:1 Mem:46.56M (Peak 46.56M) | Time:00:00.01 | Mem:0.00M, Peak:0.00M | Scene, ViewLayer | Synchronizing object | Pauldrons.002
Fra:1 Mem:46.58M (Peak 46.58M) | Time:00:00.01 | Mem:0.00M, Peak:0.00M | Scene, ViewLayer | Synchronizing object | Boot.003
Fra:1 Mem:46.60M (Peak 46.60M) | Time:00:00.01 | Mem:0.00M, Peak:0.00M | Scene, ViewLayer | Synchronizing object | Sleeve.002
Fra:1 Mem:46.63M (Peak 46.63M) | Time:00:00.01 | Mem:0.00M, Peak:0.00M | Scene, ViewLayer | Synchronizing object | Trouser.003
Fra:1 Mem:46.68M (Peak 46.68M) | Time:00:00.01 | Mem:0.00M, Peak:0.00M | Scene, ViewLayer | Synchronizing object | Glove.002
Fra:1 Mem:46.71M (Peak 46.71M) | Time:00:00.01 | Mem:0.00M, Peak:0.00M | Scene, ViewLayer | Synchronizing object | Knee Guard.002
Fra:1 Mem:46.75M (Peak 46.75M) | Time:00:00.01 | Mem:0.00M, Peak:0.00M | Scene, ViewLayer | Synchronizing object | Guardian layered pauldron
Fra:1 Mem:46.78M (Peak 46.78M) | Time:00:00.01 | Mem:0.00M, Peak:0.00M | Scene, ViewLayer | Synchronizing object | Shin Guard.002
Fra:1 Mem:46.79M (Peak 46.79M) | Time:00:00.01 | Mem:0.00M, Peak:0.00M | Scene, ViewLayer | Synchronizing object | Forearm Bracer.002
Fra:1 Mem:46.86M (Peak 46.86M) | Time:00:00.01 | Mem:0.00M, Peak:0.00M | Scene, ViewLayer | Synchronizing object | Cuff Trim.002
Fra:1 Mem:46.85M (Peak 46.86M) | Time:00:00.01 | Mem:0.00M, Peak:0.00M | Scene, ViewLayer | Synchronizing object | Boot.002
Fra:1 Mem:46.88M (Peak 46.88M) | Time:00:00.01 | Mem:0.00M, Peak:0.00M | Scene, ViewLayer | Synchronizing object | Pauldrons.003
Fra:1 Mem:46.91M (Peak 46.91M) | Time:00:00.01 | Mem:0.00M, Peak:0.00M | Scene, ViewLayer | Synchronizing object | Trouser.002
Fra:1 Mem:46.94M (Peak 46.94M) | Time:00:00.01 | Mem:0.00M, Peak:0.00M | Scene, ViewLayer | Synchronizing object | Sleeve.003
Fra:1 Mem:46.98M (Peak 46.98M) | Time:00:00.01 | Mem:0.00M, Peak:0.00M | Scene, ViewLayer | Synchronizing object | Crown Crystal
Fra:1 Mem:47.01M (Peak 47.01M) | Time:00:00.01 | Mem:0.00M, Peak:0.00M | Scene, ViewLayer | Synchronizing object | Glove.003
Fra:1 Mem:47.06M (Peak 47.06M) | Time:00:00.01 | Mem:0.00M, Peak:0.00M | Scene, ViewLayer | Synchronizing object | Iron Crown
Fra:1 Mem:47.08M (Peak 47.08M) | Time:00:00.01 | Mem:0.00M, Peak:0.00M | Scene, ViewLayer | Synchronizing object | Hammer Grip
Fra:1 Mem:47.09M (Peak 47.09M) | Time:00:00.01 | Mem:0.00M, Peak:0.00M | Scene, ViewLayer | Synchronizing object | Great Hammer
Fra:1 Mem:47.10M (Peak 47.10M) | Time:00:00.01 | Mem:0.00M, Peak:0.00M | Scene, ViewLayer | Synchronizing object | Stone Horn.001
Fra:1 Mem:47.15M (Peak 47.15M) | Time:00:00.01 | Mem:0.00M, Peak:0.00M | Scene, ViewLayer | Synchronizing object | Guardian layered pauldron.001
Fra:1 Mem:47.19M (Peak 47.19M) | Time:00:00.01 | Mem:0.00M, Peak:0.00M | Scene, ViewLayer | Synchronizing object | Forearm Bracer.003
Fra:1 Mem:47.23M (Peak 47.23M) | Time:00:00.01 | Mem:0.00M, Peak:0.00M | Scene, ViewLayer | Synchronizing object | Cuff Trim.003
Fra:1 Mem:47.24M (Peak 47.24M) | Time:00:00.01 | Mem:0.00M, Peak:0.00M | Scene, ViewLayer | Synchronizing object | Stone Horn
Fra:1 Mem:47.24M (Peak 47.24M) | Time:00:00.01 | Mem:0.00M, Peak:0.00M | Scene, ViewLayer | Synchronizing object | Guardian chest plate
Fra:1 Mem:47.30M (Peak 47.30M) | Time:00:00.01 | Mem:0.00M, Peak:0.00M | Scene, ViewLayer | Synchronizing object | Guardian ember crystal
Fra:1 Mem:47.31M (Peak 47.31M) | Time:00:00.01 | Mem:0.00M, Peak:0.00M | Scene, ViewLayer | Synchronizing object | Eyes R.001
Fra:1 Mem:47.37M (Peak 47.37M) | Time:00:00.01 | Mem:0.00M, Peak:0.00M | Scene, ViewLayer | Synchronizing object | Head.001
Fra:1 Mem:47.40M (Peak 47.40M) | Time:00:00.01 | Mem:0.00M, Peak:0.00M | Scene, ViewLayer | Synchronizing object | Eyes L.001
Fra:1 Mem:47.44M (Peak 47.44M) | Time:00:00.01 | Mem:0.00M, Peak:0.00M | Scene, ViewLayer | Initializing
Fra:1 Mem:41.43M (Peak 47.44M) | Time:00:00.01 | Mem:0.00M, Peak:0.00M | Scene, ViewLayer | Waiting for render to start
Fra:1 Mem:41.44M (Peak 47.44M) | Time:00:00.01 | Mem:0.00M, Peak:0.00M | Scene, ViewLayer | Loading render kernels (may take a few minutes the first time)
Fra:1 Mem:41.44M (Peak 47.44M) | Time:00:00.01 | Mem:0.00M, Peak:0.00M | Scene, ViewLayer | Updating Scene
Fra:1 Mem:41.44M (Peak 47.44M) | Time:00:00.01 | Mem:0.00M, Peak:0.00M | Scene, ViewLayer | Updating Shaders
Fra:1 Mem:41.54M (Peak 47.44M) | Time:00:00.01 | Mem:0.02M, Peak:0.02M | Scene, ViewLayer | Updating Procedurals
Fra:1 Mem:41.54M (Peak 47.44M) | Time:00:00.01 | Mem:0.02M, Peak:0.02M | Scene, ViewLayer | Updating Background
Fra:1 Mem:41.54M (Peak 47.44M) | Time:00:00.01 | Mem:0.02M, Peak:0.02M | Scene, ViewLayer | Updating Camera
Fra:1 Mem:41.54M (Peak 47.44M) | Time:00:00.01 | Mem:0.02M, Peak:0.02M | Scene, ViewLayer | Updating Meshes Flags
Fra:1 Mem:41.54M (Peak 47.44M) | Time:00:00.01 | Mem:0.02M, Peak:0.02M | Scene, ViewLayer | Updating Objects
Fra:1 Mem:41.54M (Peak 47.44M) | Time:00:00.01 | Mem:0.02M, Peak:0.02M | Scene, ViewLayer | Updating Objects | Copying Transformations to device
Fra:1 Mem:41.57M (Peak 47.44M) | Time:00:00.01 | Mem:0.05M, Peak:0.05M | Scene, ViewLayer | Updating Objects | Applying Static Transformations
Fra:1 Mem:41.57M (Peak 47.44M) | Time:00:00.01 | Mem:0.05M, Peak:0.05M | Scene, ViewLayer | Updating Particle Systems
Fra:1 Mem:41.57M (Peak 47.44M) | Time:00:00.01 | Mem:0.05M, Peak:0.05M | Scene, ViewLayer | Updating Particle Systems | Copying Particles to device
Fra:1 Mem:41.57M (Peak 47.44M) | Time:00:00.01 | Mem:0.05M, Peak:0.05M | Scene, ViewLayer | Updating Meshes
Fra:1 Mem:42.16M (Peak 47.44M) | Time:00:00.01 | Mem:0.05M, Peak:0.05M | Scene, ViewLayer | Updating Mesh | Computing attributes
Fra:1 Mem:42.52M (Peak 47.44M) | Time:00:00.01 | Mem:0.06M, Peak:0.06M | Scene, ViewLayer | Updating Mesh | Copying Attributes to device
Fra:1 Mem:42.51M (Peak 47.44M) | Time:00:00.01 | Mem:0.40M, Peak:0.40M | Scene, ViewLayer | Updating Scene BVH | Building
Fra:1 Mem:42.51M (Peak 47.44M) | Time:00:00.01 | Mem:0.40M, Peak:0.40M | Scene, ViewLayer | Updating Scene BVH | Building BVH
Fra:1 Mem:42.51M (Peak 47.44M) | Time:00:00.01 | Mem:1.58M, Peak:1.58M | Scene, ViewLayer | Updating Scene BVH | Building BVH 0%
Fra:1 Mem:42.51M (Peak 47.44M) | Time:00:00.02 | Mem:2.99M, Peak:4.17M | Scene, ViewLayer | Updating Scene BVH | Copying BVH to device
Fra:1 Mem:42.51M (Peak 47.44M) | Time:00:00.02 | Mem:2.99M, Peak:4.17M | Scene, ViewLayer | Updating Mesh | Computing normals
Fra:1 Mem:44.15M (Peak 47.44M) | Time:00:00.03 | Mem:2.99M, Peak:4.17M | Scene, ViewLayer | Updating Mesh | Copying Mesh to device
Fra:1 Mem:44.15M (Peak 47.44M) | Time:00:00.03 | Mem:4.63M, Peak:4.63M | Scene, ViewLayer | Updating Objects Flags
Fra:1 Mem:44.15M (Peak 47.44M) | Time:00:00.03 | Mem:4.64M, Peak:4.64M | Scene, ViewLayer | Updating Primitive Offsets
Fra:1 Mem:44.15M (Peak 47.44M) | Time:00:00.03 | Mem:4.64M, Peak:4.64M | Scene, ViewLayer | Updating Images
Fra:1 Mem:44.15M (Peak 47.44M) | Time:00:00.03 | Mem:4.64M, Peak:4.64M | Scene, ViewLayer | Updating Camera Volume
Fra:1 Mem:44.15M (Peak 47.44M) | Time:00:00.03 | Mem:4.64M, Peak:4.64M | Scene, ViewLayer | Updating Lookup Tables
Fra:1 Mem:44.15M (Peak 47.44M) | Time:00:00.03 | Mem:4.72M, Peak:4.72M | Scene, ViewLayer | Updating Lights
Fra:1 Mem:44.15M (Peak 47.44M) | Time:00:00.03 | Mem:4.72M, Peak:4.72M | Scene, ViewLayer | Updating Lights | Computing tree
Fra:1 Mem:44.15M (Peak 47.44M) | Time:00:00.03 | Mem:4.72M, Peak:4.72M | Scene, ViewLayer | Updating Integrator
Fra:1 Mem:44.15M (Peak 47.44M) | Time:00:00.03 | Mem:4.72M, Peak:4.72M | Scene, ViewLayer | Updating Film
Fra:1 Mem:44.16M (Peak 47.44M) | Time:00:00.03 | Mem:4.64M, Peak:4.72M | Scene, ViewLayer | Updating Lookup Tables
Fra:1 Mem:44.16M (Peak 47.44M) | Time:00:00.03 | Mem:4.72M, Peak:4.72M | Scene, ViewLayer | Updating Baking
Fra:1 Mem:44.16M (Peak 47.44M) | Time:00:00.03 | Mem:4.72M, Peak:4.72M | Scene, ViewLayer | Updating Device | Writing constant memory
Fra:1 Mem:44.16M (Peak 47.44M) | Time:00:00.03 | Mem:4.72M, Peak:4.72M | Scene, ViewLayer | Sample 0/20
Fra:1 Mem:73.01M (Peak 73.01M) | Time:00:00.73 | Remaining:00:13.40 | Mem:33.56M, Peak:33.56M | Scene, ViewLayer | Sample 1/20
Fra:1 Mem:85.83M (Peak 111.46M) | Time:00:12.34 | Mem:33.56M, Peak:33.56M | Scene, ViewLayer | Sample 20/20
Fra:1 Mem:85.83M (Peak 111.46M) | Time:00:12.34 | Mem:33.56M, Peak:33.56M | Scene, ViewLayer | Finished
Saved: 'ArtSource/EnemySilhouettes/Assemblies/Action-contact-before.png'
Time: 00:12.43 (Saving: 00:00.09)

Fra:1 Mem:47.59M (Peak 47.59M) | Time:00:00.01 | Mem:0.00M, Peak:0.00M | Scene, ViewLayer | Synchronizing object | Plane
Fra:1 Mem:47.59M (Peak 47.59M) | Time:00:00.01 | Mem:0.00M, Peak:0.00M | Scene, ViewLayer | Synchronizing object | Text
Fra:1 Mem:47.63M (Peak 47.63M) | Time:00:00.01 | Mem:0.00M, Peak:0.00M | Scene, ViewLayer | Synchronizing object | Text.001
Fra:1 Mem:47.68M (Peak 47.68M) | Time:00:00.01 | Mem:0.00M, Peak:0.00M | Scene, ViewLayer | Synchronizing object | Text.002
Fra:1 Mem:47.71M (Peak 47.71M) | Time:00:00.01 | Mem:0.00M, Peak:0.00M | Scene, ViewLayer | Synchronizing object | Text.003
Fra:1 Mem:47.79M (Peak 47.79M) | Time:00:00.01 | Mem:0.00M, Peak:0.00M | Scene, ViewLayer | Synchronizing object | Text.004
Fra:1 Mem:47.93M (Peak 47.93M) | Time:00:00.01 | Mem:0.00M, Peak:0.00M | Scene, ViewLayer | Synchronizing object | Slime Body
Fra:1 Mem:47.98M (Peak 47.98M) | Time:00:00.01 | Mem:0.00M, Peak:0.00M | Scene, ViewLayer | Synchronizing object | Slime Crown
Fra:1 Mem:48.01M (Peak 48.01M) | Time:00:00.01 | Mem:0.00M, Peak:0.00M | Scene, ViewLayer | Synchronizing object | Eye White
Fra:1 Mem:48.05M (Peak 48.05M) | Time:00:00.01 | Mem:0.00M, Peak:0.00M | Scene, ViewLayer | Synchronizing object | Eye Pupil
Fra:1 Mem:48.09M (Peak 48.09M) | Time:00:00.01 | Mem:0.00M, Peak:0.00M | Scene, ViewLayer | Synchronizing object | Eye White.001
Fra:1 Mem:48.13M (Peak 48.13M) | Time:00:00.01 | Mem:0.00M, Peak:0.00M | Scene, ViewLayer | Synchronizing object | Eye Pupil.001
Fra:1 Mem:48.16M (Peak 48.16M) | Time:00:00.01 | Mem:0.00M, Peak:0.00M | Scene, ViewLayer | Synchronizing object | Smile
Fra:1 Mem:48.20M (Peak 48.20M) | Time:00:00.01 | Mem:0.00M, Peak:0.00M | Scene, ViewLayer | Synchronizing object | Slime soft highlight
Fra:1 Mem:48.23M (Peak 48.23M) | Time:00:00.01 | Mem:0.00M, Peak:0.00M | Scene, ViewLayer | Synchronizing object | Breastplate
Fra:1 Mem:48.26M (Peak 48.26M) | Time:00:00.01 | Mem:0.00M, Peak:0.00M | Scene, ViewLayer | Synchronizing object | Belt
Fra:1 Mem:48.29M (Peak 48.29M) | Time:00:00.01 | Mem:0.00M, Peak:0.00M | Scene, ViewLayer | Synchronizing object | Buckle
Fra:1 Mem:48.32M (Peak 48.32M) | Time:00:00.01 | Mem:0.00M, Peak:0.00M | Scene, ViewLayer | Synchronizing object | Pauldrons
Fra:1 Mem:48.35M (Peak 48.35M) | Time:00:00.01 | Mem:0.00M, Peak:0.00M | Scene, ViewLayer | Synchronizing object | Sleeve
Fra:1 Mem:48.39M (Peak 48.39M) | Time:00:00.01 | Mem:0.00M, Peak:0.00M | Scene, ViewLayer | Synchronizing object | Knee Guard.005
Fra:1 Mem:48.41M (Peak 48.41M) | Time:00:00.01 | Mem:0.00M, Peak:0.00M | Scene, ViewLayer | Synchronizing object | Glove
Fra:1 Mem:48.46M (Peak 48.46M) | Time:00:00.01 | Mem:0.00M, Peak:0.00M | Scene, ViewLayer | Synchronizing object | Shin Guard.005
Fra:1 Mem:48.48M (Peak 48.48M) | Time:00:00.01 | Mem:0.00M, Peak:0.00M | Scene, ViewLayer | Synchronizing object | Forearm Bracer
Fra:1 Mem:48.54M (Peak 48.54M) | Time:00:00.01 | Mem:0.00M, Peak:0.00M | Scene, ViewLayer | Synchronizing object | Boot.005
Fra:1 Mem:48.54M (Peak 48.54M) | Time:00:00.01 | Mem:0.00M, Peak:0.00M | Scene, ViewLayer | Synchronizing object | Cuff Trim
Fra:1 Mem:48.57M (Peak 48.57M) | Time:00:00.01 | Mem:0.00M, Peak:0.00M | Scene, ViewLayer | Synchronizing object | Trouser.005
Fra:1 Mem:48.57M (Peak 48.57M) | Time:00:00.01 | Mem:0.00M, Peak:0.00M | Scene, ViewLayer | Synchronizing object | Pauldrons.001
Fra:1 Mem:48.63M (Peak 48.63M) | Time:00:00.01 | Mem:0.00M, Peak:0.00M | Scene, ViewLayer | Synchronizing object | Sleeve.001
Fra:1 Mem:48.66M (Peak 48.66M) | Time:00:00.01 | Mem:0.00M, Peak:0.00M | Scene, ViewLayer | Synchronizing object | Knee Guard.004
Fra:1 Mem:48.70M (Peak 48.70M) | Time:00:00.01 | Mem:0.00M, Peak:0.00M | Scene, ViewLayer | Synchronizing object | Glove.001
Fra:1 Mem:48.72M (Peak 48.72M) | Time:00:00.01 | Mem:0.00M, Peak:0.00M | Scene, ViewLayer | Synchronizing object | Shin Guard.004
Fra:1 Mem:48.77M (Peak 48.77M) | Time:00:00.01 | Mem:0.00M, Peak:0.00M | Scene, ViewLayer | Synchronizing object | Goblin Knife
Fra:1 Mem:48.79M (Peak 48.79M) | Time:00:00.01 | Mem:0.00M, Peak:0.00M | Scene, ViewLayer | Synchronizing object | Boot.004
Fra:1 Mem:48.80M (Peak 48.80M) | Time:00:00.01 | Mem:0.00M, Peak:0.00M | Scene, ViewLayer | Synchronizing object | Forearm Bracer.001
Fra:1 Mem:48.84M (Peak 48.84M) | Time:00:00.01 | Mem:0.00M, Peak:0.00M | Scene, ViewLayer | Synchronizing object | Trouser.004
Fra:1 Mem:48.88M (Peak 48.88M) | Time:00:00.01 | Mem:0.00M, Peak:0.00M | Scene, ViewLayer | Synchronizing object | Cuff Trim.001
Fra:1 Mem:48.90M (Peak 48.90M) | Time:00:00.01 | Mem:0.00M, Peak:0.00M | Scene, ViewLayer | Synchronizing object | Guardian crown spike.001
Fra:1 Mem:48.90M (Peak 48.90M) | Time:00:00.01 | Mem:0.00M, Peak:0.00M | Scene, ViewLayer | Synchronizing object | Head
Fra:1 Mem:48.92M (Peak 48.92M) | Time:00:00.01 | Mem:0.00M, Peak:0.00M | Scene, ViewLayer | Synchronizing object | Guardian crown spike
Fra:1 Mem:48.93M (Peak 48.93M) | Time:00:00.01 | Mem:0.00M, Peak:0.00M | Scene, ViewLayer | Synchronizing object | Crown Crystal.001
Fra:1 Mem:48.97M (Peak 48.97M) | Time:00:00.01 | Mem:0.00M, Peak:0.00M | Scene, ViewLayer | Synchronizing object | Eyes L
Fra:1 Mem:48.99M (Peak 48.99M) | Time:00:00.01 | Mem:0.00M, Peak:0.00M | Scene, ViewLayer | Synchronizing object | Iron Crown.001
Fra:1 Mem:49.05M (Peak 49.05M) | Time:00:00.01 | Mem:0.00M, Peak:0.00M | Scene, ViewLayer | Synchronizing object | Eyes R
Fra:1 Mem:49.09M (Peak 49.09M) | Time:00:00.01 | Mem:0.00M, Peak:0.00M | Scene, ViewLayer | Synchronizing object | Stone Horn.003
Fra:1 Mem:49.13M (Peak 49.13M) | Time:00:00.01 | Mem:0.00M, Peak:0.00M | Scene, ViewLayer | Synchronizing object | Long Ear
Fra:1 Mem:49.14M (Peak 49.14M) | Time:00:00.01 | Mem:0.00M, Peak:0.00M | Scene, ViewLayer | Synchronizing object | Long Ear.001
Fra:1 Mem:49.15M (Peak 49.15M) | Time:00:00.01 | Mem:0.00M, Peak:0.00M | Scene, ViewLayer | Synchronizing object | Stone Horn.002
Fra:1 Mem:49.17M (Peak 49.17M) | Time:00:00.01 | Mem:0.00M, Peak:0.00M | Scene, ViewLayer | Synchronizing object | Leather Cap
Fra:1 Mem:49.22M (Peak 49.22M) | Time:00:00.01 | Mem:0.00M, Peak:0.00M | Scene, ViewLayer | Synchronizing object | Goblin brow left
Fra:1 Mem:49.24M (Peak 49.24M) | Time:00:00.01 | Mem:0.00M, Peak:0.00M | Scene, ViewLayer | Synchronizing object | Eyes R.002
Fra:1 Mem:49.29M (Peak 49.29M) | Time:00:00.01 | Mem:0.00M, Peak:0.00M | Scene, ViewLayer | Synchronizing object | Goblin brow right
Fra:1 Mem:49.29M (Peak 49.29M) | Time:00:00.01 | Mem:0.00M, Peak:0.00M | Scene, ViewLayer | Synchronizing object | Eyes L.002
Fra:1 Mem:49.36M (Peak 49.36M) | Time:00:00.01 | Mem:0.00M, Peak:0.00M | Scene, ViewLayer | Synchronizing object | Goblin nose
Fra:1 Mem:49.37M (Peak 49.37M) | Time:00:00.01 | Mem:0.00M, Peak:0.00M | Scene, ViewLayer | Synchronizing object | Head.002
Fra:1 Mem:49.43M (Peak 49.43M) | Time:00:00.01 | Mem:0.00M, Peak:0.00M | Scene, ViewLayer | Synchronizing object | Guardian ember crystal.001
Fra:1 Mem:49.45M (Peak 49.45M) | Time:00:00.01 | Mem:0.00M, Peak:0.00M | Scene, ViewLayer | Synchronizing object | Trouser
Fra:1 Mem:49.50M (Peak 49.50M) | Time:00:00.01 | Mem:0.00M, Peak:0.00M | Scene, ViewLayer | Synchronizing object | Guardian chest plate.001
Fra:1 Mem:49.52M (Peak 49.52M) | Time:00:00.01 | Mem:0.00M, Peak:0.00M | Scene, ViewLayer | Synchronizing object | Boot
Fra:1 Mem:49.53M (Peak 49.53M) | Time:00:00.01 | Mem:0.00M, Peak:0.00M | Scene, ViewLayer | Synchronizing object | Cuff Trim.005
Fra:1 Mem:49.55M (Peak 49.55M) | Time:00:00.01 | Mem:0.00M, Peak:0.00M | Scene, ViewLayer | Synchronizing object | Shin Guard
Fra:1 Mem:49.55M (Peak 49.55M) | Time:00:00.01 | Mem:0.00M, Peak:0.00M | Scene, ViewLayer | Synchronizing object | Forearm Bracer.005
Fra:1 Mem:49.62M (Peak 49.62M) | Time:00:00.01 | Mem:0.00M, Peak:0.00M | Scene, ViewLayer | Synchronizing object | Knee Guard
Fra:1 Mem:49.62M (Peak 49.62M) | Time:00:00.01 | Mem:0.00M, Peak:0.00M | Scene, ViewLayer | Synchronizing object | Guardian layered pauldron.003
Fra:1 Mem:49.65M (Peak 49.65M) | Time:00:00.01 | Mem:0.00M, Peak:0.00M | Scene, ViewLayer | Synchronizing object | Great Hammer.001
Fra:1 Mem:49.70M (Peak 49.70M) | Time:00:00.01 | Mem:0.00M, Peak:0.00M | Scene, ViewLayer | Synchronizing object | Trouser.001
Fra:1 Mem:49.70M (Peak 49.70M) | Time:00:00.01 | Mem:0.00M, Peak:0.00M | Scene, ViewLayer | Synchronizing object | Hammer Grip.001
Fra:1 Mem:49.74M (Peak 49.74M) | Time:00:00.01 | Mem:0.00M, Peak:0.00M | Scene, ViewLayer | Synchronizing object | Glove.005
Fra:1 Mem:49.77M (Peak 49.77M) | Time:00:00.01 | Mem:0.00M, Peak:0.00M | Scene, ViewLayer | Synchronizing object | Boot.001
Fra:1 Mem:49.80M (Peak 49.80M) | Time:00:00.01 | Mem:0.00M, Peak:0.00M | Scene, ViewLayer | Synchronizing object | Sleeve.005
Fra:1 Mem:49.80M (Peak 49.80M) | Time:00:00.01 | Mem:0.00M, Peak:0.00M | Scene, ViewLayer | Synchronizing object | Shin Guard.001
Fra:1 Mem:49.87M (Peak 49.87M) | Time:00:00.01 | Mem:0.00M, Peak:0.00M | Scene, ViewLayer | Synchronizing object | Pauldrons.005
Fra:1 Mem:49.88M (Peak 49.88M) | Time:00:00.01 | Mem:0.00M, Peak:0.00M | Scene, ViewLayer | Synchronizing object | Knee Guard.001
Fra:1 Mem:49.93M (Peak 49.93M) | Time:00:00.01 | Mem:0.00M, Peak:0.00M | Scene, ViewLayer | Synchronizing object | Cuff Trim.004
Fra:1 Mem:49.94M (Peak 49.94M) | Time:00:00.01 | Mem:0.00M, Peak:0.00M | Scene, ViewLayer | Synchronizing object | Forearm Bracer.004
Fra:1 Mem:49.95M (Peak 49.95M) | Time:00:00.01 | Mem:0.00M, Peak:0.00M | Scene, ViewLayer | Synchronizing object | Spirit Core
Fra:1 Mem:49.99M (Peak 49.99M) | Time:00:00.01 | Mem:0.00M, Peak:0.00M | Scene, ViewLayer | Synchronizing object | Spirit Crown
Fra:1 Mem:50.02M (Peak 50.02M) | Time:00:00.01 | Mem:0.00M, Peak:0.00M | Scene, ViewLayer | Synchronizing object | Guardian layered pauldron.002
Fra:1 Mem:50.04M (Peak 50.04M) | Time:00:00.01 | Mem:0.00M, Peak:0.00M | Scene, ViewLayer | Synchronizing object | Glove.004
Fra:1 Mem:50.04M (Peak 50.04M) | Time:00:00.01 | Mem:0.00M, Peak:0.00M | Scene, ViewLayer | Synchronizing object | Spirit Eyes
Fra:1 Mem:50.10M (Peak 50.10M) | Time:00:00.01 | Mem:0.00M, Peak:0.00M | Scene, ViewLayer | Synchronizing object | Sleeve.004
Fra:1 Mem:50.13M (Peak 50.13M) | Time:00:00.01 | Mem:0.00M, Peak:0.00M | Scene, ViewLayer | Synchronizing object | Spirit Eyes.001
Fra:1 Mem:50.18M (Peak 50.18M) | Time:00:00.01 | Mem:0.00M, Peak:0.00M | Scene, ViewLayer | Synchronizing object | Pauldrons.004
Fra:1 Mem:50.19M (Peak 50.19M) | Time:00:00.01 | Mem:0.00M, Peak:0.00M | Scene, ViewLayer | Synchronizing object | Spirit Tail
Fra:1 Mem:50.24M (Peak 50.24M) | Time:00:00.01 | Mem:0.00M, Peak:0.00M | Scene, ViewLayer | Synchronizing object | Buckle.002
Fra:1 Mem:50.26M (Peak 50.26M) | Time:00:00.01 | Mem:0.00M, Peak:0.00M | Scene, ViewLayer | Synchronizing object | Spirit Tail.001
Fra:1 Mem:50.30M (Peak 50.30M) | Time:00:00.01 | Mem:0.00M, Peak:0.00M | Scene, ViewLayer | Synchronizing object | Belt.002
Fra:1 Mem:50.33M (Peak 50.33M) | Time:00:00.01 | Mem:0.00M, Peak:0.00M | Scene, ViewLayer | Synchronizing object | Spirit Tail.002
Fra:1 Mem:50.36M (Peak 50.36M) | Time:00:00.01 | Mem:0.00M, Peak:0.00M | Scene, ViewLayer | Synchronizing object | Breastplate.002
Fra:1 Mem:50.40M (Peak 50.40M) | Time:00:00.01 | Mem:0.00M, Peak:0.00M | Scene, ViewLayer | Synchronizing object | Knee Guard.003
Fra:1 Mem:50.43M (Peak 50.43M) | Time:00:00.01 | Mem:0.00M, Peak:0.00M | Scene, ViewLayer | Synchronizing object | Shin Guard.003
Fra:1 Mem:50.46M (Peak 50.46M) | Time:00:00.01 | Mem:0.00M, Peak:0.00M | Scene, ViewLayer | Synchronizing object | Spirit swept horn
Fra:1 Mem:50.47M (Peak 50.47M) | Time:00:00.01 | Mem:0.00M, Peak:0.00M | Scene, ViewLayer | Synchronizing object | Boot.003
Fra:1 Mem:50.48M (Peak 50.48M) | Time:00:00.01 | Mem:0.00M, Peak:0.00M | Scene, ViewLayer | Synchronizing object | Spirit swept horn.001
Fra:1 Mem:50.49M (Peak 50.49M) | Time:00:00.01 | Mem:0.00M, Peak:0.00M | Scene, ViewLayer | Synchronizing object | Breastplate.001
Fra:1 Mem:50.51M (Peak 50.51M) | Time:00:00.01 | Mem:0.00M, Peak:0.00M | Scene, ViewLayer | Synchronizing object | Trouser.003
Fra:1 Mem:50.55M (Peak 50.55M) | Time:00:00.01 | Mem:0.00M, Peak:0.00M | Scene, ViewLayer | Synchronizing object | Belt.001
Fra:1 Mem:50.58M (Peak 50.58M) | Time:00:00.01 | Mem:0.00M, Peak:0.00M | Scene, ViewLayer | Synchronizing object | Knee Guard.002
Fra:1 Mem:50.62M (Peak 50.62M) | Time:00:00.01 | Mem:0.00M, Peak:0.00M | Scene, ViewLayer | Synchronizing object | Buckle.001
Fra:1 Mem:50.64M (Peak 50.64M) | Time:00:00.01 | Mem:0.00M, Peak:0.00M | Scene, ViewLayer | Synchronizing object | Shin Guard.002
Fra:1 Mem:50.68M (Peak 50.68M) | Time:00:00.01 | Mem:0.00M, Peak:0.00M | Scene, ViewLayer | Synchronizing object | Pauldrons.002
Fra:1 Mem:50.71M (Peak 50.71M) | Time:00:00.01 | Mem:0.00M, Peak:0.00M | Scene, ViewLayer | Synchronizing object | Boot.002
Fra:1 Mem:50.73M (Peak 50.73M) | Time:00:00.01 | Mem:0.00M, Peak:0.00M | Scene, ViewLayer | Synchronizing object | Sleeve.002
Fra:1 Mem:50.76M (Peak 50.76M) | Time:00:00.01 | Mem:0.00M, Peak:0.00M | Scene, ViewLayer | Synchronizing object | Trouser.002
Fra:1 Mem:50.80M (Peak 50.80M) | Time:00:00.01 | Mem:0.00M, Peak:0.00M | Scene, ViewLayer | Synchronizing object | Glove.002
Fra:1 Mem:50.84M (Peak 50.84M) | Time:00:00.01 | Mem:0.00M, Peak:0.00M | Scene, ViewLayer | Synchronizing object | Crown Crystal
Fra:1 Mem:50.87M (Peak 50.87M) | Time:00:00.01 | Mem:0.00M, Peak:0.00M | Scene, ViewLayer | Synchronizing object | Iron Crown
Fra:1 Mem:50.93M (Peak 50.93M) | Time:00:00.01 | Mem:0.00M, Peak:0.00M | Scene, ViewLayer | Synchronizing object | Stone Horn.001
Fra:1 Mem:50.96M (Peak 50.96M) | Time:00:00.01 | Mem:0.00M, Peak:0.00M | Scene, ViewLayer | Synchronizing object | Stone Horn
Fra:1 Mem:51.01M (Peak 51.01M) | Time:00:00.01 | Mem:0.00M, Peak:0.00M | Scene, ViewLayer | Synchronizing object | Eyes R.001
Fra:1 Mem:51.04M (Peak 51.04M) | Time:00:00.01 | Mem:0.00M, Peak:0.00M | Scene, ViewLayer | Synchronizing object | Guardian layered pauldron
Fra:1 Mem:51.05M (Peak 51.05M) | Time:00:00.01 | Mem:0.00M, Peak:0.00M | Scene, ViewLayer | Synchronizing object | Eyes L.001
Fra:1 Mem:51.07M (Peak 51.07M) | Time:00:00.01 | Mem:0.00M, Peak:0.00M | Scene, ViewLayer | Synchronizing object | Forearm Bracer.002
Fra:1 Mem:51.12M (Peak 51.12M) | Time:00:00.01 | Mem:0.00M, Peak:0.00M | Scene, ViewLayer | Synchronizing object | Head.001
Fra:1 Mem:51.15M (Peak 51.15M) | Time:00:00.01 | Mem:0.00M, Peak:0.00M | Scene, ViewLayer | Synchronizing object | Cuff Trim.002
Fra:1 Mem:51.17M (Peak 51.17M) | Time:00:00.01 | Mem:0.00M, Peak:0.00M | Scene, ViewLayer | Synchronizing object | Guardian ember crystal
Fra:1 Mem:51.19M (Peak 51.19M) | Time:00:00.01 | Mem:0.00M, Peak:0.00M | Scene, ViewLayer | Synchronizing object | Pauldrons.003
Fra:1 Mem:51.24M (Peak 51.24M) | Time:00:00.01 | Mem:0.00M, Peak:0.00M | Scene, ViewLayer | Synchronizing object | Guardian chest plate
Fra:1 Mem:51.23M (Peak 51.24M) | Time:00:00.01 | Mem:0.00M, Peak:0.00M | Scene, ViewLayer | Synchronizing object | Sleeve.003
Fra:1 Mem:51.28M (Peak 51.28M) | Time:00:00.01 | Mem:0.00M, Peak:0.00M | Scene, ViewLayer | Synchronizing object | Cuff Trim.003
Fra:1 Mem:51.29M (Peak 51.29M) | Time:00:00.01 | Mem:0.00M, Peak:0.00M | Scene, ViewLayer | Synchronizing object | Forearm Bracer.003
Fra:1 Mem:51.31M (Peak 51.31M) | Time:00:00.01 | Mem:0.00M, Peak:0.00M | Scene, ViewLayer | Synchronizing object | Glove.003
Fra:1 Mem:51.37M (Peak 51.37M) | Time:00:00.01 | Mem:0.00M, Peak:0.00M | Scene, ViewLayer | Synchronizing object | Guardian layered pauldron.001
Fra:1 Mem:51.37M (Peak 51.37M) | Time:00:00.01 | Mem:0.00M, Peak:0.00M | Scene, ViewLayer | Synchronizing object | Hammer Grip
Fra:1 Mem:51.39M (Peak 51.39M) | Time:00:00.01 | Mem:0.00M, Peak:0.00M | Scene, ViewLayer | Synchronizing object | Great Hammer
Fra:1 Mem:51.42M (Peak 51.42M) | Time:00:00.01 | Mem:0.00M, Peak:0.00M | Scene, ViewLayer | Initializing
Fra:1 Mem:45.41M (Peak 51.42M) | Time:00:00.02 | Mem:0.00M, Peak:0.00M | Scene, ViewLayer | Waiting for render to start
Fra:1 Mem:45.41M (Peak 51.42M) | Time:00:00.02 | Mem:0.00M, Peak:0.00M | Scene, ViewLayer | Loading render kernels (may take a few minutes the first time)
Fra:1 Mem:45.41M (Peak 51.42M) | Time:00:00.02 | Mem:0.00M, Peak:0.00M | Scene, ViewLayer | Updating Scene
Fra:1 Mem:45.41M (Peak 51.42M) | Time:00:00.02 | Mem:0.00M, Peak:0.00M | Scene, ViewLayer | Updating Shaders
Fra:1 Mem:45.51M (Peak 51.42M) | Time:00:00.02 | Mem:0.02M, Peak:0.02M | Scene, ViewLayer | Updating Procedurals
Fra:1 Mem:45.51M (Peak 51.42M) | Time:00:00.02 | Mem:0.02M, Peak:0.02M | Scene, ViewLayer | Updating Background
Fra:1 Mem:45.51M (Peak 51.42M) | Time:00:00.02 | Mem:0.02M, Peak:0.02M | Scene, ViewLayer | Updating Camera
Fra:1 Mem:45.51M (Peak 51.42M) | Time:00:00.02 | Mem:0.02M, Peak:0.02M | Scene, ViewLayer | Updating Meshes Flags
Fra:1 Mem:45.51M (Peak 51.42M) | Time:00:00.02 | Mem:0.02M, Peak:0.02M | Scene, ViewLayer | Updating Objects
Fra:1 Mem:45.51M (Peak 51.42M) | Time:00:00.02 | Mem:0.02M, Peak:0.02M | Scene, ViewLayer | Updating Objects | Copying Transformations to device
Fra:1 Mem:45.54M (Peak 51.42M) | Time:00:00.02 | Mem:0.05M, Peak:0.05M | Scene, ViewLayer | Updating Objects | Applying Static Transformations
Fra:1 Mem:45.54M (Peak 51.42M) | Time:00:00.02 | Mem:0.05M, Peak:0.05M | Scene, ViewLayer | Updating Particle Systems
Fra:1 Mem:45.54M (Peak 51.42M) | Time:00:00.02 | Mem:0.05M, Peak:0.05M | Scene, ViewLayer | Updating Particle Systems | Copying Particles to device
Fra:1 Mem:45.54M (Peak 51.42M) | Time:00:00.02 | Mem:0.05M, Peak:0.05M | Scene, ViewLayer | Updating Meshes
Fra:1 Mem:46.09M (Peak 51.42M) | Time:00:00.02 | Mem:0.05M, Peak:0.05M | Scene, ViewLayer | Updating Mesh | Computing attributes
Fra:1 Mem:46.46M (Peak 51.42M) | Time:00:00.02 | Mem:0.06M, Peak:0.06M | Scene, ViewLayer | Updating Mesh | Copying Attributes to device
Fra:1 Mem:46.44M (Peak 51.42M) | Time:00:00.02 | Mem:0.40M, Peak:0.40M | Scene, ViewLayer | Updating Scene BVH | Building
Fra:1 Mem:46.44M (Peak 51.42M) | Time:00:00.02 | Mem:0.40M, Peak:0.40M | Scene, ViewLayer | Updating Scene BVH | Building BVH
Fra:1 Mem:46.44M (Peak 51.42M) | Time:00:00.02 | Mem:1.50M, Peak:1.50M | Scene, ViewLayer | Updating Scene BVH | Building BVH 0%
Fra:1 Mem:46.44M (Peak 51.42M) | Time:00:00.02 | Mem:2.70M, Peak:3.80M | Scene, ViewLayer | Updating Scene BVH | Copying BVH to device
Fra:1 Mem:46.44M (Peak 51.42M) | Time:00:00.02 | Mem:2.70M, Peak:3.80M | Scene, ViewLayer | Updating Mesh | Computing normals
Fra:1 Mem:48.05M (Peak 51.42M) | Time:00:00.02 | Mem:2.70M, Peak:3.80M | Scene, ViewLayer | Updating Mesh | Copying Mesh to device
Fra:1 Mem:48.05M (Peak 51.42M) | Time:00:00.02 | Mem:4.31M, Peak:4.31M | Scene, ViewLayer | Updating Objects Flags
Fra:1 Mem:48.05M (Peak 51.42M) | Time:00:00.02 | Mem:4.31M, Peak:4.31M | Scene, ViewLayer | Updating Primitive Offsets
Fra:1 Mem:48.05M (Peak 51.42M) | Time:00:00.02 | Mem:4.31M, Peak:4.31M | Scene, ViewLayer | Updating Images
Fra:1 Mem:48.05M (Peak 51.42M) | Time:00:00.02 | Mem:4.31M, Peak:4.31M | Scene, ViewLayer | Updating Camera Volume
Fra:1 Mem:48.05M (Peak 51.42M) | Time:00:00.02 | Mem:4.31M, Peak:4.31M | Scene, ViewLayer | Updating Lookup Tables
Fra:1 Mem:48.05M (Peak 51.42M) | Time:00:00.02 | Mem:4.39M, Peak:4.39M | Scene, ViewLayer | Updating Lights
Fra:1 Mem:48.05M (Peak 51.42M) | Time:00:00.02 | Mem:4.39M, Peak:4.39M | Scene, ViewLayer | Updating Lights | Computing tree
Fra:1 Mem:48.05M (Peak 51.42M) | Time:00:00.02 | Mem:4.39M, Peak:4.39M | Scene, ViewLayer | Updating Integrator
Fra:1 Mem:48.05M (Peak 51.42M) | Time:00:00.02 | Mem:4.39M, Peak:4.39M | Scene, ViewLayer | Updating Film
Fra:1 Mem:48.06M (Peak 51.42M) | Time:00:00.02 | Mem:4.31M, Peak:4.39M | Scene, ViewLayer | Updating Lookup Tables
Fra:1 Mem:48.06M (Peak 51.42M) | Time:00:00.02 | Mem:4.40M, Peak:4.40M | Scene, ViewLayer | Updating Baking
Fra:1 Mem:48.06M (Peak 51.42M) | Time:00:00.02 | Mem:4.40M, Peak:4.40M | Scene, ViewLayer | Updating Device | Writing constant memory
Fra:1 Mem:48.06M (Peak 51.42M) | Time:00:00.02 | Mem:4.40M, Peak:4.40M | Scene, ViewLayer | Sample 0/20
Fra:1 Mem:76.91M (Peak 76.91M) | Time:00:00.67 | Remaining:00:12.31 | Mem:33.24M, Peak:33.24M | Scene, ViewLayer | Sample 1/20
Fra:1 Mem:89.72M (Peak 115.36M) | Time:00:11.57 | Mem:33.24M, Peak:33.24M | Scene, ViewLayer | Sample 20/20
Fra:1 Mem:89.72M (Peak 115.36M) | Time:00:11.57 | Mem:33.24M, Peak:33.24M | Scene, ViewLayer | Finished
Saved: 'ArtSource/EnemySilhouettes/Assemblies/Action-contact-after.png'
Time: 00:11.66 (Saving: 00:00.09)

Fra:1 Mem:51.68M (Peak 51.68M) | Time:00:00.00 | Mem:0.00M, Peak:0.00M | Scene, ViewLayer | Synchronizing object | Plane
Fra:1 Mem:51.68M (Peak 51.68M) | Time:00:00.00 | Mem:0.00M, Peak:0.00M | Scene, ViewLayer | Synchronizing object | Text
Fra:1 Mem:51.72M (Peak 51.72M) | Time:00:00.00 | Mem:0.00M, Peak:0.00M | Scene, ViewLayer | Synchronizing object | Text.001
Fra:1 Mem:51.77M (Peak 51.77M) | Time:00:00.00 | Mem:0.00M, Peak:0.00M | Scene, ViewLayer | Synchronizing object | Text.002
Fra:1 Mem:51.80M (Peak 51.80M) | Time:00:00.00 | Mem:0.00M, Peak:0.00M | Scene, ViewLayer | Synchronizing object | Text.003
Fra:1 Mem:51.89M (Peak 51.89M) | Time:00:00.00 | Mem:0.00M, Peak:0.00M | Scene, ViewLayer | Synchronizing object | Text.004
Fra:1 Mem:52.03M (Peak 52.03M) | Time:00:00.00 | Mem:0.00M, Peak:0.00M | Scene, ViewLayer | Synchronizing object | Slime Body
Fra:1 Mem:52.07M (Peak 52.07M) | Time:00:00.00 | Mem:0.00M, Peak:0.00M | Scene, ViewLayer | Synchronizing object | Slime Crown
Fra:1 Mem:52.10M (Peak 52.10M) | Time:00:00.00 | Mem:0.00M, Peak:0.00M | Scene, ViewLayer | Synchronizing object | Eye White
Fra:1 Mem:52.14M (Peak 52.14M) | Time:00:00.00 | Mem:0.00M, Peak:0.00M | Scene, ViewLayer | Synchronizing object | Eye Pupil
Fra:1 Mem:52.18M (Peak 52.18M) | Time:00:00.00 | Mem:0.00M, Peak:0.00M | Scene, ViewLayer | Synchronizing object | Eye White.001
Fra:1 Mem:52.21M (Peak 52.21M) | Time:00:00.00 | Mem:0.00M, Peak:0.00M | Scene, ViewLayer | Synchronizing object | Eye Pupil.001
Fra:1 Mem:52.25M (Peak 52.25M) | Time:00:00.00 | Mem:0.00M, Peak:0.00M | Scene, ViewLayer | Synchronizing object | Smile
Fra:1 Mem:52.28M (Peak 52.28M) | Time:00:00.00 | Mem:0.00M, Peak:0.00M | Scene, ViewLayer | Synchronizing object | Slime soft highlight
Fra:1 Mem:52.32M (Peak 52.32M) | Time:00:00.00 | Mem:0.00M, Peak:0.00M | Scene, ViewLayer | Synchronizing object | Breastplate
Fra:1 Mem:52.35M (Peak 52.35M) | Time:00:00.00 | Mem:0.00M, Peak:0.00M | Scene, ViewLayer | Synchronizing object | Belt
Fra:1 Mem:52.38M (Peak 52.38M) | Time:00:00.00 | Mem:0.00M, Peak:0.00M | Scene, ViewLayer | Synchronizing object | Buckle
Fra:1 Mem:52.41M (Peak 52.41M) | Time:00:00.00 | Mem:0.00M, Peak:0.00M | Scene, ViewLayer | Synchronizing object | Pauldrons
Fra:1 Mem:52.44M (Peak 52.44M) | Time:00:00.00 | Mem:0.00M, Peak:0.00M | Scene, ViewLayer | Synchronizing object | Sleeve
Fra:1 Mem:52.48M (Peak 52.48M) | Time:00:00.00 | Mem:0.00M, Peak:0.00M | Scene, ViewLayer | Synchronizing object | Glove
Fra:1 Mem:52.52M (Peak 52.52M) | Time:00:00.00 | Mem:0.00M, Peak:0.00M | Scene, ViewLayer | Synchronizing object | Forearm Bracer
Fra:1 Mem:52.54M (Peak 52.54M) | Time:00:00.00 | Mem:0.00M, Peak:0.00M | Scene, ViewLayer | Synchronizing object | Knee Guard.005
Fra:1 Mem:52.59M (Peak 52.59M) | Time:00:00.00 | Mem:0.00M, Peak:0.00M | Scene, ViewLayer | Synchronizing object | Cuff Trim
Fra:1 Mem:52.60M (Peak 52.60M) | Time:00:00.00 | Mem:0.00M, Peak:0.00M | Scene, ViewLayer | Synchronizing object | Pauldrons.001
Fra:1 Mem:52.60M (Peak 52.60M) | Time:00:00.00 | Mem:0.00M, Peak:0.00M | Scene, ViewLayer | Synchronizing object | Shin Guard.005
Fra:1 Mem:52.65M (Peak 52.65M) | Time:00:00.00 | Mem:0.00M, Peak:0.00M | Scene, ViewLayer | Synchronizing object | Boot.005
Fra:1 Mem:52.67M (Peak 52.67M) | Time:00:00.00 | Mem:0.00M, Peak:0.00M | Scene, ViewLayer | Synchronizing object | Trouser.005
Fra:1 Mem:52.70M (Peak 52.70M) | Time:00:00.00 | Mem:0.00M, Peak:0.00M | Scene, ViewLayer | Synchronizing object | Knee Guard.004
Fra:1 Mem:52.75M (Peak 52.75M) | Time:00:00.00 | Mem:0.00M, Peak:0.00M | Scene, ViewLayer | Synchronizing object | Shin Guard.004
Fra:1 Mem:52.79M (Peak 52.79M) | Time:00:00.00 | Mem:0.00M, Peak:0.00M | Scene, ViewLayer | Synchronizing object | Sleeve.001
Fra:1 Mem:52.83M (Peak 52.83M) | Time:00:00.00 | Mem:0.00M, Peak:0.00M | Scene, ViewLayer | Synchronizing object | Boot.004
Fra:1 Mem:52.85M (Peak 52.85M) | Time:00:00.00 | Mem:0.00M, Peak:0.00M | Scene, ViewLayer | Synchronizing object | Glove.001
Fra:1 Mem:52.85M (Peak 52.85M) | Time:00:00.00 | Mem:0.00M, Peak:0.00M | Scene, ViewLayer | Synchronizing object | Trouser.004
Fra:1 Mem:52.91M (Peak 52.91M) | Time:00:00.00 | Mem:0.00M, Peak:0.00M | Scene, ViewLayer | Synchronizing object | Goblin Knife
Fra:1 Mem:52.94M (Peak 52.94M) | Time:00:00.00 | Mem:0.00M, Peak:0.00M | Scene, ViewLayer | Synchronizing object | Guardian crown spike.001
Fra:1 Mem:52.95M (Peak 52.95M) | Time:00:00.00 | Mem:0.00M, Peak:0.00M | Scene, ViewLayer | Synchronizing object | Guardian crown spike
Fra:1 Mem:52.96M (Peak 52.96M) | Time:00:00.00 | Mem:0.00M, Peak:0.00M | Scene, ViewLayer | Synchronizing object | Crown Crystal.001
Fra:1 Mem:52.98M (Peak 52.98M) | Time:00:00.00 | Mem:0.00M, Peak:0.00M | Scene, ViewLayer | Synchronizing object | Forearm Bracer.001
Fra:1 Mem:53.02M (Peak 53.02M) | Time:00:00.00 | Mem:0.00M, Peak:0.00M | Scene, ViewLayer | Synchronizing object | Iron Crown.001
Fra:1 Mem:53.05M (Peak 53.05M) | Time:00:00.00 | Mem:0.00M, Peak:0.00M | Scene, ViewLayer | Synchronizing object | Cuff Trim.001
Fra:1 Mem:53.07M (Peak 53.07M) | Time:00:00.00 | Mem:0.00M, Peak:0.00M | Scene, ViewLayer | Synchronizing object | Head
Fra:1 Mem:53.09M (Peak 53.09M) | Time:00:00.00 | Mem:0.00M, Peak:0.00M | Scene, ViewLayer | Synchronizing object | Stone Horn.003
Fra:1 Mem:53.14M (Peak 53.14M) | Time:00:00.00 | Mem:0.00M, Peak:0.00M | Scene, ViewLayer | Synchronizing object | Eyes L
Fra:1 Mem:53.17M (Peak 53.17M) | Time:00:00.01 | Mem:0.00M, Peak:0.00M | Scene, ViewLayer | Synchronizing object | Stone Horn.002
Fra:1 Mem:53.21M (Peak 53.21M) | Time:00:00.01 | Mem:0.00M, Peak:0.00M | Scene, ViewLayer | Synchronizing object | Eyes R
Fra:1 Mem:53.24M (Peak 53.24M) | Time:00:00.01 | Mem:0.00M, Peak:0.00M | Scene, ViewLayer | Synchronizing object | Eyes R.002
Fra:1 Mem:53.28M (Peak 53.28M) | Time:00:00.01 | Mem:0.00M, Peak:0.00M | Scene, ViewLayer | Synchronizing object | Long Ear
Fra:1 Mem:53.31M (Peak 53.31M) | Time:00:00.01 | Mem:0.00M, Peak:0.00M | Scene, ViewLayer | Synchronizing object | Eyes L.002
Fra:1 Mem:53.35M (Peak 53.35M) | Time:00:00.01 | Mem:0.00M, Peak:0.00M | Scene, ViewLayer | Synchronizing object | Long Ear.001
Fra:1 Mem:53.38M (Peak 53.38M) | Time:00:00.01 | Mem:0.00M, Peak:0.00M | Scene, ViewLayer | Synchronizing object | Head.002
Fra:1 Mem:53.42M (Peak 53.42M) | Time:00:00.01 | Mem:0.00M, Peak:0.00M | Scene, ViewLayer | Synchronizing object | Leather Cap
Fra:1 Mem:53.44M (Peak 53.44M) | Time:00:00.01 | Mem:0.00M, Peak:0.00M | Scene, ViewLayer | Synchronizing object | Guardian ember crystal.001
Fra:1 Mem:53.48M (Peak 53.48M) | Time:00:00.01 | Mem:0.00M, Peak:0.00M | Scene, ViewLayer | Synchronizing object | Goblin brow left
Fra:1 Mem:53.52M (Peak 53.52M) | Time:00:00.01 | Mem:0.00M, Peak:0.00M | Scene, ViewLayer | Synchronizing object | Guardian chest plate.001
Fra:1 Mem:53.55M (Peak 53.55M) | Time:00:00.01 | Mem:0.00M, Peak:0.00M | Scene, ViewLayer | Synchronizing object | Goblin brow right
Fra:1 Mem:53.57M (Peak 53.57M) | Time:00:00.01 | Mem:0.00M, Peak:0.00M | Scene, ViewLayer | Synchronizing object | Cuff Trim.005
Fra:1 Mem:53.60M (Peak 53.60M) | Time:00:00.01 | Mem:0.00M, Peak:0.00M | Scene, ViewLayer | Synchronizing object | Forearm Bracer.005
Fra:1 Mem:53.63M (Peak 53.63M) | Time:00:00.01 | Mem:0.00M, Peak:0.00M | Scene, ViewLayer | Synchronizing object | Goblin nose
Fra:1 Mem:53.67M (Peak 53.67M) | Time:00:00.01 | Mem:0.00M, Peak:0.00M | Scene, ViewLayer | Synchronizing object | Guardian layered pauldron.003
Fra:1 Mem:53.70M (Peak 53.70M) | Time:00:00.01 | Mem:0.00M, Peak:0.00M | Scene, ViewLayer | Synchronizing object | Trouser
Fra:1 Mem:53.74M (Peak 53.74M) | Time:00:00.01 | Mem:0.00M, Peak:0.00M | Scene, ViewLayer | Synchronizing object | Great Hammer.001
Fra:1 Mem:53.76M (Peak 53.76M) | Time:00:00.01 | Mem:0.00M, Peak:0.00M | Scene, ViewLayer | Synchronizing object | Boot
Fra:1 Mem:53.78M (Peak 53.78M) | Time:00:00.01 | Mem:0.00M, Peak:0.00M | Scene, ViewLayer | Synchronizing object | Hammer Grip.001
Fra:1 Mem:53.80M (Peak 53.80M) | Time:00:00.01 | Mem:0.00M, Peak:0.00M | Scene, ViewLayer | Synchronizing object | Shin Guard
Fra:1 Mem:53.82M (Peak 53.82M) | Time:00:00.01 | Mem:0.00M, Peak:0.00M | Scene, ViewLayer | Synchronizing object | Glove.005
Fra:1 Mem:53.87M (Peak 53.87M) | Time:00:00.01 | Mem:0.00M, Peak:0.00M | Scene, ViewLayer | Synchronizing object | Knee Guard
Fra:1 Mem:53.87M (Peak 53.87M) | Time:00:00.01 | Mem:0.00M, Peak:0.00M | Scene, ViewLayer | Synchronizing object | Sleeve.005
Fra:1 Mem:53.94M (Peak 53.94M) | Time:00:00.01 | Mem:0.00M, Peak:0.00M | Scene, ViewLayer | Synchronizing object | Trouser.001
Fra:1 Mem:53.97M (Peak 53.97M) | Time:00:00.01 | Mem:0.00M, Peak:0.00M | Scene, ViewLayer | Synchronizing object | Pauldrons.005
Fra:1 Mem:54.01M (Peak 54.01M) | Time:00:00.01 | Mem:0.00M, Peak:0.00M | Scene, ViewLayer | Synchronizing object | Cuff Trim.004
Fra:1 Mem:54.01M (Peak 54.01M) | Time:00:00.01 | Mem:0.00M, Peak:0.00M | Scene, ViewLayer | Synchronizing object | Boot.001
Fra:1 Mem:54.03M (Peak 54.03M) | Time:00:00.01 | Mem:0.00M, Peak:0.00M | Scene, ViewLayer | Synchronizing object | Forearm Bracer.004
Fra:1 Mem:54.06M (Peak 54.06M) | Time:00:00.01 | Mem:0.00M, Peak:0.00M | Scene, ViewLayer | Synchronizing object | Shin Guard.001
Fra:1 Mem:54.11M (Peak 54.11M) | Time:00:00.01 | Mem:0.00M, Peak:0.00M | Scene, ViewLayer | Synchronizing object | Guardian layered pauldron.002
Fra:1 Mem:54.12M (Peak 54.12M) | Time:00:00.01 | Mem:0.00M, Peak:0.00M | Scene, ViewLayer | Synchronizing object | Knee Guard.001
Fra:1 Mem:54.17M (Peak 54.17M) | Time:00:00.01 | Mem:0.00M, Peak:0.00M | Scene, ViewLayer | Synchronizing object | Glove.004
Fra:1 Mem:54.18M (Peak 54.18M) | Time:00:00.01 | Mem:0.00M, Peak:0.00M | Scene, ViewLayer | Synchronizing object | Spirit Core
Fra:1 Mem:54.22M (Peak 54.22M) | Time:00:00.01 | Mem:0.00M, Peak:0.00M | Scene, ViewLayer | Synchronizing object | Spirit Crown
Fra:1 Mem:54.25M (Peak 54.25M) | Time:00:00.01 | Mem:0.00M, Peak:0.00M | Scene, ViewLayer | Synchronizing object | Sleeve.004
Fra:1 Mem:54.29M (Peak 54.29M) | Time:00:00.01 | Mem:0.00M, Peak:0.00M | Scene, ViewLayer | Synchronizing object | Spirit Eyes
Fra:1 Mem:54.32M (Peak 54.32M) | Time:00:00.01 | Mem:0.00M, Peak:0.00M | Scene, ViewLayer | Synchronizing object | Pauldrons.004
Fra:1 Mem:54.34M (Peak 54.34M) | Time:00:00.01 | Mem:0.00M, Peak:0.00M | Scene, ViewLayer | Synchronizing object | Spirit Eyes.001
Fra:1 Mem:54.39M (Peak 54.39M) | Time:00:00.01 | Mem:0.00M, Peak:0.00M | Scene, ViewLayer | Synchronizing object | Buckle.002
Fra:1 Mem:54.41M (Peak 54.41M) | Time:00:00.01 | Mem:0.00M, Peak:0.00M | Scene, ViewLayer | Synchronizing object | Spirit Tail
Fra:1 Mem:54.45M (Peak 54.45M) | Time:00:00.01 | Mem:0.00M, Peak:0.00M | Scene, ViewLayer | Synchronizing object | Belt.002
Fra:1 Mem:54.48M (Peak 54.48M) | Time:00:00.01 | Mem:0.00M, Peak:0.00M | Scene, ViewLayer | Synchronizing object | Spirit Tail.001
Fra:1 Mem:54.51M (Peak 54.51M) | Time:00:00.01 | Mem:0.00M, Peak:0.00M | Scene, ViewLayer | Synchronizing object | Breastplate.002
Fra:1 Mem:54.55M (Peak 54.55M) | Time:00:00.01 | Mem:0.00M, Peak:0.00M | Scene, ViewLayer | Synchronizing object | Spirit Tail.002
Fra:1 Mem:54.55M (Peak 54.55M) | Time:00:00.01 | Mem:0.00M, Peak:0.00M | Scene, ViewLayer | Synchronizing object | Knee Guard.003
Fra:1 Mem:54.61M (Peak 54.61M) | Time:00:00.01 | Mem:0.00M, Peak:0.00M | Scene, ViewLayer | Synchronizing object | Shin Guard.003
Fra:1 Mem:54.63M (Peak 54.63M) | Time:00:00.01 | Mem:0.00M, Peak:0.00M | Scene, ViewLayer | Synchronizing object | Spirit swept horn
Fra:1 Mem:54.65M (Peak 54.65M) | Time:00:00.01 | Mem:0.00M, Peak:0.00M | Scene, ViewLayer | Synchronizing object | Spirit swept horn.001
Fra:1 Mem:54.65M (Peak 54.65M) | Time:00:00.01 | Mem:0.00M, Peak:0.00M | Scene, ViewLayer | Synchronizing object | Breastplate.001
Fra:1 Mem:54.68M (Peak 54.68M) | Time:00:00.01 | Mem:0.00M, Peak:0.00M | Scene, ViewLayer | Synchronizing object | Boot.003
Fra:1 Mem:54.71M (Peak 54.71M) | Time:00:00.01 | Mem:0.00M, Peak:0.00M | Scene, ViewLayer | Synchronizing object | Belt.001
Fra:1 Mem:54.71M (Peak 54.71M) | Time:00:00.01 | Mem:0.00M, Peak:0.00M | Scene, ViewLayer | Synchronizing object | Trouser.003
Fra:1 Mem:54.77M (Peak 54.77M) | Time:00:00.01 | Mem:0.00M, Peak:0.00M | Scene, ViewLayer | Synchronizing object | Buckle.001
Fra:1 Mem:54.79M (Peak 54.79M) | Time:00:00.01 | Mem:0.00M, Peak:0.00M | Scene, ViewLayer | Synchronizing object | Knee Guard.002
Fra:1 Mem:54.83M (Peak 54.83M) | Time:00:00.01 | Mem:0.00M, Peak:0.00M | Scene, ViewLayer | Synchronizing object | Pauldrons.002
Fra:1 Mem:54.86M (Peak 54.86M) | Time:00:00.01 | Mem:0.00M, Peak:0.00M | Scene, ViewLayer | Synchronizing object | Shin Guard.002
Fra:1 Mem:54.89M (Peak 54.89M) | Time:00:00.01 | Mem:0.00M, Peak:0.00M | Scene, ViewLayer | Synchronizing object | Sleeve.002
Fra:1 Mem:54.93M (Peak 54.93M) | Time:00:00.01 | Mem:0.00M, Peak:0.00M | Scene, ViewLayer | Synchronizing object | Boot.002
Fra:1 Mem:54.96M (Peak 54.96M) | Time:00:00.01 | Mem:0.00M, Peak:0.00M | Scene, ViewLayer | Synchronizing object | Trouser.002
Fra:1 Mem:54.96M (Peak 54.96M) | Time:00:00.01 | Mem:0.00M, Peak:0.00M | Scene, ViewLayer | Synchronizing object | Glove.002
Fra:1 Mem:55.03M (Peak 55.03M) | Time:00:00.01 | Mem:0.00M, Peak:0.00M | Scene, ViewLayer | Synchronizing object | Crown Crystal
Fra:1 Mem:55.03M (Peak 55.03M) | Time:00:00.01 | Mem:0.00M, Peak:0.00M | Scene, ViewLayer | Synchronizing object | Guardian layered pauldron
Fra:1 Mem:55.09M (Peak 55.09M) | Time:00:00.01 | Mem:0.00M, Peak:0.00M | Scene, ViewLayer | Synchronizing object | Iron Crown
Fra:1 Mem:55.10M (Peak 55.10M) | Time:00:00.01 | Mem:0.00M, Peak:0.00M | Scene, ViewLayer | Synchronizing object | Forearm Bracer.002
Fra:1 Mem:55.15M (Peak 55.15M) | Time:00:00.01 | Mem:0.00M, Peak:0.00M | Scene, ViewLayer | Synchronizing object | Stone Horn.001
Fra:1 Mem:55.19M (Peak 55.19M) | Time:00:00.01 | Mem:0.00M, Peak:0.00M | Scene, ViewLayer | Synchronizing object | Cuff Trim.002
Fra:1 Mem:55.20M (Peak 55.20M) | Time:00:00.01 | Mem:0.00M, Peak:0.00M | Scene, ViewLayer | Synchronizing object | Pauldrons.003
Fra:1 Mem:55.23M (Peak 55.23M) | Time:00:00.01 | Mem:0.00M, Peak:0.00M | Scene, ViewLayer | Synchronizing object | Stone Horn
Fra:1 Mem:55.27M (Peak 55.27M) | Time:00:00.01 | Mem:0.00M, Peak:0.00M | Scene, ViewLayer | Synchronizing object | Sleeve.003
Fra:1 Mem:55.30M (Peak 55.30M) | Time:00:00.01 | Mem:0.00M, Peak:0.00M | Scene, ViewLayer | Synchronizing object | Eyes R.001
Fra:1 Mem:55.34M (Peak 55.34M) | Time:00:00.01 | Mem:0.00M, Peak:0.00M | Scene, ViewLayer | Synchronizing object | Glove.003
Fra:1 Mem:55.37M (Peak 55.37M) | Time:00:00.01 | Mem:0.00M, Peak:0.00M | Scene, ViewLayer | Synchronizing object | Eyes L.001
Fra:1 Mem:55.41M (Peak 55.41M) | Time:00:00.01 | Mem:0.00M, Peak:0.00M | Scene, ViewLayer | Synchronizing object | Hammer Grip
Fra:1 Mem:55.42M (Peak 55.42M) | Time:00:00.01 | Mem:0.00M, Peak:0.00M | Scene, ViewLayer | Synchronizing object | Head.001
Fra:1 Mem:55.44M (Peak 55.44M) | Time:00:00.01 | Mem:0.00M, Peak:0.00M | Scene, ViewLayer | Synchronizing object | Great Hammer
Fra:1 Mem:55.49M (Peak 55.49M) | Time:00:00.01 | Mem:0.00M, Peak:0.00M | Scene, ViewLayer | Synchronizing object | Guardian layered pauldron.001
Fra:1 Mem:55.49M (Peak 55.49M) | Time:00:00.01 | Mem:0.00M, Peak:0.00M | Scene, ViewLayer | Synchronizing object | Guardian ember crystal
Fra:1 Mem:55.55M (Peak 55.55M) | Time:00:00.01 | Mem:0.00M, Peak:0.00M | Scene, ViewLayer | Synchronizing object | Guardian chest plate
Fra:1 Mem:55.56M (Peak 55.56M) | Time:00:00.01 | Mem:0.00M, Peak:0.00M | Scene, ViewLayer | Synchronizing object | Forearm Bracer.003
Fra:1 Mem:55.60M (Peak 55.60M) | Time:00:00.01 | Mem:0.00M, Peak:0.00M | Scene, ViewLayer | Synchronizing object | Cuff Trim.003
Fra:1 Mem:55.63M (Peak 55.63M) | Time:00:00.01 | Mem:0.00M, Peak:0.00M | Scene, ViewLayer | Initializing
Fra:1 Mem:49.62M (Peak 55.63M) | Time:00:00.01 | Mem:0.00M, Peak:0.00M | Scene, ViewLayer | Waiting for render to start
Fra:1 Mem:49.62M (Peak 55.63M) | Time:00:00.01 | Mem:0.00M, Peak:0.00M | Scene, ViewLayer | Loading render kernels (may take a few minutes the first time)
Fra:1 Mem:49.62M (Peak 55.63M) | Time:00:00.01 | Mem:0.00M, Peak:0.00M | Scene, ViewLayer | Updating Scene
Fra:1 Mem:49.62M (Peak 55.63M) | Time:00:00.01 | Mem:0.00M, Peak:0.00M | Scene, ViewLayer | Updating Shaders
Fra:1 Mem:49.72M (Peak 55.63M) | Time:00:00.01 | Mem:0.02M, Peak:0.02M | Scene, ViewLayer | Updating Procedurals
Fra:1 Mem:49.72M (Peak 55.63M) | Time:00:00.01 | Mem:0.02M, Peak:0.02M | Scene, ViewLayer | Updating Background
Fra:1 Mem:49.72M (Peak 55.63M) | Time:00:00.01 | Mem:0.02M, Peak:0.02M | Scene, ViewLayer | Updating Camera
Fra:1 Mem:49.72M (Peak 55.63M) | Time:00:00.01 | Mem:0.02M, Peak:0.02M | Scene, ViewLayer | Updating Meshes Flags
Fra:1 Mem:49.72M (Peak 55.63M) | Time:00:00.01 | Mem:0.02M, Peak:0.02M | Scene, ViewLayer | Updating Objects
Fra:1 Mem:49.72M (Peak 55.63M) | Time:00:00.01 | Mem:0.02M, Peak:0.02M | Scene, ViewLayer | Updating Objects | Copying Transformations to device
Fra:1 Mem:49.75M (Peak 55.63M) | Time:00:00.01 | Mem:0.05M, Peak:0.05M | Scene, ViewLayer | Updating Objects | Applying Static Transformations
Fra:1 Mem:49.75M (Peak 55.63M) | Time:00:00.01 | Mem:0.05M, Peak:0.05M | Scene, ViewLayer | Updating Particle Systems
Fra:1 Mem:49.75M (Peak 55.63M) | Time:00:00.01 | Mem:0.05M, Peak:0.05M | Scene, ViewLayer | Updating Particle Systems | Copying Particles to device
Fra:1 Mem:49.75M (Peak 55.63M) | Time:00:00.01 | Mem:0.05M, Peak:0.05M | Scene, ViewLayer | Updating Meshes
Fra:1 Mem:50.34M (Peak 55.63M) | Time:00:00.01 | Mem:0.05M, Peak:0.05M | Scene, ViewLayer | Updating Mesh | Computing attributes
Fra:1 Mem:50.71M (Peak 55.63M) | Time:00:00.01 | Mem:0.06M, Peak:0.06M | Scene, ViewLayer | Updating Mesh | Copying Attributes to device
Fra:1 Mem:50.69M (Peak 55.63M) | Time:00:00.01 | Mem:0.40M, Peak:0.40M | Scene, ViewLayer | Updating Scene BVH | Building
Fra:1 Mem:50.69M (Peak 55.63M) | Time:00:00.01 | Mem:0.40M, Peak:0.40M | Scene, ViewLayer | Updating Scene BVH | Building BVH
Fra:1 Mem:50.69M (Peak 55.63M) | Time:00:00.01 | Mem:1.58M, Peak:1.58M | Scene, ViewLayer | Updating Scene BVH | Building BVH 0%
Fra:1 Mem:50.69M (Peak 55.63M) | Time:00:00.02 | Mem:2.99M, Peak:4.17M | Scene, ViewLayer | Updating Scene BVH | Copying BVH to device
Fra:1 Mem:50.69M (Peak 55.63M) | Time:00:00.02 | Mem:2.99M, Peak:4.17M | Scene, ViewLayer | Updating Mesh | Computing normals
Fra:1 Mem:52.34M (Peak 55.63M) | Time:00:00.02 | Mem:2.99M, Peak:4.17M | Scene, ViewLayer | Updating Mesh | Copying Mesh to device
Fra:1 Mem:52.34M (Peak 55.63M) | Time:00:00.02 | Mem:4.63M, Peak:4.63M | Scene, ViewLayer | Updating Objects Flags
Fra:1 Mem:52.34M (Peak 55.63M) | Time:00:00.02 | Mem:4.64M, Peak:4.64M | Scene, ViewLayer | Updating Primitive Offsets
Fra:1 Mem:52.34M (Peak 55.63M) | Time:00:00.02 | Mem:4.64M, Peak:4.64M | Scene, ViewLayer | Updating Images
Fra:1 Mem:52.34M (Peak 55.63M) | Time:00:00.02 | Mem:4.64M, Peak:4.64M | Scene, ViewLayer | Updating Camera Volume
Fra:1 Mem:52.34M (Peak 55.63M) | Time:00:00.02 | Mem:4.64M, Peak:4.64M | Scene, ViewLayer | Updating Lookup Tables
Fra:1 Mem:52.34M (Peak 55.63M) | Time:00:00.02 | Mem:4.72M, Peak:4.72M | Scene, ViewLayer | Updating Lights
Fra:1 Mem:52.34M (Peak 55.63M) | Time:00:00.02 | Mem:4.72M, Peak:4.72M | Scene, ViewLayer | Updating Lights | Computing tree
Fra:1 Mem:52.34M (Peak 55.63M) | Time:00:00.02 | Mem:4.72M, Peak:4.72M | Scene, ViewLayer | Updating Integrator
Fra:1 Mem:52.34M (Peak 55.63M) | Time:00:00.02 | Mem:4.72M, Peak:4.72M | Scene, ViewLayer | Updating Film
Fra:1 Mem:52.34M (Peak 55.63M) | Time:00:00.02 | Mem:4.64M, Peak:4.72M | Scene, ViewLayer | Updating Lookup Tables
Fra:1 Mem:52.34M (Peak 55.63M) | Time:00:00.02 | Mem:4.72M, Peak:4.72M | Scene, ViewLayer | Updating Baking
Fra:1 Mem:52.34M (Peak 55.63M) | Time:00:00.02 | Mem:4.72M, Peak:4.72M | Scene, ViewLayer | Updating Device | Writing constant memory
Fra:1 Mem:52.35M (Peak 55.63M) | Time:00:00.02 | Mem:4.72M, Peak:4.72M | Scene, ViewLayer | Sample 0/20
Fra:1 Mem:81.19M (Peak 81.19M) | Time:00:00.66 | Remaining:00:12.23 | Mem:33.56M, Peak:33.56M | Scene, ViewLayer | Sample 1/20
Fra:1 Mem:94.01M (Peak 119.65M) | Time:00:11.54 | Mem:33.56M, Peak:33.56M | Scene, ViewLayer | Sample 20/20
Fra:1 Mem:94.01M (Peak 119.65M) | Time:00:11.54 | Mem:33.56M, Peak:33.56M | Scene, ViewLayer | Finished
Saved: 'ArtSource/EnemySilhouettes/Assemblies/Action-recovery-before.png'
Time: 00:11.64 (Saving: 00:00.09)

Fra:1 Mem:55.80M (Peak 55.80M) | Time:00:00.00 | Mem:0.00M, Peak:0.00M | Scene, ViewLayer | Synchronizing object | Plane
Fra:1 Mem:55.80M (Peak 55.80M) | Time:00:00.00 | Mem:0.00M, Peak:0.00M | Scene, ViewLayer | Synchronizing object | Text
Fra:1 Mem:55.84M (Peak 55.84M) | Time:00:00.00 | Mem:0.00M, Peak:0.00M | Scene, ViewLayer | Synchronizing object | Text.001
Fra:1 Mem:55.89M (Peak 55.89M) | Time:00:00.00 | Mem:0.00M, Peak:0.00M | Scene, ViewLayer | Synchronizing object | Text.002
Fra:1 Mem:55.92M (Peak 55.92M) | Time:00:00.00 | Mem:0.00M, Peak:0.00M | Scene, ViewLayer | Synchronizing object | Text.003
Fra:1 Mem:56.01M (Peak 56.01M) | Time:00:00.00 | Mem:0.00M, Peak:0.00M | Scene, ViewLayer | Synchronizing object | Text.004
Fra:1 Mem:56.15M (Peak 56.15M) | Time:00:00.00 | Mem:0.00M, Peak:0.00M | Scene, ViewLayer | Synchronizing object | Slime Body
Fra:1 Mem:56.19M (Peak 56.19M) | Time:00:00.00 | Mem:0.00M, Peak:0.00M | Scene, ViewLayer | Synchronizing object | Slime Crown
Fra:1 Mem:56.22M (Peak 56.22M) | Time:00:00.00 | Mem:0.00M, Peak:0.00M | Scene, ViewLayer | Synchronizing object | Eye White
Fra:1 Mem:56.26M (Peak 56.26M) | Time:00:00.00 | Mem:0.00M, Peak:0.00M | Scene, ViewLayer | Synchronizing object | Eye Pupil
Fra:1 Mem:56.30M (Peak 56.30M) | Time:00:00.00 | Mem:0.00M, Peak:0.00M | Scene, ViewLayer | Synchronizing object | Eye White.001
Fra:1 Mem:56.33M (Peak 56.33M) | Time:00:00.00 | Mem:0.00M, Peak:0.00M | Scene, ViewLayer | Synchronizing object | Eye Pupil.001
Fra:1 Mem:56.37M (Peak 56.37M) | Time:00:00.00 | Mem:0.00M, Peak:0.00M | Scene, ViewLayer | Synchronizing object | Smile
Fra:1 Mem:56.40M (Peak 56.40M) | Time:00:00.00 | Mem:0.00M, Peak:0.00M | Scene, ViewLayer | Synchronizing object | Slime soft highlight
Fra:1 Mem:56.44M (Peak 56.44M) | Time:00:00.01 | Mem:0.00M, Peak:0.00M | Scene, ViewLayer | Synchronizing object | Breastplate
Fra:1 Mem:56.47M (Peak 56.47M) | Time:00:00.01 | Mem:0.00M, Peak:0.00M | Scene, ViewLayer | Synchronizing object | Belt
Fra:1 Mem:56.50M (Peak 56.50M) | Time:00:00.01 | Mem:0.00M, Peak:0.00M | Scene, ViewLayer | Synchronizing object | Buckle
Fra:1 Mem:56.53M (Peak 56.53M) | Time:00:00.01 | Mem:0.00M, Peak:0.00M | Scene, ViewLayer | Synchronizing object | Pauldrons
Fra:1 Mem:56.56M (Peak 56.56M) | Time:00:00.01 | Mem:0.00M, Peak:0.00M | Scene, ViewLayer | Synchronizing object | Sleeve
Fra:1 Mem:56.60M (Peak 56.60M) | Time:00:00.01 | Mem:0.00M, Peak:0.00M | Scene, ViewLayer | Synchronizing object | Glove
Fra:1 Mem:56.63M (Peak 56.63M) | Time:00:00.01 | Mem:0.00M, Peak:0.00M | Scene, ViewLayer | Synchronizing object | Knee Guard.005
Fra:1 Mem:56.67M (Peak 56.67M) | Time:00:00.01 | Mem:0.00M, Peak:0.00M | Scene, ViewLayer | Synchronizing object | Forearm Bracer
Fra:1 Mem:56.71M (Peak 56.71M) | Time:00:00.01 | Mem:0.00M, Peak:0.00M | Scene, ViewLayer | Synchronizing object | Shin Guard.005
Fra:1 Mem:56.74M (Peak 56.74M) | Time:00:00.01 | Mem:0.00M, Peak:0.00M | Scene, ViewLayer | Synchronizing object | Cuff Trim
Fra:1 Mem:56.75M (Peak 56.75M) | Time:00:00.01 | Mem:0.00M, Peak:0.00M | Scene, ViewLayer | Synchronizing object | Pauldrons.001
Fra:1 Mem:56.78M (Peak 56.78M) | Time:00:00.01 | Mem:0.00M, Peak:0.00M | Scene, ViewLayer | Synchronizing object | Boot.005
Fra:1 Mem:56.80M (Peak 56.80M) | Time:00:00.01 | Mem:0.00M, Peak:0.00M | Scene, ViewLayer | Synchronizing object | Sleeve.001
Fra:1 Mem:56.82M (Peak 56.82M) | Time:00:00.01 | Mem:0.00M, Peak:0.00M | Scene, ViewLayer | Synchronizing object | Trouser.005
Fra:1 Mem:56.88M (Peak 56.88M) | Time:00:00.01 | Mem:0.00M, Peak:0.00M | Scene, ViewLayer | Synchronizing object | Glove.001
Fra:1 Mem:56.90M (Peak 56.90M) | Time:00:00.01 | Mem:0.00M, Peak:0.00M | Scene, ViewLayer | Synchronizing object | Knee Guard.004
Fra:1 Mem:56.94M (Peak 56.94M) | Time:00:00.01 | Mem:0.00M, Peak:0.00M | Scene, ViewLayer | Synchronizing object | Shin Guard.004
Fra:1 Mem:56.99M (Peak 56.99M) | Time:00:00.01 | Mem:0.00M, Peak:0.00M | Scene, ViewLayer | Synchronizing object | Boot.004
Fra:1 Mem:56.99M (Peak 56.99M) | Time:00:00.01 | Mem:0.00M, Peak:0.00M | Scene, ViewLayer | Synchronizing object | Goblin Knife
Fra:1 Mem:57.02M (Peak 57.02M) | Time:00:00.01 | Mem:0.00M, Peak:0.00M | Scene, ViewLayer | Synchronizing object | Trouser.004
Fra:1 Mem:57.03M (Peak 57.03M) | Time:00:00.01 | Mem:0.00M, Peak:0.00M | Scene, ViewLayer | Synchronizing object | Forearm Bracer.001
Fra:1 Mem:57.10M (Peak 57.10M) | Time:00:00.01 | Mem:0.00M, Peak:0.00M | Scene, ViewLayer | Synchronizing object | Guardian crown spike.001
Fra:1 Mem:57.10M (Peak 57.10M) | Time:00:00.01 | Mem:0.00M, Peak:0.00M | Scene, ViewLayer | Synchronizing object | Cuff Trim.001
Fra:1 Mem:57.11M (Peak 57.11M) | Time:00:00.01 | Mem:0.00M, Peak:0.00M | Scene, ViewLayer | Synchronizing object | Guardian crown spike
Fra:1 Mem:57.12M (Peak 57.12M) | Time:00:00.01 | Mem:0.00M, Peak:0.00M | Scene, ViewLayer | Synchronizing object | Crown Crystal.001
Fra:1 Mem:57.12M (Peak 57.12M) | Time:00:00.01 | Mem:0.00M, Peak:0.00M | Scene, ViewLayer | Synchronizing object | Head
Fra:1 Mem:57.18M (Peak 57.18M) | Time:00:00.01 | Mem:0.00M, Peak:0.00M | Scene, ViewLayer | Synchronizing object | Iron Crown.001
Fra:1 Mem:57.20M (Peak 57.20M) | Time:00:00.01 | Mem:0.00M, Peak:0.00M | Scene, ViewLayer | Synchronizing object | Eyes L
Fra:1 Mem:57.27M (Peak 57.27M) | Time:00:00.01 | Mem:0.00M, Peak:0.00M | Scene, ViewLayer | Synchronizing object | Eyes R
Fra:1 Mem:57.28M (Peak 57.28M) | Time:00:00.01 | Mem:0.00M, Peak:0.00M | Scene, ViewLayer | Synchronizing object | Stone Horn.003
Fra:1 Mem:57.34M (Peak 57.34M) | Time:00:00.01 | Mem:0.00M, Peak:0.00M | Scene, ViewLayer | Synchronizing object | Long Ear
Fra:1 Mem:57.35M (Peak 57.35M) | Time:00:00.01 | Mem:0.00M, Peak:0.00M | Scene, ViewLayer | Synchronizing object | Stone Horn.002
Fra:1 Mem:57.38M (Peak 57.38M) | Time:00:00.01 | Mem:0.00M, Peak:0.00M | Scene, ViewLayer | Synchronizing object | Long Ear.001
Fra:1 Mem:57.39M (Peak 57.39M) | Time:00:00.01 | Mem:0.00M, Peak:0.00M | Scene, ViewLayer | Synchronizing object | Leather Cap
Fra:1 Mem:57.43M (Peak 57.43M) | Time:00:00.01 | Mem:0.00M, Peak:0.00M | Scene, ViewLayer | Synchronizing object | Eyes R.002
Fra:1 Mem:57.45M (Peak 57.45M) | Time:00:00.01 | Mem:0.00M, Peak:0.00M | Scene, ViewLayer | Synchronizing object | Goblin brow left
Fra:1 Mem:57.50M (Peak 57.50M) | Time:00:00.01 | Mem:0.00M, Peak:0.00M | Scene, ViewLayer | Synchronizing object | Eyes L.002
Fra:1 Mem:57.53M (Peak 57.53M) | Time:00:00.01 | Mem:0.00M, Peak:0.00M | Scene, ViewLayer | Synchronizing object | Goblin brow right
Fra:1 Mem:57.57M (Peak 57.57M) | Time:00:00.01 | Mem:0.00M, Peak:0.00M | Scene, ViewLayer | Synchronizing object | Head.002
Fra:1 Mem:57.60M (Peak 57.60M) | Time:00:00.01 | Mem:0.00M, Peak:0.00M | Scene, ViewLayer | Synchronizing object | Goblin nose
Fra:1 Mem:57.63M (Peak 57.63M) | Time:00:00.01 | Mem:0.00M, Peak:0.00M | Scene, ViewLayer | Synchronizing object | Guardian ember crystal.001
Fra:1 Mem:57.67M (Peak 57.67M) | Time:00:00.01 | Mem:0.00M, Peak:0.00M | Scene, ViewLayer | Synchronizing object | Trouser
Fra:1 Mem:57.70M (Peak 57.70M) | Time:00:00.01 | Mem:0.00M, Peak:0.00M | Scene, ViewLayer | Synchronizing object | Guardian chest plate.001
Fra:1 Mem:57.72M (Peak 57.72M) | Time:00:00.01 | Mem:0.00M, Peak:0.00M | Scene, ViewLayer | Synchronizing object | Cuff Trim.005
Fra:1 Mem:57.74M (Peak 57.74M) | Time:00:00.01 | Mem:0.00M, Peak:0.00M | Scene, ViewLayer | Synchronizing object | Boot
Fra:1 Mem:57.75M (Peak 57.75M) | Time:00:00.01 | Mem:0.00M, Peak:0.00M | Scene, ViewLayer | Synchronizing object | Forearm Bracer.005
Fra:1 Mem:57.79M (Peak 57.79M) | Time:00:00.01 | Mem:0.00M, Peak:0.00M | Scene, ViewLayer | Synchronizing object | Shin Guard
Fra:1 Mem:57.83M (Peak 57.83M) | Time:00:00.01 | Mem:0.00M, Peak:0.00M | Scene, ViewLayer | Synchronizing object | Guardian layered pauldron.003
Fra:1 Mem:57.84M (Peak 57.84M) | Time:00:00.01 | Mem:0.00M, Peak:0.00M | Scene, ViewLayer | Synchronizing object | Great Hammer.001
Fra:1 Mem:57.86M (Peak 57.86M) | Time:00:00.01 | Mem:0.00M, Peak:0.00M | Scene, ViewLayer | Synchronizing object | Knee Guard
Fra:1 Mem:57.90M (Peak 57.90M) | Time:00:00.01 | Mem:0.00M, Peak:0.00M | Scene, ViewLayer | Synchronizing object | Hammer Grip.001
Fra:1 Mem:57.92M (Peak 57.92M) | Time:00:00.01 | Mem:0.00M, Peak:0.00M | Scene, ViewLayer | Synchronizing object | Glove.005
Fra:1 Mem:57.95M (Peak 57.95M) | Time:00:00.01 | Mem:0.00M, Peak:0.00M | Scene, ViewLayer | Synchronizing object | Trouser.001
Fra:1 Mem:57.99M (Peak 57.99M) | Time:00:00.01 | Mem:0.00M, Peak:0.00M | Scene, ViewLayer | Synchronizing object | Sleeve.005
Fra:1 Mem:58.02M (Peak 58.02M) | Time:00:00.01 | Mem:0.00M, Peak:0.00M | Scene, ViewLayer | Synchronizing object | Boot.001
Fra:1 Mem:58.04M (Peak 58.04M) | Time:00:00.01 | Mem:0.00M, Peak:0.00M | Scene, ViewLayer | Synchronizing object | Shin Guard.001
Fra:1 Mem:58.08M (Peak 58.08M) | Time:00:00.01 | Mem:0.00M, Peak:0.00M | Scene, ViewLayer | Synchronizing object | Knee Guard.001
Fra:1 Mem:58.11M (Peak 58.11M) | Time:00:00.01 | Mem:0.00M, Peak:0.00M | Scene, ViewLayer | Synchronizing object | Spirit Core
Fra:1 Mem:58.13M (Peak 58.13M) | Time:00:00.01 | Mem:0.00M, Peak:0.00M | Scene, ViewLayer | Synchronizing object | Spirit Crown
Fra:1 Mem:58.16M (Peak 58.16M) | Time:00:00.01 | Mem:0.00M, Peak:0.00M | Scene, ViewLayer | Synchronizing object | Spirit Eyes
Fra:1 Mem:58.19M (Peak 58.19M) | Time:00:00.01 | Mem:0.00M, Peak:0.00M | Scene, ViewLayer | Synchronizing object | Spirit Eyes.001
Fra:1 Mem:58.23M (Peak 58.23M) | Time:00:00.01 | Mem:0.00M, Peak:0.00M | Scene, ViewLayer | Synchronizing object | Pauldrons.005
Fra:1 Mem:58.25M (Peak 58.25M) | Time:00:00.01 | Mem:0.00M, Peak:0.00M | Scene, ViewLayer | Synchronizing object | Spirit Tail
Fra:1 Mem:58.29M (Peak 58.29M) | Time:00:00.01 | Mem:0.00M, Peak:0.00M | Scene, ViewLayer | Synchronizing object | Cuff Trim.004
Fra:1 Mem:58.31M (Peak 58.31M) | Time:00:00.01 | Mem:0.00M, Peak:0.00M | Scene, ViewLayer | Synchronizing object | Forearm Bracer.004
Fra:1 Mem:58.37M (Peak 58.37M) | Time:00:00.01 | Mem:0.00M, Peak:0.00M | Scene, ViewLayer | Synchronizing object | Spirit Tail.002
Fra:1 Mem:58.41M (Peak 58.41M) | Time:00:00.01 | Mem:0.00M, Peak:0.00M | Scene, ViewLayer | Synchronizing object | Guardian layered pauldron.002
Fra:1 Mem:58.42M (Peak 58.42M) | Time:00:00.01 | Mem:0.00M, Peak:0.00M | Scene, ViewLayer | Synchronizing object | Glove.004
Fra:1 Mem:58.44M (Peak 58.44M) | Time:00:00.01 | Mem:0.00M, Peak:0.00M | Scene, ViewLayer | Synchronizing object | Spirit swept horn
Fra:1 Mem:58.46M (Peak 58.46M) | Time:00:00.01 | Mem:0.00M, Peak:0.00M | Scene, ViewLayer | Synchronizing object | Spirit swept horn.001
Fra:1 Mem:58.47M (Peak 58.47M) | Time:00:00.01 | Mem:0.00M, Peak:0.00M | Scene, ViewLayer | Synchronizing object | Breastplate.001
Fra:1 Mem:58.49M (Peak 58.49M) | Time:00:00.01 | Mem:0.00M, Peak:0.00M | Scene, ViewLayer | Synchronizing object | Sleeve.004
Fra:1 Mem:58.52M (Peak 58.52M) | Time:00:00.01 | Mem:0.00M, Peak:0.00M | Scene, ViewLayer | Synchronizing object | Belt.001
Fra:1 Mem:58.56M (Peak 58.56M) | Time:00:00.01 | Mem:0.00M, Peak:0.00M | Scene, ViewLayer | Synchronizing object | Pauldrons.004
Fra:1 Mem:58.57M (Peak 58.57M) | Time:00:00.01 | Mem:0.00M, Peak:0.00M | Scene, ViewLayer | Synchronizing object | Buckle.001
Fra:1 Mem:58.61M (Peak 58.61M) | Time:00:00.01 | Mem:0.00M, Peak:0.00M | Scene, ViewLayer | Synchronizing object | Buckle.002
Fra:1 Mem:58.64M (Peak 58.64M) | Time:00:00.01 | Mem:0.00M, Peak:0.00M | Scene, ViewLayer | Synchronizing object | Pauldrons.002
Fra:1 Mem:58.67M (Peak 58.67M) | Time:00:00.01 | Mem:0.00M, Peak:0.00M | Scene, ViewLayer | Synchronizing object | Belt.002
Fra:1 Mem:58.69M (Peak 58.69M) | Time:00:00.01 | Mem:0.00M, Peak:0.00M | Scene, ViewLayer | Synchronizing object | Sleeve.002
Fra:1 Mem:58.74M (Peak 58.74M) | Time:00:00.01 | Mem:0.00M, Peak:0.00M | Scene, ViewLayer | Synchronizing object | Breastplate.002
Fra:1 Mem:58.76M (Peak 58.76M) | Time:00:00.01 | Mem:0.00M, Peak:0.00M | Scene, ViewLayer | Synchronizing object | Glove.002
Fra:1 Mem:58.80M (Peak 58.80M) | Time:00:00.01 | Mem:0.00M, Peak:0.00M | Scene, ViewLayer | Synchronizing object | Knee Guard.003
Fra:1 Mem:58.83M (Peak 58.83M) | Time:00:00.01 | Mem:0.00M, Peak:0.00M | Scene, ViewLayer | Synchronizing object | Guardian layered pauldron
Fra:1 Mem:58.84M (Peak 58.84M) | Time:00:00.01 | Mem:0.00M, Peak:0.00M | Scene, ViewLayer | Synchronizing object | Forearm Bracer.002
Fra:1 Mem:58.88M (Peak 58.88M) | Time:00:00.01 | Mem:0.00M, Peak:0.00M | Scene, ViewLayer | Synchronizing object | Shin Guard.003
Fra:1 Mem:58.92M (Peak 58.92M) | Time:00:00.01 | Mem:0.00M, Peak:0.00M | Scene, ViewLayer | Synchronizing object | Cuff Trim.002
Fra:1 Mem:58.94M (Peak 58.94M) | Time:00:00.01 | Mem:0.00M, Peak:0.00M | Scene, ViewLayer | Synchronizing object | Pauldrons.003
Fra:1 Mem:58.93M (Peak 58.94M) | Time:00:00.01 | Mem:0.00M, Peak:0.00M | Scene, ViewLayer | Synchronizing object | Boot.003
Fra:1 Mem:58.98M (Peak 58.98M) | Time:00:00.01 | Mem:0.00M, Peak:0.00M | Scene, ViewLayer | Synchronizing object | Sleeve.003
Fra:1 Mem:58.99M (Peak 58.99M) | Time:00:00.01 | Mem:0.00M, Peak:0.00M | Scene, ViewLayer | Synchronizing object | Trouser.003
Fra:1 Mem:59.05M (Peak 59.05M) | Time:00:00.01 | Mem:0.00M, Peak:0.00M | Scene, ViewLayer | Synchronizing object | Glove.003
Fra:1 Mem:59.07M (Peak 59.07M) | Time:00:00.01 | Mem:0.00M, Peak:0.00M | Scene, ViewLayer | Synchronizing object | Knee Guard.002
Fra:1 Mem:59.12M (Peak 59.12M) | Time:00:00.01 | Mem:0.00M, Peak:0.00M | Scene, ViewLayer | Synchronizing object | Hammer Grip
Fra:1 Mem:59.13M (Peak 59.13M) | Time:00:00.01 | Mem:0.00M, Peak:0.00M | Scene, ViewLayer | Synchronizing object | Shin Guard.002
Fra:1 Mem:59.16M (Peak 59.16M) | Time:00:00.01 | Mem:0.00M, Peak:0.00M | Scene, ViewLayer | Synchronizing object | Great Hammer
Fra:1 Mem:59.20M (Peak 59.20M) | Time:00:00.01 | Mem:0.00M, Peak:0.00M | Scene, ViewLayer | Synchronizing object | Guardian layered pauldron.001
Fra:1 Mem:59.21M (Peak 59.21M) | Time:00:00.01 | Mem:0.00M, Peak:0.00M | Scene, ViewLayer | Synchronizing object | Boot.002
Fra:1 Mem:59.22M (Peak 59.22M) | Time:00:00.01 | Mem:0.00M, Peak:0.00M | Scene, ViewLayer | Synchronizing object | Forearm Bracer.003
Fra:1 Mem:59.25M (Peak 59.25M) | Time:00:00.01 | Mem:0.00M, Peak:0.00M | Scene, ViewLayer | Synchronizing object | Trouser.002
Fra:1 Mem:59.30M (Peak 59.30M) | Time:00:00.01 | Mem:0.00M, Peak:0.00M | Scene, ViewLayer | Synchronizing object | Cuff Trim.003
Fra:1 Mem:59.31M (Peak 59.31M) | Time:00:00.01 | Mem:0.00M, Peak:0.00M | Scene, ViewLayer | Synchronizing object | Crown Crystal
Fra:1 Mem:59.32M (Peak 59.32M) | Time:00:00.01 | Mem:0.00M, Peak:0.00M | Scene, ViewLayer | Synchronizing object | Guardian chest plate
Fra:1 Mem:59.36M (Peak 59.36M) | Time:00:00.01 | Mem:0.00M, Peak:0.00M | Scene, ViewLayer | Synchronizing object | Guardian ember crystal
Fra:1 Mem:59.39M (Peak 59.39M) | Time:00:00.01 | Mem:0.00M, Peak:0.00M | Scene, ViewLayer | Synchronizing object | Iron Crown
Fra:1 Mem:59.44M (Peak 59.44M) | Time:00:00.01 | Mem:0.00M, Peak:0.00M | Scene, ViewLayer | Synchronizing object | Head.001
Fra:1 Mem:59.48M (Peak 59.48M) | Time:00:00.01 | Mem:0.00M, Peak:0.00M | Scene, ViewLayer | Synchronizing object | Stone Horn.001
Fra:1 Mem:59.52M (Peak 59.52M) | Time:00:00.01 | Mem:0.00M, Peak:0.00M | Scene, ViewLayer | Synchronizing object | Eyes L.001
Fra:1 Mem:59.55M (Peak 59.55M) | Time:00:00.01 | Mem:0.00M, Peak:0.00M | Scene, ViewLayer | Synchronizing object | Stone Horn
Fra:1 Mem:59.59M (Peak 59.59M) | Time:00:00.01 | Mem:0.00M, Peak:0.00M | Scene, ViewLayer | Synchronizing object | Eyes R.001
Fra:1 Mem:59.63M (Peak 59.63M) | Time:00:00.01 | Mem:0.00M, Peak:0.00M | Scene, ViewLayer | Initializing
Fra:1 Mem:53.62M (Peak 59.63M) | Time:00:00.01 | Mem:0.00M, Peak:0.00M | Scene, ViewLayer | Waiting for render to start
Fra:1 Mem:53.62M (Peak 59.63M) | Time:00:00.01 | Mem:0.00M, Peak:0.00M | Scene, ViewLayer | Loading render kernels (may take a few minutes the first time)
Fra:1 Mem:53.62M (Peak 59.63M) | Time:00:00.01 | Mem:0.00M, Peak:0.00M | Scene, ViewLayer | Updating Scene
Fra:1 Mem:53.62M (Peak 59.63M) | Time:00:00.01 | Mem:0.00M, Peak:0.00M | Scene, ViewLayer | Updating Shaders
Fra:1 Mem:53.72M (Peak 59.63M) | Time:00:00.01 | Mem:0.02M, Peak:0.02M | Scene, ViewLayer | Updating Procedurals
Fra:1 Mem:53.72M (Peak 59.63M) | Time:00:00.01 | Mem:0.02M, Peak:0.02M | Scene, ViewLayer | Updating Background
Fra:1 Mem:53.72M (Peak 59.63M) | Time:00:00.01 | Mem:0.02M, Peak:0.02M | Scene, ViewLayer | Updating Camera
Fra:1 Mem:53.72M (Peak 59.63M) | Time:00:00.01 | Mem:0.02M, Peak:0.02M | Scene, ViewLayer | Updating Meshes Flags
Fra:1 Mem:53.72M (Peak 59.63M) | Time:00:00.01 | Mem:0.02M, Peak:0.02M | Scene, ViewLayer | Updating Objects
Fra:1 Mem:53.72M (Peak 59.63M) | Time:00:00.01 | Mem:0.02M, Peak:0.02M | Scene, ViewLayer | Updating Objects | Copying Transformations to device
Fra:1 Mem:53.75M (Peak 59.63M) | Time:00:00.01 | Mem:0.05M, Peak:0.05M | Scene, ViewLayer | Updating Objects | Applying Static Transformations
Fra:1 Mem:53.75M (Peak 59.63M) | Time:00:00.01 | Mem:0.05M, Peak:0.05M | Scene, ViewLayer | Updating Particle Systems
Fra:1 Mem:53.75M (Peak 59.63M) | Time:00:00.01 | Mem:0.05M, Peak:0.05M | Scene, ViewLayer | Updating Particle Systems | Copying Particles to device
Fra:1 Mem:53.75M (Peak 59.63M) | Time:00:00.01 | Mem:0.05M, Peak:0.05M | Scene, ViewLayer | Updating Meshes
Fra:1 Mem:54.30M (Peak 59.63M) | Time:00:00.01 | Mem:0.05M, Peak:0.05M | Scene, ViewLayer | Updating Mesh | Computing attributes
Fra:1 Mem:54.67M (Peak 59.63M) | Time:00:00.01 | Mem:0.06M, Peak:0.06M | Scene, ViewLayer | Updating Mesh | Copying Attributes to device
Fra:1 Mem:54.65M (Peak 59.63M) | Time:00:00.01 | Mem:0.40M, Peak:0.40M | Scene, ViewLayer | Updating Scene BVH | Building
Fra:1 Mem:54.66M (Peak 59.63M) | Time:00:00.01 | Mem:0.40M, Peak:0.40M | Scene, ViewLayer | Updating Scene BVH | Building BVH
Fra:1 Mem:54.66M (Peak 59.63M) | Time:00:00.01 | Mem:1.50M, Peak:1.50M | Scene, ViewLayer | Updating Scene BVH | Building BVH 0%
Fra:1 Mem:54.66M (Peak 59.63M) | Time:00:00.02 | Mem:2.82M, Peak:3.92M | Scene, ViewLayer | Updating Scene BVH | Copying BVH to device
Fra:1 Mem:54.66M (Peak 59.63M) | Time:00:00.02 | Mem:2.82M, Peak:3.92M | Scene, ViewLayer | Updating Mesh | Computing normals
Fra:1 Mem:56.26M (Peak 59.63M) | Time:00:00.02 | Mem:2.82M, Peak:3.92M | Scene, ViewLayer | Updating Mesh | Copying Mesh to device
Fra:1 Mem:56.26M (Peak 59.63M) | Time:00:00.02 | Mem:4.42M, Peak:4.42M | Scene, ViewLayer | Updating Objects Flags
Fra:1 Mem:56.26M (Peak 59.63M) | Time:00:00.02 | Mem:4.43M, Peak:4.43M | Scene, ViewLayer | Updating Primitive Offsets
Fra:1 Mem:56.26M (Peak 59.63M) | Time:00:00.02 | Mem:4.43M, Peak:4.43M | Scene, ViewLayer | Updating Images
Fra:1 Mem:56.26M (Peak 59.63M) | Time:00:00.02 | Mem:4.43M, Peak:4.43M | Scene, ViewLayer | Updating Camera Volume
Fra:1 Mem:56.26M (Peak 59.63M) | Time:00:00.02 | Mem:4.43M, Peak:4.43M | Scene, ViewLayer | Updating Lookup Tables
Fra:1 Mem:56.26M (Peak 59.63M) | Time:00:00.02 | Mem:4.51M, Peak:4.51M | Scene, ViewLayer | Updating Lights
Fra:1 Mem:56.26M (Peak 59.63M) | Time:00:00.02 | Mem:4.51M, Peak:4.51M | Scene, ViewLayer | Updating Lights | Computing tree
Fra:1 Mem:56.26M (Peak 59.63M) | Time:00:00.02 | Mem:4.51M, Peak:4.51M | Scene, ViewLayer | Updating Integrator
Fra:1 Mem:56.26M (Peak 59.63M) | Time:00:00.02 | Mem:4.51M, Peak:4.51M | Scene, ViewLayer | Updating Film
Fra:1 Mem:56.27M (Peak 59.63M) | Time:00:00.02 | Mem:4.43M, Peak:4.51M | Scene, ViewLayer | Updating Lookup Tables
Fra:1 Mem:56.27M (Peak 59.63M) | Time:00:00.02 | Mem:4.51M, Peak:4.51M | Scene, ViewLayer | Updating Baking
Fra:1 Mem:56.27M (Peak 59.63M) | Time:00:00.02 | Mem:4.51M, Peak:4.51M | Scene, ViewLayer | Updating Device | Writing constant memory
Fra:1 Mem:56.27M (Peak 59.63M) | Time:00:00.02 | Mem:4.51M, Peak:4.51M | Scene, ViewLayer | Sample 0/20
Fra:1 Mem:85.12M (Peak 85.12M) | Time:00:00.65 | Remaining:00:12.04 | Mem:33.35M, Peak:33.35M | Scene, ViewLayer | Sample 1/20
Fra:1 Mem:97.94M (Peak 123.57M) | Time:00:14.56 | Mem:33.35M, Peak:33.35M | Scene, ViewLayer | Sample 20/20
Fra:1 Mem:97.94M (Peak 123.57M) | Time:00:14.56 | Mem:33.35M, Peak:33.35M | Scene, ViewLayer | Finished
Saved: 'ArtSource/EnemySilhouettes/Assemblies/Action-recovery-after.png'
Time: 00:14.72 (Saving: 00:00.15)


Blender quit
