Blender 4.3.2
Fra:1 Mem:127.32M (Peak 127.32M) | Time:00:00.13 | Mem:0.00M, Peak:0.00M | Scene, ViewLayer | Synchronizing object | Plane
Fra:1 Mem:127.33M (Peak 127.33M) | Time:00:00.13 | Mem:0.00M, Peak:0.00M | Scene, ViewLayer | Synchronizing object | Breastplate
Fra:1 Mem:127.36M (Peak 127.36M) | Time:00:00.13 | Mem:0.00M, Peak:0.00M | Scene, ViewLayer | Synchronizing object | Belt
Fra:1 Mem:127.39M (Peak 127.39M) | Time:00:00.13 | Mem:0.00M, Peak:0.00M | Scene, ViewLayer | Synchronizing object | Buckle
Fra:1 Mem:127.42M (Peak 127.42M) | Time:00:00.13 | Mem:0.00M, Peak:0.00M | Scene, ViewLayer | Synchronizing object | Sleeve
Fra:1 Mem:127.50M (Peak 127.50M) | Time:00:00.13 | Mem:0.00M, Peak:0.00M | Scene, ViewLayer | Synchronizing object | Glove
Fra:1 Mem:127.54M (Peak 127.54M) | Time:00:00.13 | Mem:0.00M, Peak:0.00M | Scene, ViewLayer | Synchronizing object | Round Shield
Fra:1 Mem:127.55M (Peak 127.55M) | Time:00:00.13 | Mem:0.00M, Peak:0.00M | Scene, ViewLayer | Synchronizing object | Shield Boss
Fra:1 Mem:127.58M (Peak 127.58M) | Time:00:00.13 | Mem:0.00M, Peak:0.00M | Scene, ViewLayer | Synchronizing object | Forearm Bracer
Fra:1 Mem:127.62M (Peak 127.62M) | Time:00:00.13 | Mem:0.00M, Peak:0.00M | Scene, ViewLayer | Synchronizing object | Cuff Trim
Fra:1 Mem:127.64M (Peak 127.64M) | Time:00:00.13 | Mem:0.00M, Peak:0.00M | Scene, ViewLayer | Synchronizing object | Shield Inlay
Fra:1 Mem:127.67M (Peak 127.67M) | Time:00:00.13 | Mem:0.00M, Peak:0.00M | Scene, ViewLayer | Synchronizing object | Shield Inlay.001
Fra:1 Mem:127.70M (Peak 127.70M) | Time:00:00.13 | Mem:0.00M, Peak:0.00M | Scene, ViewLayer | Synchronizing object | Shoulder shell
Fra:1 Mem:127.73M (Peak 127.73M) | Time:00:00.13 | Mem:0.00M, Peak:0.00M | Scene, ViewLayer | Synchronizing object | Sleeve.001
Fra:1 Mem:127.77M (Peak 127.77M) | Time:00:00.13 | Mem:0.00M, Peak:0.00M | Scene, ViewLayer | Synchronizing object | Glove.001
Fra:1 Mem:127.80M (Peak 127.80M) | Time:00:00.13 | Mem:0.00M, Peak:0.00M | Scene, ViewLayer | Synchronizing object | Forearm Bracer.001
Fra:1 Mem:127.84M (Peak 127.84M) | Time:00:00.13 | Mem:0.00M, Peak:0.00M | Scene, ViewLayer | Synchronizing object | Cuff Trim.001
Fra:1 Mem:127.86M (Peak 127.86M) | Time:00:00.13 | Mem:0.00M, Peak:0.00M | Scene, ViewLayer | Synchronizing object | Text.001
Fra:1 Mem:127.86M (Peak 127.86M) | Time:00:00.13 | Mem:0.00M, Peak:0.00M | Scene, ViewLayer | Synchronizing object | Wrapped grip
Fra:1 Mem:127.94M (Peak 127.94M) | Time:00:00.13 | Mem:0.00M, Peak:0.00M | Scene, ViewLayer | Synchronizing object | Faceted pommel
Fra:1 Mem:128.00M (Peak 128.00M) | Time:00:00.13 | Mem:0.00M, Peak:0.00M | Scene, ViewLayer | Synchronizing object | Swept guard
Fra:1 Mem:128.02M (Peak 128.02M) | Time:00:00.13 | Mem:0.00M, Peak:0.00M | Scene, ViewLayer | Synchronizing object | Tiered blade
Fra:1 Mem:128.05M (Peak 128.05M) | Time:00:00.13 | Mem:0.00M, Peak:0.00M | Scene, ViewLayer | Synchronizing object | Blade spine
Fra:1 Mem:128.07M (Peak 128.07M) | Time:00:00.13 | Mem:0.00M, Peak:0.00M | Scene, ViewLayer | Synchronizing object | Shoulder shell.001
Fra:1 Mem:128.10M (Peak 128.10M) | Time:00:00.13 | Mem:0.00M, Peak:0.00M | Scene, ViewLayer | Synchronizing object | Tailored Cloak
Fra:1 Mem:128.11M (Peak 128.11M) | Time:00:00.13 | Mem:0.00M, Peak:0.00M | Scene, ViewLayer | Synchronizing object | Collar
Fra:1 Mem:128.13M (Peak 128.13M) | Time:00:00.13 | Mem:0.00M, Peak:0.00M | Scene, ViewLayer | Synchronizing object | Head
Fra:1 Mem:128.16M (Peak 128.16M) | Time:00:00.13 | Mem:0.00M, Peak:0.00M | Scene, ViewLayer | Synchronizing object | Eyes L
Fra:1 Mem:128.20M (Peak 128.20M) | Time:00:00.13 | Mem:0.00M, Peak:0.00M | Scene, ViewLayer | Synchronizing object | Eyes R
Fra:1 Mem:128.24M (Peak 128.24M) | Time:00:00.13 | Mem:0.00M, Peak:0.00M | Scene, ViewLayer | Synchronizing object | Helmet
Fra:1 Mem:128.27M (Peak 128.27M) | Time:00:00.13 | Mem:0.00M, Peak:0.00M | Scene, ViewLayer | Synchronizing object | Helmet Crest
Fra:1 Mem:128.30M (Peak 128.30M) | Time:00:00.13 | Mem:0.00M, Peak:0.00M | Scene, ViewLayer | Synchronizing object | Nose Guard
Fra:1 Mem:128.33M (Peak 128.33M) | Time:00:00.13 | Mem:0.00M, Peak:0.00M | Scene, ViewLayer | Synchronizing object | Hair Side Lock
Fra:1 Mem:128.37M (Peak 128.37M) | Time:00:00.13 | Mem:0.00M, Peak:0.00M | Scene, ViewLayer | Synchronizing object | Ear
Fra:1 Mem:128.40M (Peak 128.40M) | Time:00:00.13 | Mem:0.00M, Peak:0.00M | Scene, ViewLayer | Synchronizing object | Hair Side Lock.001
Fra:1 Mem:128.44M (Peak 128.44M) | Time:00:00.13 | Mem:0.00M, Peak:0.00M | Scene, ViewLayer | Synchronizing object | Ear.001
Fra:1 Mem:128.47M (Peak 128.47M) | Time:00:00.13 | Mem:0.00M, Peak:0.00M | Scene, ViewLayer | Synchronizing object | Nose
Fra:1 Mem:128.51M (Peak 128.51M) | Time:00:00.13 | Mem:0.00M, Peak:0.00M | Scene, ViewLayer | Synchronizing object | Helmet Cheek Guard
Fra:1 Mem:128.54M (Peak 128.54M) | Time:00:00.13 | Mem:0.00M, Peak:0.00M | Scene, ViewLayer | Synchronizing object | Helmet Cheek Guard.001
Fra:1 Mem:128.56M (Peak 128.56M) | Time:00:00.13 | Mem:0.00M, Peak:0.00M | Scene, ViewLayer | Synchronizing object | Raised breastplate
Fra:1 Mem:128.59M (Peak 128.59M) | Time:00:00.13 | Mem:0.00M, Peak:0.00M | Scene, ViewLayer | Synchronizing object | Central crest
Fra:1 Mem:128.62M (Peak 128.62M) | Time:00:00.13 | Mem:0.00M, Peak:0.00M | Scene, ViewLayer | Synchronizing object | Waist plate
Fra:1 Mem:128.65M (Peak 128.65M) | Time:00:00.13 | Mem:0.00M, Peak:0.00M | Scene, ViewLayer | Synchronizing object | Trouser
Fra:1 Mem:128.68M (Peak 128.68M) | Time:00:00.13 | Mem:0.00M, Peak:0.00M | Scene, ViewLayer | Synchronizing object | Boot
Fra:1 Mem:128.70M (Peak 128.70M) | Time:00:00.13 | Mem:0.00M, Peak:0.00M | Scene, ViewLayer | Synchronizing object | Shin Guard
Fra:1 Mem:128.74M (Peak 128.74M) | Time:00:00.13 | Mem:0.00M, Peak:0.00M | Scene, ViewLayer | Synchronizing object | Knee Guard
Fra:1 Mem:128.77M (Peak 128.77M) | Time:00:00.13 | Mem:0.00M, Peak:0.00M | Scene, ViewLayer | Synchronizing object | Trouser.001
Fra:1 Mem:128.81M (Peak 128.81M) | Time:00:00.13 | Mem:0.00M, Peak:0.00M | Scene, ViewLayer | Synchronizing object | Boot.001
Fra:1 Mem:128.83M (Peak 128.83M) | Time:00:00.13 | Mem:0.00M, Peak:0.00M | Scene, ViewLayer | Synchronizing object | Shin Guard.001
Fra:1 Mem:128.87M (Peak 128.87M) | Time:00:00.13 | Mem:0.00M, Peak:0.00M | Scene, ViewLayer | Synchronizing object | Knee Guard.001
Fra:1 Mem:128.90M (Peak 128.90M) | Time:00:00.13 | Mem:0.00M, Peak:0.00M | Scene, ViewLayer | Synchronizing object | Breastplate.001
Fra:1 Mem:128.93M (Peak 128.93M) | Time:00:00.13 | Mem:0.00M, Peak:0.00M | Scene, ViewLayer | Synchronizing object | Belt.001
Fra:1 Mem:128.96M (Peak 128.96M) | Time:00:00.13 | Mem:0.00M, Peak:0.00M | Scene, ViewLayer | Synchronizing object | Buckle.001
Fra:1 Mem:128.99M (Peak 128.99M) | Time:00:00.13 | Mem:0.00M, Peak:0.00M | Scene, ViewLayer | Synchronizing object | Sleeve.002
Fra:1 Mem:129.02M (Peak 129.02M) | Time:00:00.13 | Mem:0.00M, Peak:0.00M | Scene, ViewLayer | Synchronizing object | Glove.002
Fra:1 Mem:129.06M (Peak 129.06M) | Time:00:00.13 | Mem:0.00M, Peak:0.00M | Scene, ViewLayer | Synchronizing object | Round Shield.001
Fra:1 Mem:129.07M (Peak 129.07M) | Time:00:00.13 | Mem:0.00M, Peak:0.00M | Scene, ViewLayer | Synchronizing object | Shield Boss.001
Fra:1 Mem:129.10M (Peak 129.10M) | Time:00:00.13 | Mem:0.00M, Peak:0.00M | Scene, ViewLayer | Synchronizing object | Forearm Bracer.002
Fra:1 Mem:129.14M (Peak 129.14M) | Time:00:00.13 | Mem:0.00M, Peak:0.00M | Scene, ViewLayer | Synchronizing object | Cuff Trim.002
Fra:1 Mem:129.15M (Peak 129.15M) | Time:00:00.13 | Mem:0.00M, Peak:0.00M | Scene, ViewLayer | Synchronizing object | Shield Inlay.002
Fra:1 Mem:129.18M (Peak 129.18M) | Time:00:00.13 | Mem:0.00M, Peak:0.00M | Scene, ViewLayer | Synchronizing object | Shield Inlay.003
Fra:1 Mem:129.21M (Peak 129.21M) | Time:00:00.13 | Mem:0.00M, Peak:0.00M | Scene, ViewLayer | Synchronizing object | Shoulder shell.002
Fra:1 Mem:129.24M (Peak 129.24M) | Time:00:00.13 | Mem:0.00M, Peak:0.00M | Scene, ViewLayer | Synchronizing object | Sleeve.003
Fra:1 Mem:129.28M (Peak 129.28M) | Time:00:00.13 | Mem:0.00M, Peak:0.00M | Scene, ViewLayer | Synchronizing object | Glove.003
Fra:1 Mem:129.31M (Peak 129.31M) | Time:00:00.13 | Mem:0.00M, Peak:0.00M | Scene, ViewLayer | Synchronizing object | Forearm Bracer.003
Fra:1 Mem:129.35M (Peak 129.35M) | Time:00:00.13 | Mem:0.00M, Peak:0.00M | Scene, ViewLayer | Synchronizing object | Cuff Trim.003
Fra:1 Mem:129.36M (Peak 129.36M) | Time:00:00.13 | Mem:0.00M, Peak:0.00M | Scene, ViewLayer | Synchronizing object | Wrapped grip.001
Fra:1 Mem:129.37M (Peak 129.37M) | Time:00:00.13 | Mem:0.00M, Peak:0.00M | Scene, ViewLayer | Synchronizing object | Faceted pommel.001
Fra:1 Mem:129.40M (Peak 129.40M) | Time:00:00.13 | Mem:0.00M, Peak:0.00M | Scene, ViewLayer | Synchronizing object | Swept guard.001
Fra:1 Mem:129.42M (Peak 129.42M) | Time:00:00.13 | Mem:0.00M, Peak:0.00M | Scene, ViewLayer | Synchronizing object | Tiered blade.001
Fra:1 Mem:129.42M (Peak 129.42M) | Time:00:00.13 | Mem:0.00M, Peak:0.00M | Scene, ViewLayer | Synchronizing object | Blade spine.001
Fra:1 Mem:129.45M (Peak 129.45M) | Time:00:00.13 | Mem:0.00M, Peak:0.00M | Scene, ViewLayer | Synchronizing object | Fashion sword guard
Fra:1 Mem:129.50M (Peak 129.50M) | Time:00:00.13 | Mem:0.00M, Peak:0.00M | Scene, ViewLayer | Synchronizing object | Fashion sword guard.001
Fra:1 Mem:129.55M (Peak 129.55M) | Time:00:00.14 | Mem:0.00M, Peak:0.00M | Scene, ViewLayer | Synchronizing object | Shoulder shell.003
Fra:1 Mem:129.58M (Peak 129.58M) | Time:00:00.14 | Mem:0.00M, Peak:0.00M | Scene, ViewLayer | Synchronizing object | Tailored Cloak.001
Fra:1 Mem:129.60M (Peak 129.60M) | Time:00:00.14 | Mem:0.00M, Peak:0.00M | Scene, ViewLayer | Synchronizing object | Collar.001
Fra:1 Mem:129.61M (Peak 129.61M) | Time:00:00.14 | Mem:0.00M, Peak:0.00M | Scene, ViewLayer | Synchronizing object | Head.001
Fra:1 Mem:129.64M (Peak 129.64M) | Time:00:00.14 | Mem:0.00M, Peak:0.00M | Scene, ViewLayer | Synchronizing object | Eyes L.001
Fra:1 Mem:129.68M (Peak 129.68M) | Time:00:00.14 | Mem:0.00M, Peak:0.00M | Scene, ViewLayer | Synchronizing object | Eyes R.001
Fra:1 Mem:129.71M (Peak 129.71M) | Time:00:00.14 | Mem:0.00M, Peak:0.00M | Scene, ViewLayer | Synchronizing object | Helmet.001
Fra:1 Mem:129.74M (Peak 129.74M) | Time:00:00.14 | Mem:0.00M, Peak:0.00M | Scene, ViewLayer | Synchronizing object | Helmet Crest.001
Fra:1 Mem:129.77M (Peak 129.77M) | Time:00:00.14 | Mem:0.00M, Peak:0.00M | Scene, ViewLayer | Synchronizing object | Nose Guard.001
Fra:1 Mem:129.80M (Peak 129.80M) | Time:00:00.14 | Mem:0.00M, Peak:0.00M | Scene, ViewLayer | Synchronizing object | Hair Side Lock.002
Fra:1 Mem:129.83M (Peak 129.83M) | Time:00:00.14 | Mem:0.00M, Peak:0.00M | Scene, ViewLayer | Synchronizing object | Ear.002
Fra:1 Mem:129.87M (Peak 129.87M) | Time:00:00.14 | Mem:0.00M, Peak:0.00M | Scene, ViewLayer | Synchronizing object | Hair Side Lock.003
Fra:1 Mem:129.91M (Peak 129.91M) | Time:00:00.14 | Mem:0.00M, Peak:0.00M | Scene, ViewLayer | Synchronizing object | Ear.003
Fra:1 Mem:129.94M (Peak 129.94M) | Time:00:00.14 | Mem:0.00M, Peak:0.00M | Scene, ViewLayer | Synchronizing object | Nose.001
Fra:1 Mem:129.98M (Peak 129.98M) | Time:00:00.14 | Mem:0.00M, Peak:0.00M | Scene, ViewLayer | Synchronizing object | Helmet Cheek Guard.002
Fra:1 Mem:129.98M (Peak 129.98M) | Time:00:00.14 | Mem:0.00M, Peak:0.00M | Scene, ViewLayer | Synchronizing object | Text.002
Fra:1 Mem:130.04M (Peak 130.04M) | Time:00:00.14 | Mem:0.00M, Peak:0.00M | Scene, ViewLayer | Synchronizing object | Helmet Cheek Guard.003
Fra:1 Mem:130.08M (Peak 130.08M) | Time:00:00.14 | Mem:0.00M, Peak:0.00M | Scene, ViewLayer | Synchronizing object | Raised breastplate.001
Fra:1 Mem:130.11M (Peak 130.11M) | Time:00:00.14 | Mem:0.00M, Peak:0.00M | Scene, ViewLayer | Synchronizing object | Central crest.001
Fra:1 Mem:130.14M (Peak 130.14M) | Time:00:00.14 | Mem:0.00M, Peak:0.00M | Scene, ViewLayer | Synchronizing object | Waist plate.001
Fra:1 Mem:130.17M (Peak 130.17M) | Time:00:00.14 | Mem:0.00M, Peak:0.00M | Scene, ViewLayer | Synchronizing object | Bronze outer astrolabe
Fra:1 Mem:130.22M (Peak 130.22M) | Time:00:00.14 | Mem:0.00M, Peak:0.00M | Scene, ViewLayer | Synchronizing object | Inclined inner astrolabe
Fra:1 Mem:130.27M (Peak 130.27M) | Time:00:00.14 | Mem:0.00M, Peak:0.00M | Scene, ViewLayer | Synchronizing object | Star-ring radial vane
Fra:1 Mem:130.30M (Peak 130.30M) | Time:00:00.14 | Mem:0.00M, Peak:0.00M | Scene, ViewLayer | Synchronizing object | Star-ring focus crystal
Fra:1 Mem:130.34M (Peak 130.34M) | Time:00:00.14 | Mem:0.00M, Peak:0.00M | Scene, ViewLayer | Synchronizing object | Star-ring radial vane.001
Fra:1 Mem:130.37M (Peak 130.37M) | Time:00:00.14 | Mem:0.00M, Peak:0.00M | Scene, ViewLayer | Synchronizing object | Star-ring focus crystal.001
Fra:1 Mem:130.41M (Peak 130.41M) | Time:00:00.14 | Mem:0.00M, Peak:0.00M | Scene, ViewLayer | Synchronizing object | Star-ring radial vane.002
Fra:1 Mem:130.44M (Peak 130.44M) | Time:00:00.14 | Mem:0.00M, Peak:0.00M | Scene, ViewLayer | Synchronizing object | Star-ring focus crystal.002
Fra:1 Mem:130.48M (Peak 130.48M) | Time:00:00.14 | Mem:0.00M, Peak:0.00M | Scene, ViewLayer | Synchronizing object | Star-ring radial vane.003
Fra:1 Mem:130.51M (Peak 130.51M) | Time:00:00.14 | Mem:0.00M, Peak:0.00M | Scene, ViewLayer | Synchronizing object | Star-ring focus crystal.003
Fra:1 Mem:130.55M (Peak 130.55M) | Time:00:00.14 | Mem:0.00M, Peak:0.00M | Scene, ViewLayer | Synchronizing object | Star-ring radial vane.004
Fra:1 Mem:130.58M (Peak 130.58M) | Time:00:00.14 | Mem:0.00M, Peak:0.00M | Scene, ViewLayer | Synchronizing object | Star-ring focus crystal.004
Fra:1 Mem:130.61M (Peak 130.61M) | Time:00:00.14 | Mem:0.00M, Peak:0.00M | Scene, ViewLayer | Synchronizing object | Star-ring radial vane.005
Fra:1 Mem:130.64M (Peak 130.64M) | Time:00:00.14 | Mem:0.00M, Peak:0.00M | Scene, ViewLayer | Synchronizing object | Star-ring focus crystal.005
Fra:1 Mem:130.65M (Peak 130.65M) | Time:00:00.14 | Mem:0.00M, Peak:0.00M | Scene, ViewLayer | Synchronizing object | Text.003
Fra:1 Mem:130.75M (Peak 130.75M) | Time:00:00.14 | Mem:0.00M, Peak:0.00M | Scene, ViewLayer | Synchronizing object | Star-ring radial vane.006
Fra:1 Mem:130.80M (Peak 130.80M) | Time:00:00.14 | Mem:0.00M, Peak:0.00M | Scene, ViewLayer | Synchronizing object | Star-ring focus crystal.006
Fra:1 Mem:130.85M (Peak 130.85M) | Time:00:00.14 | Mem:0.00M, Peak:0.00M | Scene, ViewLayer | Synchronizing object | Star-ring radial vane.007
Fra:1 Mem:130.89M (Peak 130.89M) | Time:00:00.14 | Mem:0.00M, Peak:0.00M | Scene, ViewLayer | Synchronizing object | Star-ring focus crystal.007
Fra:1 Mem:130.92M (Peak 130.92M) | Time:00:00.14 | Mem:0.00M, Peak:0.00M | Scene, ViewLayer | Synchronizing object | Wing clasp
Fra:1 Mem:130.96M (Peak 130.96M) | Time:00:00.14 | Mem:0.00M, Peak:0.00M | Scene, ViewLayer | Synchronizing object | Trouser.002
Fra:1 Mem:131.00M (Peak 131.00M) | Time:00:00.14 | Mem:0.00M, Peak:0.00M | Scene, ViewLayer | Synchronizing object | Boot.002
Fra:1 Mem:131.02M (Peak 131.02M) | Time:00:00.14 | Mem:0.00M, Peak:0.00M | Scene, ViewLayer | Synchronizing object | Shin Guard.002
Fra:1 Mem:131.06M (Peak 131.06M) | Time:00:00.14 | Mem:0.00M, Peak:0.00M | Scene, ViewLayer | Synchronizing object | Knee Guard.002
Fra:1 Mem:131.09M (Peak 131.09M) | Time:00:00.14 | Mem:0.00M, Peak:0.00M | Scene, ViewLayer | Synchronizing object | Text.004
Fra:1 Mem:131.10M (Peak 131.10M) | Time:00:00.14 | Mem:0.00M, Peak:0.00M | Scene, ViewLayer | Synchronizing object | Trouser.003
Fra:1 Mem:131.18M (Peak 131.18M) | Time:00:00.14 | Mem:0.00M, Peak:0.00M | Scene, ViewLayer | Synchronizing object | Boot.003
Fra:1 Mem:131.22M (Peak 131.22M) | Time:00:00.14 | Mem:0.00M, Peak:0.00M | Scene, ViewLayer | Synchronizing object | Shin Guard.003
Fra:1 Mem:131.25M (Peak 131.25M) | Time:00:00.14 | Mem:0.00M, Peak:0.00M | Scene, ViewLayer | Synchronizing object | Knee Guard.003
Fra:1 Mem:131.28M (Peak 131.28M) | Time:00:00.14 | Mem:0.00M, Peak:0.00M | Scene, ViewLayer | Synchronizing object | Breastplate.002
Fra:1 Mem:131.31M (Peak 131.31M) | Time:00:00.14 | Mem:0.00M, Peak:0.00M | Scene, ViewLayer | Synchronizing object | Belt.002
Fra:1 Mem:131.34M (Peak 131.34M) | Time:00:00.14 | Mem:0.00M, Peak:0.00M | Scene, ViewLayer | Synchronizing object | Buckle.002
Fra:1 Mem:131.38M (Peak 131.38M) | Time:00:00.14 | Mem:0.00M, Peak:0.00M | Scene, ViewLayer | Synchronizing object | Sleeve.004
Fra:1 Mem:131.42M (Peak 131.42M) | Time:00:00.14 | Mem:0.00M, Peak:0.00M | Scene, ViewLayer | Synchronizing object | Glove.004
Fra:1 Mem:131.45M (Peak 131.45M) | Time:00:00.14 | Mem:0.00M, Peak:0.00M | Scene, ViewLayer | Synchronizing object | Round Shield.002
Fra:1 Mem:131.46M (Peak 131.46M) | Time:00:00.14 | Mem:0.00M, Peak:0.00M | Scene, ViewLayer | Synchronizing object | Shield Boss.002
Fra:1 Mem:131.50M (Peak 131.50M) | Time:00:00.14 | Mem:0.00M, Peak:0.00M | Scene, ViewLayer | Synchronizing object | Forearm Bracer.004
Fra:1 Mem:131.50M (Peak 131.50M) | Time:00:00.14 | Mem:0.00M, Peak:0.00M | Scene, ViewLayer | Synchronizing object | Text.005
Fra:1 Mem:131.67M (Peak 131.67M) | Time:00:00.14 | Mem:0.00M, Peak:0.00M | Scene, ViewLayer | Synchronizing object | Cuff Trim.004
Fra:1 Mem:131.69M (Peak 131.69M) | Time:00:00.14 | Mem:0.00M, Peak:0.00M | Scene, ViewLayer | Synchronizing object | Shield Inlay.004
Fra:1 Mem:131.72M (Peak 131.72M) | Time:00:00.14 | Mem:0.00M, Peak:0.00M | Scene, ViewLayer | Synchronizing object | Shield Inlay.005
Fra:1 Mem:131.75M (Peak 131.75M) | Time:00:00.14 | Mem:0.00M, Peak:0.00M | Scene, ViewLayer | Synchronizing object | Shoulder shell.004
Fra:1 Mem:131.78M (Peak 131.78M) | Time:00:00.14 | Mem:0.00M, Peak:0.00M | Scene, ViewLayer | Synchronizing object | Layered pauldron
Fra:1 Mem:131.81M (Peak 131.81M) | Time:00:00.14 | Mem:0.00M, Peak:0.00M | Scene, ViewLayer | Synchronizing object | Armor horn
Fra:1 Mem:131.85M (Peak 131.85M) | Time:00:00.14 | Mem:0.00M, Peak:0.00M | Scene, ViewLayer | Synchronizing object | Sleeve.005
Fra:1 Mem:131.90M (Peak 131.90M) | Time:00:00.14 | Mem:0.00M, Peak:0.00M | Scene, ViewLayer | Synchronizing object | Glove.005
Fra:1 Mem:131.90M (Peak 131.90M) | Time:00:00.14 | Mem:0.00M, Peak:0.00M | Scene, ViewLayer | Synchronizing object | Text.006
Fra:1 Mem:131.98M (Peak 131.98M) | Time:00:00.14 | Mem:0.00M, Peak:0.00M | Scene, ViewLayer | Synchronizing object | Forearm Bracer.005
Fra:1 Mem:132.03M (Peak 132.03M) | Time:00:00.14 | Mem:0.00M, Peak:0.00M | Scene, ViewLayer | Synchronizing object | Cuff Trim.005
Fra:1 Mem:132.04M (Peak 132.04M) | Time:00:00.14 | Mem:0.00M, Peak:0.00M | Scene, ViewLayer | Synchronizing object | Wrapped grip.002
Fra:1 Mem:132.05M (Peak 132.05M) | Time:00:00.14 | Mem:0.00M, Peak:0.00M | Scene, ViewLayer | Synchronizing object | Faceted pommel.002
Fra:1 Mem:132.09M (Peak 132.09M) | Time:00:00.14 | Mem:0.00M, Peak:0.00M | Scene, ViewLayer | Synchronizing object | Swept guard.002
Fra:1 Mem:132.11M (Peak 132.11M) | Time:00:00.14 | Mem:0.00M, Peak:0.00M | Scene, ViewLayer | Synchronizing object | Tiered blade.002
Fra:1 Mem:132.11M (Peak 132.11M) | Time:00:00.14 | Mem:0.00M, Peak:0.00M | Scene, ViewLayer | Synchronizing object | Blade spine.002
Fra:1 Mem:132.14M (Peak 132.14M) | Time:00:00.14 | Mem:0.00M, Peak:0.00M | Scene, ViewLayer | Synchronizing object | Guard wing
Fra:1 Mem:132.18M (Peak 132.18M) | Time:00:00.14 | Mem:0.00M, Peak:0.00M | Scene, ViewLayer | Synchronizing object | Blade fang
Fra:1 Mem:132.21M (Peak 132.21M) | Time:00:00.14 | Mem:0.00M, Peak:0.00M | Scene, ViewLayer | Synchronizing object | Guard wing.001
Fra:1 Mem:132.24M (Peak 132.24M) | Time:00:00.14 | Mem:0.00M, Peak:0.00M | Scene, ViewLayer | Synchronizing object | Blade fang.001
Fra:1 Mem:132.27M (Peak 132.27M) | Time:00:00.14 | Mem:0.00M, Peak:0.00M | Scene, ViewLayer | Synchronizing object | Blade rune
Fra:1 Mem:132.31M (Peak 132.31M) | Time:00:00.14 | Mem:0.00M, Peak:0.00M | Scene, ViewLayer | Synchronizing object | Blade rune.001
Fra:1 Mem:132.34M (Peak 132.34M) | Time:00:00.14 | Mem:0.00M, Peak:0.00M | Scene, ViewLayer | Synchronizing object | Blade rune.002
Fra:1 Mem:132.38M (Peak 132.38M) | Time:00:00.14 | Mem:0.00M, Peak:0.00M | Scene, ViewLayer | Synchronizing object | Forging mark
Fra:1 Mem:132.42M (Peak 132.42M) | Time:00:00.14 | Mem:0.00M, Peak:0.00M | Scene, ViewLayer | Synchronizing object | Forging mark.001
Fra:1 Mem:132.45M (Peak 132.45M) | Time:00:00.14 | Mem:0.00M, Peak:0.00M | Scene, ViewLayer | Synchronizing object | Forging mark.002
Fra:1 Mem:132.48M (Peak 132.48M) | Time:00:00.14 | Mem:0.00M, Peak:0.00M | Scene, ViewLayer | Synchronizing object | Text.007
Fra:1 Mem:132.57M (Peak 132.57M) | Time:00:00.14 | Mem:0.00M, Peak:0.00M | Scene, ViewLayer | Synchronizing object | Forging mark.003
Fra:1 Mem:132.63M (Peak 132.63M) | Time:00:00.14 | Mem:0.00M, Peak:0.00M | Scene, ViewLayer | Synchronizing object | Forging mark.004
Fra:1 Mem:132.66M (Peak 132.66M) | Time:00:00.14 | Mem:0.00M, Peak:0.00M | Scene, ViewLayer | Synchronizing object | Forging mark.005
Fra:1 Mem:132.72M (Peak 132.72M) | Time:00:00.14 | Mem:0.00M, Peak:0.00M | Scene, ViewLayer | Synchronizing object | Forging mark.006
Fra:1 Mem:132.76M (Peak 132.76M) | Time:00:00.14 | Mem:0.00M, Peak:0.00M | Scene, ViewLayer | Synchronizing object | Forging mark.007
Fra:1 Mem:132.79M (Peak 132.79M) | Time:00:00.14 | Mem:0.00M, Peak:0.00M | Scene, ViewLayer | Synchronizing object | Forging mark.008
Fra:1 Mem:132.83M (Peak 132.83M) | Time:00:00.14 | Mem:0.00M, Peak:0.00M | Scene, ViewLayer | Synchronizing object | Forging mark.009
Fra:1 Mem:132.87M (Peak 132.87M) | Time:00:00.14 | Mem:0.00M, Peak:0.00M | Scene, ViewLayer | Synchronizing object | Weapon aura shard
Fra:1 Mem:132.90M (Peak 132.90M) | Time:00:00.14 | Mem:0.00M, Peak:0.00M | Scene, ViewLayer | Synchronizing object | Weapon aura shard.001
Fra:1 Mem:132.94M (Peak 132.94M) | Time:00:00.14 | Mem:0.00M, Peak:0.00M | Scene, ViewLayer | Synchronizing object | Shoulder shell.005
Fra:1 Mem:132.97M (Peak 132.97M) | Time:00:00.14 | Mem:0.00M, Peak:0.00M | Scene, ViewLayer | Synchronizing object | Layered pauldron.001
Fra:1 Mem:133.00M (Peak 133.00M) | Time:00:00.14 | Mem:0.00M, Peak:0.00M | Scene, ViewLayer | Synchronizing object | Text.008
Fra:1 Mem:133.00M (Peak 133.00M) | Time:00:00.14 | Mem:0.00M, Peak:0.00M | Scene, ViewLayer | Synchronizing object | Armor horn.001
Fra:1 Mem:133.06M (Peak 133.06M) | Time:00:00.14 | Mem:0.00M, Peak:0.00M | Scene, ViewLayer | Synchronizing object | Tailored Cloak.002
Fra:1 Mem:133.08M (Peak 133.08M) | Time:00:00.14 | Mem:0.00M, Peak:0.00M | Scene, ViewLayer | Synchronizing object | Collar.002
Fra:1 Mem:133.09M (Peak 133.09M) | Time:00:00.14 | Mem:0.00M, Peak:0.00M | Scene, ViewLayer | Synchronizing object | Head.002
Fra:1 Mem:133.13M (Peak 133.13M) | Time:00:00.14 | Mem:0.00M, Peak:0.00M | Scene, ViewLayer | Synchronizing object | Eyes L.002
Fra:1 Mem:133.16M (Peak 133.16M) | Time:00:00.14 | Mem:0.00M, Peak:0.00M | Scene, ViewLayer | Synchronizing object | Eyes R.002
Fra:1 Mem:133.20M (Peak 133.20M) | Time:00:00.14 | Mem:0.00M, Peak:0.00M | Scene, ViewLayer | Synchronizing object | Helmet.002
Fra:1 Mem:133.23M (Peak 133.23M) | Time:00:00.14 | Mem:0.00M, Peak:0.00M | Scene, ViewLayer | Synchronizing object | Helmet Crest.002
Fra:1 Mem:133.26M (Peak 133.26M) | Time:00:00.14 | Mem:0.00M, Peak:0.00M | Scene, ViewLayer | Synchronizing object | Nose Guard.002
Fra:1 Mem:133.29M (Peak 133.29M) | Time:00:00.14 | Mem:0.00M, Peak:0.00M | Scene, ViewLayer | Synchronizing object | Hair Side Lock.004
Fra:1 Mem:133.33M (Peak 133.33M) | Time:00:00.14 | Mem:0.00M, Peak:0.00M | Scene, ViewLayer | Synchronizing object | Ear.004
Fra:1 Mem:133.37M (Peak 133.37M) | Time:00:00.14 | Mem:0.00M, Peak:0.00M | Scene, ViewLayer | Synchronizing object | Hair Side Lock.005
Fra:1 Mem:133.41M (Peak 133.41M) | Time:00:00.14 | Mem:0.00M, Peak:0.00M | Scene, ViewLayer | Synchronizing object | Text.009
Fra:1 Mem:133.42M (Peak 133.42M) | Time:00:00.14 | Mem:0.00M, Peak:0.00M | Scene, ViewLayer | Synchronizing object | Ear.005
Fra:1 Mem:133.52M (Peak 133.52M) | Time:00:00.14 | Mem:0.00M, Peak:0.00M | Scene, ViewLayer | Synchronizing object | Nose.002
Fra:1 Mem:133.57M (Peak 133.57M) | Time:00:00.14 | Mem:0.00M, Peak:0.00M | Scene, ViewLayer | Synchronizing object | Helmet Cheek Guard.004
Fra:1 Mem:133.60M (Peak 133.60M) | Time:00:00.14 | Mem:0.00M, Peak:0.00M | Scene, ViewLayer | Synchronizing object | Helmet Cheek Guard.005
Fra:1 Mem:133.64M (Peak 133.64M) | Time:00:00.14 | Mem:0.00M, Peak:0.00M | Scene, ViewLayer | Synchronizing object | Raised breastplate.002
Fra:1 Mem:133.66M (Peak 133.66M) | Time:00:00.14 | Mem:0.00M, Peak:0.00M | Scene, ViewLayer | Synchronizing object | Central crest.002
Fra:1 Mem:133.69M (Peak 133.69M) | Time:00:00.14 | Mem:0.00M, Peak:0.00M | Scene, ViewLayer | Synchronizing object | Armor rune
Fra:1 Mem:133.73M (Peak 133.73M) | Time:00:00.14 | Mem:0.00M, Peak:0.00M | Scene, ViewLayer | Synchronizing object | Armor rune.001
Fra:1 Mem:133.76M (Peak 133.76M) | Time:00:00.14 | Mem:0.00M, Peak:0.00M | Scene, ViewLayer | Synchronizing object | Waist plate.002
Fra:1 Mem:133.80M (Peak 133.80M) | Time:00:00.14 | Mem:0.00M, Peak:0.00M | Scene, ViewLayer | Synchronizing object | Waist plate.003
Fra:1 Mem:133.83M (Peak 133.83M) | Time:00:00.14 | Mem:0.00M, Peak:0.00M | Scene, ViewLayer | Synchronizing object | Waist plate.004
Fra:1 Mem:133.86M (Peak 133.86M) | Time:00:00.14 | Mem:0.00M, Peak:0.00M | Scene, ViewLayer | Synchronizing object | Waist plate.005
Fra:1 Mem:133.89M (Peak 133.89M) | Time:00:00.14 | Mem:0.00M, Peak:0.00M | Scene, ViewLayer | Synchronizing object | Armor forging mark
Fra:1 Mem:133.93M (Peak 133.93M) | Time:00:00.14 | Mem:0.00M, Peak:0.00M | Scene, ViewLayer | Synchronizing object | Armor forging mark.001
Fra:1 Mem:133.96M (Peak 133.96M) | Time:00:00.14 | Mem:0.00M, Peak:0.00M | Scene, ViewLayer | Synchronizing object | Armor forging mark.002
Fra:1 Mem:133.99M (Peak 133.99M) | Time:00:00.14 | Mem:0.00M, Peak:0.00M | Scene, ViewLayer | Synchronizing object | Armor forging mark.003
Fra:1 Mem:134.03M (Peak 134.03M) | Time:00:00.14 | Mem:0.00M, Peak:0.00M | Scene, ViewLayer | Synchronizing object | Armor forging mark.004
Fra:1 Mem:134.06M (Peak 134.06M) | Time:00:00.14 | Mem:0.00M, Peak:0.00M | Scene, ViewLayer | Synchronizing object | Armor forging mark.005
Fra:1 Mem:134.10M (Peak 134.10M) | Time:00:00.14 | Mem:0.00M, Peak:0.00M | Scene, ViewLayer | Synchronizing object | Armor forging mark.006
Fra:1 Mem:134.13M (Peak 134.13M) | Time:00:00.14 | Mem:0.00M, Peak:0.00M | Scene, ViewLayer | Synchronizing object | Armor forging mark.007
Fra:1 Mem:134.17M (Peak 134.17M) | Time:00:00.14 | Mem:0.00M, Peak:0.00M | Scene, ViewLayer | Synchronizing object | Armor forging mark.008
Fra:1 Mem:134.20M (Peak 134.20M) | Time:00:00.14 | Mem:0.00M, Peak:0.00M | Scene, ViewLayer | Synchronizing object | Armor forging mark.009
Fra:1 Mem:134.24M (Peak 134.24M) | Time:00:00.14 | Mem:0.00M, Peak:0.00M | Scene, ViewLayer | Synchronizing object | Armor heart
Fra:1 Mem:134.27M (Peak 134.27M) | Time:00:00.14 | Mem:0.00M, Peak:0.00M | Scene, ViewLayer | Synchronizing object | Trouser.004
Fra:1 Mem:134.31M (Peak 134.31M) | Time:00:00.14 | Mem:0.00M, Peak:0.00M | Scene, ViewLayer | Synchronizing object | Boot.004
Fra:1 Mem:134.32M (Peak 134.32M) | Time:00:00.14 | Mem:0.00M, Peak:0.00M | Scene, ViewLayer | Synchronizing object | Shin Guard.004
Fra:1 Mem:134.36M (Peak 134.36M) | Time:00:00.14 | Mem:0.00M, Peak:0.00M | Scene, ViewLayer | Synchronizing object | Knee Guard.004
Fra:1 Mem:134.40M (Peak 134.40M) | Time:00:00.14 | Mem:0.00M, Peak:0.00M | Scene, ViewLayer | Synchronizing object | Trouser.005
Fra:1 Mem:134.43M (Peak 134.43M) | Time:00:00.14 | Mem:0.00M, Peak:0.00M | Scene, ViewLayer | Synchronizing object | Boot.005
Fra:1 Mem:134.45M (Peak 134.45M) | Time:00:00.14 | Mem:0.00M, Peak:0.00M | Scene, ViewLayer | Synchronizing object | Shin Guard.005
Fra:1 Mem:134.49M (Peak 134.49M) | Time:00:00.14 | Mem:0.00M, Peak:0.00M | Scene, ViewLayer | Synchronizing object | Knee Guard.005
Fra:1 Mem:134.52M (Peak 134.52M) | Time:00:00.14 | Mem:0.00M, Peak:0.00M | Scene, ViewLayer | Synchronizing object | Breastplate.003
Fra:1 Mem:134.55M (Peak 134.55M) | Time:00:00.14 | Mem:0.00M, Peak:0.00M | Scene, ViewLayer | Synchronizing object | Belt.003
Fra:1 Mem:134.58M (Peak 134.58M) | Time:00:00.14 | Mem:0.00M, Peak:0.00M | Scene, ViewLayer | Synchronizing object | Buckle.003
Fra:1 Mem:134.61M (Peak 134.61M) | Time:00:00.14 | Mem:0.00M, Peak:0.00M | Scene, ViewLayer | Synchronizing object | Sleeve.006
Fra:1 Mem:134.65M (Peak 134.65M) | Time:00:00.14 | Mem:0.00M, Peak:0.00M | Scene, ViewLayer | Synchronizing object | Glove.006
Fra:1 Mem:134.68M (Peak 134.68M) | Time:00:00.14 | Mem:0.00M, Peak:0.00M | Scene, ViewLayer | Synchronizing object | Round Shield.003
Fra:1 Mem:134.69M (Peak 134.69M) | Time:00:00.14 | Mem:0.00M, Peak:0.00M | Scene, ViewLayer | Synchronizing object | Shield Boss.003
Fra:1 Mem:134.73M (Peak 134.73M) | Time:00:00.14 | Mem:0.00M, Peak:0.00M | Scene, ViewLayer | Synchronizing object | Forearm Bracer.006
Fra:1 Mem:134.76M (Peak 134.76M) | Time:00:00.14 | Mem:0.00M, Peak:0.00M | Scene, ViewLayer | Synchronizing object | Cuff Trim.006
Fra:1 Mem:134.78M (Peak 134.78M) | Time:00:00.14 | Mem:0.00M, Peak:0.00M | Scene, ViewLayer | Synchronizing object | Shield Inlay.006
Fra:1 Mem:134.80M (Peak 134.80M) | Time:00:00.14 | Mem:0.00M, Peak:0.00M | Scene, ViewLayer | Synchronizing object | Shield Inlay.007
Fra:1 Mem:134.83M (Peak 134.83M) | Time:00:00.14 | Mem:0.00M, Peak:0.00M | Scene, ViewLayer | Synchronizing object | Shoulder shell.006
Fra:1 Mem:134.86M (Peak 134.86M) | Time:00:00.14 | Mem:0.00M, Peak:0.00M | Scene, ViewLayer | Synchronizing object | Layered pauldron.002
Fra:1 Mem:134.89M (Peak 134.89M) | Time:00:00.14 | Mem:0.00M, Peak:0.00M | Scene, ViewLayer | Synchronizing object | Armor horn.002
Fra:1 Mem:134.93M (Peak 134.93M) | Time:00:00.14 | Mem:0.00M, Peak:0.00M | Scene, ViewLayer | Synchronizing object | Sleeve.007
Fra:1 Mem:134.97M (Peak 134.97M) | Time:00:00.14 | Mem:0.00M, Peak:0.00M | Scene, ViewLayer | Synchronizing object | Glove.007
Fra:1 Mem:135.00M (Peak 135.00M) | Time:00:00.14 | Mem:0.00M, Peak:0.00M | Scene, ViewLayer | Synchronizing object | Forearm Bracer.007
Fra:1 Mem:135.04M (Peak 135.04M) | Time:00:00.14 | Mem:0.00M, Peak:0.00M | Scene, ViewLayer | Synchronizing object | Cuff Trim.007
Fra:1 Mem:135.05M (Peak 135.05M) | Time:00:00.14 | Mem:0.00M, Peak:0.00M | Scene, ViewLayer | Synchronizing object | Wrapped grip.003
Fra:1 Mem:135.06M (Peak 135.06M) | Time:00:00.14 | Mem:0.00M, Peak:0.00M | Scene, ViewLayer | Synchronizing object | Faceted pommel.003
Fra:1 Mem:135.09M (Peak 135.09M) | Time:00:00.14 | Mem:0.00M, Peak:0.00M | Scene, ViewLayer | Synchronizing object | Swept guard.003
Fra:1 Mem:135.11M (Peak 135.11M) | Time:00:00.14 | Mem:0.00M, Peak:0.00M | Scene, ViewLayer | Synchronizing object | Tiered blade.003
Fra:1 Mem:135.11M (Peak 135.11M) | Time:00:00.14 | Mem:0.00M, Peak:0.00M | Scene, ViewLayer | Synchronizing object | Blade spine.003
Fra:1 Mem:135.14M (Peak 135.14M) | Time:00:00.14 | Mem:0.00M, Peak:0.00M | Scene, ViewLayer | Synchronizing object | Guard wing.002
Fra:1 Mem:135.17M (Peak 135.17M) | Time:00:00.14 | Mem:0.00M, Peak:0.00M | Scene, ViewLayer | Synchronizing object | Blade fang.002
Fra:1 Mem:135.20M (Peak 135.20M) | Time:00:00.14 | Mem:0.00M, Peak:0.00M | Scene, ViewLayer | Synchronizing object | Guard wing.003
Fra:1 Mem:135.23M (Peak 135.23M) | Time:00:00.14 | Mem:0.00M, Peak:0.00M | Scene, ViewLayer | Synchronizing object | Blade fang.003
Fra:1 Mem:135.26M (Peak 135.26M) | Time:00:00.14 | Mem:0.00M, Peak:0.00M | Scene, ViewLayer | Synchronizing object | Blade rune.003
Fra:1 Mem:135.30M (Peak 135.30M) | Time:00:00.14 | Mem:0.00M, Peak:0.00M | Scene, ViewLayer | Synchronizing object | Blade rune.004
Fra:1 Mem:135.33M (Peak 135.33M) | Time:00:00.14 | Mem:0.00M, Peak:0.00M | Scene, ViewLayer | Synchronizing object | Blade rune.005
Fra:1 Mem:135.36M (Peak 135.36M) | Time:00:00.14 | Mem:0.00M, Peak:0.00M | Scene, ViewLayer | Synchronizing object | Forging mark.010
Fra:1 Mem:135.40M (Peak 135.40M) | Time:00:00.14 | Mem:0.00M, Peak:0.00M | Scene, ViewLayer | Synchronizing object | Forging mark.011
Fra:1 Mem:135.43M (Peak 135.43M) | Time:00:00.14 | Mem:0.00M, Peak:0.00M | Scene, ViewLayer | Synchronizing object | Forging mark.012
Fra:1 Mem:135.47M (Peak 135.47M) | Time:00:00.14 | Mem:0.00M, Peak:0.00M | Scene, ViewLayer | Synchronizing object | Forging mark.013
Fra:1 Mem:135.50M (Peak 135.50M) | Time:00:00.14 | Mem:0.00M, Peak:0.00M | Scene, ViewLayer | Synchronizing object | Forging mark.014
Fra:1 Mem:135.54M (Peak 135.54M) | Time:00:00.14 | Mem:0.00M, Peak:0.00M | Scene, ViewLayer | Synchronizing object | Forging mark.015
Fra:1 Mem:135.57M (Peak 135.57M) | Time:00:00.14 | Mem:0.00M, Peak:0.00M | Scene, ViewLayer | Synchronizing object | Forging mark.016
Fra:1 Mem:135.60M (Peak 135.60M) | Time:00:00.14 | Mem:0.00M, Peak:0.00M | Scene, ViewLayer | Synchronizing object | Forging mark.017
Fra:1 Mem:135.64M (Peak 135.64M) | Time:00:00.14 | Mem:0.00M, Peak:0.00M | Scene, ViewLayer | Synchronizing object | Forging mark.018
Fra:1 Mem:135.67M (Peak 135.67M) | Time:00:00.14 | Mem:0.00M, Peak:0.00M | Scene, ViewLayer | Synchronizing object | Forging mark.019
Fra:1 Mem:135.71M (Peak 135.71M) | Time:00:00.14 | Mem:0.00M, Peak:0.00M | Scene, ViewLayer | Synchronizing object | Weapon aura shard.002
Fra:1 Mem:135.74M (Peak 135.74M) | Time:00:00.14 | Mem:0.00M, Peak:0.00M | Scene, ViewLayer | Synchronizing object | Weapon aura shard.003
Fra:1 Mem:135.78M (Peak 135.78M) | Time:00:00.14 | Mem:0.00M, Peak:0.00M | Scene, ViewLayer | Synchronizing object | Fashion sword guard.002
Fra:1 Mem:135.83M (Peak 135.83M) | Time:00:00.14 | Mem:0.00M, Peak:0.00M | Scene, ViewLayer | Synchronizing object | Fashion sword guard.003
Fra:1 Mem:135.87M (Peak 135.87M) | Time:00:00.14 | Mem:0.00M, Peak:0.00M | Scene, ViewLayer | Synchronizing object | Shoulder shell.007
Fra:1 Mem:135.90M (Peak 135.90M) | Time:00:00.14 | Mem:0.00M, Peak:0.00M | Scene, ViewLayer | Synchronizing object | Layered pauldron.003
Fra:1 Mem:135.93M (Peak 135.93M) | Time:00:00.14 | Mem:0.00M, Peak:0.00M | Scene, ViewLayer | Synchronizing object | Armor horn.003
Fra:1 Mem:135.97M (Peak 135.97M) | Time:00:00.14 | Mem:0.00M, Peak:0.00M | Scene, ViewLayer | Synchronizing object | Tailored Cloak.003
Fra:1 Mem:135.99M (Peak 135.99M) | Time:00:00.14 | Mem:0.00M, Peak:0.00M | Scene, ViewLayer | Synchronizing object | Collar.003
Fra:1 Mem:136.00M (Peak 136.00M) | Time:00:00.14 | Mem:0.00M, Peak:0.00M | Scene, ViewLayer | Synchronizing object | Head.003
Fra:1 Mem:136.03M (Peak 136.03M) | Time:00:00.14 | Mem:0.00M, Peak:0.00M | Scene, ViewLayer | Synchronizing object | Text.010
Fra:1 Mem:136.05M (Peak 136.05M) | Time:00:00.14 | Mem:0.00M, Peak:0.00M | Scene, ViewLayer | Synchronizing object | Eyes L.003
Fra:1 Mem:136.10M (Peak 136.10M) | Time:00:00.14 | Mem:0.00M, Peak:0.00M | Scene, ViewLayer | Synchronizing object | Eyes R.003
Fra:1 Mem:136.13M (Peak 136.13M) | Time:00:00.14 | Mem:0.00M, Peak:0.00M | Scene, ViewLayer | Synchronizing object | Helmet.003
Fra:1 Mem:136.16M (Peak 136.16M) | Time:00:00.14 | Mem:0.00M, Peak:0.00M | Scene, ViewLayer | Synchronizing object | Helmet Crest.003
Fra:1 Mem:136.19M (Peak 136.19M) | Time:00:00.14 | Mem:0.00M, Peak:0.00M | Scene, ViewLayer | Synchronizing object | Nose Guard.003
Fra:1 Mem:136.22M (Peak 136.22M) | Time:00:00.14 | Mem:0.00M, Peak:0.00M | Scene, ViewLayer | Synchronizing object | Hair Side Lock.006
Fra:1 Mem:136.26M (Peak 136.26M) | Time:00:00.14 | Mem:0.00M, Peak:0.00M | Scene, ViewLayer | Synchronizing object | Ear.006
Fra:1 Mem:136.30M (Peak 136.30M) | Time:00:00.14 | Mem:0.00M, Peak:0.00M | Scene, ViewLayer | Synchronizing object | Hair Side Lock.007
Fra:1 Mem:136.34M (Peak 136.34M) | Time:00:00.14 | Mem:0.00M, Peak:0.00M | Scene, ViewLayer | Synchronizing object | Ear.007
Fra:1 Mem:136.38M (Peak 136.38M) | Time:00:00.14 | Mem:0.00M, Peak:0.00M | Scene, ViewLayer | Synchronizing object | Nose.003
Fra:1 Mem:136.41M (Peak 136.41M) | Time:00:00.14 | Mem:0.00M, Peak:0.00M | Scene, ViewLayer | Synchronizing object | Helmet Cheek Guard.006
Fra:1 Mem:136.44M (Peak 136.44M) | Time:00:00.14 | Mem:0.00M, Peak:0.00M | Scene, ViewLayer | Synchronizing object | Helmet Cheek Guard.007
Fra:1 Mem:136.47M (Peak 136.47M) | Time:00:00.14 | Mem:0.00M, Peak:0.00M | Scene, ViewLayer | Synchronizing object | Raised breastplate.003
Fra:1 Mem:136.50M (Peak 136.50M) | Time:00:00.14 | Mem:0.00M, Peak:0.00M | Scene, ViewLayer | Synchronizing object | Central crest.003
Fra:1 Mem:136.53M (Peak 136.53M) | Time:00:00.14 | Mem:0.00M, Peak:0.00M | Scene, ViewLayer | Synchronizing object | Armor rune.002
Fra:1 Mem:136.57M (Peak 136.57M) | Time:00:00.14 | Mem:0.00M, Peak:0.00M | Scene, ViewLayer | Synchronizing object | Armor rune.003
Fra:1 Mem:136.61M (Peak 136.61M) | Time:00:00.14 | Mem:0.00M, Peak:0.00M | Scene, ViewLayer | Synchronizing object | Text.011
Fra:1 Mem:136.64M (Peak 136.64M) | Time:00:00.14 | Mem:0.00M, Peak:0.00M | Scene, ViewLayer | Synchronizing object | Waist plate.006
Fra:1 Mem:136.71M (Peak 136.71M) | Time:00:00.14 | Mem:0.00M, Peak:0.00M | Scene, ViewLayer | Synchronizing object | Waist plate.007
Fra:1 Mem:136.74M (Peak 136.74M) | Time:00:00.14 | Mem:0.00M, Peak:0.00M | Scene, ViewLayer | Synchronizing object | Waist plate.008
Fra:1 Mem:136.80M (Peak 136.80M) | Time:00:00.15 | Mem:0.00M, Peak:0.00M | Scene, ViewLayer | Synchronizing object | Waist plate.009
Fra:1 Mem:136.83M (Peak 136.83M) | Time:00:00.15 | Mem:0.00M, Peak:0.00M | Scene, ViewLayer | Synchronizing object | Armor forging mark.010
Fra:1 Mem:136.86M (Peak 136.86M) | Time:00:00.15 | Mem:0.00M, Peak:0.00M | Scene, ViewLayer | Synchronizing object | Text.012
Fra:1 Mem:136.87M (Peak 136.87M) | Time:00:00.15 | Mem:0.00M, Peak:0.00M | Scene, ViewLayer | Synchronizing object | Armor forging mark.011
Fra:1 Mem:136.95M (Peak 136.95M) | Time:00:00.15 | Mem:0.00M, Peak:0.00M | Scene, ViewLayer | Synchronizing object | Armor forging mark.012
Fra:1 Mem:137.00M (Peak 137.00M) | Time:00:00.15 | Mem:0.00M, Peak:0.00M | Scene, ViewLayer | Synchronizing object | Armor forging mark.013
Fra:1 Mem:137.04M (Peak 137.04M) | Time:00:00.15 | Mem:0.00M, Peak:0.00M | Scene, ViewLayer | Synchronizing object | Armor forging mark.014
Fra:1 Mem:137.08M (Peak 137.08M) | Time:00:00.15 | Mem:0.00M, Peak:0.00M | Scene, ViewLayer | Synchronizing object | Armor forging mark.015
Fra:1 Mem:137.12M (Peak 137.12M) | Time:00:00.15 | Mem:0.00M, Peak:0.00M | Scene, ViewLayer | Synchronizing object | Armor forging mark.016
Fra:1 Mem:137.16M (Peak 137.16M) | Time:00:00.15 | Mem:0.00M, Peak:0.00M | Scene, ViewLayer | Synchronizing object | Armor forging mark.017
Fra:1 Mem:137.21M (Peak 137.21M) | Time:00:00.15 | Mem:0.00M, Peak:0.00M | Scene, ViewLayer | Synchronizing object | Armor forging mark.018
Fra:1 Mem:137.24M (Peak 137.24M) | Time:00:00.15 | Mem:0.00M, Peak:0.00M | Scene, ViewLayer | Synchronizing object | Armor forging mark.019
Fra:1 Mem:137.28M (Peak 137.28M) | Time:00:00.15 | Mem:0.00M, Peak:0.00M | Scene, ViewLayer | Synchronizing object | Armor heart.001
Fra:1 Mem:137.31M (Peak 137.31M) | Time:00:00.15 | Mem:0.00M, Peak:0.00M | Scene, ViewLayer | Synchronizing object | Bronze outer astrolabe.001
Fra:1 Mem:137.37M (Peak 137.37M) | Time:00:00.15 | Mem:0.00M, Peak:0.00M | Scene, ViewLayer | Synchronizing object | Inclined inner astrolabe.001
Fra:1 Mem:137.42M (Peak 137.42M) | Time:00:00.15 | Mem:0.00M, Peak:0.00M | Scene, ViewLayer | Synchronizing object | Star-ring radial vane.008
Fra:1 Mem:137.45M (Peak 137.45M) | Time:00:00.15 | Mem:0.00M, Peak:0.00M | Scene, ViewLayer | Synchronizing object | Star-ring focus crystal.008
Fra:1 Mem:137.48M (Peak 137.48M) | Time:00:00.15 | Mem:0.00M, Peak:0.00M | Scene, ViewLayer | Synchronizing object | Star-ring radial vane.009
Fra:1 Mem:137.52M (Peak 137.52M) | Time:00:00.15 | Mem:0.00M, Peak:0.00M | Scene, ViewLayer | Synchronizing object | Star-ring focus crystal.009
Fra:1 Mem:137.55M (Peak 137.55M) | Time:00:00.15 | Mem:0.00M, Peak:0.00M | Scene, ViewLayer | Synchronizing object | Text.013
Fra:1 Mem:137.57M (Peak 137.57M) | Time:00:00.15 | Mem:0.00M, Peak:0.00M | Scene, ViewLayer | Synchronizing object | Star-ring radial vane.010
Fra:1 Mem:137.70M (Peak 137.70M) | Time:00:00.15 | Mem:0.00M, Peak:0.00M | Scene, ViewLayer | Synchronizing object | Star-ring focus crystal.010
Fra:1 Mem:137.74M (Peak 137.74M) | Time:00:00.15 | Mem:0.00M, Peak:0.00M | Scene, ViewLayer | Synchronizing object | Star-ring radial vane.011
Fra:1 Mem:137.77M (Peak 137.77M) | Time:00:00.15 | Mem:0.00M, Peak:0.00M | Scene, ViewLayer | Synchronizing object | Star-ring focus crystal.011
Fra:1 Mem:137.83M (Peak 137.83M) | Time:00:00.15 | Mem:0.00M, Peak:0.00M | Scene, ViewLayer | Synchronizing object | Star-ring radial vane.012
Fra:1 Mem:137.86M (Peak 137.86M) | Time:00:00.15 | Mem:0.00M, Peak:0.00M | Scene, ViewLayer | Synchronizing object | Star-ring focus crystal.012
Fra:1 Mem:137.90M (Peak 137.90M) | Time:00:00.15 | Mem:0.00M, Peak:0.00M | Scene, ViewLayer | Synchronizing object | Star-ring radial vane.013
Fra:1 Mem:137.93M (Peak 137.93M) | Time:00:00.15 | Mem:0.00M, Peak:0.00M | Scene, ViewLayer | Synchronizing object | Star-ring focus crystal.013
Fra:1 Mem:137.96M (Peak 137.96M) | Time:00:00.15 | Mem:0.00M, Peak:0.00M | Scene, ViewLayer | Synchronizing object | Star-ring radial vane.014
Fra:1 Mem:138.00M (Peak 138.00M) | Time:00:00.15 | Mem:0.00M, Peak:0.00M | Scene, ViewLayer | Synchronizing object | Star-ring focus crystal.014
Fra:1 Mem:138.03M (Peak 138.03M) | Time:00:00.15 | Mem:0.00M, Peak:0.00M | Scene, ViewLayer | Synchronizing object | Star-ring radial vane.015
Fra:1 Mem:138.06M (Peak 138.06M) | Time:00:00.15 | Mem:0.00M, Peak:0.00M | Scene, ViewLayer | Synchronizing object | Star-ring focus crystal.015
Fra:1 Mem:138.10M (Peak 138.10M) | Time:00:00.15 | Mem:0.00M, Peak:0.00M | Scene, ViewLayer | Synchronizing object | Wing clasp.001
Fra:1 Mem:138.14M (Peak 138.14M) | Time:00:00.15 | Mem:0.00M, Peak:0.00M | Scene, ViewLayer | Synchronizing object | Trouser.006
Fra:1 Mem:138.18M (Peak 138.18M) | Time:00:00.15 | Mem:0.00M, Peak:0.00M | Scene, ViewLayer | Synchronizing object | Boot.006
Fra:1 Mem:138.19M (Peak 138.19M) | Time:00:00.15 | Mem:0.00M, Peak:0.00M | Scene, ViewLayer | Synchronizing object | Shin Guard.006
Fra:1 Mem:138.23M (Peak 138.23M) | Time:00:00.15 | Mem:0.00M, Peak:0.00M | Scene, ViewLayer | Synchronizing object | Text.014
Fra:1 Mem:138.24M (Peak 138.24M) | Time:00:00.15 | Mem:0.00M, Peak:0.00M | Scene, ViewLayer | Synchronizing object | Knee Guard.006
Fra:1 Mem:138.34M (Peak 138.34M) | Time:00:00.15 | Mem:0.00M, Peak:0.00M | Scene, ViewLayer | Synchronizing object | Trouser.007
Fra:1 Mem:138.39M (Peak 138.39M) | Time:00:00.15 | Mem:0.00M, Peak:0.00M | Scene, ViewLayer | Synchronizing object | Boot.007
Fra:1 Mem:138.41M (Peak 138.41M) | Time:00:00.15 | Mem:0.00M, Peak:0.00M | Scene, ViewLayer | Synchronizing object | Shin Guard.007
Fra:1 Mem:138.45M (Peak 138.45M) | Time:00:00.15 | Mem:0.00M, Peak:0.00M | Scene, ViewLayer | Synchronizing object | Knee Guard.007
Fra:1 Mem:138.48M (Peak 138.48M) | Time:00:00.15 | Mem:0.00M, Peak:0.00M | Scene, ViewLayer | Synchronizing object | Breastplate.004
Fra:1 Mem:138.52M (Peak 138.52M) | Time:00:00.15 | Mem:0.00M, Peak:0.00M | Scene, ViewLayer | Synchronizing object | Belt.004
Fra:1 Mem:138.55M (Peak 138.55M) | Time:00:00.15 | Mem:0.00M, Peak:0.00M | Scene, ViewLayer | Synchronizing object | Buckle.004
Fra:1 Mem:138.59M (Peak 138.59M) | Time:00:00.15 | Mem:0.00M, Peak:0.00M | Scene, ViewLayer | Synchronizing object | Sleeve.008
Fra:1 Mem:138.63M (Peak 138.63M) | Time:00:00.15 | Mem:0.00M, Peak:0.00M | Scene, ViewLayer | Synchronizing object | Glove.008
Fra:1 Mem:138.66M (Peak 138.66M) | Time:00:00.15 | Mem:0.00M, Peak:0.00M | Scene, ViewLayer | Synchronizing object | Orb
Fra:1 Mem:138.70M (Peak 138.70M) | Time:00:00.15 | Mem:0.00M, Peak:0.00M | Scene, ViewLayer | Synchronizing object | Forearm Bracer.008
Fra:1 Mem:138.74M (Peak 138.74M) | Time:00:00.15 | Mem:0.00M, Peak:0.00M | Scene, ViewLayer | Synchronizing object | Cuff Trim.008
Fra:1 Mem:138.75M (Peak 138.75M) | Time:00:00.15 | Mem:0.00M, Peak:0.00M | Scene, ViewLayer | Synchronizing object | Tailored shoulder mantle
Fra:1 Mem:138.78M (Peak 138.78M) | Time:00:00.15 | Mem:0.00M, Peak:0.00M | Scene, ViewLayer | Synchronizing object | Sleeve.009
Fra:1 Mem:138.82M (Peak 138.82M) | Time:00:00.15 | Mem:0.00M, Peak:0.00M | Scene, ViewLayer | Synchronizing object | Glove.009
Fra:1 Mem:138.86M (Peak 138.86M) | Time:00:00.15 | Mem:0.00M, Peak:0.00M | Scene, ViewLayer | Synchronizing object | Forearm Bracer.009
Fra:1 Mem:138.89M (Peak 138.89M) | Time:00:00.15 | Mem:0.00M, Peak:0.00M | Scene, ViewLayer | Synchronizing object | Text.015
Fra:1 Mem:139.05M (Peak 139.05M) | Time:00:00.15 | Mem:0.00M, Peak:0.00M | Scene, ViewLayer | Synchronizing object | Knee Guard.031
Fra:1 Mem:139.08M (Peak 139.08M) | Time:00:00.15 | Mem:0.00M, Peak:0.00M | Scene, ViewLayer | Synchronizing object | Shin Guard.031
Fra:1 Mem:139.12M (Peak 139.12M) | Time:00:00.15 | Mem:0.00M, Peak:0.00M | Scene, ViewLayer | Synchronizing object | Boot.031
Fra:1 Mem:139.14M (Peak 139.14M) | Time:00:00.15 | Mem:0.00M, Peak:0.00M | Scene, ViewLayer | Synchronizing object | Trouser.031
Fra:1 Mem:139.18M (Peak 139.18M) | Time:00:00.15 | Mem:0.00M, Peak:0.00M | Scene, ViewLayer | Synchronizing object | Knee Guard.030
Fra:1 Mem:139.21M (Peak 139.21M) | Time:00:00.15 | Mem:0.00M, Peak:0.00M | Scene, ViewLayer | Synchronizing object | Shin Guard.030
Fra:1 Mem:139.25M (Peak 139.25M) | Time:00:00.15 | Mem:0.00M, Peak:0.00M | Scene, ViewLayer | Synchronizing object | Boot.030
Fra:1 Mem:139.27M (Peak 139.27M) | Time:00:00.15 | Mem:0.00M, Peak:0.00M | Scene, ViewLayer | Synchronizing object | Trouser.030
Fra:1 Mem:139.30M (Peak 139.30M) | Time:00:00.15 | Mem:0.00M, Peak:0.00M | Scene, ViewLayer | Synchronizing object | Wing clasp.007
Fra:1 Mem:139.34M (Peak 139.34M) | Time:00:00.15 | Mem:0.00M, Peak:0.00M | Scene, ViewLayer | Synchronizing object | Star-ring focus crystal.063
Fra:1 Mem:139.37M (Peak 139.37M) | Time:00:00.15 | Mem:0.00M, Peak:0.00M | Scene, ViewLayer | Synchronizing object | Star-ring radial vane.063
Fra:1 Mem:139.40M (Peak 139.40M) | Time:00:00.15 | Mem:0.00M, Peak:0.00M | Scene, ViewLayer | Synchronizing object | Star-ring focus crystal.062
Fra:1 Mem:139.44M (Peak 139.44M) | Time:00:00.15 | Mem:0.00M, Peak:0.00M | Scene, ViewLayer | Synchronizing object | Star-ring radial vane.062
Fra:1 Mem:139.47M (Peak 139.47M) | Time:00:00.15 | Mem:0.00M, Peak:0.00M | Scene, ViewLayer | Synchronizing object | Star-ring focus crystal.061
Fra:1 Mem:139.50M (Peak 139.50M) | Time:00:00.15 | Mem:0.00M, Peak:0.00M | Scene, ViewLayer | Synchronizing object | Star-ring radial vane.061
Fra:1 Mem:139.53M (Peak 139.53M) | Time:00:00.15 | Mem:0.00M, Peak:0.00M | Scene, ViewLayer | Synchronizing object | Star-ring focus crystal.060
Fra:1 Mem:139.56M (Peak 139.56M) | Time:00:00.15 | Mem:0.00M, Peak:0.00M | Scene, ViewLayer | Synchronizing object | Star-ring radial vane.060
Fra:1 Mem:139.60M (Peak 139.60M) | Time:00:00.15 | Mem:0.00M, Peak:0.00M | Scene, ViewLayer | Synchronizing object | Inlaid staff
Fra:1 Mem:139.61M (Peak 139.61M) | Time:00:00.15 | Mem:0.00M, Peak:0.00M | Scene, ViewLayer | Synchronizing object | Staff collar
Fra:1 Mem:139.62M (Peak 139.62M) | Time:00:00.15 | Mem:0.00M, Peak:0.00M | Scene, ViewLayer | Synchronizing object | Focus crystal
Fra:1 Mem:139.64M (Peak 139.64M) | Time:00:00.15 | Mem:0.00M, Peak:0.00M | Scene, ViewLayer | Synchronizing object | Tailored shoulder mantle.001
Fra:1 Mem:139.67M (Peak 139.67M) | Time:00:00.15 | Mem:0.00M, Peak:0.00M | Scene, ViewLayer | Synchronizing object | Tailored Cloak.004
Fra:1 Mem:139.69M (Peak 139.69M) | Time:00:00.15 | Mem:0.00M, Peak:0.00M | Scene, ViewLayer | Synchronizing object | Collar.004
Fra:1 Mem:139.70M (Peak 139.70M) | Time:00:00.15 | Mem:0.00M, Peak:0.00M | Scene, ViewLayer | Synchronizing object | Head.004
Fra:1 Mem:139.73M (Peak 139.73M) | Time:00:00.15 | Mem:0.00M, Peak:0.00M | Scene, ViewLayer | Synchronizing object | Eyes L.004
Fra:1 Mem:139.77M (Peak 139.77M) | Time:00:00.15 | Mem:0.00M, Peak:0.00M | Scene, ViewLayer | Synchronizing object | Eyes R.004
Fra:1 Mem:139.80M (Peak 139.80M) | Time:00:00.15 | Mem:0.00M, Peak:0.00M | Scene, ViewLayer | Synchronizing object | Hat Brim
Fra:1 Mem:139.81M (Peak 139.81M) | Time:00:00.15 | Mem:0.00M, Peak:0.00M | Scene, ViewLayer | Synchronizing object | Hat Gem
Fra:1 Mem:139.85M (Peak 139.85M) | Time:00:00.15 | Mem:0.00M, Peak:0.00M | Scene, ViewLayer | Synchronizing object | Hair Side Lock.008
Fra:1 Mem:139.89M (Peak 139.89M) | Time:00:00.15 | Mem:0.00M, Peak:0.00M | Scene, ViewLayer | Synchronizing object | Ear.008
Fra:1 Mem:139.92M (Peak 139.92M) | Time:00:00.15 | Mem:0.00M, Peak:0.00M | Scene, ViewLayer | Synchronizing object | Hair Side Lock.009
Fra:1 Mem:139.96M (Peak 139.96M) | Time:00:00.15 | Mem:0.00M, Peak:0.00M | Scene, ViewLayer | Synchronizing object | Ear.009
Fra:1 Mem:139.99M (Peak 139.99M) | Time:00:00.15 | Mem:0.00M, Peak:0.00M | Scene, ViewLayer | Synchronizing object | Nose.004
Fra:1 Mem:140.03M (Peak 140.03M) | Time:00:00.15 | Mem:0.00M, Peak:0.00M | Scene, ViewLayer | Synchronizing object | Pointed Wizard Hat
Fra:1 Mem:140.03M (Peak 140.03M) | Time:00:00.15 | Mem:0.00M, Peak:0.00M | Scene, ViewLayer | Synchronizing object | Scholar rear high collar
Fra:1 Mem:140.06M (Peak 140.06M) | Time:00:00.15 | Mem:0.00M, Peak:0.00M | Scene, ViewLayer | Synchronizing object | Scholar rear high collar.001
Fra:1 Mem:140.09M (Peak 140.09M) | Time:00:00.15 | Mem:0.00M, Peak:0.00M | Scene, ViewLayer | Synchronizing object | Equipped robe skirt
Fra:1 Mem:140.10M (Peak 140.10M) | Time:00:00.15 | Mem:0.00M, Peak:0.00M | Scene, ViewLayer | Synchronizing object | Embroidered robe panel
Fra:1 Mem:140.13M (Peak 140.13M) | Time:00:00.15 | Mem:0.00M, Peak:0.00M | Scene, ViewLayer | Synchronizing object | Robe metal seam
Fra:1 Mem:140.16M (Peak 140.16M) | Time:00:00.15 | Mem:0.00M, Peak:0.00M | Scene, ViewLayer | Synchronizing object | Embroidered robe panel.001
Fra:1 Mem:140.19M (Peak 140.19M) | Time:00:00.15 | Mem:0.00M, Peak:0.00M | Scene, ViewLayer | Synchronizing object | Robe metal seam.001
Fra:1 Mem:140.22M (Peak 140.22M) | Time:00:00.15 | Mem:0.00M, Peak:0.00M | Scene, ViewLayer | Synchronizing object | Costume fastening
Fra:1 Mem:140.25M (Peak 140.25M) | Time:00:00.15 | Mem:0.00M, Peak:0.00M | Scene, ViewLayer | Synchronizing object | Scholar split side lining
Fra:1 Mem:140.28M (Peak 140.28M) | Time:00:00.15 | Mem:0.00M, Peak:0.00M | Scene, ViewLayer | Synchronizing object | Scholar split side lining.001
Fra:1 Mem:140.31M (Peak 140.31M) | Time:00:00.15 | Mem:0.00M, Peak:0.00M | Scene, ViewLayer | Synchronizing object | Trouser.008
Fra:1 Mem:140.35M (Peak 140.35M) | Time:00:00.15 | Mem:0.00M, Peak:0.00M | Scene, ViewLayer | Synchronizing object | Boot.008
Fra:1 Mem:140.36M (Peak 140.36M) | Time:00:00.15 | Mem:0.00M, Peak:0.00M | Scene, ViewLayer | Synchronizing object | Shin Guard.008
Fra:1 Mem:140.40M (Peak 140.40M) | Time:00:00.15 | Mem:0.00M, Peak:0.00M | Scene, ViewLayer | Synchronizing object | Knee Guard.008
Fra:1 Mem:140.44M (Peak 140.44M) | Time:00:00.15 | Mem:0.00M, Peak:0.00M | Scene, ViewLayer | Synchronizing object | Trouser.009
Fra:1 Mem:140.47M (Peak 140.47M) | Time:00:00.15 | Mem:0.00M, Peak:0.00M | Scene, ViewLayer | Synchronizing object | Boot.009
Fra:1 Mem:140.49M (Peak 140.49M) | Time:00:00.15 | Mem:0.00M, Peak:0.00M | Scene, ViewLayer | Synchronizing object | Shin Guard.009
Fra:1 Mem:140.53M (Peak 140.53M) | Time:00:00.15 | Mem:0.00M, Peak:0.00M | Scene, ViewLayer | Synchronizing object | Knee Guard.009
Fra:1 Mem:140.56M (Peak 140.56M) | Time:00:00.15 | Mem:0.00M, Peak:0.00M | Scene, ViewLayer | Synchronizing object | Breastplate.005
Fra:1 Mem:140.60M (Peak 140.60M) | Time:00:00.15 | Mem:0.00M, Peak:0.00M | Scene, ViewLayer | Synchronizing object | Belt.005
Fra:1 Mem:140.63M (Peak 140.63M) | Time:00:00.15 | Mem:0.00M, Peak:0.00M | Scene, ViewLayer | Synchronizing object | Buckle.005
Fra:1 Mem:140.66M (Peak 140.66M) | Time:00:00.15 | Mem:0.00M, Peak:0.00M | Scene, ViewLayer | Synchronizing object | Sleeve.010
Fra:1 Mem:140.70M (Peak 140.70M) | Time:00:00.15 | Mem:0.00M, Peak:0.00M | Scene, ViewLayer | Synchronizing object | Glove.010
Fra:1 Mem:140.73M (Peak 140.73M) | Time:00:00.15 | Mem:0.00M, Peak:0.00M | Scene, ViewLayer | Synchronizing object | Orb.001
Fra:1 Mem:140.77M (Peak 140.77M) | Time:00:00.15 | Mem:0.00M, Peak:0.00M | Scene, ViewLayer | Synchronizing object | Forearm Bracer.010
Fra:1 Mem:140.80M (Peak 140.80M) | Time:00:00.15 | Mem:0.00M, Peak:0.00M | Scene, ViewLayer | Synchronizing object | Cuff Trim.010
Fra:1 Mem:140.81M (Peak 140.81M) | Time:00:00.15 | Mem:0.00M, Peak:0.00M | Scene, ViewLayer | Synchronizing object | Tailored shoulder mantle.002
Fra:1 Mem:140.85M (Peak 140.85M) | Time:00:00.15 | Mem:0.00M, Peak:0.00M | Scene, ViewLayer | Synchronizing object | Sleeve.011
Fra:1 Mem:140.88M (Peak 140.88M) | Time:00:00.15 | Mem:0.00M, Peak:0.00M | Scene, ViewLayer | Synchronizing object | Glove.011
Fra:1 Mem:140.92M (Peak 140.92M) | Time:00:00.15 | Mem:0.00M, Peak:0.00M | Scene, ViewLayer | Synchronizing object | Forearm Bracer.011
Fra:1 Mem:140.96M (Peak 140.96M) | Time:00:00.15 | Mem:0.00M, Peak:0.00M | Scene, ViewLayer | Synchronizing object | Cuff Trim.011
Fra:1 Mem:140.97M (Peak 140.97M) | Time:00:00.15 | Mem:0.00M, Peak:0.00M | Scene, ViewLayer | Synchronizing object | Inlaid staff.001
Fra:1 Mem:140.98M (Peak 140.98M) | Time:00:00.15 | Mem:0.00M, Peak:0.00M | Scene, ViewLayer | Synchronizing object | Staff collar.001
Fra:1 Mem:140.99M (Peak 140.99M) | Time:00:00.15 | Mem:0.00M, Peak:0.00M | Scene, ViewLayer | Synchronizing object | Focus crystal.001
Fra:1 Mem:141.01M (Peak 141.01M) | Time:00:00.15 | Mem:0.00M, Peak:0.00M | Scene, ViewLayer | Synchronizing object | Fashion focus collar
Fra:1 Mem:141.06M (Peak 141.06M) | Time:00:00.15 | Mem:0.00M, Peak:0.00M | Scene, ViewLayer | Synchronizing object | Fashion focus fin
Fra:1 Mem:141.11M (Peak 141.11M) | Time:00:00.15 | Mem:0.00M, Peak:0.00M | Scene, ViewLayer | Synchronizing object | Fashion focus fin.001
Fra:1 Mem:141.15M (Peak 141.15M) | Time:00:00.15 | Mem:0.00M, Peak:0.00M | Scene, ViewLayer | Synchronizing object | Tailored shoulder mantle.003
Fra:1 Mem:141.19M (Peak 141.19M) | Time:00:00.15 | Mem:0.00M, Peak:0.00M | Scene, ViewLayer | Synchronizing object | Tailored Cloak.005
Fra:1 Mem:141.20M (Peak 141.20M) | Time:00:00.15 | Mem:0.00M, Peak:0.00M | Scene, ViewLayer | Synchronizing object | Collar.005
Fra:1 Mem:141.21M (Peak 141.21M) | Time:00:00.15 | Mem:0.00M, Peak:0.00M | Scene, ViewLayer | Synchronizing object | Head.005
Fra:1 Mem:141.25M (Peak 141.25M) | Time:00:00.15 | Mem:0.00M, Peak:0.00M | Scene, ViewLayer | Synchronizing object | Eyes L.005
Fra:1 Mem:141.28M (Peak 141.28M) | Time:00:00.15 | Mem:0.00M, Peak:0.00M | Scene, ViewLayer | Synchronizing object | Eyes R.005
Fra:1 Mem:141.32M (Peak 141.32M) | Time:00:00.15 | Mem:0.00M, Peak:0.00M | Scene, ViewLayer | Synchronizing object | Hat Brim.001
Fra:1 Mem:141.33M (Peak 141.33M) | Time:00:00.15 | Mem:0.00M, Peak:0.00M | Scene, ViewLayer | Synchronizing object | Hat Gem.001
Fra:1 Mem:141.36M (Peak 141.36M) | Time:00:00.15 | Mem:0.00M, Peak:0.00M | Scene, ViewLayer | Synchronizing object | Hair Side Lock.010
Fra:1 Mem:141.40M (Peak 141.40M) | Time:00:00.15 | Mem:0.00M, Peak:0.00M | Scene, ViewLayer | Synchronizing object | Ear.010
Fra:1 Mem:141.43M (Peak 141.43M) | Time:00:00.15 | Mem:0.00M, Peak:0.00M | Scene, ViewLayer | Synchronizing object | Hair Side Lock.011
Fra:1 Mem:141.47M (Peak 141.47M) | Time:00:00.15 | Mem:0.00M, Peak:0.00M | Scene, ViewLayer | Synchronizing object | Ear.011
Fra:1 Mem:141.51M (Peak 141.51M) | Time:00:00.15 | Mem:0.00M, Peak:0.00M | Scene, ViewLayer | Synchronizing object | Nose.005
Fra:1 Mem:141.54M (Peak 141.54M) | Time:00:00.15 | Mem:0.00M, Peak:0.00M | Scene, ViewLayer | Synchronizing object | Pointed Wizard Hat.001
Fra:1 Mem:141.55M (Peak 141.55M) | Time:00:00.15 | Mem:0.00M, Peak:0.00M | Scene, ViewLayer | Synchronizing object | Scholar rear high collar.002
Fra:1 Mem:141.58M (Peak 141.58M) | Time:00:00.15 | Mem:0.00M, Peak:0.00M | Scene, ViewLayer | Synchronizing object | Scholar rear high collar.003
Fra:1 Mem:141.60M (Peak 141.60M) | Time:00:00.15 | Mem:0.00M, Peak:0.00M | Scene, ViewLayer | Synchronizing object | Equipped robe skirt.001
Fra:1 Mem:141.61M (Peak 141.61M) | Time:00:00.15 | Mem:0.00M, Peak:0.00M | Scene, ViewLayer | Synchronizing object | Embroidered robe panel.002
Fra:1 Mem:141.64M (Peak 141.64M) | Time:00:00.15 | Mem:0.00M, Peak:0.00M | Scene, ViewLayer | Synchronizing object | Robe metal seam.002
Fra:1 Mem:141.67M (Peak 141.67M) | Time:00:00.15 | Mem:0.00M, Peak:0.00M | Scene, ViewLayer | Synchronizing object | Embroidered robe panel.003
Fra:1 Mem:141.69M (Peak 141.69M) | Time:00:00.17 | Mem:0.00M, Peak:0.00M | Scene, ViewLayer | Synchronizing object | Star-ring focus crystal.059
Fra:1 Mem:141.73M (Peak 141.73M) | Time:00:00.17 | Mem:0.00M, Peak:0.00M | Scene, ViewLayer | Synchronizing object | Star-ring radial vane.059
Fra:1 Mem:141.77M (Peak 141.77M) | Time:00:00.17 | Mem:0.00M, Peak:0.00M | Scene, ViewLayer | Synchronizing object | Robe metal seam.003
Fra:1 Mem:141.80M (Peak 141.80M) | Time:00:00.17 | Mem:0.00M, Peak:0.00M | Scene, ViewLayer | Synchronizing object | Costume fastening.001
Fra:1 Mem:141.83M (Peak 141.83M) | Time:00:00.17 | Mem:0.00M, Peak:0.00M | Scene, ViewLayer | Synchronizing object | Scholar split side lining.002
Fra:1 Mem:141.86M (Peak 141.86M) | Time:00:00.17 | Mem:0.00M, Peak:0.00M | Scene, ViewLayer | Synchronizing object | Scholar split side lining.003
Fra:1 Mem:141.89M (Peak 141.89M) | Time:00:00.17 | Mem:0.00M, Peak:0.00M | Scene, ViewLayer | Synchronizing object | Bronze outer astrolabe.002
Fra:1 Mem:141.94M (Peak 141.94M) | Time:00:00.17 | Mem:0.00M, Peak:0.00M | Scene, ViewLayer | Synchronizing object | Inclined inner astrolabe.002
Fra:1 Mem:141.99M (Peak 141.99M) | Time:00:00.17 | Mem:0.00M, Peak:0.00M | Scene, ViewLayer | Synchronizing object | Star-ring radial vane.016
Fra:1 Mem:142.02M (Peak 142.02M) | Time:00:00.17 | Mem:0.00M, Peak:0.00M | Scene, ViewLayer | Synchronizing object | Star-ring focus crystal.016
Fra:1 Mem:142.05M (Peak 142.05M) | Time:00:00.17 | Mem:0.00M, Peak:0.00M | Scene, ViewLayer | Synchronizing object | Star-ring radial vane.017
Fra:1 Mem:142.08M (Peak 142.08M) | Time:00:00.17 | Mem:0.00M, Peak:0.00M | Scene, ViewLayer | Synchronizing object | Star-ring focus crystal.017
Fra:1 Mem:142.12M (Peak 142.12M) | Time:00:00.17 | Mem:0.00M, Peak:0.00M | Scene, ViewLayer | Synchronizing object | Star-ring radial vane.018
Fra:1 Mem:142.15M (Peak 142.15M) | Time:00:00.17 | Mem:0.00M, Peak:0.00M | Scene, ViewLayer | Synchronizing object | Star-ring focus crystal.018
Fra:1 Mem:142.18M (Peak 142.18M) | Time:00:00.17 | Mem:0.00M, Peak:0.00M | Scene, ViewLayer | Synchronizing object | Star-ring radial vane.019
Fra:1 Mem:142.21M (Peak 142.21M) | Time:00:00.17 | Mem:0.00M, Peak:0.00M | Scene, ViewLayer | Synchronizing object | Star-ring focus crystal.019
Fra:1 Mem:142.24M (Peak 142.24M) | Time:00:00.17 | Mem:0.00M, Peak:0.00M | Scene, ViewLayer | Synchronizing object | Star-ring radial vane.020
Fra:1 Mem:142.27M (Peak 142.27M) | Time:00:00.17 | Mem:0.00M, Peak:0.00M | Scene, ViewLayer | Synchronizing object | Star-ring focus crystal.020
Fra:1 Mem:142.31M (Peak 142.31M) | Time:00:00.17 | Mem:0.00M, Peak:0.00M | Scene, ViewLayer | Synchronizing object | Star-ring radial vane.021
Fra:1 Mem:142.34M (Peak 142.34M) | Time:00:00.17 | Mem:0.00M, Peak:0.00M | Scene, ViewLayer | Synchronizing object | Star-ring focus crystal.021
Fra:1 Mem:142.37M (Peak 142.37M) | Time:00:00.17 | Mem:0.00M, Peak:0.00M | Scene, ViewLayer | Synchronizing object | Star-ring radial vane.022
Fra:1 Mem:142.40M (Peak 142.40M) | Time:00:00.17 | Mem:0.00M, Peak:0.00M | Scene, ViewLayer | Synchronizing object | Star-ring focus crystal.022
Fra:1 Mem:142.44M (Peak 142.44M) | Time:00:00.17 | Mem:0.00M, Peak:0.00M | Scene, ViewLayer | Synchronizing object | Star-ring radial vane.023
Fra:1 Mem:142.47M (Peak 142.47M) | Time:00:00.17 | Mem:0.00M, Peak:0.00M | Scene, ViewLayer | Synchronizing object | Star-ring focus crystal.023
Fra:1 Mem:142.50M (Peak 142.50M) | Time:00:00.17 | Mem:0.00M, Peak:0.00M | Scene, ViewLayer | Synchronizing object | Wing clasp.002
Fra:1 Mem:142.53M (Peak 142.53M) | Time:00:00.17 | Mem:0.00M, Peak:0.00M | Scene, ViewLayer | Synchronizing object | Trouser.010
Fra:1 Mem:142.57M (Peak 142.57M) | Time:00:00.17 | Mem:0.00M, Peak:0.00M | Scene, ViewLayer | Synchronizing object | Boot.010
Fra:1 Mem:142.59M (Peak 142.59M) | Time:00:00.17 | Mem:0.00M, Peak:0.00M | Scene, ViewLayer | Synchronizing object | Shin Guard.010
Fra:1 Mem:142.63M (Peak 142.63M) | Time:00:00.17 | Mem:0.00M, Peak:0.00M | Scene, ViewLayer | Synchronizing object | Knee Guard.010
Fra:1 Mem:142.66M (Peak 142.66M) | Time:00:00.17 | Mem:0.00M, Peak:0.00M | Scene, ViewLayer | Synchronizing object | Trouser.011
Fra:1 Mem:142.70M (Peak 142.70M) | Time:00:00.17 | Mem:0.00M, Peak:0.00M | Scene, ViewLayer | Synchronizing object | Boot.011
Fra:1 Mem:142.72M (Peak 142.72M) | Time:00:00.17 | Mem:0.00M, Peak:0.00M | Scene, ViewLayer | Synchronizing object | Shin Guard.011
Fra:1 Mem:142.75M (Peak 142.75M) | Time:00:00.17 | Mem:0.00M, Peak:0.00M | Scene, ViewLayer | Synchronizing object | Knee Guard.011
Fra:1 Mem:142.79M (Peak 142.79M) | Time:00:00.17 | Mem:0.00M, Peak:0.00M | Scene, ViewLayer | Synchronizing object | Breastplate.006
Fra:1 Mem:142.83M (Peak 142.83M) | Time:00:00.17 | Mem:0.00M, Peak:0.00M | Scene, ViewLayer | Synchronizing object | Belt.006
Fra:1 Mem:142.86M (Peak 142.86M) | Time:00:00.17 | Mem:0.00M, Peak:0.00M | Scene, ViewLayer | Synchronizing object | Buckle.006
Fra:1 Mem:142.89M (Peak 142.89M) | Time:00:00.17 | Mem:0.00M, Peak:0.00M | Scene, ViewLayer | Synchronizing object | Sleeve.012
Fra:1 Mem:142.92M (Peak 142.92M) | Time:00:00.17 | Mem:0.00M, Peak:0.00M | Scene, ViewLayer | Synchronizing object | Glove.012
Fra:1 Mem:142.96M (Peak 142.96M) | Time:00:00.17 | Mem:0.00M, Peak:0.00M | Scene, ViewLayer | Synchronizing object | Orb.002
Fra:1 Mem:142.99M (Peak 142.99M) | Time:00:00.17 | Mem:0.00M, Peak:0.00M | Scene, ViewLayer | Synchronizing object | Forearm Bracer.012
Fra:1 Mem:143.03M (Peak 143.03M) | Time:00:00.17 | Mem:0.00M, Peak:0.00M | Scene, ViewLayer | Synchronizing object | Cuff Trim.012
Fra:1 Mem:143.04M (Peak 143.04M) | Time:00:00.17 | Mem:0.00M, Peak:0.00M | Scene, ViewLayer | Synchronizing object | Tailored shoulder mantle.004
Fra:1 Mem:143.07M (Peak 143.07M) | Time:00:00.17 | Mem:0.00M, Peak:0.00M | Scene, ViewLayer | Synchronizing object | Sleeve.013
Fra:1 Mem:143.11M (Peak 143.11M) | Time:00:00.17 | Mem:0.00M, Peak:0.00M | Scene, ViewLayer | Synchronizing object | Glove.013
Fra:1 Mem:143.14M (Peak 143.14M) | Time:00:00.17 | Mem:0.00M, Peak:0.00M | Scene, ViewLayer | Synchronizing object | Forearm Bracer.013
Fra:1 Mem:143.18M (Peak 143.18M) | Time:00:00.17 | Mem:0.00M, Peak:0.00M | Scene, ViewLayer | Synchronizing object | Cuff Trim.013
Fra:1 Mem:143.19M (Peak 143.19M) | Time:00:00.17 | Mem:0.00M, Peak:0.00M | Scene, ViewLayer | Synchronizing object | Inlaid staff.002
Fra:1 Mem:143.20M (Peak 143.20M) | Time:00:00.17 | Mem:0.00M, Peak:0.00M | Scene, ViewLayer | Synchronizing object | Staff collar.002
Fra:1 Mem:143.22M (Peak 143.22M) | Time:00:00.17 | Mem:0.00M, Peak:0.00M | Scene, ViewLayer | Synchronizing object | Focus crystal.002
Fra:1 Mem:143.23M (Peak 143.23M) | Time:00:00.17 | Mem:0.00M, Peak:0.00M | Scene, ViewLayer | Synchronizing object | Crystal prong
Fra:1 Mem:143.25M (Peak 143.25M) | Time:00:00.17 | Mem:0.00M, Peak:0.00M | Scene, ViewLayer | Synchronizing object | Floating shard
Fra:1 Mem:143.28M (Peak 143.28M) | Time:00:00.17 | Mem:0.00M, Peak:0.00M | Scene, ViewLayer | Synchronizing object | Crystal prong.001
Fra:1 Mem:143.29M (Peak 143.29M) | Time:00:00.17 | Mem:0.00M, Peak:0.00M | Scene, ViewLayer | Synchronizing object | Floating shard.001
Fra:1 Mem:143.33M (Peak 143.33M) | Time:00:00.17 | Mem:0.00M, Peak:0.00M | Scene, ViewLayer | Synchronizing object | Staff rune
Fra:1 Mem:143.36M (Peak 143.36M) | Time:00:00.17 | Mem:0.00M, Peak:0.00M | Scene, ViewLayer | Synchronizing object | Staff rune.001
Fra:1 Mem:143.42M (Peak 143.42M) | Time:00:00.17 | Mem:0.00M, Peak:0.00M | Scene, ViewLayer | Synchronizing object | Staff rune.002
Fra:1 Mem:143.47M (Peak 143.47M) | Time:00:00.17 | Mem:0.00M, Peak:0.00M | Scene, ViewLayer | Synchronizing object | Star-ring radial vane.058
Fra:1 Mem:143.49M (Peak 143.49M) | Time:00:00.17 | Mem:0.00M, Peak:0.00M | Scene, ViewLayer | Synchronizing object | Staff forging mark
Fra:1 Mem:143.53M (Peak 143.53M) | Time:00:00.17 | Mem:0.00M, Peak:0.00M | Scene, ViewLayer | Synchronizing object | Star-ring focus crystal.057
Fra:1 Mem:143.56M (Peak 143.56M) | Time:00:00.17 | Mem:0.00M, Peak:0.00M | Scene, ViewLayer | Synchronizing object | Staff forging mark.001
Fra:1 Mem:143.59M (Peak 143.59M) | Time:00:00.17 | Mem:0.00M, Peak:0.00M | Scene, ViewLayer | Synchronizing object | Star-ring radial vane.057
Fra:1 Mem:143.62M (Peak 143.62M) | Time:00:00.17 | Mem:0.00M, Peak:0.00M | Scene, ViewLayer | Synchronizing object | Staff forging mark.002
Fra:1 Mem:143.66M (Peak 143.66M) | Time:00:00.17 | Mem:0.00M, Peak:0.00M | Scene, ViewLayer | Synchronizing object | Star-ring focus crystal.056
Fra:1 Mem:143.69M (Peak 143.69M) | Time:00:00.17 | Mem:0.00M, Peak:0.00M | Scene, ViewLayer | Synchronizing object | Staff forging mark.003
Fra:1 Mem:143.73M (Peak 143.73M) | Time:00:00.17 | Mem:0.00M, Peak:0.00M | Scene, ViewLayer | Synchronizing object | Star-ring radial vane.056
Fra:1 Mem:143.76M (Peak 143.76M) | Time:00:00.17 | Mem:0.00M, Peak:0.00M | Scene, ViewLayer | Synchronizing object | Staff forging mark.004
Fra:1 Mem:143.79M (Peak 143.79M) | Time:00:00.17 | Mem:0.00M, Peak:0.00M | Scene, ViewLayer | Synchronizing object | Inclined inner astrolabe.007
Fra:1 Mem:143.84M (Peak 143.84M) | Time:00:00.17 | Mem:0.00M, Peak:0.00M | Scene, ViewLayer | Synchronizing object | Staff forging mark.005
Fra:1 Mem:143.88M (Peak 143.88M) | Time:00:00.17 | Mem:0.00M, Peak:0.00M | Scene, ViewLayer | Synchronizing object | Bronze outer astrolabe.007
Fra:1 Mem:143.91M (Peak 143.91M) | Time:00:00.17 | Mem:0.00M, Peak:0.00M | Scene, ViewLayer | Synchronizing object | Staff forging mark.006
Fra:1 Mem:143.96M (Peak 143.96M) | Time:00:00.17 | Mem:0.00M, Peak:0.00M | Scene, ViewLayer | Synchronizing object | Forked contract bough.003
Fra:1 Mem:143.99M (Peak 143.99M) | Time:00:00.17 | Mem:0.00M, Peak:0.00M | Scene, ViewLayer | Synchronizing object | Staff forging mark.007
Fra:1 Mem:144.03M (Peak 144.03M) | Time:00:00.17 | Mem:0.00M, Peak:0.00M | Scene, ViewLayer | Synchronizing object | Forked contract bough.002
Fra:1 Mem:144.05M (Peak 144.05M) | Time:00:00.17 | Mem:0.00M, Peak:0.00M | Scene, ViewLayer | Synchronizing object | Staff forging mark.008
Fra:1 Mem:144.11M (Peak 144.11M) | Time:00:00.17 | Mem:0.00M, Peak:0.00M | Scene, ViewLayer | Synchronizing object | Contract branch ring.001
Fra:1 Mem:144.11M (Peak 144.11M) | Time:00:00.17 | Mem:0.00M, Peak:0.00M | Scene, ViewLayer | Synchronizing object | Staff forging mark.009
Fra:1 Mem:144.18M (Peak 144.18M) | Time:00:00.17 | Mem:0.00M, Peak:0.00M | Scene, ViewLayer | Synchronizing object | Weapon aura shard.004
Fra:1 Mem:144.22M (Peak 144.22M) | Time:00:00.17 | Mem:0.00M, Peak:0.00M | Scene, ViewLayer | Synchronizing object | Elder contract split clasp.003
Fra:1 Mem:144.25M (Peak 144.25M) | Time:00:00.17 | Mem:0.00M, Peak:0.00M | Scene, ViewLayer | Synchronizing object | Weapon aura shard.005
Fra:1 Mem:144.28M (Peak 144.28M) | Time:00:00.17 | Mem:0.00M, Peak:0.00M | Scene, ViewLayer | Synchronizing object | Elder contract split clasp.002
Fra:1 Mem:144.31M (Peak 144.31M) | Time:00:00.17 | Mem:0.00M, Peak:0.00M | Scene, ViewLayer | Synchronizing object | Tailored shoulder mantle.005
Fra:1 Mem:144.35M (Peak 144.35M) | Time:00:00.17 | Mem:0.00M, Peak:0.00M | Scene, ViewLayer | Synchronizing object | Hanging contract tablet.003
Fra:1 Mem:144.36M (Peak 144.36M) | Time:00:00.17 | Mem:0.00M, Peak:0.00M | Scene, ViewLayer | Synchronizing object | Tailored Cloak.006
Fra:1 Mem:144.39M (Peak 144.39M) | Time:00:00.17 | Mem:0.00M, Peak:0.00M | Scene, ViewLayer | Synchronizing object | Collar.006
Fra:1 Mem:144.40M (Peak 144.40M) | Time:00:00.17 | Mem:0.00M, Peak:0.00M | Scene, ViewLayer | Synchronizing object | Split contract shawl tail.007
Fra:1 Mem:144.42M (Peak 144.42M) | Time:00:00.17 | Mem:0.00M, Peak:0.00M | Scene, ViewLayer | Synchronizing object | Head.006
Fra:1 Mem:144.47M (Peak 144.47M) | Time:00:00.17 | Mem:0.00M, Peak:0.00M | Scene, ViewLayer | Synchronizing object | Hanging contract tablet.002
Fra:1 Mem:144.48M (Peak 144.48M) | Time:00:00.17 | Mem:0.00M, Peak:0.00M | Scene, ViewLayer | Synchronizing object | Eyes L.006
Fra:1 Mem:144.53M (Peak 144.53M) | Time:00:00.17 | Mem:0.00M, Peak:0.00M | Scene, ViewLayer | Synchronizing object | Split contract shawl tail.006
Fra:1 Mem:144.54M (Peak 144.54M) | Time:00:00.17 | Mem:0.00M, Peak:0.00M | Scene, ViewLayer | Synchronizing object | Eyes R.006
Fra:1 Mem:144.60M (Peak 144.60M) | Time:00:00.17 | Mem:0.00M, Peak:0.00M | Scene, ViewLayer | Synchronizing object | Costume fastening.011
Fra:1 Mem:144.60M (Peak 144.60M) | Time:00:00.17 | Mem:0.00M, Peak:0.00M | Scene, ViewLayer | Synchronizing object | Hat Brim.002
Fra:1 Mem:144.64M (Peak 144.64M) | Time:00:00.17 | Mem:0.00M, Peak:0.00M | Scene, ViewLayer | Synchronizing object | Hat Gem.002
Fra:1 Mem:144.67M (Peak 144.67M) | Time:00:00.17 | Mem:0.00M, Peak:0.00M | Scene, ViewLayer | Synchronizing object | Contract chest crystal.003
Fra:1 Mem:144.67M (Peak 144.67M) | Time:00:00.17 | Mem:0.00M, Peak:0.00M | Scene, ViewLayer | Synchronizing object | Spirit ritual bib.003
Fra:1 Mem:144.70M (Peak 144.70M) | Time:00:00.17 | Mem:0.00M, Peak:0.00M | Scene, ViewLayer | Synchronizing object | Hair Side Lock.012
Fra:1 Mem:144.74M (Peak 144.74M) | Time:00:00.17 | Mem:0.00M, Peak:0.00M | Scene, ViewLayer | Synchronizing object | Elder contract crown branch.003
Fra:1 Mem:144.77M (Peak 144.77M) | Time:00:00.17 | Mem:0.00M, Peak:0.00M | Scene, ViewLayer | Synchronizing object | Ear.012
Fra:1 Mem:144.82M (Peak 144.82M) | Time:00:00.17 | Mem:0.00M, Peak:0.00M | Scene, ViewLayer | Synchronizing object | Contract crown outer fork.003
Fra:1 Mem:144.82M (Peak 144.82M) | Time:00:00.17 | Mem:0.00M, Peak:0.00M | Scene, ViewLayer | Synchronizing object | Hair Side Lock.013
Fra:1 Mem:144.89M (Peak 144.89M) | Time:00:00.17 | Mem:0.00M, Peak:0.00M | Scene, ViewLayer | Synchronizing object | Elder contract crown branch.002
Fra:1 Mem:144.91M (Peak 144.91M) | Time:00:00.17 | Mem:0.00M, Peak:0.00M | Scene, ViewLayer | Synchronizing object | Ear.013
Fra:1 Mem:144.96M (Peak 144.96M) | Time:00:00.17 | Mem:0.00M, Peak:0.00M | Scene, ViewLayer | Synchronizing object | Contract crown outer fork.002
Fra:1 Mem:144.96M (Peak 144.96M) | Time:00:00.17 | Mem:0.00M, Peak:0.00M | Scene, ViewLayer | Synchronizing object | Nose.006
Fra:1 Mem:145.03M (Peak 145.03M) | Time:00:00.17 | Mem:0.00M, Peak:0.00M | Scene, ViewLayer | Synchronizing object | Moonstone circlet.003
Fra:1 Mem:145.07M (Peak 145.07M) | Time:00:00.17 | Mem:0.00M, Peak:0.00M | Scene, ViewLayer | Synchronizing object | Spirit antler branch.007
Fra:1 Mem:145.11M (Peak 145.11M) | Time:00:00.17 | Mem:0.00M, Peak:0.00M | Scene, ViewLayer | Synchronizing object | Spirit antler.007
Fra:1 Mem:145.14M (Peak 145.14M) | Time:00:00.17 | Mem:0.00M, Peak:0.00M | Scene, ViewLayer | Synchronizing object | Scholar rear high collar.004
Fra:1 Mem:145.17M (Peak 145.17M) | Time:00:00.17 | Mem:0.00M, Peak:0.00M | Scene, ViewLayer | Synchronizing object | Spirit antler branch.006
Fra:1 Mem:145.21M (Peak 145.21M) | Time:00:00.17 | Mem:0.00M, Peak:0.00M | Scene, ViewLayer | Synchronizing object | Scholar rear high collar.005
Fra:1 Mem:145.24M (Peak 145.24M) | Time:00:00.17 | Mem:0.00M, Peak:0.00M | Scene, ViewLayer | Synchronizing object | Spirit antler.006
Fra:1 Mem:145.28M (Peak 145.28M) | Time:00:00.17 | Mem:0.00M, Peak:0.00M | Scene, ViewLayer | Synchronizing object | Equipped robe skirt.002
Fra:1 Mem:145.29M (Peak 145.29M) | Time:00:00.17 | Mem:0.00M, Peak:0.00M | Scene, ViewLayer | Synchronizing object | Embroidered robe panel.004
Fra:1 Mem:145.30M (Peak 145.30M) | Time:00:00.17 | Mem:0.00M, Peak:0.00M | Scene, ViewLayer | Synchronizing object | Nose.015
Fra:1 Mem:145.36M (Peak 145.36M) | Time:00:00.17 | Mem:0.00M, Peak:0.00M | Scene, ViewLayer | Synchronizing object | Robe metal seam.004
Fra:1 Mem:145.38M (Peak 145.38M) | Time:00:00.18 | Mem:0.00M, Peak:0.00M | Scene, ViewLayer | Synchronizing object | Embroidered robe panel.005
Fra:1 Mem:145.41M (Peak 145.41M) | Time:00:00.18 | Mem:0.00M, Peak:0.00M | Scene, ViewLayer | Synchronizing object | Robe metal seam.005
Fra:1 Mem:145.44M (Peak 145.44M) | Time:00:00.18 | Mem:0.00M, Peak:0.00M | Scene, ViewLayer | Synchronizing object | Costume fastening.002
Fra:1 Mem:145.48M (Peak 145.48M) | Time:00:00.18 | Mem:0.00M, Peak:0.00M | Scene, ViewLayer | Synchronizing object | Scholar split side lining.004
Fra:1 Mem:145.51M (Peak 145.51M) | Time:00:00.18 | Mem:0.00M, Peak:0.00M | Scene, ViewLayer | Synchronizing object | Raised scholar collar
Fra:1 Mem:145.53M (Peak 145.53M) | Time:00:00.18 | Mem:0.00M, Peak:0.00M | Scene, ViewLayer | Synchronizing object | Split scholar rear stole
Fra:1 Mem:145.56M (Peak 145.56M) | Time:00:00.18 | Mem:0.00M, Peak:0.00M | Scene, ViewLayer | Synchronizing object | Arch scholar star ray
Fra:1 Mem:145.59M (Peak 145.59M) | Time:00:00.18 | Mem:0.00M, Peak:0.00M | Scene, ViewLayer | Synchronizing object | Scholar split side lining.005
Fra:1 Mem:145.65M (Peak 145.65M) | Time:00:00.18 | Mem:0.00M, Peak:0.00M | Scene, ViewLayer | Synchronizing object | Raised scholar collar.001
Fra:1 Mem:145.68M (Peak 145.68M) | Time:00:00.18 | Mem:0.00M, Peak:0.00M | Scene, ViewLayer | Synchronizing object | Hair Side Lock.031
Fra:1 Mem:145.71M (Peak 145.71M) | Time:00:00.18 | Mem:0.00M, Peak:0.00M | Scene, ViewLayer | Synchronizing object | Split scholar rear stole.001
Fra:1 Mem:145.75M (Peak 145.75M) | Time:00:00.18 | Mem:0.00M, Peak:0.00M | Scene, ViewLayer | Synchronizing object | Ear.030
Fra:1 Mem:145.76M (Peak 145.76M) | Time:00:00.18 | Mem:0.00M, Peak:0.00M | Scene, ViewLayer | Synchronizing object | Arch scholar star ray.001
Fra:1 Mem:145.82M (Peak 145.82M) | Time:00:00.18 | Mem:0.00M, Peak:0.00M | Scene, ViewLayer | Synchronizing object | Scholar orbit yoke
Fra:1 Mem:145.82M (Peak 145.82M) | Time:00:00.18 | Mem:0.00M, Peak:0.00M | Scene, ViewLayer | Synchronizing object | Hair Side Lock.030
Fra:1 Mem:145.90M (Peak 145.90M) | Time:00:00.18 | Mem:0.00M, Peak:0.00M | Scene, ViewLayer | Synchronizing object | Eyes R.015
Fra:1 Mem:145.91M (Peak 145.91M) | Time:00:00.18 | Mem:0.00M, Peak:0.00M | Scene, ViewLayer | Synchronizing object | Arch scholar under-robe hem
Fra:1 Mem:145.97M (Peak 145.97M) | Time:00:00.18 | Mem:0.00M, Peak:0.00M | Scene, ViewLayer | Synchronizing object | Eyes L.015
Fra:1 Mem:145.97M (Peak 145.97M) | Time:00:00.18 | Mem:0.00M, Peak:0.00M | Scene, ViewLayer | Synchronizing object | Stitched star-chart point
Fra:1 Mem:146.00M (Peak 146.00M) | Time:00:00.18 | Mem:0.00M, Peak:0.00M | Scene, ViewLayer | Synchronizing object | Stitched star-chart point.001
Fra:1 Mem:146.03M (Peak 146.03M) | Time:00:00.18 | Mem:0.00M, Peak:0.00M | Scene, ViewLayer | Synchronizing object | Stitched star-chart point.002
Fra:1 Mem:146.06M (Peak 146.06M) | Time:00:00.18 | Mem:0.00M, Peak:0.00M | Scene, ViewLayer | Synchronizing object | Astrolabe chest frame
Fra:1 Mem:146.11M (Peak 146.11M) | Time:00:00.18 | Mem:0.00M, Peak:0.00M | Scene, ViewLayer | Synchronizing object | Master chart collar fin
Fra:1 Mem:146.14M (Peak 146.14M) | Time:00:00.18 | Mem:0.00M, Peak:0.00M | Scene, ViewLayer | Synchronizing object | Master chart collar fin.001
Fra:1 Mem:146.17M (Peak 146.17M) | Time:00:00.18 | Mem:0.00M, Peak:0.00M | Scene, ViewLayer | Synchronizing object | Trouser.012
Fra:1 Mem:146.24M (Peak 146.24M) | Time:00:00.18 | Mem:0.00M, Peak:0.00M | Scene, ViewLayer | Synchronizing object | Boot.012
Fra:1 Mem:146.24M (Peak 146.24M) | Time:00:00.18 | Mem:0.00M, Peak:0.00M | Scene, ViewLayer | Synchronizing object | Head.015
Fra:1 Mem:146.28M (Peak 146.28M) | Time:00:00.18 | Mem:0.00M, Peak:0.00M | Scene, ViewLayer | Synchronizing object | Shin Guard.012
Fra:1 Mem:146.32M (Peak 146.32M) | Time:00:00.18 | Mem:0.00M, Peak:0.00M | Scene, ViewLayer | Synchronizing object | Collar.015
Fra:1 Mem:146.34M (Peak 146.34M) | Time:00:00.18 | Mem:0.00M, Peak:0.00M | Scene, ViewLayer | Synchronizing object | Knee Guard.012
Fra:1 Mem:146.34M (Peak 146.34M) | Time:00:00.18 | Mem:0.00M, Peak:0.00M | Scene, ViewLayer | Synchronizing object | Tailored Cloak.015
Fra:1 Mem:146.38M (Peak 146.38M) | Time:00:00.18 | Mem:0.00M, Peak:0.00M | Scene, ViewLayer | Synchronizing object | Master contract leaf.003
Fra:1 Mem:146.39M (Peak 146.39M) | Time:00:00.18 | Mem:0.00M, Peak:0.00M | Scene, ViewLayer | Synchronizing object | Trouser.013
Fra:1 Mem:146.39M (Peak 146.39M) | Time:00:00.18 | Mem:0.00M, Peak:0.00M | Scene, ViewLayer | Synchronizing object | Divided contract shoulder fan.003
Fra:1 Mem:146.43M (Peak 146.43M) | Time:00:00.18 | Mem:0.00M, Peak:0.00M | Scene, ViewLayer | Synchronizing object | Tiered leaf shoulder.023
Fra:1 Mem:146.44M (Peak 146.44M) | Time:00:00.18 | Mem:0.00M, Peak:0.00M | Scene, ViewLayer | Synchronizing object | Tiered leaf shoulder.022
Fra:1 Mem:146.45M (Peak 146.45M) | Time:00:00.18 | Mem:0.00M, Peak:0.00M | Scene, ViewLayer | Synchronizing object | Boot.013
Fra:1 Mem:146.45M (Peak 146.45M) | Time:00:00.18 | Mem:0.00M, Peak:0.00M | Scene, ViewLayer | Synchronizing object | Tiered leaf shoulder.021
Fra:1 Mem:146.47M (Peak 146.47M) | Time:00:00.18 | Mem:0.00M, Peak:0.00M | Scene, ViewLayer | Synchronizing object | Fashion focus fin.007
Fra:1 Mem:146.47M (Peak 146.47M) | Time:00:00.18 | Mem:0.00M, Peak:0.00M | Scene, ViewLayer | Synchronizing object | Shin Guard.013
Fra:1 Mem:146.55M (Peak 146.55M) | Time:00:00.18 | Mem:0.00M, Peak:0.00M | Scene, ViewLayer | Synchronizing object | Knee Guard.013
Fra:1 Mem:146.58M (Peak 146.58M) | Time:00:00.18 | Mem:0.00M, Peak:0.00M | Scene, ViewLayer | Synchronizing object | Fashion focus fin.006
Fra:1 Mem:146.63M (Peak 146.63M) | Time:00:00.18 | Mem:0.00M, Peak:0.00M | Scene, ViewLayer | Synchronizing object | Breastplate.007
Fra:1 Mem:146.66M (Peak 146.66M) | Time:00:00.18 | Mem:0.00M, Peak:0.00M | Scene, ViewLayer | Synchronizing object | Fashion focus collar.003
Fra:1 Mem:146.72M (Peak 146.72M) | Time:00:00.18 | Mem:0.00M, Peak:0.00M | Scene, ViewLayer | Synchronizing object | Belt.007
Fra:1 Mem:146.75M (Peak 146.75M) | Time:00:00.18 | Mem:0.00M, Peak:0.00M | Scene, ViewLayer | Synchronizing object | Weapon aura shard.015
Fra:1 Mem:146.78M (Peak 146.78M) | Time:00:00.18 | Mem:0.00M, Peak:0.00M | Scene, ViewLayer | Synchronizing object | Buckle.007
Fra:1 Mem:146.82M (Peak 146.82M) | Time:00:00.18 | Mem:0.00M, Peak:0.00M | Scene, ViewLayer | Synchronizing object | Weapon aura shard.014
Fra:1 Mem:146.84M (Peak 146.84M) | Time:00:00.18 | Mem:0.00M, Peak:0.00M | Scene, ViewLayer | Synchronizing object | Sleeve.014
Fra:1 Mem:146.89M (Peak 146.89M) | Time:00:00.18 | Mem:0.00M, Peak:0.00M | Scene, ViewLayer | Synchronizing object | Staff forging mark.039
Fra:1 Mem:146.91M (Peak 146.91M) | Time:00:00.18 | Mem:0.00M, Peak:0.00M | Scene, ViewLayer | Synchronizing object | Glove.014
Fra:1 Mem:146.96M (Peak 146.96M) | Time:00:00.18 | Mem:0.00M, Peak:0.00M | Scene, ViewLayer | Synchronizing object | Staff forging mark.038
Fra:1 Mem:146.98M (Peak 146.98M) | Time:00:00.18 | Mem:0.00M, Peak:0.00M | Scene, ViewLayer | Synchronizing object | Orb.003
Fra:1 Mem:147.02M (Peak 147.02M) | Time:00:00.18 | Mem:0.00M, Peak:0.00M | Scene, ViewLayer | Synchronizing object | Staff forging mark.037
Fra:1 Mem:147.06M (Peak 147.06M) | Time:00:00.18 | Mem:0.00M, Peak:0.00M | Scene, ViewLayer | Synchronizing object | Forearm Bracer.014
Fra:1 Mem:147.09M (Peak 147.09M) | Time:00:00.18 | Mem:0.00M, Peak:0.00M | Scene, ViewLayer | Synchronizing object | Staff forging mark.036
Fra:1 Mem:147.13M (Peak 147.13M) | Time:00:00.18 | Mem:0.00M, Peak:0.00M | Scene, ViewLayer | Synchronizing object | Cuff Trim.014
Fra:1 Mem:147.15M (Peak 147.15M) | Time:00:00.18 | Mem:0.00M, Peak:0.00M | Scene, ViewLayer | Synchronizing object | Staff forging mark.035
Fra:1 Mem:147.16M (Peak 147.16M) | Time:00:00.18 | Mem:0.00M, Peak:0.00M | Scene, ViewLayer | Synchronizing object | Tailored shoulder mantle.006
Fra:1 Mem:147.22M (Peak 147.22M) | Time:00:00.18 | Mem:0.00M, Peak:0.00M | Scene, ViewLayer | Synchronizing object | Staff forging mark.034
Fra:1 Mem:147.21M (Peak 147.22M) | Time:00:00.18 | Mem:0.00M, Peak:0.00M | Scene, ViewLayer | Synchronizing object | Sleeve.015
Fra:1 Mem:147.28M (Peak 147.28M) | Time:00:00.18 | Mem:0.00M, Peak:0.00M | Scene, ViewLayer | Synchronizing object | Staff forging mark.033
Fra:1 Mem:147.31M (Peak 147.31M) | Time:00:00.18 | Mem:0.00M, Peak:0.00M | Scene, ViewLayer | Synchronizing object | Glove.015
Fra:1 Mem:147.35M (Peak 147.35M) | Time:00:00.18 | Mem:0.00M, Peak:0.00M | Scene, ViewLayer | Synchronizing object | Staff forging mark.032
Fra:1 Mem:147.38M (Peak 147.38M) | Time:00:00.18 | Mem:0.00M, Peak:0.00M | Scene, ViewLayer | Synchronizing object | Forearm Bracer.015
Fra:1 Mem:147.42M (Peak 147.42M) | Time:00:00.18 | Mem:0.00M, Peak:0.00M | Scene, ViewLayer | Synchronizing object | Staff forging mark.031
Fra:1 Mem:147.46M (Peak 147.46M) | Time:00:00.18 | Mem:0.00M, Peak:0.00M | Scene, ViewLayer | Synchronizing object | Cuff Trim.015
Fra:1 Mem:147.47M (Peak 147.47M) | Time:00:00.18 | Mem:0.00M, Peak:0.00M | Scene, ViewLayer | Synchronizing object | Staff forging mark.030
Fra:1 Mem:147.51M (Peak 147.51M) | Time:00:00.18 | Mem:0.00M, Peak:0.00M | Scene, ViewLayer | Synchronizing object | Staff rune.011
Fra:1 Mem:147.53M (Peak 147.53M) | Time:00:00.18 | Mem:0.00M, Peak:0.00M | Scene, ViewLayer | Synchronizing object | Inlaid staff.003
Fra:1 Mem:147.55M (Peak 147.55M) | Time:00:00.18 | Mem:0.00M, Peak:0.00M | Scene, ViewLayer | Synchronizing object | Staff collar.003
Fra:1 Mem:147.56M (Peak 147.56M) | Time:00:00.18 | Mem:0.00M, Peak:0.00M | Scene, ViewLayer | Synchronizing object | Staff rune.010
Fra:1 Mem:147.59M (Peak 147.59M) | Time:00:00.18 | Mem:0.00M, Peak:0.00M | Scene, ViewLayer | Synchronizing object | Focus crystal.003
Fra:1 Mem:147.62M (Peak 147.62M) | Time:00:00.18 | Mem:0.00M, Peak:0.00M | Scene, ViewLayer | Synchronizing object | Crystal prong.002
Fra:1 Mem:147.62M (Peak 147.62M) | Time:00:00.18 | Mem:0.00M, Peak:0.00M | Scene, ViewLayer | Synchronizing object | Staff rune.009
Fra:1 Mem:147.66M (Peak 147.66M) | Time:00:00.18 | Mem:0.00M, Peak:0.00M | Scene, ViewLayer | Synchronizing object | Floating shard.002
Fra:1 Mem:147.69M (Peak 147.69M) | Time:00:00.18 | Mem:0.00M, Peak:0.00M | Scene, ViewLayer | Synchronizing object | Floating shard.007
Fra:1 Mem:147.73M (Peak 147.73M) | Time:00:00.18 | Mem:0.00M, Peak:0.00M | Scene, ViewLayer | Synchronizing object | Crystal prong.003
Fra:1 Mem:147.74M (Peak 147.74M) | Time:00:00.18 | Mem:0.00M, Peak:0.00M | Scene, ViewLayer | Synchronizing object | Crystal prong.007
Fra:1 Mem:147.75M (Peak 147.75M) | Time:00:00.18 | Mem:0.00M, Peak:0.00M | Scene, ViewLayer | Synchronizing object | Floating shard.003
Fra:1 Mem:147.78M (Peak 147.78M) | Time:00:00.18 | Mem:0.00M, Peak:0.00M | Scene, ViewLayer | Synchronizing object | Floating shard.006
Fra:1 Mem:147.83M (Peak 147.83M) | Time:00:00.18 | Mem:0.00M, Peak:0.00M | Scene, ViewLayer | Synchronizing object | Staff rune.003
Fra:1 Mem:147.86M (Peak 147.86M) | Time:00:00.18 | Mem:0.00M, Peak:0.00M | Scene, ViewLayer | Synchronizing object | Staff rune.004
Fra:1 Mem:147.90M (Peak 147.90M) | Time:00:00.18 | Mem:0.00M, Peak:0.00M | Scene, ViewLayer | Synchronizing object | Staff rune.005
Fra:1 Mem:147.93M (Peak 147.93M) | Time:00:00.18 | Mem:0.00M, Peak:0.00M | Scene, ViewLayer | Synchronizing object | Staff forging mark.010
Fra:1 Mem:147.96M (Peak 147.96M) | Time:00:00.18 | Mem:0.00M, Peak:0.00M | Scene, ViewLayer | Synchronizing object | Staff forging mark.011
Fra:1 Mem:148.00M (Peak 148.00M) | Time:00:00.18 | Mem:0.00M, Peak:0.00M | Scene, ViewLayer | Synchronizing object | Staff forging mark.012
Fra:1 Mem:148.03M (Peak 148.03M) | Time:00:00.18 | Mem:0.00M, Peak:0.00M | Scene, ViewLayer | Synchronizing object | Staff forging mark.013
Fra:1 Mem:148.07M (Peak 148.07M) | Time:00:00.18 | Mem:0.00M, Peak:0.00M | Scene, ViewLayer | Synchronizing object | Staff forging mark.014
Fra:1 Mem:148.10M (Peak 148.10M) | Time:00:00.18 | Mem:0.00M, Peak:0.00M | Scene, ViewLayer | Synchronizing object | Staff forging mark.015
Fra:1 Mem:148.14M (Peak 148.14M) | Time:00:00.18 | Mem:0.00M, Peak:0.00M | Scene, ViewLayer | Synchronizing object | Staff forging mark.016
Fra:1 Mem:148.17M (Peak 148.17M) | Time:00:00.18 | Mem:0.00M, Peak:0.00M | Scene, ViewLayer | Synchronizing object | Staff forging mark.017
Fra:1 Mem:148.21M (Peak 148.21M) | Time:00:00.18 | Mem:0.00M, Peak:0.00M | Scene, ViewLayer | Synchronizing object | Staff forging mark.018
Fra:1 Mem:148.24M (Peak 148.24M) | Time:00:00.18 | Mem:0.00M, Peak:0.00M | Scene, ViewLayer | Synchronizing object | Staff forging mark.019
Fra:1 Mem:148.27M (Peak 148.27M) | Time:00:00.18 | Mem:0.00M, Peak:0.00M | Scene, ViewLayer | Synchronizing object | Weapon aura shard.006
Fra:1 Mem:148.31M (Peak 148.31M) | Time:00:00.18 | Mem:0.00M, Peak:0.00M | Scene, ViewLayer | Synchronizing object | Weapon aura shard.007
Fra:1 Mem:148.34M (Peak 148.34M) | Time:00:00.18 | Mem:0.00M, Peak:0.00M | Scene, ViewLayer | Synchronizing object | Fashion focus collar.001
Fra:1 Mem:148.39M (Peak 148.39M) | Time:00:00.18 | Mem:0.00M, Peak:0.00M | Scene, ViewLayer | Synchronizing object | Fashion focus fin.002
Fra:1 Mem:148.44M (Peak 148.44M) | Time:00:00.18 | Mem:0.00M, Peak:0.00M | Scene, ViewLayer | Synchronizing object | Fashion focus fin.003
Fra:1 Mem:148.49M (Peak 148.49M) | Time:00:00.18 | Mem:0.00M, Peak:0.00M | Scene, ViewLayer | Synchronizing object | Tailored shoulder mantle.007
Fra:1 Mem:148.52M (Peak 148.52M) | Time:00:00.18 | Mem:0.00M, Peak:0.00M | Scene, ViewLayer | Synchronizing object | Tailored Cloak.007
Fra:1 Mem:148.54M (Peak 148.54M) | Time:00:00.18 | Mem:0.00M, Peak:0.00M | Scene, ViewLayer | Synchronizing object | Collar.007
Fra:1 Mem:148.55M (Peak 148.55M) | Time:00:00.18 | Mem:0.00M, Peak:0.00M | Scene, ViewLayer | Synchronizing object | Head.007
Fra:1 Mem:148.58M (Peak 148.58M) | Time:00:00.18 | Mem:0.00M, Peak:0.00M | Scene, ViewLayer | Synchronizing object | Eyes L.007
Fra:1 Mem:148.62M (Peak 148.62M) | Time:00:00.18 | Mem:0.00M, Peak:0.00M | Scene, ViewLayer | Synchronizing object | Eyes R.007
Fra:1 Mem:148.65M (Peak 148.65M) | Time:00:00.18 | Mem:0.00M, Peak:0.00M | Scene, ViewLayer | Synchronizing object | Hat Brim.003
Fra:1 Mem:148.66M (Peak 148.66M) | Time:00:00.18 | Mem:0.00M, Peak:0.00M | Scene, ViewLayer | Synchronizing object | Hat Gem.003
Fra:1 Mem:148.70M (Peak 148.70M) | Time:00:00.18 | Mem:0.00M, Peak:0.00M | Scene, ViewLayer | Synchronizing object | Hair Side Lock.014
Fra:1 Mem:148.73M (Peak 148.73M) | Time:00:00.18 | Mem:0.00M, Peak:0.00M | Scene, ViewLayer | Synchronizing object | Ear.014
Fra:1 Mem:148.77M (Peak 148.77M) | Time:00:00.18 | Mem:0.00M, Peak:0.00M | Scene, ViewLayer | Synchronizing object | Hair Side Lock.015
Fra:1 Mem:148.81M (Peak 148.81M) | Time:00:00.18 | Mem:0.00M, Peak:0.00M | Scene, ViewLayer | Synchronizing object | Ear.015
Fra:1 Mem:148.84M (Peak 148.84M) | Time:00:00.18 | Mem:0.00M, Peak:0.00M | Scene, ViewLayer | Synchronizing object | Nose.007
Fra:1 Mem:148.87M (Peak 148.87M) | Time:00:00.18 | Mem:0.00M, Peak:0.00M | Scene, ViewLayer | Synchronizing object | Pointed Wizard Hat.003
Fra:1 Mem:148.88M (Peak 148.88M) | Time:00:00.18 | Mem:0.00M, Peak:0.00M | Scene, ViewLayer | Synchronizing object | Scholar rear high collar.006
Fra:1 Mem:148.92M (Peak 148.92M) | Time:00:00.18 | Mem:0.00M, Peak:0.00M | Scene, ViewLayer | Synchronizing object | Scholar rear high collar.007
Fra:1 Mem:148.95M (Peak 148.95M) | Time:00:00.18 | Mem:0.00M, Peak:0.00M | Scene, ViewLayer | Synchronizing object | Focus crystal.007
Fra:1 Mem:148.97M (Peak 148.97M) | Time:00:00.18 | Mem:0.00M, Peak:0.00M | Scene, ViewLayer | Synchronizing object | Equipped robe skirt.003
Fra:1 Mem:148.98M (Peak 148.98M) | Time:00:00.18 | Mem:0.00M, Peak:0.00M | Scene, ViewLayer | Synchronizing object | Staff collar.007
Fra:1 Mem:148.98M (Peak 148.98M) | Time:00:00.18 | Mem:0.00M, Peak:0.00M | Scene, ViewLayer | Synchronizing object | Embroidered robe panel.006
Fra:1 Mem:149.01M (Peak 149.01M) | Time:00:00.18 | Mem:0.00M, Peak:0.00M | Scene, ViewLayer | Synchronizing object | Inlaid staff.007
Fra:1 Mem:149.03M (Peak 149.03M) | Time:00:00.18 | Mem:0.00M, Peak:0.00M | Scene, ViewLayer | Synchronizing object | Cuff Trim.031
Fra:1 Mem:149.03M (Peak 149.03M) | Time:00:00.18 | Mem:0.00M, Peak:0.00M | Scene, ViewLayer | Synchronizing object | Robe metal seam.006
Fra:1 Mem:149.07M (Peak 149.07M) | Time:00:00.18 | Mem:0.00M, Peak:0.00M | Scene, ViewLayer | Synchronizing object | Forearm Bracer.031
Fra:1 Mem:149.10M (Peak 149.10M) | Time:00:00.18 | Mem:0.00M, Peak:0.00M | Scene, ViewLayer | Synchronizing object | Embroidered robe panel.007
Fra:1 Mem:149.13M (Peak 149.13M) | Time:00:00.18 | Mem:0.00M, Peak:0.00M | Scene, ViewLayer | Synchronizing object | Glove.031
Fra:1 Mem:149.16M (Peak 149.16M) | Time:00:00.18 | Mem:0.00M, Peak:0.00M | Scene, ViewLayer | Synchronizing object | Robe metal seam.007
Fra:1 Mem:149.20M (Peak 149.20M) | Time:00:00.18 | Mem:0.00M, Peak:0.00M | Scene, ViewLayer | Synchronizing object | Sleeve.031
Fra:1 Mem:149.22M (Peak 149.22M) | Time:00:00.18 | Mem:0.00M, Peak:0.00M | Scene, ViewLayer | Synchronizing object | Costume fastening.003
Fra:1 Mem:149.27M (Peak 149.27M) | Time:00:00.18 | Mem:0.00M, Peak:0.00M | Scene, ViewLayer | Synchronizing object | Master contract leaf.002
Fra:1 Mem:149.28M (Peak 149.28M) | Time:00:00.18 | Mem:0.00M, Peak:0.00M | Scene, ViewLayer | Synchronizing object | Scholar split side lining.006
Fra:1 Mem:149.30M (Peak 149.30M) | Time:00:00.18 | Mem:0.00M, Peak:0.00M | Scene, ViewLayer | Synchronizing object | Divided contract shoulder fan.002
Fra:1 Mem:149.31M (Peak 149.31M) | Time:00:00.18 | Mem:0.00M, Peak:0.00M | Scene, ViewLayer | Synchronizing object | Tiered leaf shoulder.020
Fra:1 Mem:149.32M (Peak 149.32M) | Time:00:00.18 | Mem:0.00M, Peak:0.00M | Scene, ViewLayer | Synchronizing object | Raised scholar collar.002
Fra:1 Mem:149.34M (Peak 149.34M) | Time:00:00.18 | Mem:0.00M, Peak:0.00M | Scene, ViewLayer | Synchronizing object | Tiered leaf shoulder.019
Fra:1 Mem:149.35M (Peak 149.35M) | Time:00:00.18 | Mem:0.00M, Peak:0.00M | Scene, ViewLayer | Synchronizing object | Tiered leaf shoulder.018
Fra:1 Mem:149.36M (Peak 149.36M) | Time:00:00.18 | Mem:0.00M, Peak:0.00M | Scene, ViewLayer | Synchronizing object | Split scholar rear stole.002
Fra:1 Mem:149.39M (Peak 149.39M) | Time:00:00.18 | Mem:0.00M, Peak:0.00M | Scene, ViewLayer | Synchronizing object | Cuff Trim.030
Fra:1 Mem:149.40M (Peak 149.40M) | Time:00:00.18 | Mem:0.00M, Peak:0.00M | Scene, ViewLayer | Synchronizing object | Arch scholar star ray.002
Fra:1 Mem:149.41M (Peak 149.41M) | Time:00:00.18 | Mem:0.00M, Peak:0.00M | Scene, ViewLayer | Synchronizing object | Forearm Bracer.030
Fra:1 Mem:149.46M (Peak 149.46M) | Time:00:00.18 | Mem:0.00M, Peak:0.00M | Scene, ViewLayer | Synchronizing object | Scholar split side lining.007
Fra:1 Mem:149.49M (Peak 149.49M) | Time:00:00.18 | Mem:0.00M, Peak:0.00M | Scene, ViewLayer | Synchronizing object | Orb.007
Fra:1 Mem:149.53M (Peak 149.53M) | Time:00:00.18 | Mem:0.00M, Peak:0.00M | Scene, ViewLayer | Synchronizing object | Raised scholar collar.003
Fra:1 Mem:149.56M (Peak 149.56M) | Time:00:00.18 | Mem:0.00M, Peak:0.00M | Scene, ViewLayer | Synchronizing object | Glove.030
Fra:1 Mem:149.59M (Peak 149.59M) | Time:00:00.18 | Mem:0.00M, Peak:0.00M | Scene, ViewLayer | Synchronizing object | Split scholar rear stole.003
Fra:1 Mem:149.62M (Peak 149.62M) | Time:00:00.18 | Mem:0.00M, Peak:0.00M | Scene, ViewLayer | Synchronizing object | Sleeve.030
Fra:1 Mem:149.66M (Peak 149.66M) | Time:00:00.18 | Mem:0.00M, Peak:0.00M | Scene, ViewLayer | Synchronizing object | Arch scholar star ray.003
Fra:1 Mem:149.69M (Peak 149.69M) | Time:00:00.18 | Mem:0.00M, Peak:0.00M | Scene, ViewLayer | Synchronizing object | Buckle.015
Fra:1 Mem:149.71M (Peak 149.71M) | Time:00:00.18 | Mem:0.00M, Peak:0.00M | Scene, ViewLayer | Synchronizing object | Scholar orbit yoke.001
Fra:1 Mem:149.76M (Peak 149.76M) | Time:00:00.18 | Mem:0.00M, Peak:0.00M | Scene, ViewLayer | Synchronizing object | Belt.015
Fra:1 Mem:149.80M (Peak 149.80M) | Time:00:00.18 | Mem:0.00M, Peak:0.00M | Scene, ViewLayer | Synchronizing object | Arch scholar under-robe hem.001
Fra:1 Mem:149.82M (Peak 149.82M) | Time:00:00.18 | Mem:0.00M, Peak:0.00M | Scene, ViewLayer | Synchronizing object | Breastplate.015
Fra:1 Mem:149.86M (Peak 149.86M) | Time:00:00.18 | Mem:0.00M, Peak:0.00M | Scene, ViewLayer | Synchronizing object | Stitched star-chart point.003
Fra:1 Mem:149.89M (Peak 149.89M) | Time:00:00.18 | Mem:0.00M, Peak:0.00M | Scene, ViewLayer | Synchronizing object | Knee Guard.029
Fra:1 Mem:149.93M (Peak 149.93M) | Time:00:00.18 | Mem:0.00M, Peak:0.00M | Scene, ViewLayer | Synchronizing object | Stitched star-chart point.004
Fra:1 Mem:149.96M (Peak 149.96M) | Time:00:00.18 | Mem:0.00M, Peak:0.00M | Scene, ViewLayer | Synchronizing object | Shin Guard.029
Fra:1 Mem:149.99M (Peak 149.99M) | Time:00:00.18 | Mem:0.00M, Peak:0.00M | Scene, ViewLayer | Synchronizing object | Stitched star-chart point.005
Fra:1 Mem:150.02M (Peak 150.02M) | Time:00:00.18 | Mem:0.00M, Peak:0.00M | Scene, ViewLayer | Synchronizing object | Boot.029
Fra:1 Mem:150.04M (Peak 150.04M) | Time:00:00.18 | Mem:0.00M, Peak:0.00M | Scene, ViewLayer | Synchronizing object | Astrolabe chest frame.001
Fra:1 Mem:150.08M (Peak 150.08M) | Time:00:00.18 | Mem:0.00M, Peak:0.00M | Scene, ViewLayer | Synchronizing object | Trouser.029
Fra:1 Mem:150.13M (Peak 150.13M) | Time:00:00.18 | Mem:0.00M, Peak:0.00M | Scene, ViewLayer | Synchronizing object | Knee Guard.028
Fra:1 Mem:150.19M (Peak 150.19M) | Time:00:00.18 | Mem:0.00M, Peak:0.00M | Scene, ViewLayer | Synchronizing object | Master chart collar fin.003
Fra:1 Mem:150.22M (Peak 150.22M) | Time:00:00.18 | Mem:0.00M, Peak:0.00M | Scene, ViewLayer | Synchronizing object | Shin Guard.028
Fra:1 Mem:150.26M (Peak 150.26M) | Time:00:00.18 | Mem:0.00M, Peak:0.00M | Scene, ViewLayer | Synchronizing object | Bronze outer astrolabe.003
Fra:1 Mem:150.31M (Peak 150.31M) | Time:00:00.18 | Mem:0.00M, Peak:0.00M | Scene, ViewLayer | Synchronizing object | Boot.028
Fra:1 Mem:150.33M (Peak 150.33M) | Time:00:00.18 | Mem:0.00M, Peak:0.00M | Scene, ViewLayer | Synchronizing object | Trouser.028
Fra:1 Mem:150.34M (Peak 150.34M) | Time:00:00.18 | Mem:0.00M, Peak:0.00M | Scene, ViewLayer | Synchronizing object | Inclined inner astrolabe.003
Fra:1 Mem:150.41M (Peak 150.41M) | Time:00:00.18 | Mem:0.00M, Peak:0.00M | Scene, ViewLayer | Synchronizing object | Star-ring radial vane.024
Fra:1 Mem:150.44M (Peak 150.44M) | Time:00:00.18 | Mem:0.00M, Peak:0.00M | Scene, ViewLayer | Synchronizing object | Star-ring focus crystal.024
Fra:1 Mem:150.47M (Peak 150.47M) | Time:00:00.18 | Mem:0.00M, Peak:0.00M | Scene, ViewLayer | Synchronizing object | Forked contract bough.001
Fra:1 Mem:150.51M (Peak 150.51M) | Time:00:00.18 | Mem:0.00M, Peak:0.00M | Scene, ViewLayer | Synchronizing object | Star-ring radial vane.025
Fra:1 Mem:150.54M (Peak 150.54M) | Time:00:00.18 | Mem:0.00M, Peak:0.00M | Scene, ViewLayer | Synchronizing object | Forked contract bough
Fra:1 Mem:150.57M (Peak 150.57M) | Time:00:00.18 | Mem:0.00M, Peak:0.00M | Scene, ViewLayer | Synchronizing object | Star-ring focus crystal.025
Fra:1 Mem:150.62M (Peak 150.62M) | Time:00:00.18 | Mem:0.00M, Peak:0.00M | Scene, ViewLayer | Synchronizing object | Contract branch ring
Fra:1 Mem:150.63M (Peak 150.63M) | Time:00:00.18 | Mem:0.00M, Peak:0.00M | Scene, ViewLayer | Synchronizing object | Star-ring radial vane.026
Fra:1 Mem:150.69M (Peak 150.69M) | Time:00:00.18 | Mem:0.00M, Peak:0.00M | Scene, ViewLayer | Synchronizing object | Star-ring focus crystal.026
Fra:1 Mem:150.72M (Peak 150.72M) | Time:00:00.18 | Mem:0.00M, Peak:0.00M | Scene, ViewLayer | Synchronizing object | Elder contract split clasp.001
Fra:1 Mem:150.76M (Peak 150.76M) | Time:00:00.18 | Mem:0.00M, Peak:0.00M | Scene, ViewLayer | Synchronizing object | Star-ring radial vane.027
Fra:1 Mem:150.78M (Peak 150.78M) | Time:00:00.18 | Mem:0.00M, Peak:0.00M | Scene, ViewLayer | Synchronizing object | Elder contract split clasp
Fra:1 Mem:150.82M (Peak 150.82M) | Time:00:00.18 | Mem:0.00M, Peak:0.00M | Scene, ViewLayer | Synchronizing object | Star-ring focus crystal.027
Fra:1 Mem:150.85M (Peak 150.85M) | Time:00:00.18 | Mem:0.00M, Peak:0.00M | Scene, ViewLayer | Synchronizing object | Hanging contract tablet.001
Fra:1 Mem:150.88M (Peak 150.88M) | Time:00:00.18 | Mem:0.00M, Peak:0.00M | Scene, ViewLayer | Synchronizing object | Star-ring radial vane.028
Fra:1 Mem:150.90M (Peak 150.90M) | Time:00:00.18 | Mem:0.00M, Peak:0.00M | Scene, ViewLayer | Synchronizing object | Split contract shawl tail.005
Fra:1 Mem:150.94M (Peak 150.94M) | Time:00:00.18 | Mem:0.00M, Peak:0.00M | Scene, ViewLayer | Synchronizing object | Star-ring focus crystal.028
Fra:1 Mem:150.97M (Peak 150.97M) | Time:00:00.18 | Mem:0.00M, Peak:0.00M | Scene, ViewLayer | Synchronizing object | Hanging contract tablet
Fra:1 Mem:151.00M (Peak 151.00M) | Time:00:00.18 | Mem:0.00M, Peak:0.00M | Scene, ViewLayer | Synchronizing object | Star-ring radial vane.029
Fra:1 Mem:151.03M (Peak 151.03M) | Time:00:00.18 | Mem:0.00M, Peak:0.00M | Scene, ViewLayer | Synchronizing object | Split contract shawl tail.004
Fra:1 Mem:151.06M (Peak 151.06M) | Time:00:00.18 | Mem:0.00M, Peak:0.00M | Scene, ViewLayer | Synchronizing object | Star-ring focus crystal.029
Fra:1 Mem:151.09M (Peak 151.09M) | Time:00:00.18 | Mem:0.00M, Peak:0.00M | Scene, ViewLayer | Synchronizing object | Costume fastening.010
Fra:1 Mem:151.13M (Peak 151.13M) | Time:00:00.18 | Mem:0.00M, Peak:0.00M | Scene, ViewLayer | Synchronizing object | Contract chest crystal.002
Fra:1 Mem:151.13M (Peak 151.13M) | Time:00:00.18 | Mem:0.00M, Peak:0.00M | Scene, ViewLayer | Synchronizing object | Spirit ritual bib.002
Fra:1 Mem:151.16M (Peak 151.16M) | Time:00:00.18 | Mem:0.00M, Peak:0.00M | Scene, ViewLayer | Synchronizing object | Elder contract crown branch.001
Fra:1 Mem:151.20M (Peak 151.20M) | Time:00:00.18 | Mem:0.00M, Peak:0.00M | Scene, ViewLayer | Synchronizing object | Contract crown outer fork.001
Fra:1 Mem:151.23M (Peak 151.23M) | Time:00:00.18 | Mem:0.00M, Peak:0.00M | Scene, ViewLayer | Synchronizing object | Elder contract crown branch
Fra:1 Mem:151.27M (Peak 151.27M) | Time:00:00.18 | Mem:0.00M, Peak:0.00M | Scene, ViewLayer | Synchronizing object | Contract crown outer fork
Fra:1 Mem:151.31M (Peak 151.31M) | Time:00:00.18 | Mem:0.00M, Peak:0.00M | Scene, ViewLayer | Synchronizing object | Moonstone circlet.002
Fra:1 Mem:151.34M (Peak 151.34M) | Time:00:00.18 | Mem:0.00M, Peak:0.00M | Scene, ViewLayer | Synchronizing object | Star-ring radial vane.030
Fra:1 Mem:151.37M (Peak 151.37M) | Time:00:00.18 | Mem:0.00M, Peak:0.00M | Scene, ViewLayer | Synchronizing object | Spirit antler branch.005
Fra:1 Mem:151.41M (Peak 151.41M) | Time:00:00.18 | Mem:0.00M, Peak:0.00M | Scene, ViewLayer | Synchronizing object | Star-ring focus crystal.030
Fra:1 Mem:151.45M (Peak 151.45M) | Time:00:00.18 | Mem:0.00M, Peak:0.00M | Scene, ViewLayer | Synchronizing object | Spirit antler.005
Fra:1 Mem:151.48M (Peak 151.48M) | Time:00:00.18 | Mem:0.00M, Peak:0.00M | Scene, ViewLayer | Synchronizing object | Star-ring radial vane.031
Fra:1 Mem:151.51M (Peak 151.51M) | Time:00:00.18 | Mem:0.00M, Peak:0.00M | Scene, ViewLayer | Synchronizing object | Spirit antler branch.004
Fra:1 Mem:151.54M (Peak 151.54M) | Time:00:00.18 | Mem:0.00M, Peak:0.00M | Scene, ViewLayer | Synchronizing object | Star-ring focus crystal.031
Fra:1 Mem:151.59M (Peak 151.59M) | Time:00:00.18 | Mem:0.00M, Peak:0.00M | Scene, ViewLayer | Synchronizing object | Spirit antler.004
Fra:1 Mem:151.59M (Peak 151.59M) | Time:00:00.18 | Mem:0.00M, Peak:0.00M | Scene, ViewLayer | Synchronizing object | Wing clasp.003
Fra:1 Mem:151.66M (Peak 151.66M) | Time:00:00.18 | Mem:0.00M, Peak:0.00M | Scene, ViewLayer | Synchronizing object | Nose.014
Fra:1 Mem:151.66M (Peak 151.66M) | Time:00:00.18 | Mem:0.00M, Peak:0.00M | Scene, ViewLayer | Synchronizing object | Trouser.014
Fra:1 Mem:151.73M (Peak 151.73M) | Time:00:00.18 | Mem:0.00M, Peak:0.00M | Scene, ViewLayer | Synchronizing object | Ear.029
Fra:1 Mem:151.75M (Peak 151.75M) | Time:00:00.18 | Mem:0.00M, Peak:0.00M | Scene, ViewLayer | Synchronizing object | Boot.014
Fra:1 Mem:151.78M (Peak 151.78M) | Time:00:00.18 | Mem:0.00M, Peak:0.00M | Scene, ViewLayer | Synchronizing object | Shin Guard.014
Fra:1 Mem:151.81M (Peak 151.81M) | Time:00:00.18 | Mem:0.00M, Peak:0.00M | Scene, ViewLayer | Synchronizing object | Hair Side Lock.029
Fra:1 Mem:151.85M (Peak 151.85M) | Time:00:00.18 | Mem:0.00M, Peak:0.00M | Scene, ViewLayer | Synchronizing object | Knee Guard.014
Fra:1 Mem:151.89M (Peak 151.89M) | Time:00:00.18 | Mem:0.00M, Peak:0.00M | Scene, ViewLayer | Synchronizing object | Ear.028
Fra:1 Mem:151.92M (Peak 151.92M) | Time:00:00.18 | Mem:0.00M, Peak:0.00M | Scene, ViewLayer | Synchronizing object | Trouser.015
Fra:1 Mem:151.96M (Peak 151.96M) | Time:00:00.18 | Mem:0.00M, Peak:0.00M | Scene, ViewLayer | Synchronizing object | Hair Side Lock.028
Fra:1 Mem:152.00M (Peak 152.00M) | Time:00:00.18 | Mem:0.00M, Peak:0.00M | Scene, ViewLayer | Synchronizing object | Boot.015
Fra:1 Mem:152.02M (Peak 152.02M) | Time:00:00.18 | Mem:0.00M, Peak:0.00M | Scene, ViewLayer | Synchronizing object | Eyes R.014
Fra:1 Mem:152.02M (Peak 152.02M) | Time:00:00.18 | Mem:0.00M, Peak:0.00M | Scene, ViewLayer | Synchronizing object | Shin Guard.015
Fra:1 Mem:152.09M (Peak 152.09M) | Time:00:00.18 | Mem:0.00M, Peak:0.00M | Scene, ViewLayer | Synchronizing object | Eyes L.014
Fra:1 Mem:152.09M (Peak 152.09M) | Time:00:00.18 | Mem:0.00M, Peak:0.00M | Scene, ViewLayer | Synchronizing object | Knee Guard.015
Fra:1 Mem:152.16M (Peak 152.16M) | Time:00:00.18 | Mem:0.00M, Peak:0.00M | Scene, ViewLayer | Synchronizing object | Head.014
Fra:1 Mem:152.16M (Peak 152.16M) | Time:00:00.18 | Mem:0.00M, Peak:0.00M | Scene, ViewLayer | Synchronizing object | Breastplate.008
Fra:1 Mem:152.23M (Peak 152.23M) | Time:00:00.18 | Mem:0.00M, Peak:0.00M | Scene, ViewLayer | Synchronizing object | Collar.014
Fra:1 Mem:152.24M (Peak 152.24M) | Time:00:00.18 | Mem:0.00M, Peak:0.00M | Scene, ViewLayer | Synchronizing object | Belt.008
Fra:1 Mem:152.25M (Peak 152.25M) | Time:00:00.18 | Mem:0.00M, Peak:0.00M | Scene, ViewLayer | Synchronizing object | Tailored Cloak.014
Fra:1 Mem:152.28M (Peak 152.28M) | Time:00:00.18 | Mem:0.00M, Peak:0.00M | Scene, ViewLayer | Synchronizing object | Master contract leaf.001
Fra:1 Mem:152.29M (Peak 152.29M) | Time:00:00.18 | Mem:0.00M, Peak:0.00M | Scene, ViewLayer | Synchronizing object | Buckle.008
Fra:1 Mem:152.30M (Peak 152.30M) | Time:00:00.18 | Mem:0.00M, Peak:0.00M | Scene, ViewLayer | Synchronizing object | Divided contract shoulder fan.001
Fra:1 Mem:152.33M (Peak 152.33M) | Time:00:00.18 | Mem:0.00M, Peak:0.00M | Scene, ViewLayer | Synchronizing object | Tiered leaf shoulder.017
Fra:1 Mem:152.34M (Peak 152.34M) | Time:00:00.18 | Mem:0.00M, Peak:0.00M | Scene, ViewLayer | Synchronizing object | Sleeve.016
Fra:1 Mem:152.34M (Peak 152.34M) | Time:00:00.18 | Mem:0.00M, Peak:0.00M | Scene, ViewLayer | Synchronizing object | Tiered leaf shoulder.016
Fra:1 Mem:152.37M (Peak 152.37M) | Time:00:00.18 | Mem:0.00M, Peak:0.00M | Scene, ViewLayer | Synchronizing object | Tiered leaf shoulder.015
Fra:1 Mem:152.38M (Peak 152.38M) | Time:00:00.18 | Mem:0.00M, Peak:0.00M | Scene, ViewLayer | Synchronizing object | Weapon aura shard.013
Fra:1 Mem:152.41M (Peak 152.41M) | Time:00:00.18 | Mem:0.00M, Peak:0.00M | Scene, ViewLayer | Synchronizing object | Glove.016
Fra:1 Mem:152.45M (Peak 152.45M) | Time:00:00.18 | Mem:0.00M, Peak:0.00M | Scene, ViewLayer | Synchronizing object | Weapon aura shard.012
Fra:1 Mem:152.48M (Peak 152.48M) | Time:00:00.18 | Mem:0.00M, Peak:0.00M | Scene, ViewLayer | Synchronizing object | Forearm Bracer.016
Fra:1 Mem:152.52M (Peak 152.52M) | Time:00:00.18 | Mem:0.00M, Peak:0.00M | Scene, ViewLayer | Synchronizing object | Staff forging mark.029
Fra:1 Mem:152.55M (Peak 152.55M) | Time:00:00.18 | Mem:0.00M, Peak:0.00M | Scene, ViewLayer | Synchronizing object | Cuff Trim.016
Fra:1 Mem:152.57M (Peak 152.57M) | Time:00:00.18 | Mem:0.00M, Peak:0.00M | Scene, ViewLayer | Synchronizing object | Arrow rest
Fra:1 Mem:152.59M (Peak 152.59M) | Time:00:00.18 | Mem:0.00M, Peak:0.00M | Scene, ViewLayer | Synchronizing object | Staff forging mark.028
Fra:1 Mem:152.63M (Peak 152.63M) | Time:00:00.18 | Mem:0.00M, Peak:0.00M | Scene, ViewLayer | Synchronizing object | Arrow Shaft
Fra:1 Mem:152.66M (Peak 152.66M) | Time:00:00.18 | Mem:0.00M, Peak:0.00M | Scene, ViewLayer | Synchronizing object | Arrow Head
Fra:1 Mem:152.66M (Peak 152.66M) | Time:00:00.18 | Mem:0.00M, Peak:0.00M | Scene, ViewLayer | Synchronizing object | Arrow Fletching
Fra:1 Mem:152.69M (Peak 152.69M) | Time:00:00.18 | Mem:0.00M, Peak:0.00M | Scene, ViewLayer | Synchronizing object | Arrow Fletching.001
Fra:1 Mem:152.72M (Peak 152.72M) | Time:00:00.18 | Mem:0.00M, Peak:0.00M | Scene, ViewLayer | Synchronizing object | Arrow Fletching.002
Fra:1 Mem:152.75M (Peak 152.75M) | Time:00:00.18 | Mem:0.00M, Peak:0.00M | Scene, ViewLayer | Synchronizing object | Bow grip
Fra:1 Mem:152.78M (Peak 152.78M) | Time:00:00.18 | Mem:0.00M, Peak:0.00M | Scene, ViewLayer | Synchronizing object | Layered bow limb
Fra:1 Mem:152.80M (Peak 152.80M) | Time:00:00.18 | Mem:0.00M, Peak:0.00M | Scene, ViewLayer | Synchronizing object | Layered bow limb.001
Fra:1 Mem:152.81M (Peak 152.81M) | Time:00:00.18 | Mem:0.00M, Peak:0.00M | Scene, ViewLayer | Synchronizing object | Layered bow limb.002
Fra:1 Mem:152.83M (Peak 152.83M) | Time:00:00.18 | Mem:0.00M, Peak:0.00M | Scene, ViewLayer | Synchronizing object | Layered bow limb.003
Fra:1 Mem:152.86M (Peak 152.86M) | Time:00:00.18 | Mem:0.00M, Peak:0.00M | Scene, ViewLayer | Synchronizing object | Staff forging mark.027
Fra:1 Mem:152.88M (Peak 152.88M) | Time:00:00.18 | Mem:0.00M, Peak:0.00M | Scene, ViewLayer | Synchronizing object | Bow tip
Fra:1 Mem:152.92M (Peak 152.92M) | Time:00:00.18 | Mem:0.00M, Peak:0.00M | Scene, ViewLayer | Synchronizing object | Staff forging mark.026
Fra:1 Mem:152.95M (Peak 152.95M) | Time:00:00.18 | Mem:0.00M, Peak:0.00M | Scene, ViewLayer | Synchronizing object | Layered bow limb.004
Fra:1 Mem:152.98M (Peak 152.98M) | Time:00:00.18 | Mem:0.00M, Peak:0.00M | Scene, ViewLayer | Synchronizing object | Layered bow limb.005
Fra:1 Mem:152.98M (Peak 152.98M) | Time:00:00.18 | Mem:0.00M, Peak:0.00M | Scene, ViewLayer | Synchronizing object | Staff forging mark.025
Fra:1 Mem:153.02M (Peak 153.02M) | Time:00:00.18 | Mem:0.00M, Peak:0.00M | Scene, ViewLayer | Synchronizing object | Layered bow limb.006
Fra:1 Mem:153.05M (Peak 153.05M) | Time:00:00.18 | Mem:0.00M, Peak:0.00M | Scene, ViewLayer | Synchronizing object | Layered bow limb.007
Fra:1 Mem:153.06M (Peak 153.06M) | Time:00:00.18 | Mem:0.00M, Peak:0.00M | Scene, ViewLayer | Synchronizing object | Staff forging mark.024
Fra:1 Mem:153.09M (Peak 153.09M) | Time:00:00.18 | Mem:0.00M, Peak:0.00M | Scene, ViewLayer | Synchronizing object | Bow tip.001
Fra:1 Mem:153.13M (Peak 153.13M) | Time:00:00.18 | Mem:0.00M, Peak:0.00M | Scene, ViewLayer | Synchronizing object | Staff forging mark.023
Fra:1 Mem:153.16M (Peak 153.16M) | Time:00:00.18 | Mem:0.00M, Peak:0.00M | Scene, ViewLayer | Synchronizing object | Tailored shoulder mantle.008
Fra:1 Mem:153.20M (Peak 153.20M) | Time:00:00.18 | Mem:0.00M, Peak:0.00M | Scene, ViewLayer | Synchronizing object | Staff forging mark.022
Fra:1 Mem:153.20M (Peak 153.20M) | Time:00:00.18 | Mem:0.00M, Peak:0.00M | Scene, ViewLayer | Synchronizing object | Sleeve.017
Fra:1 Mem:153.27M (Peak 153.27M) | Time:00:00.18 | Mem:0.00M, Peak:0.00M | Scene, ViewLayer | Synchronizing object | Staff forging mark.021
Fra:1 Mem:153.28M (Peak 153.28M) | Time:00:00.18 | Mem:0.00M, Peak:0.00M | Scene, ViewLayer | Synchronizing object | Glove.017
Fra:1 Mem:153.34M (Peak 153.34M) | Time:00:00.18 | Mem:0.00M, Peak:0.00M | Scene, ViewLayer | Synchronizing object | Staff forging mark.020
Fra:1 Mem:153.35M (Peak 153.35M) | Time:00:00.18 | Mem:0.00M, Peak:0.00M | Scene, ViewLayer | Synchronizing object | Forearm Bracer.017
Fra:1 Mem:153.41M (Peak 153.41M) | Time:00:00.18 | Mem:0.00M, Peak:0.00M | Scene, ViewLayer | Synchronizing object | Staff rune.008
Fra:1 Mem:153.42M (Peak 153.42M) | Time:00:00.18 | Mem:0.00M, Peak:0.00M | Scene, ViewLayer | Synchronizing object | Cuff Trim.017
Fra:1 Mem:153.45M (Peak 153.45M) | Time:00:00.18 | Mem:0.00M, Peak:0.00M | Scene, ViewLayer | Synchronizing object | Tailored Cloak.008
Fra:1 Mem:153.47M (Peak 153.47M) | Time:00:00.18 | Mem:0.00M, Peak:0.00M | Scene, ViewLayer | Synchronizing object | Staff rune.007
Fra:1 Mem:153.50M (Peak 153.50M) | Time:00:00.18 | Mem:0.00M, Peak:0.00M | Scene, ViewLayer | Synchronizing object | Quiver
Fra:1 Mem:153.52M (Peak 153.52M) | Time:00:00.18 | Mem:0.00M, Peak:0.00M | Scene, ViewLayer | Synchronizing object | Spare Arrow
Fra:1 Mem:153.53M (Peak 153.53M) | Time:00:00.18 | Mem:0.00M, Peak:0.00M | Scene, ViewLayer | Synchronizing object | Staff rune.006
Fra:1 Mem:153.55M (Peak 153.55M) | Time:00:00.18 | Mem:0.00M, Peak:0.00M | Scene, ViewLayer | Synchronizing object | Spare Arrow.001
Fra:1 Mem:153.57M (Peak 153.57M) | Time:00:00.18 | Mem:0.00M, Peak:0.00M | Scene, ViewLayer | Synchronizing object | Spare Arrow.002
Fra:1 Mem:153.59M (Peak 153.59M) | Time:00:00.18 | Mem:0.00M, Peak:0.00M | Scene, ViewLayer | Synchronizing object | Floating shard.005
Fra:1 Mem:153.62M (Peak 153.62M) | Time:00:00.18 | Mem:0.00M, Peak:0.00M | Scene, ViewLayer | Synchronizing object | Collar.008
Fra:1 Mem:153.63M (Peak 153.63M) | Time:00:00.18 | Mem:0.00M, Peak:0.00M | Scene, ViewLayer | Synchronizing object | Scarf
Fra:1 Mem:153.65M (Peak 153.65M) | Time:00:00.18 | Mem:0.00M, Peak:0.00M | Scene, ViewLayer | Synchronizing object | Crystal prong.005
Fra:1 Mem:153.67M (Peak 153.67M) | Time:00:00.18 | Mem:0.00M, Peak:0.00M | Scene, ViewLayer | Synchronizing object | Floating shard.004
Fra:1 Mem:153.71M (Peak 153.71M) | Time:00:00.18 | Mem:0.00M, Peak:0.00M | Scene, ViewLayer | Synchronizing object | Scarf Tail
Fra:1 Mem:153.74M (Peak 153.74M) | Time:00:00.18 | Mem:0.00M, Peak:0.00M | Scene, ViewLayer | Synchronizing object | Crystal prong.004
Fra:1 Mem:153.75M (Peak 153.75M) | Time:00:00.18 | Mem:0.00M, Peak:0.00M | Scene, ViewLayer | Synchronizing object | Head.008
Fra:1 Mem:153.78M (Peak 153.78M) | Time:00:00.18 | Mem:0.00M, Peak:0.00M | Scene, ViewLayer | Synchronizing object | Focus crystal.006
Fra:1 Mem:153.80M (Peak 153.80M) | Time:00:00.18 | Mem:0.00M, Peak:0.00M | Scene, ViewLayer | Synchronizing object | Staff collar.006
Fra:1 Mem:153.82M (Peak 153.82M) | Time:00:00.18 | Mem:0.00M, Peak:0.00M | Scene, ViewLayer | Synchronizing object | Eyes L.008
Fra:1 Mem:153.84M (Peak 153.84M) | Time:00:00.18 | Mem:0.00M, Peak:0.00M | Scene, ViewLayer | Synchronizing object | Inlaid staff.006
Fra:1 Mem:153.86M (Peak 153.86M) | Time:00:00.18 | Mem:0.00M, Peak:0.00M | Scene, ViewLayer | Synchronizing object | Cuff Trim.029
Fra:1 Mem:153.87M (Peak 153.87M) | Time:00:00.18 | Mem:0.00M, Peak:0.00M | Scene, ViewLayer | Synchronizing object | Eyes R.008
Fra:1 Mem:153.89M (Peak 153.89M) | Time:00:00.18 | Mem:0.00M, Peak:0.00M | Scene, ViewLayer | Synchronizing object | Forearm Bracer.029
Fra:1 Mem:153.94M (Peak 153.94M) | Time:00:00.18 | Mem:0.00M, Peak:0.00M | Scene, ViewLayer | Synchronizing object | Forest Hood
Fra:1 Mem:153.97M (Peak 153.97M) | Time:00:00.18 | Mem:0.00M, Peak:0.00M | Scene, ViewLayer | Synchronizing object | Glove.029
Fra:1 Mem:154.01M (Peak 154.01M) | Time:00:00.18 | Mem:0.00M, Peak:0.00M | Scene, ViewLayer | Synchronizing object | Feather
Fra:1 Mem:154.04M (Peak 154.04M) | Time:00:00.18 | Mem:0.00M, Peak:0.00M | Scene, ViewLayer | Synchronizing object | Sleeve.029
Fra:1 Mem:154.09M (Peak 154.09M) | Time:00:00.18 | Mem:0.00M, Peak:0.00M | Scene, ViewLayer | Synchronizing object | Hair Side Lock.016
Fra:1 Mem:154.12M (Peak 154.12M) | Time:00:00.18 | Mem:0.00M, Peak:0.00M | Scene, ViewLayer | Synchronizing object | Master contract leaf
Fra:1 Mem:154.13M (Peak 154.13M) | Time:00:00.18 | Mem:0.00M, Peak:0.00M | Scene, ViewLayer | Synchronizing object | Divided contract shoulder fan
Fra:1 Mem:154.14M (Peak 154.14M) | Time:00:00.18 | Mem:0.00M, Peak:0.00M | Scene, ViewLayer | Synchronizing object | Tiered leaf shoulder.014
Fra:1 Mem:154.14M (Peak 154.14M) | Time:00:00.18 | Mem:0.00M, Peak:0.00M | Scene, ViewLayer | Synchronizing object | Ear.016
Fra:1 Mem:154.17M (Peak 154.17M) | Time:00:00.18 | Mem:0.00M, Peak:0.00M | Scene, ViewLayer | Synchronizing object | Tiered leaf shoulder.013
Fra:1 Mem:154.18M (Peak 154.18M) | Time:00:00.18 | Mem:0.00M, Peak:0.00M | Scene, ViewLayer | Synchronizing object | Tiered leaf shoulder.012
Fra:1 Mem:154.19M (Peak 154.19M) | Time:00:00.18 | Mem:0.00M, Peak:0.00M | Scene, ViewLayer | Synchronizing object | Cuff Trim.028
Fra:1 Mem:154.20M (Peak 154.20M) | Time:00:00.18 | Mem:0.00M, Peak:0.00M | Scene, ViewLayer | Synchronizing object | Hair Side Lock.017
Fra:1 Mem:154.21M (Peak 154.21M) | Time:00:00.18 | Mem:0.00M, Peak:0.00M | Scene, ViewLayer | Synchronizing object | Forearm Bracer.028
Fra:1 Mem:154.28M (Peak 154.28M) | Time:00:00.18 | Mem:0.00M, Peak:0.00M | Scene, ViewLayer | Synchronizing object | Orb.006
Fra:1 Mem:154.31M (Peak 154.31M) | Time:00:00.18 | Mem:0.00M, Peak:0.00M | Scene, ViewLayer | Synchronizing object | Ear.017
Fra:1 Mem:154.33M (Peak 154.33M) | Time:00:00.18 | Mem:0.00M, Peak:0.00M | Scene, ViewLayer | Synchronizing object | Glove.028
Fra:1 Mem:154.38M (Peak 154.38M) | Time:00:00.18 | Mem:0.00M, Peak:0.00M | Scene, ViewLayer | Synchronizing object | Nose.008
Fra:1 Mem:154.39M (Peak 154.39M) | Time:00:00.18 | Mem:0.00M, Peak:0.00M | Scene, ViewLayer | Synchronizing object | Sleeve.028
Fra:1 Mem:154.45M (Peak 154.45M) | Time:00:00.18 | Mem:0.00M, Peak:0.00M | Scene, ViewLayer | Synchronizing object | Asymmetric leather chest wrap
Fra:1 Mem:154.47M (Peak 154.47M) | Time:00:00.18 | Mem:0.00M, Peak:0.00M | Scene, ViewLayer | Synchronizing object | Buckle.014
Fra:1 Mem:154.51M (Peak 154.51M) | Time:00:00.18 | Mem:0.00M, Peak:0.00M | Scene, ViewLayer | Synchronizing object | Costume fastening.004
Fra:1 Mem:154.53M (Peak 154.53M) | Time:00:00.18 | Mem:0.00M, Peak:0.00M | Scene, ViewLayer | Synchronizing object | Belt.014
Fra:1 Mem:154.57M (Peak 154.57M) | Time:00:00.18 | Mem:0.00M, Peak:0.00M | Scene, ViewLayer | Synchronizing object | Hunter quiver harness
Fra:1 Mem:154.58M (Peak 154.58M) | Time:00:00.18 | Mem:0.00M, Peak:0.00M | Scene, ViewLayer | Synchronizing object | Breastplate.014
Fra:1 Mem:154.64M (Peak 154.64M) | Time:00:00.18 | Mem:0.00M, Peak:0.00M | Scene, ViewLayer | Synchronizing object | Trouser.016
Fra:1 Mem:154.65M (Peak 154.65M) | Time:00:00.18 | Mem:0.00M, Peak:0.00M | Scene, ViewLayer | Synchronizing object | Knee Guard.027
Fra:1 Mem:154.71M (Peak 154.71M) | Time:00:00.18 | Mem:0.00M, Peak:0.00M | Scene, ViewLayer | Synchronizing object | Boot.016
Fra:1 Mem:154.72M (Peak 154.72M) | Time:00:00.18 | Mem:0.00M, Peak:0.00M | Scene, ViewLayer | Synchronizing object | Shin Guard.027
Fra:1 Mem:154.76M (Peak 154.76M) | Time:00:00.18 | Mem:0.00M, Peak:0.00M | Scene, ViewLayer | Synchronizing object | Shin Guard.016
Fra:1 Mem:154.80M (Peak 154.80M) | Time:00:00.18 | Mem:0.00M, Peak:0.00M | Scene, ViewLayer | Synchronizing object | Boot.027
Fra:1 Mem:154.82M (Peak 154.82M) | Time:00:00.18 | Mem:0.00M, Peak:0.00M | Scene, ViewLayer | Synchronizing object | Knee Guard.016
Fra:1 Mem:154.84M (Peak 154.84M) | Time:00:00.18 | Mem:0.00M, Peak:0.00M | Scene, ViewLayer | Synchronizing object | Trouser.027
Fra:1 Mem:154.90M (Peak 154.90M) | Time:00:00.18 | Mem:0.00M, Peak:0.00M | Scene, ViewLayer | Synchronizing object | Knee Guard.026
Fra:1 Mem:154.93M (Peak 154.93M) | Time:00:00.18 | Mem:0.00M, Peak:0.00M | Scene, ViewLayer | Synchronizing object | Shin Guard.026
Fra:1 Mem:154.97M (Peak 154.97M) | Time:00:00.18 | Mem:0.00M, Peak:0.00M | Scene, ViewLayer | Synchronizing object | Boot.026
Fra:1 Mem:154.99M (Peak 154.99M) | Time:00:00.18 | Mem:0.00M, Peak:0.00M | Scene, ViewLayer | Synchronizing object | Trouser.026
Fra:1 Mem:155.02M (Peak 155.02M) | Time:00:00.18 | Mem:0.00M, Peak:0.00M | Scene, ViewLayer | Synchronizing object | Wing clasp.006
Fra:1 Mem:155.06M (Peak 155.06M) | Time:00:00.18 | Mem:0.00M, Peak:0.00M | Scene, ViewLayer | Synchronizing object | Star-ring focus crystal.055
Fra:1 Mem:155.09M (Peak 155.09M) | Time:00:00.18 | Mem:0.00M, Peak:0.00M | Scene, ViewLayer | Synchronizing object | Star-ring radial vane.055
Fra:1 Mem:155.12M (Peak 155.12M) | Time:00:00.18 | Mem:0.00M, Peak:0.00M | Scene, ViewLayer | Synchronizing object | Star-ring focus crystal.054
Fra:1 Mem:155.15M (Peak 155.15M) | Time:00:00.18 | Mem:0.00M, Peak:0.00M | Scene, ViewLayer | Synchronizing object | Trouser.017
Fra:1 Mem:155.18M (Peak 155.18M) | Time:00:00.18 | Mem:0.00M, Peak:0.00M | Scene, ViewLayer | Synchronizing object | Star-ring radial vane.054
Fra:1 Mem:155.23M (Peak 155.23M) | Time:00:00.19 | Mem:0.00M, Peak:0.00M | Scene, ViewLayer | Synchronizing object | Star-ring focus crystal.053
Fra:1 Mem:155.22M (Peak 155.23M) | Time:00:00.19 | Mem:0.00M, Peak:0.00M | Scene, ViewLayer | Synchronizing object | Boot.017
Fra:1 Mem:155.27M (Peak 155.27M) | Time:00:00.19 | Mem:0.00M, Peak:0.00M | Scene, ViewLayer | Synchronizing object | Shin Guard.017
Fra:1 Mem:155.30M (Peak 155.30M) | Time:00:00.19 | Mem:0.00M, Peak:0.00M | Scene, ViewLayer | Synchronizing object | Star-ring radial vane.053
Fra:1 Mem:155.34M (Peak 155.34M) | Time:00:00.19 | Mem:0.00M, Peak:0.00M | Scene, ViewLayer | Synchronizing object | Knee Guard.017
Fra:1 Mem:155.36M (Peak 155.36M) | Time:00:00.19 | Mem:0.00M, Peak:0.00M | Scene, ViewLayer | Synchronizing object | Star-ring focus crystal.052
Fra:1 Mem:155.41M (Peak 155.41M) | Time:00:00.19 | Mem:0.00M, Peak:0.00M | Scene, ViewLayer | Synchronizing object | Breastplate.009
Fra:1 Mem:155.43M (Peak 155.43M) | Time:00:00.19 | Mem:0.00M, Peak:0.00M | Scene, ViewLayer | Synchronizing object | Star-ring radial vane.052
Fra:1 Mem:155.48M (Peak 155.48M) | Time:00:00.19 | Mem:0.00M, Peak:0.00M | Scene, ViewLayer | Synchronizing object | Belt.009
Fra:1 Mem:155.49M (Peak 155.49M) | Time:00:00.19 | Mem:0.00M, Peak:0.00M | Scene, ViewLayer | Synchronizing object | Star-ring focus crystal.051
Fra:1 Mem:155.54M (Peak 155.54M) | Time:00:00.19 | Mem:0.00M, Peak:0.00M | Scene, ViewLayer | Synchronizing object | Buckle.009
Fra:1 Mem:155.57M (Peak 155.57M) | Time:00:00.19 | Mem:0.00M, Peak:0.00M | Scene, ViewLayer | Synchronizing object | Star-ring radial vane.051
Fra:1 Mem:155.60M (Peak 155.60M) | Time:00:00.19 | Mem:0.00M, Peak:0.00M | Scene, ViewLayer | Synchronizing object | Sleeve.018
Fra:1 Mem:155.63M (Peak 155.63M) | Time:00:00.19 | Mem:0.00M, Peak:0.00M | Scene, ViewLayer | Synchronizing object | Star-ring focus crystal.050
Fra:1 Mem:155.67M (Peak 155.67M) | Time:00:00.19 | Mem:0.00M, Peak:0.00M | Scene, ViewLayer | Synchronizing object | Glove.018
Fra:1 Mem:155.69M (Peak 155.69M) | Time:00:00.19 | Mem:0.00M, Peak:0.00M | Scene, ViewLayer | Synchronizing object | Star-ring radial vane.050
Fra:1 Mem:155.74M (Peak 155.74M) | Time:00:00.19 | Mem:0.00M, Peak:0.00M | Scene, ViewLayer | Synchronizing object | Forearm Bracer.018
Fra:1 Mem:155.75M (Peak 155.75M) | Time:00:00.19 | Mem:0.00M, Peak:0.00M | Scene, ViewLayer | Synchronizing object | Star-ring focus crystal.049
Fra:1 Mem:155.81M (Peak 155.81M) | Time:00:00.19 | Mem:0.00M, Peak:0.00M | Scene, ViewLayer | Synchronizing object | Cuff Trim.018
Fra:1 Mem:155.81M (Peak 155.81M) | Time:00:00.19 | Mem:0.00M, Peak:0.00M | Scene, ViewLayer | Synchronizing object | Star-ring radial vane.049
Fra:1 Mem:155.84M (Peak 155.84M) | Time:00:00.19 | Mem:0.00M, Peak:0.00M | Scene, ViewLayer | Synchronizing object | Arrow rest.001
Fra:1 Mem:155.87M (Peak 155.87M) | Time:00:00.19 | Mem:0.00M, Peak:0.00M | Scene, ViewLayer | Synchronizing object | Star-ring focus crystal.048
Fra:1 Mem:155.90M (Peak 155.90M) | Time:00:00.19 | Mem:0.00M, Peak:0.00M | Scene, ViewLayer | Synchronizing object | Arrow Shaft.001
Fra:1 Mem:155.94M (Peak 155.94M) | Time:00:00.19 | Mem:0.00M, Peak:0.00M | Scene, ViewLayer | Synchronizing object | Star-ring radial vane.048
Fra:1 Mem:155.96M (Peak 155.96M) | Time:00:00.19 | Mem:0.00M, Peak:0.00M | Scene, ViewLayer | Synchronizing object | Arrow Head.001
Fra:1 Mem:155.97M (Peak 155.97M) | Time:00:00.19 | Mem:0.00M, Peak:0.00M | Scene, ViewLayer | Synchronizing object | Arrow Fletching.003
Fra:1 Mem:156.00M (Peak 156.00M) | Time:00:00.19 | Mem:0.00M, Peak:0.00M | Scene, ViewLayer | Synchronizing object | Inclined inner astrolabe.006
Fra:1 Mem:156.03M (Peak 156.03M) | Time:00:00.19 | Mem:0.00M, Peak:0.00M | Scene, ViewLayer | Synchronizing object | Arrow Fletching.004
Fra:1 Mem:156.08M (Peak 156.08M) | Time:00:00.19 | Mem:0.00M, Peak:0.00M | Scene, ViewLayer | Synchronizing object | Arrow Fletching.005
Fra:1 Mem:156.08M (Peak 156.08M) | Time:00:00.19 | Mem:0.00M, Peak:0.00M | Scene, ViewLayer | Synchronizing object | Bronze outer astrolabe.006
Fra:1 Mem:156.15M (Peak 156.15M) | Time:00:00.19 | Mem:0.00M, Peak:0.00M | Scene, ViewLayer | Synchronizing object | Bow grip.001
Fra:1 Mem:156.18M (Peak 156.18M) | Time:00:00.19 | Mem:0.00M, Peak:0.00M | Scene, ViewLayer | Synchronizing object | Split contract shawl tail.003
Fra:1 Mem:156.21M (Peak 156.21M) | Time:00:00.19 | Mem:0.00M, Peak:0.00M | Scene, ViewLayer | Synchronizing object | Layered bow limb.008
Fra:1 Mem:156.24M (Peak 156.24M) | Time:00:00.19 | Mem:0.00M, Peak:0.00M | Scene, ViewLayer | Synchronizing object | Layered bow limb.009
Fra:1 Mem:156.24M (Peak 156.24M) | Time:00:00.19 | Mem:0.00M, Peak:0.00M | Scene, ViewLayer | Synchronizing object | Split contract shawl tail.002
Fra:1 Mem:156.28M (Peak 156.28M) | Time:00:00.19 | Mem:0.00M, Peak:0.00M | Scene, ViewLayer | Synchronizing object | Layered bow limb.010
Fra:1 Mem:156.30M (Peak 156.30M) | Time:00:00.19 | Mem:0.00M, Peak:0.00M | Scene, ViewLayer | Synchronizing object | Layered bow limb.011
Fra:1 Mem:156.30M (Peak 156.30M) | Time:00:00.19 | Mem:0.00M, Peak:0.00M | Scene, ViewLayer | Synchronizing object | Costume fastening.009
Fra:1 Mem:156.35M (Peak 156.35M) | Time:00:00.19 | Mem:0.00M, Peak:0.00M | Scene, ViewLayer | Synchronizing object | Bow tip.002
Fra:1 Mem:156.38M (Peak 156.38M) | Time:00:00.19 | Mem:0.00M, Peak:0.00M | Scene, ViewLayer | Synchronizing object | Contract chest crystal.001
Fra:1 Mem:156.39M (Peak 156.39M) | Time:00:00.19 | Mem:0.00M, Peak:0.00M | Scene, ViewLayer | Synchronizing object | Spirit ritual bib.001
Fra:1 Mem:156.41M (Peak 156.41M) | Time:00:00.19 | Mem:0.00M, Peak:0.00M | Scene, ViewLayer | Synchronizing object | Layered bow limb.012
Fra:1 Mem:156.44M (Peak 156.44M) | Time:00:00.19 | Mem:0.00M, Peak:0.00M | Scene, ViewLayer | Synchronizing object | Layered bow limb.013
Fra:1 Mem:156.45M (Peak 156.45M) | Time:00:00.19 | Mem:0.00M, Peak:0.00M | Scene, ViewLayer | Synchronizing object | Moonstone circlet.001
Fra:1 Mem:156.48M (Peak 156.48M) | Time:00:00.19 | Mem:0.00M, Peak:0.00M | Scene, ViewLayer | Synchronizing object | Layered bow limb.014
Fra:1 Mem:156.51M (Peak 156.51M) | Time:00:00.19 | Mem:0.00M, Peak:0.00M | Scene, ViewLayer | Synchronizing object | Layered bow limb.015
Fra:1 Mem:156.52M (Peak 156.52M) | Time:00:00.19 | Mem:0.00M, Peak:0.00M | Scene, ViewLayer | Synchronizing object | Spirit antler branch.003
Fra:1 Mem:156.55M (Peak 156.55M) | Time:00:00.19 | Mem:0.00M, Peak:0.00M | Scene, ViewLayer | Synchronizing object | Bow tip.003
Fra:1 Mem:156.60M (Peak 156.60M) | Time:00:00.19 | Mem:0.00M, Peak:0.00M | Scene, ViewLayer | Synchronizing object | Spirit antler.003
Fra:1 Mem:156.62M (Peak 156.62M) | Time:00:00.19 | Mem:0.00M, Peak:0.00M | Scene, ViewLayer | Synchronizing object | Fashion bow limb crest
Fra:1 Mem:156.68M (Peak 156.68M) | Time:00:00.19 | Mem:0.00M, Peak:0.00M | Scene, ViewLayer | Synchronizing object | Spirit antler branch.002
Fra:1 Mem:156.72M (Peak 156.72M) | Time:00:00.19 | Mem:0.00M, Peak:0.00M | Scene, ViewLayer | Synchronizing object | Fashion bow limb crest.001
Fra:1 Mem:156.76M (Peak 156.76M) | Time:00:00.19 | Mem:0.00M, Peak:0.00M | Scene, ViewLayer | Synchronizing object | Spirit antler.002
Fra:1 Mem:156.80M (Peak 156.80M) | Time:00:00.19 | Mem:0.00M, Peak:0.00M | Scene, ViewLayer | Synchronizing object | Tailored shoulder mantle.009
Fra:1 Mem:156.83M (Peak 156.83M) | Time:00:00.19 | Mem:0.00M, Peak:0.00M | Scene, ViewLayer | Synchronizing object | Nose.013
Fra:1 Mem:156.87M (Peak 156.87M) | Time:00:00.19 | Mem:0.00M, Peak:0.00M | Scene, ViewLayer | Synchronizing object | Sleeve.019
Fra:1 Mem:156.91M (Peak 156.91M) | Time:00:00.19 | Mem:0.00M, Peak:0.00M | Scene, ViewLayer | Synchronizing object | Glove.019
Fra:1 Mem:156.95M (Peak 156.95M) | Time:00:00.19 | Mem:0.00M, Peak:0.00M | Scene, ViewLayer | Synchronizing object | Forearm Bracer.019
Fra:1 Mem:156.98M (Peak 156.98M) | Time:00:00.19 | Mem:0.00M, Peak:0.00M | Scene, ViewLayer | Synchronizing object | Cuff Trim.019
Fra:1 Mem:157.00M (Peak 157.00M) | Time:00:00.19 | Mem:0.00M, Peak:0.00M | Scene, ViewLayer | Synchronizing object | Tailored Cloak.009
Fra:1 Mem:157.01M (Peak 157.01M) | Time:00:00.19 | Mem:0.00M, Peak:0.00M | Scene, ViewLayer | Synchronizing object | Quiver.001
Fra:1 Mem:157.02M (Peak 157.02M) | Time:00:00.19 | Mem:0.00M, Peak:0.00M | Scene, ViewLayer | Synchronizing object | Spare Arrow.003
Fra:1 Mem:157.03M (Peak 157.03M) | Time:00:00.19 | Mem:0.00M, Peak:0.00M | Scene, ViewLayer | Synchronizing object | Spare Arrow.004
Fra:1 Mem:157.05M (Peak 157.05M) | Time:00:00.19 | Mem:0.00M, Peak:0.00M | Scene, ViewLayer | Synchronizing object | Spare Arrow.005
Fra:1 Mem:157.06M (Peak 157.06M) | Time:00:00.19 | Mem:0.00M, Peak:0.00M | Scene, ViewLayer | Synchronizing object | Collar.009
Fra:1 Mem:157.07M (Peak 157.07M) | Time:00:00.19 | Mem:0.00M, Peak:0.00M | Scene, ViewLayer | Synchronizing object | Scarf.001
Fra:1 Mem:157.10M (Peak 157.10M) | Time:00:00.19 | Mem:0.00M, Peak:0.00M | Scene, ViewLayer | Synchronizing object | Scarf Tail.001
Fra:1 Mem:157.13M (Peak 157.13M) | Time:00:00.19 | Mem:0.00M, Peak:0.00M | Scene, ViewLayer | Synchronizing object | Head.009
Fra:1 Mem:157.16M (Peak 157.16M) | Time:00:00.19 | Mem:0.00M, Peak:0.00M | Scene, ViewLayer | Synchronizing object | Eyes L.009
Fra:1 Mem:157.20M (Peak 157.20M) | Time:00:00.19 | Mem:0.00M, Peak:0.00M | Scene, ViewLayer | Synchronizing object | Eyes R.009
Fra:1 Mem:157.23M (Peak 157.23M) | Time:00:00.19 | Mem:0.00M, Peak:0.00M | Scene, ViewLayer | Synchronizing object | Forest Hood.001
Fra:1 Mem:157.27M (Peak 157.27M) | Time:00:00.19 | Mem:0.00M, Peak:0.00M | Scene, ViewLayer | Synchronizing object | Feather.001
Fra:1 Mem:157.30M (Peak 157.30M) | Time:00:00.19 | Mem:0.00M, Peak:0.00M | Scene, ViewLayer | Synchronizing object | Hair Side Lock.018
Fra:1 Mem:157.34M (Peak 157.34M) | Time:00:00.19 | Mem:0.00M, Peak:0.00M | Scene, ViewLayer | Synchronizing object | Ear.018
Fra:1 Mem:157.37M (Peak 157.37M) | Time:00:00.19 | Mem:0.00M, Peak:0.00M | Scene, ViewLayer | Synchronizing object | Hair Side Lock.019
Fra:1 Mem:157.41M (Peak 157.41M) | Time:00:00.19 | Mem:0.00M, Peak:0.00M | Scene, ViewLayer | Synchronizing object | Ear.019
Fra:1 Mem:157.45M (Peak 157.45M) | Time:00:00.19 | Mem:0.00M, Peak:0.00M | Scene, ViewLayer | Synchronizing object | Nose.009
Fra:1 Mem:157.48M (Peak 157.48M) | Time:00:00.19 | Mem:0.00M, Peak:0.00M | Scene, ViewLayer | Synchronizing object | Asymmetric leather chest wrap.001
Fra:1 Mem:157.51M (Peak 157.51M) | Time:00:00.19 | Mem:0.00M, Peak:0.00M | Scene, ViewLayer | Synchronizing object | Costume fastening.005
Fra:1 Mem:157.54M (Peak 157.54M) | Time:00:00.19 | Mem:0.00M, Peak:0.00M | Scene, ViewLayer | Synchronizing object | Hunter quiver harness.001
Fra:1 Mem:157.57M (Peak 157.57M) | Time:00:00.19 | Mem:0.00M, Peak:0.00M | Scene, ViewLayer | Synchronizing object | Bronze outer astrolabe.004
Fra:1 Mem:157.62M (Peak 157.62M) | Time:00:00.19 | Mem:0.00M, Peak:0.00M | Scene, ViewLayer | Synchronizing object | Inclined inner astrolabe.004
Fra:1 Mem:157.70M (Peak 157.70M) | Time:00:00.19 | Mem:0.00M, Peak:0.00M | Scene, ViewLayer | Synchronizing object | Star-ring radial vane.032
Fra:1 Mem:157.73M (Peak 157.73M) | Time:00:00.19 | Mem:0.00M, Peak:0.00M | Scene, ViewLayer | Synchronizing object | Hair Side Lock.027
Fra:1 Mem:157.76M (Peak 157.76M) | Time:00:00.19 | Mem:0.00M, Peak:0.00M | Scene, ViewLayer | Synchronizing object | Star-ring focus crystal.032
Fra:1 Mem:157.81M (Peak 157.81M) | Time:00:00.19 | Mem:0.00M, Peak:0.00M | Scene, ViewLayer | Synchronizing object | Ear.026
Fra:1 Mem:157.81M (Peak 157.81M) | Time:00:00.19 | Mem:0.00M, Peak:0.00M | Scene, ViewLayer | Synchronizing object | Star-ring radial vane.033
Fra:1 Mem:157.87M (Peak 157.87M) | Time:00:00.19 | Mem:0.00M, Peak:0.00M | Scene, ViewLayer | Synchronizing object | Star-ring focus crystal.033
Fra:1 Mem:157.89M (Peak 157.89M) | Time:00:00.19 | Mem:0.00M, Peak:0.00M | Scene, ViewLayer | Synchronizing object | Hair Side Lock.026
Fra:1 Mem:157.93M (Peak 157.93M) | Time:00:00.19 | Mem:0.00M, Peak:0.00M | Scene, ViewLayer | Synchronizing object | Eyes R.013
Fra:1 Mem:157.96M (Peak 157.96M) | Time:00:00.19 | Mem:0.00M, Peak:0.00M | Scene, ViewLayer | Synchronizing object | Eyes L.013
Fra:1 Mem:158.00M (Peak 158.00M) | Time:00:00.19 | Mem:0.00M, Peak:0.00M | Scene, ViewLayer | Synchronizing object | Head.013
Fra:1 Mem:158.03M (Peak 158.03M) | Time:00:00.19 | Mem:0.00M, Peak:0.00M | Scene, ViewLayer | Synchronizing object | Collar.013
Fra:1 Mem:158.04M (Peak 158.04M) | Time:00:00.19 | Mem:0.00M, Peak:0.00M | Scene, ViewLayer | Synchronizing object | Tailored Cloak.013
Fra:1 Mem:158.06M (Peak 158.06M) | Time:00:00.19 | Mem:0.00M, Peak:0.00M | Scene, ViewLayer | Synchronizing object | Tiered leaf shoulder.011
Fra:1 Mem:158.06M (Peak 158.06M) | Time:00:00.19 | Mem:0.00M, Peak:0.00M | Scene, ViewLayer | Synchronizing object | Tiered leaf shoulder.010
Fra:1 Mem:158.07M (Peak 158.07M) | Time:00:00.19 | Mem:0.00M, Peak:0.00M | Scene, ViewLayer | Synchronizing object | Tiered leaf shoulder.009
Fra:1 Mem:158.08M (Peak 158.08M) | Time:00:00.19 | Mem:0.00M, Peak:0.00M | Scene, ViewLayer | Synchronizing object | Fashion focus fin.005
Fra:1 Mem:158.12M (Peak 158.12M) | Time:00:00.19 | Mem:0.00M, Peak:0.00M | Scene, ViewLayer | Synchronizing object | Star-ring radial vane.034
Fra:1 Mem:158.15M (Peak 158.15M) | Time:00:00.19 | Mem:0.00M, Peak:0.00M | Scene, ViewLayer | Synchronizing object | Star-ring focus crystal.034
Fra:1 Mem:158.18M (Peak 158.18M) | Time:00:00.19 | Mem:0.00M, Peak:0.00M | Scene, ViewLayer | Synchronizing object | Star-ring radial vane.035
Fra:1 Mem:158.21M (Peak 158.21M) | Time:00:00.19 | Mem:0.00M, Peak:0.00M | Scene, ViewLayer | Synchronizing object | Star-ring focus crystal.035
Fra:1 Mem:158.25M (Peak 158.25M) | Time:00:00.19 | Mem:0.00M, Peak:0.00M | Scene, ViewLayer | Synchronizing object | Star-ring radial vane.036
Fra:1 Mem:158.28M (Peak 158.28M) | Time:00:00.19 | Mem:0.00M, Peak:0.00M | Scene, ViewLayer | Synchronizing object | Star-ring focus crystal.036
Fra:1 Mem:158.31M (Peak 158.31M) | Time:00:00.19 | Mem:0.00M, Peak:0.00M | Scene, ViewLayer | Synchronizing object | Star-ring radial vane.037
Fra:1 Mem:158.34M (Peak 158.34M) | Time:00:00.19 | Mem:0.00M, Peak:0.00M | Scene, ViewLayer | Synchronizing object | Star-ring focus crystal.037
Fra:1 Mem:158.39M (Peak 158.39M) | Time:00:00.19 | Mem:0.00M, Peak:0.00M | Scene, ViewLayer | Synchronizing object | Star-ring radial vane.038
Fra:1 Mem:158.42M (Peak 158.42M) | Time:00:00.19 | Mem:0.00M, Peak:0.00M | Scene, ViewLayer | Synchronizing object | Fashion focus fin.004
Fra:1 Mem:158.46M (Peak 158.46M) | Time:00:00.19 | Mem:0.00M, Peak:0.00M | Scene, ViewLayer | Synchronizing object | Star-ring focus crystal.038
Fra:1 Mem:158.51M (Peak 158.51M) | Time:00:00.19 | Mem:0.00M, Peak:0.00M | Scene, ViewLayer | Synchronizing object | Fashion focus collar.002
Fra:1 Mem:158.51M (Peak 158.51M) | Time:00:00.19 | Mem:0.00M, Peak:0.00M | Scene, ViewLayer | Synchronizing object | Star-ring radial vane.039
Fra:1 Mem:158.58M (Peak 158.58M) | Time:00:00.19 | Mem:0.00M, Peak:0.00M | Scene, ViewLayer | Synchronizing object | Star-ring focus crystal.039
Fra:1 Mem:158.61M (Peak 158.61M) | Time:00:00.19 | Mem:0.00M, Peak:0.00M | Scene, ViewLayer | Synchronizing object | Focus crystal.005
Fra:1 Mem:158.64M (Peak 158.64M) | Time:00:00.19 | Mem:0.00M, Peak:0.00M | Scene, ViewLayer | Synchronizing object | Wing clasp.004
Fra:1 Mem:158.66M (Peak 158.66M) | Time:00:00.19 | Mem:0.00M, Peak:0.00M | Scene, ViewLayer | Synchronizing object | Staff collar.005
Fra:1 Mem:158.68M (Peak 158.68M) | Time:00:00.19 | Mem:0.00M, Peak:0.00M | Scene, ViewLayer | Synchronizing object | Inlaid staff.005
Fra:1 Mem:158.69M (Peak 158.69M) | Time:00:00.19 | Mem:0.00M, Peak:0.00M | Scene, ViewLayer | Synchronizing object | Cuff Trim.027
Fra:1 Mem:158.70M (Peak 158.70M) | Time:00:00.19 | Mem:0.00M, Peak:0.00M | Scene, ViewLayer | Synchronizing object | Trouser.018
Fra:1 Mem:158.72M (Peak 158.72M) | Time:00:00.19 | Mem:0.00M, Peak:0.00M | Scene, ViewLayer | Synchronizing object | Forearm Bracer.027
Fra:1 Mem:158.77M (Peak 158.77M) | Time:00:00.19 | Mem:0.00M, Peak:0.00M | Scene, ViewLayer | Synchronizing object | Boot.018
Fra:1 Mem:158.79M (Peak 158.79M) | Time:00:00.19 | Mem:0.00M, Peak:0.00M | Scene, ViewLayer | Synchronizing object | Glove.027
Fra:1 Mem:158.83M (Peak 158.83M) | Time:00:00.19 | Mem:0.00M, Peak:0.00M | Scene, ViewLayer | Synchronizing object | Shin Guard.018
Fra:1 Mem:158.86M (Peak 158.86M) | Time:00:00.19 | Mem:0.00M, Peak:0.00M | Scene, ViewLayer | Synchronizing object | Sleeve.027
Fra:1 Mem:158.90M (Peak 158.90M) | Time:00:00.19 | Mem:0.00M, Peak:0.00M | Scene, ViewLayer | Synchronizing object | Knee Guard.018
Fra:1 Mem:158.94M (Peak 158.94M) | Time:00:00.19 | Mem:0.00M, Peak:0.00M | Scene, ViewLayer | Synchronizing object | Tiered leaf shoulder.008
Fra:1 Mem:158.95M (Peak 158.95M) | Time:00:00.19 | Mem:0.00M, Peak:0.00M | Scene, ViewLayer | Synchronizing object | Tiered leaf shoulder.007
Fra:1 Mem:158.95M (Peak 158.95M) | Time:00:00.19 | Mem:0.00M, Peak:0.00M | Scene, ViewLayer | Synchronizing object | Trouser.019
Fra:1 Mem:158.98M (Peak 158.98M) | Time:00:00.19 | Mem:0.00M, Peak:0.00M | Scene, ViewLayer | Synchronizing object | Tiered leaf shoulder.006
Fra:1 Mem:158.99M (Peak 158.99M) | Time:00:00.19 | Mem:0.00M, Peak:0.00M | Scene, ViewLayer | Synchronizing object | Cuff Trim.026
Fra:1 Mem:159.01M (Peak 159.01M) | Time:00:00.19 | Mem:0.00M, Peak:0.00M | Scene, ViewLayer | Synchronizing object | Boot.019
Fra:1 Mem:159.01M (Peak 159.01M) | Time:00:00.19 | Mem:0.00M, Peak:0.00M | Scene, ViewLayer | Synchronizing object | Forearm Bracer.026
Fra:1 Mem:159.06M (Peak 159.06M) | Time:00:00.19 | Mem:0.00M, Peak:0.00M | Scene, ViewLayer | Synchronizing object | Shin Guard.019
Fra:1 Mem:159.09M (Peak 159.09M) | Time:00:00.19 | Mem:0.00M, Peak:0.00M | Scene, ViewLayer | Synchronizing object | Orb.005
Fra:1 Mem:159.13M (Peak 159.13M) | Time:00:00.19 | Mem:0.00M, Peak:0.00M | Scene, ViewLayer | Synchronizing object | Knee Guard.019
Fra:1 Mem:159.16M (Peak 159.16M) | Time:00:00.19 | Mem:0.00M, Peak:0.00M | Scene, ViewLayer | Synchronizing object | Glove.026
Fra:1 Mem:159.20M (Peak 159.20M) | Time:00:00.19 | Mem:0.00M, Peak:0.00M | Scene, ViewLayer | Synchronizing object | Breastplate.010
Fra:1 Mem:159.23M (Peak 159.23M) | Time:00:00.19 | Mem:0.00M, Peak:0.00M | Scene, ViewLayer | Synchronizing object | Sleeve.026
Fra:1 Mem:159.27M (Peak 159.27M) | Time:00:00.19 | Mem:0.00M, Peak:0.00M | Scene, ViewLayer | Synchronizing object | Belt.010
Fra:1 Mem:159.31M (Peak 159.31M) | Time:00:00.19 | Mem:0.00M, Peak:0.00M | Scene, ViewLayer | Synchronizing object | Buckle.013
Fra:1 Mem:159.31M (Peak 159.31M) | Time:00:00.19 | Mem:0.00M, Peak:0.00M | Scene, ViewLayer | Synchronizing object | Buckle.010
Fra:1 Mem:159.37M (Peak 159.37M) | Time:00:00.19 | Mem:0.00M, Peak:0.00M | Scene, ViewLayer | Synchronizing object | Belt.013
Fra:1 Mem:159.37M (Peak 159.37M) | Time:00:00.19 | Mem:0.00M, Peak:0.00M | Scene, ViewLayer | Synchronizing object | Sleeve.020
Fra:1 Mem:159.43M (Peak 159.43M) | Time:00:00.19 | Mem:0.00M, Peak:0.00M | Scene, ViewLayer | Synchronizing object | Breastplate.013
Fra:1 Mem:159.45M (Peak 159.45M) | Time:00:00.19 | Mem:0.00M, Peak:0.00M | Scene, ViewLayer | Synchronizing object | Glove.020
Fra:1 Mem:159.50M (Peak 159.50M) | Time:00:00.19 | Mem:0.00M, Peak:0.00M | Scene, ViewLayer | Synchronizing object | Knee Guard.025
Fra:1 Mem:159.53M (Peak 159.53M) | Time:00:00.19 | Mem:0.00M, Peak:0.00M | Scene, ViewLayer | Synchronizing object | Forearm Bracer.020
Fra:1 Mem:159.57M (Peak 159.57M) | Time:00:00.19 | Mem:0.00M, Peak:0.00M | Scene, ViewLayer | Synchronizing object | Shin Guard.025
Fra:1 Mem:159.60M (Peak 159.60M) | Time:00:00.19 | Mem:0.00M, Peak:0.00M | Scene, ViewLayer | Synchronizing object | Cuff Trim.020
Fra:1 Mem:159.62M (Peak 159.62M) | Time:00:00.19 | Mem:0.00M, Peak:0.00M | Scene, ViewLayer | Synchronizing object | Arrow rest.002
Fra:1 Mem:159.65M (Peak 159.65M) | Time:00:00.19 | Mem:0.00M, Peak:0.00M | Scene, ViewLayer | Synchronizing object | Boot.025
Fra:1 Mem:159.67M (Peak 159.67M) | Time:00:00.19 | Mem:0.00M, Peak:0.00M | Scene, ViewLayer | Synchronizing object | Arrow Shaft.002
Fra:1 Mem:159.69M (Peak 159.69M) | Time:00:00.19 | Mem:0.00M, Peak:0.00M | Scene, ViewLayer | Synchronizing object | Trouser.025
Fra:1 Mem:159.74M (Peak 159.74M) | Time:00:00.19 | Mem:0.00M, Peak:0.00M | Scene, ViewLayer | Synchronizing object | Arrow Head.002
Fra:1 Mem:159.74M (Peak 159.74M) | Time:00:00.19 | Mem:0.00M, Peak:0.00M | Scene, ViewLayer | Synchronizing object | Arrow Fletching.006
Fra:1 Mem:159.76M (Peak 159.76M) | Time:00:00.19 | Mem:0.00M, Peak:0.00M | Scene, ViewLayer | Synchronizing object | Knee Guard.024
Fra:1 Mem:159.80M (Peak 159.80M) | Time:00:00.19 | Mem:0.00M, Peak:0.00M | Scene, ViewLayer | Synchronizing object | Arrow Fletching.007
Fra:1 Mem:159.83M (Peak 159.83M) | Time:00:00.19 | Mem:0.00M, Peak:0.00M | Scene, ViewLayer | Synchronizing object | Shin Guard.024
Fra:1 Mem:159.87M (Peak 159.87M) | Time:00:00.19 | Mem:0.00M, Peak:0.00M | Scene, ViewLayer | Synchronizing object | Arrow Fletching.008
Fra:1 Mem:159.90M (Peak 159.90M) | Time:00:00.19 | Mem:0.00M, Peak:0.00M | Scene, ViewLayer | Synchronizing object | Boot.024
Fra:1 Mem:159.92M (Peak 159.92M) | Time:00:00.19 | Mem:0.00M, Peak:0.00M | Scene, ViewLayer | Synchronizing object | Bow grip.002
Fra:1 Mem:159.94M (Peak 159.94M) | Time:00:00.19 | Mem:0.00M, Peak:0.00M | Scene, ViewLayer | Synchronizing object | Trouser.024
Fra:1 Mem:159.98M (Peak 159.98M) | Time:00:00.19 | Mem:0.00M, Peak:0.00M | Scene, ViewLayer | Synchronizing object | Layered bow limb.016
Fra:1 Mem:160.00M (Peak 160.00M) | Time:00:00.19 | Mem:0.00M, Peak:0.00M | Scene, ViewLayer | Synchronizing object | Split contract shawl tail.001
Fra:1 Mem:160.01M (Peak 160.01M) | Time:00:00.19 | Mem:0.00M, Peak:0.00M | Scene, ViewLayer | Synchronizing object | Layered bow limb.017
Fra:1 Mem:160.05M (Peak 160.05M) | Time:00:00.19 | Mem:0.00M, Peak:0.00M | Scene, ViewLayer | Synchronizing object | Layered bow limb.018
Fra:1 Mem:160.07M (Peak 160.07M) | Time:00:00.19 | Mem:0.00M, Peak:0.00M | Scene, ViewLayer | Synchronizing object | Split contract shawl tail
Fra:1 Mem:160.09M (Peak 160.09M) | Time:00:00.19 | Mem:0.00M, Peak:0.00M | Scene, ViewLayer | Synchronizing object | Layered bow limb.019
Fra:1 Mem:160.11M (Peak 160.11M) | Time:00:00.19 | Mem:0.00M, Peak:0.00M | Scene, ViewLayer | Synchronizing object | Bow tip.004
Fra:1 Mem:160.14M (Peak 160.14M) | Time:00:00.19 | Mem:0.00M, Peak:0.00M | Scene, ViewLayer | Synchronizing object | Costume fastening.008
Fra:1 Mem:160.18M (Peak 160.18M) | Time:00:00.19 | Mem:0.00M, Peak:0.00M | Scene, ViewLayer | Synchronizing object | Bow horn
Fra:1 Mem:160.21M (Peak 160.21M) | Time:00:00.19 | Mem:0.00M, Peak:0.00M | Scene, ViewLayer | Synchronizing object | Contract chest crystal
Fra:1 Mem:160.22M (Peak 160.22M) | Time:00:00.19 | Mem:0.00M, Peak:0.00M | Scene, ViewLayer | Synchronizing object | Spirit ritual bib
Fra:1 Mem:160.25M (Peak 160.25M) | Time:00:00.19 | Mem:0.00M, Peak:0.00M | Scene, ViewLayer | Synchronizing object | Layered bow limb.020
Fra:1 Mem:160.28M (Peak 160.28M) | Time:00:00.19 | Mem:0.00M, Peak:0.00M | Scene, ViewLayer | Synchronizing object | Moonstone circlet
Fra:1 Mem:160.30M (Peak 160.30M) | Time:00:00.19 | Mem:0.00M, Peak:0.00M | Scene, ViewLayer | Synchronizing object | Layered bow limb.021
Fra:1 Mem:160.33M (Peak 160.33M) | Time:00:00.19 | Mem:0.00M, Peak:0.00M | Scene, ViewLayer | Synchronizing object | Layered bow limb.022
Fra:1 Mem:160.34M (Peak 160.34M) | Time:00:00.19 | Mem:0.00M, Peak:0.00M | Scene, ViewLayer | Synchronizing object | Spirit antler branch.001
Fra:1 Mem:160.37M (Peak 160.37M) | Time:00:00.19 | Mem:0.00M, Peak:0.00M | Scene, ViewLayer | Synchronizing object | Layered bow limb.023
Fra:1 Mem:160.39M (Peak 160.39M) | Time:00:00.19 | Mem:0.00M, Peak:0.00M | Scene, ViewLayer | Synchronizing object | Bow tip.005
Fra:1 Mem:160.43M (Peak 160.43M) | Time:00:00.19 | Mem:0.00M, Peak:0.00M | Scene, ViewLayer | Synchronizing object | Spirit antler.001
Fra:1 Mem:160.47M (Peak 160.47M) | Time:00:00.19 | Mem:0.00M, Peak:0.00M | Scene, ViewLayer | Synchronizing object | Bow horn.001
Fra:1 Mem:160.50M (Peak 160.50M) | Time:00:00.19 | Mem:0.00M, Peak:0.00M | Scene, ViewLayer | Synchronizing object | Spirit antler branch
Fra:1 Mem:160.54M (Peak 160.54M) | Time:00:00.19 | Mem:0.00M, Peak:0.00M | Scene, ViewLayer | Synchronizing object | Bow focus
Fra:1 Mem:160.58M (Peak 160.58M) | Time:00:00.19 | Mem:0.00M, Peak:0.00M | Scene, ViewLayer | Synchronizing object | Spirit antler
Fra:1 Mem:160.61M (Peak 160.61M) | Time:00:00.19 | Mem:0.00M, Peak:0.00M | Scene, ViewLayer | Synchronizing object | Bow forging mark
Fra:1 Mem:160.65M (Peak 160.65M) | Time:00:00.19 | Mem:0.00M, Peak:0.00M | Scene, ViewLayer | Synchronizing object | Nose.012
Fra:1 Mem:160.67M (Peak 160.67M) | Time:00:00.19 | Mem:0.00M, Peak:0.00M | Scene, ViewLayer | Synchronizing object | Bow forging mark.001
Fra:1 Mem:160.72M (Peak 160.72M) | Time:00:00.19 | Mem:0.00M, Peak:0.00M | Scene, ViewLayer | Synchronizing object | Ear.025
Fra:1 Mem:160.74M (Peak 160.74M) | Time:00:00.19 | Mem:0.00M, Peak:0.00M | Scene, ViewLayer | Synchronizing object | Bow forging mark.002
Fra:1 Mem:160.78M (Peak 160.78M) | Time:00:00.19 | Mem:0.00M, Peak:0.00M | Scene, ViewLayer | Synchronizing object | Hair Side Lock.025
Fra:1 Mem:160.81M (Peak 160.81M) | Time:00:00.19 | Mem:0.00M, Peak:0.00M | Scene, ViewLayer | Synchronizing object | Bow forging mark.003
Fra:1 Mem:160.86M (Peak 160.86M) | Time:00:00.19 | Mem:0.00M, Peak:0.00M | Scene, ViewLayer | Synchronizing object | Ear.024
Fra:1 Mem:160.87M (Peak 160.87M) | Time:00:00.19 | Mem:0.00M, Peak:0.00M | Scene, ViewLayer | Synchronizing object | Bow forging mark.004
Fra:1 Mem:160.93M (Peak 160.93M) | Time:00:00.19 | Mem:0.00M, Peak:0.00M | Scene, ViewLayer | Synchronizing object | Hair Side Lock.024
Fra:1 Mem:160.93M (Peak 160.93M) | Time:00:00.19 | Mem:0.00M, Peak:0.00M | Scene, ViewLayer | Synchronizing object | Bow forging mark.005
Fra:1 Mem:161.00M (Peak 161.00M) | Time:00:00.19 | Mem:0.00M, Peak:0.00M | Scene, ViewLayer | Synchronizing object | Bow forging mark.006
Fra:1 Mem:161.00M (Peak 161.00M) | Time:00:00.19 | Mem:0.00M, Peak:0.00M | Scene, ViewLayer | Synchronizing object | Eyes R.012
Fra:1 Mem:161.07M (Peak 161.07M) | Time:00:00.19 | Mem:0.00M, Peak:0.00M | Scene, ViewLayer | Synchronizing object | Bow forging mark.007
Fra:1 Mem:161.07M (Peak 161.07M) | Time:00:00.19 | Mem:0.00M, Peak:0.00M | Scene, ViewLayer | Synchronizing object | Eyes L.012
Fra:1 Mem:161.14M (Peak 161.14M) | Time:00:00.19 | Mem:0.00M, Peak:0.00M | Scene, ViewLayer | Synchronizing object | Bow forging mark.008
Fra:1 Mem:161.14M (Peak 161.14M) | Time:00:00.19 | Mem:0.00M, Peak:0.00M | Scene, ViewLayer | Synchronizing object | Head.012
Fra:1 Mem:161.21M (Peak 161.21M) | Time:00:00.19 | Mem:0.00M, Peak:0.00M | Scene, ViewLayer | Synchronizing object | Bow forging mark.009
Fra:1 Mem:161.21M (Peak 161.21M) | Time:00:00.19 | Mem:0.00M, Peak:0.00M | Scene, ViewLayer | Synchronizing object | Collar.012
Fra:1 Mem:161.25M (Peak 161.25M) | Time:00:00.19 | Mem:0.00M, Peak:0.00M | Scene, ViewLayer | Synchronizing object | Tailored Cloak.012
Fra:1 Mem:161.27M (Peak 161.27M) | Time:00:00.19 | Mem:0.00M, Peak:0.00M | Scene, ViewLayer | Synchronizing object | Weapon aura shard.008
Fra:1 Mem:161.29M (Peak 161.29M) | Time:00:00.19 | Mem:0.00M, Peak:0.00M | Scene, ViewLayer | Synchronizing object | Tiered leaf shoulder.005
Fra:1 Mem:161.30M (Peak 161.30M) | Time:00:00.19 | Mem:0.00M, Peak:0.00M | Scene, ViewLayer | Synchronizing object | Tiered leaf shoulder.004
Fra:1 Mem:161.31M (Peak 161.31M) | Time:00:00.19 | Mem:0.00M, Peak:0.00M | Scene, ViewLayer | Synchronizing object | Tiered leaf shoulder.003
Fra:1 Mem:161.32M (Peak 161.32M) | Time:00:00.19 | Mem:0.00M, Peak:0.00M | Scene, ViewLayer | Synchronizing object | Weapon aura shard.009
Fra:1 Mem:161.34M (Peak 161.34M) | Time:00:00.19 | Mem:0.00M, Peak:0.00M | Scene, ViewLayer | Synchronizing object | Focus crystal.004
Fra:1 Mem:161.37M (Peak 161.37M) | Time:00:00.19 | Mem:0.00M, Peak:0.00M | Scene, ViewLayer | Synchronizing object | Staff collar.004
Fra:1 Mem:161.38M (Peak 161.38M) | Time:00:00.19 | Mem:0.00M, Peak:0.00M | Scene, ViewLayer | Synchronizing object | Tailored shoulder mantle.010
Fra:1 Mem:161.38M (Peak 161.38M) | Time:00:00.19 | Mem:0.00M, Peak:0.00M | Scene, ViewLayer | Synchronizing object | Inlaid staff.004
Fra:1 Mem:161.41M (Peak 161.41M) | Time:00:00.19 | Mem:0.00M, Peak:0.00M | Scene, ViewLayer | Synchronizing object | Cuff Trim.025
Fra:1 Mem:161.42M (Peak 161.42M) | Time:00:00.19 | Mem:0.00M, Peak:0.00M | Scene, ViewLayer | Synchronizing object | Forearm Bracer.025
Fra:1 Mem:161.45M (Peak 161.45M) | Time:00:00.19 | Mem:0.00M, Peak:0.00M | Scene, ViewLayer | Synchronizing object | Glove.025
Fra:1 Mem:161.49M (Peak 161.49M) | Time:00:00.19 | Mem:0.00M, Peak:0.00M | Scene, ViewLayer | Synchronizing object | Sleeve.025
Fra:1 Mem:161.53M (Peak 161.53M) | Time:00:00.19 | Mem:0.00M, Peak:0.00M | Scene, ViewLayer | Synchronizing object | Tiered leaf shoulder.002
Fra:1 Mem:161.53M (Peak 161.53M) | Time:00:00.19 | Mem:0.00M, Peak:0.00M | Scene, ViewLayer | Synchronizing object | Tiered leaf shoulder.001
Fra:1 Mem:161.54M (Peak 161.54M) | Time:00:00.19 | Mem:0.00M, Peak:0.00M | Scene, ViewLayer | Synchronizing object | Tiered leaf shoulder
Fra:1 Mem:161.54M (Peak 161.54M) | Time:00:00.19 | Mem:0.00M, Peak:0.00M | Scene, ViewLayer | Synchronizing object | Cuff Trim.024
Fra:1 Mem:161.55M (Peak 161.55M) | Time:00:00.19 | Mem:0.00M, Peak:0.00M | Scene, ViewLayer | Synchronizing object | Forearm Bracer.024
Fra:1 Mem:161.61M (Peak 161.61M) | Time:00:00.19 | Mem:0.00M, Peak:0.00M | Scene, ViewLayer | Synchronizing object | Orb.004
Fra:1 Mem:161.62M (Peak 161.62M) | Time:00:00.19 | Mem:0.00M, Peak:0.00M | Scene, ViewLayer | Synchronizing object | Master hunter raised left guard
Fra:1 Mem:161.67M (Peak 161.67M) | Time:00:00.19 | Mem:0.00M, Peak:0.00M | Scene, ViewLayer | Synchronizing object | Glove.024
Fra:1 Mem:161.70M (Peak 161.70M) | Time:00:00.19 | Mem:0.00M, Peak:0.00M | Scene, ViewLayer | Synchronizing object | Layered ranger arm guard
Fra:1 Mem:161.74M (Peak 161.74M) | Time:00:00.19 | Mem:0.00M, Peak:0.00M | Scene, ViewLayer | Synchronizing object | Sleeve.024
Fra:1 Mem:161.77M (Peak 161.77M) | Time:00:00.19 | Mem:0.00M, Peak:0.00M | Scene, ViewLayer | Synchronizing object | Layered ranger arm guard.001
Fra:1 Mem:161.80M (Peak 161.80M) | Time:00:00.19 | Mem:0.00M, Peak:0.00M | Scene, ViewLayer | Synchronizing object | Buckle.012
Fra:1 Mem:161.83M (Peak 161.83M) | Time:00:00.19 | Mem:0.00M, Peak:0.00M | Scene, ViewLayer | Synchronizing object | Master ranger feather crest
Fra:1 Mem:161.84M (Peak 161.84M) | Time:00:00.19 | Mem:0.00M, Peak:0.00M | Scene, ViewLayer | Synchronizing object | Belt.012
Fra:1 Mem:161.87M (Peak 161.87M) | Time:00:00.19 | Mem:0.00M, Peak:0.00M | Scene, ViewLayer | Synchronizing object | Sleeve.021
Fra:1 Mem:161.88M (Peak 161.88M) | Time:00:00.19 | Mem:0.00M, Peak:0.00M | Scene, ViewLayer | Synchronizing object | Breastplate.012
Fra:1 Mem:161.95M (Peak 161.95M) | Time:00:00.19 | Mem:0.00M, Peak:0.00M | Scene, ViewLayer | Synchronizing object | Glove.021
Fra:1 Mem:161.97M (Peak 161.97M) | Time:00:00.19 | Mem:0.00M, Peak:0.00M | Scene, ViewLayer | Synchronizing object | Knee Guard.023
Fra:1 Mem:162.01M (Peak 162.01M) | Time:00:00.19 | Mem:0.00M, Peak:0.00M | Scene, ViewLayer | Synchronizing object | Forearm Bracer.021
Fra:1 Mem:162.05M (Peak 162.05M) | Time:00:00.19 | Mem:0.00M, Peak:0.00M | Scene, ViewLayer | Synchronizing object | Shin Guard.023
Fra:1 Mem:162.09M (Peak 162.09M) | Time:00:00.19 | Mem:0.00M, Peak:0.00M | Scene, ViewLayer | Synchronizing object | Cuff Trim.021
Fra:1 Mem:162.10M (Peak 162.10M) | Time:00:00.19 | Mem:0.00M, Peak:0.00M | Scene, ViewLayer | Synchronizing object | Boot.023
Fra:1 Mem:162.10M (Peak 162.10M) | Time:00:00.19 | Mem:0.00M, Peak:0.00M | Scene, ViewLayer | Synchronizing object | Tailored Cloak.010
Fra:1 Mem:162.14M (Peak 162.14M) | Time:00:00.19 | Mem:0.00M, Peak:0.00M | Scene, ViewLayer | Synchronizing object | Trouser.023
Fra:1 Mem:162.15M (Peak 162.15M) | Time:00:00.19 | Mem:0.00M, Peak:0.00M | Scene, ViewLayer | Synchronizing object | Quiver.002
Fra:1 Mem:162.18M (Peak 162.18M) | Time:00:00.19 | Mem:0.00M, Peak:0.00M | Scene, ViewLayer | Synchronizing object | Spare Arrow.006
Fra:1 Mem:162.20M (Peak 162.20M) | Time:00:00.19 | Mem:0.00M, Peak:0.00M | Scene, ViewLayer | Synchronizing object | Knee Guard.022
Fra:1 Mem:162.20M (Peak 162.20M) | Time:00:00.19 | Mem:0.00M, Peak:0.00M | Scene, ViewLayer | Synchronizing object | Spare Arrow.007
Fra:1 Mem:162.24M (Peak 162.24M) | Time:00:00.19 | Mem:0.00M, Peak:0.00M | Scene, ViewLayer | Synchronizing object | Spare Arrow.008
Fra:1 Mem:162.26M (Peak 162.26M) | Time:00:00.19 | Mem:0.00M, Peak:0.00M | Scene, ViewLayer | Synchronizing object | Collar.010
Fra:1 Mem:162.25M (Peak 162.26M) | Time:00:00.19 | Mem:0.00M, Peak:0.00M | Scene, ViewLayer | Synchronizing object | Shin Guard.022
Fra:1 Mem:162.30M (Peak 162.30M) | Time:00:00.19 | Mem:0.00M, Peak:0.00M | Scene, ViewLayer | Synchronizing object | Scarf.002
Fra:1 Mem:162.33M (Peak 162.33M) | Time:00:00.19 | Mem:0.00M, Peak:0.00M | Scene, ViewLayer | Synchronizing object | Boot.022
Fra:1 Mem:162.34M (Peak 162.34M) | Time:00:00.19 | Mem:0.00M, Peak:0.00M | Scene, ViewLayer | Synchronizing object | Scarf Tail.002
Fra:1 Mem:162.38M (Peak 162.38M) | Time:00:00.19 | Mem:0.00M, Peak:0.00M | Scene, ViewLayer | Synchronizing object | Trouser.022
Fra:1 Mem:162.41M (Peak 162.41M) | Time:00:00.19 | Mem:0.00M, Peak:0.00M | Scene, ViewLayer | Synchronizing object | Head.010
Fra:1 Mem:162.45M (Peak 162.45M) | Time:00:00.19 | Mem:0.00M, Peak:0.00M | Scene, ViewLayer | Synchronizing object | Wing clasp.005
Fra:1 Mem:162.48M (Peak 162.48M) | Time:00:00.19 | Mem:0.00M, Peak:0.00M | Scene, ViewLayer | Synchronizing object | Eyes L.010
Fra:1 Mem:162.52M (Peak 162.52M) | Time:00:00.19 | Mem:0.00M, Peak:0.00M | Scene, ViewLayer | Synchronizing object | Star-ring focus crystal.047
Fra:1 Mem:162.55M (Peak 162.55M) | Time:00:00.19 | Mem:0.00M, Peak:0.00M | Scene, ViewLayer | Synchronizing object | Eyes R.010
Fra:1 Mem:162.58M (Peak 162.58M) | Time:00:00.19 | Mem:0.00M, Peak:0.00M | Scene, ViewLayer | Synchronizing object | Star-ring radial vane.047
Fra:1 Mem:162.61M (Peak 162.61M) | Time:00:00.19 | Mem:0.00M, Peak:0.00M | Scene, ViewLayer | Synchronizing object | Forest Hood.002
Fra:1 Mem:162.65M (Peak 162.65M) | Time:00:00.19 | Mem:0.00M, Peak:0.00M | Scene, ViewLayer | Synchronizing object | Star-ring focus crystal.046
Fra:1 Mem:162.68M (Peak 162.68M) | Time:00:00.19 | Mem:0.00M, Peak:0.00M | Scene, ViewLayer | Synchronizing object | Feather.002
Fra:1 Mem:162.72M (Peak 162.72M) | Time:00:00.19 | Mem:0.00M, Peak:0.00M | Scene, ViewLayer | Synchronizing object | Star-ring radial vane.046
Fra:1 Mem:162.75M (Peak 162.75M) | Time:00:00.19 | Mem:0.00M, Peak:0.00M | Scene, ViewLayer | Synchronizing object | Hair Side Lock.020
Fra:1 Mem:162.78M (Peak 162.78M) | Time:00:00.19 | Mem:0.00M, Peak:0.00M | Scene, ViewLayer | Synchronizing object | Star-ring focus crystal.045
Fra:1 Mem:162.82M (Peak 162.82M) | Time:00:00.19 | Mem:0.00M, Peak:0.00M | Scene, ViewLayer | Synchronizing object | Ear.020
Fra:1 Mem:162.85M (Peak 162.85M) | Time:00:00.19 | Mem:0.00M, Peak:0.00M | Scene, ViewLayer | Synchronizing object | Star-ring radial vane.045
Fra:1 Mem:162.89M (Peak 162.89M) | Time:00:00.19 | Mem:0.00M, Peak:0.00M | Scene, ViewLayer | Synchronizing object | Hair Side Lock.021
Fra:1 Mem:162.91M (Peak 162.91M) | Time:00:00.19 | Mem:0.00M, Peak:0.00M | Scene, ViewLayer | Synchronizing object | Star-ring focus crystal.044
Fra:1 Mem:162.96M (Peak 162.96M) | Time:00:00.19 | Mem:0.00M, Peak:0.00M | Scene, ViewLayer | Synchronizing object | Ear.021
Fra:1 Mem:162.98M (Peak 162.98M) | Time:00:00.19 | Mem:0.00M, Peak:0.00M | Scene, ViewLayer | Synchronizing object | Star-ring radial vane.044
Fra:1 Mem:163.02M (Peak 163.02M) | Time:00:00.19 | Mem:0.00M, Peak:0.00M | Scene, ViewLayer | Synchronizing object | Nose.010
Fra:1 Mem:163.05M (Peak 163.05M) | Time:00:00.19 | Mem:0.00M, Peak:0.00M | Scene, ViewLayer | Synchronizing object | Star-ring focus crystal.043
Fra:1 Mem:163.09M (Peak 163.09M) | Time:00:00.19 | Mem:0.00M, Peak:0.00M | Scene, ViewLayer | Synchronizing object | Asymmetric leather chest wrap.002
Fra:1 Mem:163.12M (Peak 163.12M) | Time:00:00.19 | Mem:0.00M, Peak:0.00M | Scene, ViewLayer | Synchronizing object | Star-ring radial vane.043
Fra:1 Mem:163.15M (Peak 163.15M) | Time:00:00.19 | Mem:0.00M, Peak:0.00M | Scene, ViewLayer | Synchronizing object | Costume fastening.006
Fra:1 Mem:163.17M (Peak 163.17M) | Time:00:00.19 | Mem:0.00M, Peak:0.00M | Scene, ViewLayer | Synchronizing object | Star-ring focus crystal.042
Fra:1 Mem:163.19M (Peak 163.19M) | Time:00:00.19 | Mem:0.00M, Peak:0.00M | Scene, ViewLayer | Synchronizing object | Hunter quiver harness.002
Fra:1 Mem:163.22M (Peak 163.22M) | Time:00:00.19 | Mem:0.00M, Peak:0.00M | Scene, ViewLayer | Synchronizing object | Hunter quiver retaining hoop
Fra:1 Mem:163.25M (Peak 163.25M) | Time:00:00.19 | Mem:0.00M, Peak:0.00M | Scene, ViewLayer | Synchronizing object | Hunter quiver retaining hoop.001
Fra:1 Mem:163.28M (Peak 163.28M) | Time:00:00.19 | Mem:0.00M, Peak:0.00M | Scene, ViewLayer | Synchronizing object | Hunter offside utility flap
Fra:1 Mem:163.31M (Peak 163.31M) | Time:00:00.19 | Mem:0.00M, Peak:0.00M | Scene, ViewLayer | Synchronizing object | Hunter layered hip tab
Fra:1 Mem:163.33M (Peak 163.33M) | Time:00:00.19 | Mem:0.00M, Peak:0.00M | Scene, ViewLayer | Synchronizing object | Hunter layered hip tab.001
Fra:1 Mem:163.39M (Peak 163.39M) | Time:00:00.19 | Mem:0.00M, Peak:0.00M | Scene, ViewLayer | Synchronizing object | Hunter layered hip tab.002
Fra:1 Mem:163.42M (Peak 163.42M) | Time:00:00.19 | Mem:0.00M, Peak:0.00M | Scene, ViewLayer | Synchronizing object | Star-ring radial vane.042
Fra:1 Mem:163.44M (Peak 163.44M) | Time:00:00.19 | Mem:0.00M, Peak:0.00M | Scene, ViewLayer | Synchronizing object | Master hunter quiver rail
Fra:1 Mem:163.48M (Peak 163.48M) | Time:00:00.19 | Mem:0.00M, Peak:0.00M | Scene, ViewLayer | Synchronizing object | Star-ring focus crystal.041
Fra:1 Mem:163.52M (Peak 163.52M) | Time:00:00.19 | Mem:0.00M, Peak:0.00M | Scene, ViewLayer | Synchronizing object | Master hunter quiver rail.001
Fra:1 Mem:163.55M (Peak 163.55M) | Time:00:00.19 | Mem:0.00M, Peak:0.00M | Scene, ViewLayer | Synchronizing object | Star-ring radial vane.041
Fra:1 Mem:163.58M (Peak 163.58M) | Time:00:00.19 | Mem:0.00M, Peak:0.00M | Scene, ViewLayer | Synchronizing object | Ranger clasp
Fra:1 Mem:163.61M (Peak 163.61M) | Time:00:00.19 | Mem:0.00M, Peak:0.00M | Scene, ViewLayer | Synchronizing object | Star-ring focus crystal.040
Fra:1 Mem:163.64M (Peak 163.64M) | Time:00:00.19 | Mem:0.00M, Peak:0.00M | Scene, ViewLayer | Synchronizing object | Ranger clasp.001
Fra:1 Mem:163.67M (Peak 163.67M) | Time:00:00.19 | Mem:0.00M, Peak:0.00M | Scene, ViewLayer | Synchronizing object | Star-ring radial vane.040
Fra:1 Mem:163.69M (Peak 163.69M) | Time:00:00.19 | Mem:0.00M, Peak:0.00M | Scene, ViewLayer | Synchronizing object | Trouser.020
Fra:1 Mem:163.74M (Peak 163.74M) | Time:00:00.19 | Mem:0.00M, Peak:0.00M | Scene, ViewLayer | Synchronizing object | Inclined inner astrolabe.005
Fra:1 Mem:163.77M (Peak 163.77M) | Time:00:00.19 | Mem:0.00M, Peak:0.00M | Scene, ViewLayer | Synchronizing object | Boot.020
Fra:1 Mem:163.80M (Peak 163.80M) | Time:00:00.19 | Mem:0.00M, Peak:0.00M | Scene, ViewLayer | Synchronizing object | Shin Guard.020
Fra:1 Mem:163.84M (Peak 163.84M) | Time:00:00.19 | Mem:0.00M, Peak:0.00M | Scene, ViewLayer | Synchronizing object | Bronze outer astrolabe.005
Fra:1 Mem:163.88M (Peak 163.88M) | Time:00:00.19 | Mem:0.00M, Peak:0.00M | Scene, ViewLayer | Synchronizing object | Knee Guard.020
Fra:1 Mem:163.92M (Peak 163.92M) | Time:00:00.19 | Mem:0.00M, Peak:0.00M | Scene, ViewLayer | Synchronizing object | Ranger clasp.003
Fra:1 Mem:163.95M (Peak 163.95M) | Time:00:00.19 | Mem:0.00M, Peak:0.00M | Scene, ViewLayer | Synchronizing object | Trouser.021
Fra:1 Mem:163.99M (Peak 163.99M) | Time:00:00.19 | Mem:0.00M, Peak:0.00M | Scene, ViewLayer | Synchronizing object | Ranger clasp.002
Fra:1 Mem:164.02M (Peak 164.02M) | Time:00:00.19 | Mem:0.00M, Peak:0.00M | Scene, ViewLayer | Synchronizing object | Boot.021
Fra:1 Mem:164.04M (Peak 164.04M) | Time:00:00.19 | Mem:0.00M, Peak:0.00M | Scene, ViewLayer | Synchronizing object | Master hunter quiver rail.003
Fra:1 Mem:164.06M (Peak 164.06M) | Time:00:00.19 | Mem:0.00M, Peak:0.00M | Scene, ViewLayer | Synchronizing object | Shin Guard.021
Fra:1 Mem:164.10M (Peak 164.10M) | Time:00:00.19 | Mem:0.00M, Peak:0.00M | Scene, ViewLayer | Synchronizing object | Master hunter quiver rail.002
Fra:1 Mem:164.13M (Peak 164.13M) | Time:00:00.19 | Mem:0.00M, Peak:0.00M | Scene, ViewLayer | Synchronizing object | Knee Guard.021
Fra:1 Mem:164.17M (Peak 164.17M) | Time:00:00.19 | Mem:0.00M, Peak:0.00M | Scene, ViewLayer | Synchronizing object | Hunter layered hip tab.005
Fra:1 Mem:164.20M (Peak 164.20M) | Time:00:00.19 | Mem:0.00M, Peak:0.00M | Scene, ViewLayer | Synchronizing object | Breastplate.011
Fra:1 Mem:164.23M (Peak 164.23M) | Time:00:00.19 | Mem:0.00M, Peak:0.00M | Scene, ViewLayer | Synchronizing object | Hunter layered hip tab.004
Fra:1 Mem:164.27M (Peak 164.27M) | Time:00:00.19 | Mem:0.00M, Peak:0.00M | Scene, ViewLayer | Synchronizing object | Belt.011
Fra:1 Mem:164.30M (Peak 164.30M) | Time:00:00.19 | Mem:0.00M, Peak:0.00M | Scene, ViewLayer | Synchronizing object | Hunter layered hip tab.003
Fra:1 Mem:164.32M (Peak 164.32M) | Time:00:00.19 | Mem:0.00M, Peak:0.00M | Scene, ViewLayer | Synchronizing object | Buckle.011
Fra:1 Mem:164.35M (Peak 164.35M) | Time:00:00.19 | Mem:0.00M, Peak:0.00M | Scene, ViewLayer | Synchronizing object | Sleeve.022
Fra:1 Mem:164.39M (Peak 164.39M) | Time:00:00.19 | Mem:0.00M, Peak:0.00M | Scene, ViewLayer | Synchronizing object | Hunter offside utility flap.001
Fra:1 Mem:164.42M (Peak 164.42M) | Time:00:00.19 | Mem:0.00M, Peak:0.00M | Scene, ViewLayer | Synchronizing object | Glove.022
Fra:1 Mem:164.46M (Peak 164.46M) | Time:00:00.19 | Mem:0.00M, Peak:0.00M | Scene, ViewLayer | Synchronizing object | Forearm Bracer.022
Fra:1 Mem:164.48M (Peak 164.48M) | Time:00:00.19 | Mem:0.00M, Peak:0.00M | Scene, ViewLayer | Synchronizing object | Hunter quiver retaining hoop.003
Fra:1 Mem:164.52M (Peak 164.52M) | Time:00:00.19 | Mem:0.00M, Peak:0.00M | Scene, ViewLayer | Synchronizing object | Cuff Trim.022
Fra:1 Mem:164.53M (Peak 164.53M) | Time:00:00.19 | Mem:0.00M, Peak:0.00M | Scene, ViewLayer | Synchronizing object | Arrow rest.003
Fra:1 Mem:164.56M (Peak 164.56M) | Time:00:00.19 | Mem:0.00M, Peak:0.00M | Scene, ViewLayer | Synchronizing object | Hunter quiver retaining hoop.002
Fra:1 Mem:164.59M (Peak 164.59M) | Time:00:00.19 | Mem:0.00M, Peak:0.00M | Scene, ViewLayer | Synchronizing object | Arrow Shaft.003
Fra:1 Mem:164.62M (Peak 164.62M) | Time:00:00.19 | Mem:0.00M, Peak:0.00M | Scene, ViewLayer | Synchronizing object | Hunter quiver harness.003
Fra:1 Mem:164.65M (Peak 164.65M) | Time:00:00.19 | Mem:0.00M, Peak:0.00M | Scene, ViewLayer | Synchronizing object | Arrow Head.003
Fra:1 Mem:164.65M (Peak 164.65M) | Time:00:00.19 | Mem:0.00M, Peak:0.00M | Scene, ViewLayer | Synchronizing object | Arrow Fletching.009
Fra:1 Mem:164.68M (Peak 164.68M) | Time:00:00.19 | Mem:0.00M, Peak:0.00M | Scene, ViewLayer | Synchronizing object | Costume fastening.007
Fra:1 Mem:164.69M (Peak 164.69M) | Time:00:00.19 | Mem:0.00M, Peak:0.00M | Scene, ViewLayer | Synchronizing object | Arrow Fletching.010
Fra:1 Mem:164.75M (Peak 164.75M) | Time:00:00.19 | Mem:0.00M, Peak:0.00M | Scene, ViewLayer | Synchronizing object | Asymmetric leather chest wrap.003
Fra:1 Mem:164.77M (Peak 164.77M) | Time:00:00.19 | Mem:0.00M, Peak:0.00M | Scene, ViewLayer | Synchronizing object | Arrow Fletching.011
Fra:1 Mem:164.81M (Peak 164.81M) | Time:00:00.19 | Mem:0.00M, Peak:0.00M | Scene, ViewLayer | Synchronizing object | Nose.011
Fra:1 Mem:164.82M (Peak 164.82M) | Time:00:00.19 | Mem:0.00M, Peak:0.00M | Scene, ViewLayer | Synchronizing object | Bow grip.003
Fra:1 Mem:164.88M (Peak 164.88M) | Time:00:00.19 | Mem:0.00M, Peak:0.00M | Scene, ViewLayer | Synchronizing object | Ear.023
Fra:1 Mem:164.90M (Peak 164.90M) | Time:00:00.19 | Mem:0.00M, Peak:0.00M | Scene, ViewLayer | Synchronizing object | Layered bow limb.024
Fra:1 Mem:164.92M (Peak 164.92M) | Time:00:00.19 | Mem:0.00M, Peak:0.00M | Scene, ViewLayer | Synchronizing object | Layered bow limb.025
Fra:1 Mem:164.93M (Peak 164.93M) | Time:00:00.19 | Mem:0.00M, Peak:0.00M | Scene, ViewLayer | Synchronizing object | Hair Side Lock.023
Fra:1 Mem:164.97M (Peak 164.97M) | Time:00:00.19 | Mem:0.00M, Peak:0.00M | Scene, ViewLayer | Synchronizing object | Layered bow limb.026
Fra:1 Mem:165.00M (Peak 165.00M) | Time:00:00.19 | Mem:0.00M, Peak:0.00M | Scene, ViewLayer | Synchronizing object | Layered bow limb.027
Fra:1 Mem:165.01M (Peak 165.01M) | Time:00:00.19 | Mem:0.00M, Peak:0.00M | Scene, ViewLayer | Synchronizing object | Ear.022
Fra:1 Mem:165.04M (Peak 165.04M) | Time:00:00.19 | Mem:0.00M, Peak:0.00M | Scene, ViewLayer | Synchronizing object | Bow tip.006
Fra:1 Mem:165.08M (Peak 165.08M) | Time:00:00.19 | Mem:0.00M, Peak:0.00M | Scene, ViewLayer | Synchronizing object | Hair Side Lock.022
Fra:1 Mem:165.11M (Peak 165.11M) | Time:00:00.19 | Mem:0.00M, Peak:0.00M | Scene, ViewLayer | Synchronizing object | Bow horn.002
Fra:1 Mem:165.14M (Peak 165.14M) | Time:00:00.19 | Mem:0.00M, Peak:0.00M | Scene, ViewLayer | Synchronizing object | Feather.003
Fra:1 Mem:165.18M (Peak 165.18M) | Time:00:00.19 | Mem:0.00M, Peak:0.00M | Scene, ViewLayer | Synchronizing object | Forest Hood.003
Fra:1 Mem:165.21M (Peak 165.21M) | Time:00:00.19 | Mem:0.00M, Peak:0.00M | Scene, ViewLayer | Synchronizing object | Eyes R.011
Fra:1 Mem:165.25M (Peak 165.25M) | Time:00:00.19 | Mem:0.00M, Peak:0.00M | Scene, ViewLayer | Synchronizing object | Eyes L.011
Fra:1 Mem:165.28M (Peak 165.28M) | Time:00:00.19 | Mem:0.00M, Peak:0.00M | Scene, ViewLayer | Synchronizing object | Head.011
Fra:1 Mem:165.32M (Peak 165.32M) | Time:00:00.19 | Mem:0.00M, Peak:0.00M | Scene, ViewLayer | Synchronizing object | Scarf Tail.003
Fra:1 Mem:165.35M (Peak 165.35M) | Time:00:00.19 | Mem:0.00M, Peak:0.00M | Scene, ViewLayer | Synchronizing object | Scarf.003
Fra:1 Mem:165.38M (Peak 165.38M) | Time:00:00.19 | Mem:0.00M, Peak:0.00M | Scene, ViewLayer | Synchronizing object | Collar.011
Fra:1 Mem:165.39M (Peak 165.39M) | Time:00:00.19 | Mem:0.00M, Peak:0.00M | Scene, ViewLayer | Synchronizing object | Spare Arrow.011
Fra:1 Mem:165.40M (Peak 165.40M) | Time:00:00.19 | Mem:0.00M, Peak:0.00M | Scene, ViewLayer | Synchronizing object | Spare Arrow.010
Fra:1 Mem:165.41M (Peak 165.41M) | Time:00:00.19 | Mem:0.00M, Peak:0.00M | Scene, ViewLayer | Synchronizing object | Spare Arrow.009
Fra:1 Mem:165.42M (Peak 165.42M) | Time:00:00.19 | Mem:0.00M, Peak:0.00M | Scene, ViewLayer | Synchronizing object | Quiver.003
Fra:1 Mem:165.43M (Peak 165.43M) | Time:00:00.19 | Mem:0.00M, Peak:0.00M | Scene, ViewLayer | Synchronizing object | Tailored Cloak.011
Fra:1 Mem:165.45M (Peak 165.45M) | Time:00:00.19 | Mem:0.00M, Peak:0.00M | Scene, ViewLayer | Synchronizing object | Cuff Trim.023
Fra:1 Mem:165.46M (Peak 165.46M) | Time:00:00.19 | Mem:0.00M, Peak:0.00M | Scene, ViewLayer | Synchronizing object | Forearm Bracer.023
Fra:1 Mem:165.50M (Peak 165.50M) | Time:00:00.19 | Mem:0.00M, Peak:0.00M | Scene, ViewLayer | Synchronizing object | Glove.023
Fra:1 Mem:165.53M (Peak 165.53M) | Time:00:00.19 | Mem:0.00M, Peak:0.00M | Scene, ViewLayer | Synchronizing object | Sleeve.023
Fra:1 Mem:165.57M (Peak 165.57M) | Time:00:00.19 | Mem:0.00M, Peak:0.00M | Scene, ViewLayer | Synchronizing object | Master ranger feather crest.001
Fra:1 Mem:165.57M (Peak 165.57M) | Time:00:00.19 | Mem:0.00M, Peak:0.00M | Scene, ViewLayer | Synchronizing object | Layered ranger arm guard.003
Fra:1 Mem:165.60M (Peak 165.60M) | Time:00:00.19 | Mem:0.00M, Peak:0.00M | Scene, ViewLayer | Synchronizing object | Layered ranger arm guard.002
Fra:1 Mem:165.63M (Peak 165.63M) | Time:00:00.19 | Mem:0.00M, Peak:0.00M | Scene, ViewLayer | Synchronizing object | Master hunter raised left guard.001
Fra:1 Mem:165.66M (Peak 165.66M) | Time:00:00.19 | Mem:0.00M, Peak:0.00M | Scene, ViewLayer | Synchronizing object | Tailored shoulder mantle.011
Fra:1 Mem:165.70M (Peak 165.70M) | Time:00:00.19 | Mem:0.00M, Peak:0.00M | Scene, ViewLayer | Synchronizing object | Fashion bow limb crest.003
Fra:1 Mem:165.74M (Peak 165.74M) | Time:00:00.19 | Mem:0.00M, Peak:0.00M | Scene, ViewLayer | Synchronizing object | Fashion bow limb crest.002
Fra:1 Mem:165.79M (Peak 165.79M) | Time:00:00.19 | Mem:0.00M, Peak:0.00M | Scene, ViewLayer | Synchronizing object | Weapon aura shard.011
Fra:1 Mem:165.83M (Peak 165.83M) | Time:00:00.19 | Mem:0.00M, Peak:0.00M | Scene, ViewLayer | Synchronizing object | Weapon aura shard.010
Fra:1 Mem:165.88M (Peak 165.88M) | Time:00:00.20 | Mem:0.00M, Peak:0.00M | Scene, ViewLayer | Synchronizing object | Bow forging mark.019
Fra:1 Mem:165.90M (Peak 165.90M) | Time:00:00.20 | Mem:0.00M, Peak:0.00M | Scene, ViewLayer | Synchronizing object | Layered bow limb.028
Fra:1 Mem:165.93M (Peak 165.93M) | Time:00:00.20 | Mem:0.00M, Peak:0.00M | Scene, ViewLayer | Synchronizing object | Layered bow limb.029
Fra:1 Mem:165.97M (Peak 165.97M) | Time:00:00.20 | Mem:0.00M, Peak:0.00M | Scene, ViewLayer | Synchronizing object | Bow forging mark.017
Fra:1 Mem:166.00M (Peak 166.00M) | Time:00:00.20 | Mem:0.00M, Peak:0.00M | Scene, ViewLayer | Synchronizing object | Bow forging mark.016
Fra:1 Mem:166.04M (Peak 166.04M) | Time:00:00.20 | Mem:0.00M, Peak:0.00M | Scene, ViewLayer | Synchronizing object | Bow forging mark.015
Fra:1 Mem:166.07M (Peak 166.07M) | Time:00:00.20 | Mem:0.00M, Peak:0.00M | Scene, ViewLayer | Synchronizing object | Bow forging mark.014
Fra:1 Mem:166.10M (Peak 166.10M) | Time:00:00.20 | Mem:0.00M, Peak:0.00M | Scene, ViewLayer | Synchronizing object | Bow forging mark.013
Fra:1 Mem:166.14M (Peak 166.14M) | Time:00:00.20 | Mem:0.00M, Peak:0.00M | Scene, ViewLayer | Synchronizing object | Bow forging mark.012
Fra:1 Mem:166.17M (Peak 166.17M) | Time:00:00.20 | Mem:0.00M, Peak:0.00M | Scene, ViewLayer | Synchronizing object | Bow forging mark.011
Fra:1 Mem:166.21M (Peak 166.21M) | Time:00:00.20 | Mem:0.00M, Peak:0.00M | Scene, ViewLayer | Synchronizing object | Bow forging mark.010
Fra:1 Mem:166.24M (Peak 166.24M) | Time:00:00.20 | Mem:0.00M, Peak:0.00M | Scene, ViewLayer | Synchronizing object | Bow focus.001
Fra:1 Mem:166.28M (Peak 166.28M) | Time:00:00.20 | Mem:0.00M, Peak:0.00M | Scene, ViewLayer | Synchronizing object | Bow horn.003
Fra:1 Mem:166.31M (Peak 166.31M) | Time:00:00.20 | Mem:0.00M, Peak:0.00M | Scene, ViewLayer | Synchronizing object | Bow tip.007
Fra:1 Mem:166.35M (Peak 166.35M) | Time:00:00.20 | Mem:0.00M, Peak:0.00M | Scene, ViewLayer | Synchronizing object | Layered bow limb.031
Fra:1 Mem:166.37M (Peak 166.37M) | Time:00:00.20 | Mem:0.00M, Peak:0.00M | Scene, ViewLayer | Synchronizing object | Layered bow limb.030
Fra:1 Mem:166.40M (Peak 166.40M) | Time:00:00.20 | Mem:0.00M, Peak:0.00M | Scene, ViewLayer | Initializing
Fra:1 Mem:121.57M (Peak 166.40M) | Time:00:00.23 | Mem:0.00M, Peak:0.00M | Scene, ViewLayer | Waiting for render to start
Fra:1 Mem:121.57M (Peak 166.40M) | Time:00:00.23 | Mem:0.00M, Peak:0.00M | Scene, ViewLayer | Loading render kernels (may take a few minutes the first time)
Fra:1 Mem:121.57M (Peak 166.40M) | Time:00:00.23 | Mem:0.00M, Peak:0.00M | Scene, ViewLayer | Updating Scene
Fra:1 Mem:121.57M (Peak 166.40M) | Time:00:00.23 | Mem:0.00M, Peak:0.00M | Scene, ViewLayer | Updating Shaders
Fra:1 Mem:121.69M (Peak 166.40M) | Time:00:00.23 | Mem:0.04M, Peak:0.04M | Scene, ViewLayer | Updating Procedurals
Fra:1 Mem:121.69M (Peak 166.40M) | Time:00:00.23 | Mem:0.04M, Peak:0.04M | Scene, ViewLayer | Updating Background
Fra:1 Mem:121.69M (Peak 166.40M) | Time:00:00.23 | Mem:0.04M, Peak:0.04M | Scene, ViewLayer | Updating Camera
Fra:1 Mem:121.69M (Peak 166.40M) | Time:00:00.23 | Mem:0.04M, Peak:0.04M | Scene, ViewLayer | Updating Meshes Flags
Fra:1 Mem:121.69M (Peak 166.40M) | Time:00:00.23 | Mem:0.04M, Peak:0.04M | Scene, ViewLayer | Updating Objects
Fra:1 Mem:121.69M (Peak 166.40M) | Time:00:00.23 | Mem:0.04M, Peak:0.04M | Scene, ViewLayer | Updating Objects | Copying Transformations to device
Fra:1 Mem:121.99M (Peak 166.40M) | Time:00:00.23 | Mem:0.33M, Peak:0.33M | Scene, ViewLayer | Updating Objects | Applying Static Transformations
Fra:1 Mem:121.99M (Peak 166.40M) | Time:00:00.23 | Mem:0.33M, Peak:0.33M | Scene, ViewLayer | Updating Particle Systems
Fra:1 Mem:121.99M (Peak 166.40M) | Time:00:00.23 | Mem:0.33M, Peak:0.33M | Scene, ViewLayer | Updating Particle Systems | Copying Particles to device
Fra:1 Mem:121.99M (Peak 166.40M) | Time:00:00.23 | Mem:0.33M, Peak:0.33M | Scene, ViewLayer | Updating Meshes
Fra:1 Mem:128.07M (Peak 166.40M) | Time:00:00.25 | Mem:0.33M, Peak:0.33M | Scene, ViewLayer | Updating Mesh | Computing attributes
Fra:1 Mem:131.54M (Peak 166.40M) | Time:00:00.25 | Mem:0.40M, Peak:0.40M | Scene, ViewLayer | Updating Mesh | Copying Attributes to device
Fra:1 Mem:131.34M (Peak 166.40M) | Time:00:00.25 | Mem:3.60M, Peak:3.60M | Scene, ViewLayer | Updating Scene BVH | Building
Fra:1 Mem:131.36M (Peak 166.40M) | Time:00:00.25 | Mem:3.60M, Peak:3.60M | Scene, ViewLayer | Updating Scene BVH | Building BVH
Fra:1 Mem:131.36M (Peak 166.40M) | Time:00:00.25 | Mem:15.76M, Peak:15.76M | Scene, ViewLayer | Updating Scene BVH | Building BVH 0%
Fra:1 Mem:131.36M (Peak 166.40M) | Time:00:00.39 | Mem:29.00M, Peak:41.16M | Scene, ViewLayer | Updating Scene BVH | Copying BVH to device
Fra:1 Mem:131.36M (Peak 166.40M) | Time:00:00.39 | Mem:29.00M, Peak:41.16M | Scene, ViewLayer | Updating Mesh | Computing normals
Fra:1 Mem:147.48M (Peak 166.40M) | Time:00:00.39 | Mem:29.00M, Peak:41.16M | Scene, ViewLayer | Updating Mesh | Copying Mesh to device
Fra:1 Mem:147.48M (Peak 166.40M) | Time:00:00.39 | Mem:45.12M, Peak:45.12M | Scene, ViewLayer | Updating Objects Flags
Fra:1 Mem:147.48M (Peak 166.40M) | Time:00:00.39 | Mem:45.13M, Peak:45.13M | Scene, ViewLayer | Updating Primitive Offsets
Fra:1 Mem:147.49M (Peak 166.40M) | Time:00:00.39 | Mem:45.13M, Peak:45.13M | Scene, ViewLayer | Updating Images
Fra:1 Mem:147.49M (Peak 166.40M) | Time:00:00.39 | Mem:45.13M, Peak:45.13M | Scene, ViewLayer | Updating Camera Volume
Fra:1 Mem:147.49M (Peak 166.40M) | Time:00:00.39 | Mem:45.13M, Peak:45.13M | Scene, ViewLayer | Updating Lookup Tables
Fra:1 Mem:147.49M (Peak 166.40M) | Time:00:00.39 | Mem:45.21M, Peak:45.21M | Scene, ViewLayer | Updating Lights
Fra:1 Mem:147.49M (Peak 166.40M) | Time:00:00.39 | Mem:45.21M, Peak:45.21M | Scene, ViewLayer | Updating Lights | Computing tree
Fra:1 Mem:147.50M (Peak 166.40M) | Time:00:00.39 | Mem:45.22M, Peak:45.22M | Scene, ViewLayer | Updating Integrator
Fra:1 Mem:147.50M (Peak 166.40M) | Time:00:00.39 | Mem:45.22M, Peak:45.22M | Scene, ViewLayer | Updating Film
Fra:1 Mem:147.50M (Peak 166.40M) | Time:00:00.39 | Mem:45.14M, Peak:45.22M | Scene, ViewLayer | Updating Lookup Tables
Fra:1 Mem:147.50M (Peak 166.40M) | Time:00:00.39 | Mem:45.23M, Peak:45.23M | Scene, ViewLayer | Updating Baking
Fra:1 Mem:147.50M (Peak 166.40M) | Time:00:00.39 | Mem:45.23M, Peak:45.23M | Scene, ViewLayer | Updating Device | Writing constant memory
Fra:1 Mem:147.52M (Peak 166.40M) | Time:00:00.39 | Mem:45.23M, Peak:45.23M | Scene, ViewLayer | Sample 0/12
Fra:1 Mem:291.04M (Peak 291.04M) | Time:00:07.18 | Remaining:01:14.69 | Mem:188.74M, Peak:188.74M | Scene, ViewLayer | Sample 1/12
Fra:1 Mem:291.04M (Peak 291.04M) | Time:00:26.69 | Remaining:00:36.81 | Mem:188.74M, Peak:188.74M | Scene, ViewLayer | Sample 5/12
Fra:1 Mem:291.04M (Peak 291.04M) | Time:00:45.41 | Remaining:00:15.00 | Mem:188.74M, Peak:188.74M | Scene, ViewLayer | Sample 9/12
Fra:1 Mem:354.82M (Peak 482.39M) | Time:00:59.43 | Mem:188.74M, Peak:188.74M | Scene, ViewLayer | Sample 12/12
Fra:1 Mem:354.82M (Peak 482.39M) | Time:00:59.43 | Mem:188.74M, Peak:188.74M | Scene, ViewLayer | Finished
Saved: '/workspace/scratch/blender-upgrade/f3-weapons/ArtSource/WeaponModules/Factory16-Before.png'
Time: 01:00.09 (Saving: 00:00.65)

Fra:1 Mem:123.85M (Peak 123.85M) | Time:00:00.09 | Mem:0.00M, Peak:0.00M | Scene, ViewLayer | Synchronizing object | Plane
Fra:1 Mem:123.85M (Peak 123.85M) | Time:00:00.09 | Mem:0.00M, Peak:0.00M | Scene, ViewLayer | Synchronizing object | Breastplate
Fra:1 Mem:123.88M (Peak 123.88M) | Time:00:00.09 | Mem:0.00M, Peak:0.00M | Scene, ViewLayer | Synchronizing object | Belt
Fra:1 Mem:123.92M (Peak 123.92M) | Time:00:00.09 | Mem:0.00M, Peak:0.00M | Scene, ViewLayer | Synchronizing object | Buckle
Fra:1 Mem:123.95M (Peak 123.95M) | Time:00:00.09 | Mem:0.00M, Peak:0.00M | Scene, ViewLayer | Synchronizing object | Sleeve
Fra:1 Mem:124.02M (Peak 124.02M) | Time:00:00.09 | Mem:0.00M, Peak:0.00M | Scene, ViewLayer | Synchronizing object | Glove
Fra:1 Mem:124.07M (Peak 124.07M) | Time:00:00.09 | Mem:0.00M, Peak:0.00M | Scene, ViewLayer | Synchronizing object | Round Shield
Fra:1 Mem:124.09M (Peak 124.09M) | Time:00:00.09 | Mem:0.00M, Peak:0.00M | Scene, ViewLayer | Synchronizing object | Shield Boss
Fra:1 Mem:124.12M (Peak 124.12M) | Time:00:00.09 | Mem:0.00M, Peak:0.00M | Scene, ViewLayer | Synchronizing object | Forearm Bracer
Fra:1 Mem:124.16M (Peak 124.16M) | Time:00:00.09 | Mem:0.00M, Peak:0.00M | Scene, ViewLayer | Synchronizing object | Cuff Trim
Fra:1 Mem:124.18M (Peak 124.18M) | Time:00:00.09 | Mem:0.00M, Peak:0.00M | Scene, ViewLayer | Synchronizing object | Shield Inlay
Fra:1 Mem:124.21M (Peak 124.21M) | Time:00:00.09 | Mem:0.00M, Peak:0.00M | Scene, ViewLayer | Synchronizing object | Text.001
Fra:1 Mem:124.30M (Peak 124.30M) | Time:00:00.09 | Mem:0.00M, Peak:0.00M | Scene, ViewLayer | Synchronizing object | Shield Inlay.001
Fra:1 Mem:124.37M (Peak 124.37M) | Time:00:00.09 | Mem:0.00M, Peak:0.00M | Scene, ViewLayer | Synchronizing object | Shoulder shell
Fra:1 Mem:124.38M (Peak 124.38M) | Time:00:00.09 | Mem:0.00M, Peak:0.00M | Scene, ViewLayer | Synchronizing object | Sleeve.001
Fra:1 Mem:124.42M (Peak 124.42M) | Time:00:00.09 | Mem:0.00M, Peak:0.00M | Scene, ViewLayer | Synchronizing object | Glove.001
Fra:1 Mem:124.46M (Peak 124.46M) | Time:00:00.09 | Mem:0.00M, Peak:0.00M | Scene, ViewLayer | Synchronizing object | Forearm Bracer.001
Fra:1 Mem:124.50M (Peak 124.50M) | Time:00:00.09 | Mem:0.00M, Peak:0.00M | Scene, ViewLayer | Synchronizing object | Cuff Trim.001
Fra:1 Mem:124.51M (Peak 124.51M) | Time:00:00.09 | Mem:0.00M, Peak:0.00M | Scene, ViewLayer | Synchronizing object | Wrapped grip
Fra:1 Mem:124.55M (Peak 124.55M) | Time:00:00.09 | Mem:0.00M, Peak:0.00M | Scene, ViewLayer | Synchronizing object | Faceted pommel
Fra:1 Mem:124.56M (Peak 124.56M) | Time:00:00.09 | Mem:0.00M, Peak:0.00M | Scene, ViewLayer | Synchronizing object | Swept guard
Fra:1 Mem:124.59M (Peak 124.59M) | Time:00:00.09 | Mem:0.00M, Peak:0.00M | Scene, ViewLayer | Synchronizing object | Tiered blade
Fra:1 Mem:124.60M (Peak 124.60M) | Time:00:00.09 | Mem:0.00M, Peak:0.00M | Scene, ViewLayer | Synchronizing object | Blade spine
Fra:1 Mem:124.61M (Peak 124.61M) | Time:00:00.09 | Mem:0.00M, Peak:0.00M | Scene, ViewLayer | Synchronizing object | Shoulder shell.001
Fra:1 Mem:124.64M (Peak 124.64M) | Time:00:00.09 | Mem:0.00M, Peak:0.00M | Scene, ViewLayer | Synchronizing object | Tailored Cloak
Fra:1 Mem:124.65M (Peak 124.65M) | Time:00:00.09 | Mem:0.00M, Peak:0.00M | Scene, ViewLayer | Synchronizing object | Text.002
Fra:1 Mem:124.66M (Peak 124.66M) | Time:00:00.09 | Mem:0.00M, Peak:0.00M | Scene, ViewLayer | Synchronizing object | Collar
Fra:1 Mem:124.70M (Peak 124.70M) | Time:00:00.09 | Mem:0.00M, Peak:0.00M | Scene, ViewLayer | Synchronizing object | Head
Fra:1 Mem:124.74M (Peak 124.74M) | Time:00:00.09 | Mem:0.00M, Peak:0.00M | Scene, ViewLayer | Synchronizing object | Eyes L
Fra:1 Mem:124.78M (Peak 124.78M) | Time:00:00.09 | Mem:0.00M, Peak:0.00M | Scene, ViewLayer | Synchronizing object | Eyes R
Fra:1 Mem:124.82M (Peak 124.82M) | Time:00:00.09 | Mem:0.00M, Peak:0.00M | Scene, ViewLayer | Synchronizing object | Helmet
Fra:1 Mem:124.85M (Peak 124.85M) | Time:00:00.09 | Mem:0.00M, Peak:0.00M | Scene, ViewLayer | Synchronizing object | Helmet Crest
Fra:1 Mem:124.88M (Peak 124.88M) | Time:00:00.09 | Mem:0.00M, Peak:0.00M | Scene, ViewLayer | Synchronizing object | Nose Guard
Fra:1 Mem:124.92M (Peak 124.92M) | Time:00:00.09 | Mem:0.00M, Peak:0.00M | Scene, ViewLayer | Synchronizing object | Hair Side Lock
Fra:1 Mem:124.96M (Peak 124.96M) | Time:00:00.09 | Mem:0.00M, Peak:0.00M | Scene, ViewLayer | Synchronizing object | Ear
Fra:1 Mem:124.99M (Peak 124.99M) | Time:00:00.09 | Mem:0.00M, Peak:0.00M | Scene, ViewLayer | Synchronizing object | Hair Side Lock.001
Fra:1 Mem:125.03M (Peak 125.03M) | Time:00:00.09 | Mem:0.00M, Peak:0.00M | Scene, ViewLayer | Synchronizing object | Ear.001
Fra:1 Mem:125.07M (Peak 125.07M) | Time:00:00.09 | Mem:0.00M, Peak:0.00M | Scene, ViewLayer | Synchronizing object | Nose
Fra:1 Mem:125.10M (Peak 125.10M) | Time:00:00.09 | Mem:0.00M, Peak:0.00M | Scene, ViewLayer | Synchronizing object | Text.003
Fra:1 Mem:125.18M (Peak 125.18M) | Time:00:00.09 | Mem:0.00M, Peak:0.00M | Scene, ViewLayer | Synchronizing object | Helmet Cheek Guard
Fra:1 Mem:125.23M (Peak 125.23M) | Time:00:00.09 | Mem:0.00M, Peak:0.00M | Scene, ViewLayer | Synchronizing object | Helmet Cheek Guard.001
Fra:1 Mem:125.30M (Peak 125.30M) | Time:00:00.09 | Mem:0.00M, Peak:0.00M | Scene, ViewLayer | Synchronizing object | Raised breastplate
Fra:1 Mem:125.31M (Peak 125.31M) | Time:00:00.09 | Mem:0.00M, Peak:0.00M | Scene, ViewLayer | Synchronizing object | Central crest
Fra:1 Mem:125.34M (Peak 125.34M) | Time:00:00.09 | Mem:0.00M, Peak:0.00M | Scene, ViewLayer | Synchronizing object | Waist plate
Fra:1 Mem:125.37M (Peak 125.37M) | Time:00:00.09 | Mem:0.00M, Peak:0.00M | Scene, ViewLayer | Synchronizing object | Trouser
Fra:1 Mem:125.41M (Peak 125.41M) | Time:00:00.09 | Mem:0.00M, Peak:0.00M | Scene, ViewLayer | Synchronizing object | Boot
Fra:1 Mem:125.43M (Peak 125.43M) | Time:00:00.09 | Mem:0.00M, Peak:0.00M | Scene, ViewLayer | Synchronizing object | Shin Guard
Fra:1 Mem:125.46M (Peak 125.46M) | Time:00:00.09 | Mem:0.00M, Peak:0.00M | Scene, ViewLayer | Synchronizing object | Text.004
Fra:1 Mem:125.51M (Peak 125.51M) | Time:00:00.09 | Mem:0.00M, Peak:0.00M | Scene, ViewLayer | Synchronizing object | Knee Guard
Fra:1 Mem:125.57M (Peak 125.57M) | Time:00:00.09 | Mem:0.00M, Peak:0.00M | Scene, ViewLayer | Synchronizing object | Trouser.001
Fra:1 Mem:125.61M (Peak 125.61M) | Time:00:00.09 | Mem:0.00M, Peak:0.00M | Scene, ViewLayer | Synchronizing object | Boot.001
Fra:1 Mem:125.63M (Peak 125.63M) | Time:00:00.09 | Mem:0.00M, Peak:0.00M | Scene, ViewLayer | Synchronizing object | Shin Guard.001
Fra:1 Mem:125.67M (Peak 125.67M) | Time:00:00.09 | Mem:0.00M, Peak:0.00M | Scene, ViewLayer | Synchronizing object | Text.005
Fra:1 Mem:125.72M (Peak 125.72M) | Time:00:00.09 | Mem:0.00M, Peak:0.00M | Scene, ViewLayer | Synchronizing object | Knee Guard.001
Fra:1 Mem:125.81M (Peak 125.81M) | Time:00:00.09 | Mem:0.00M, Peak:0.00M | Scene, ViewLayer | Synchronizing object | Breastplate.001
Fra:1 Mem:125.84M (Peak 125.84M) | Time:00:00.09 | Mem:0.00M, Peak:0.00M | Scene, ViewLayer | Synchronizing object | Belt.001
Fra:1 Mem:125.89M (Peak 125.89M) | Time:00:00.09 | Mem:0.00M, Peak:0.00M | Scene, ViewLayer | Synchronizing object | Buckle.001
Fra:1 Mem:125.92M (Peak 125.92M) | Time:00:00.09 | Mem:0.00M, Peak:0.00M | Scene, ViewLayer | Synchronizing object | Sleeve.002
Fra:1 Mem:125.97M (Peak 125.97M) | Time:00:00.09 | Mem:0.00M, Peak:0.00M | Scene, ViewLayer | Synchronizing object | Glove.002
Fra:1 Mem:126.00M (Peak 126.00M) | Time:00:00.09 | Mem:0.00M, Peak:0.00M | Scene, ViewLayer | Synchronizing object | Round Shield.001
Fra:1 Mem:126.01M (Peak 126.01M) | Time:00:00.09 | Mem:0.00M, Peak:0.00M | Scene, ViewLayer | Synchronizing object | Shield Boss.001
Fra:1 Mem:126.05M (Peak 126.05M) | Time:00:00.09 | Mem:0.00M, Peak:0.00M | Scene, ViewLayer | Synchronizing object | Forearm Bracer.002
Fra:1 Mem:126.09M (Peak 126.09M) | Time:00:00.09 | Mem:0.00M, Peak:0.00M | Scene, ViewLayer | Synchronizing object | Cuff Trim.002
Fra:1 Mem:126.11M (Peak 126.11M) | Time:00:00.09 | Mem:0.00M, Peak:0.00M | Scene, ViewLayer | Synchronizing object | Shield Inlay.002
Fra:1 Mem:126.14M (Peak 126.14M) | Time:00:00.09 | Mem:0.00M, Peak:0.00M | Scene, ViewLayer | Synchronizing object | Shield Inlay.003
Fra:1 Mem:126.18M (Peak 126.18M) | Time:00:00.09 | Mem:0.00M, Peak:0.00M | Scene, ViewLayer | Synchronizing object | Text.006
Fra:1 Mem:126.18M (Peak 126.18M) | Time:00:00.09 | Mem:0.00M, Peak:0.00M | Scene, ViewLayer | Synchronizing object | Shoulder shell.002
Fra:1 Mem:126.25M (Peak 126.25M) | Time:00:00.09 | Mem:0.00M, Peak:0.00M | Scene, ViewLayer | Synchronizing object | Sleeve.003
Fra:1 Mem:126.30M (Peak 126.30M) | Time:00:00.09 | Mem:0.00M, Peak:0.00M | Scene, ViewLayer | Synchronizing object | Glove.003
Fra:1 Mem:126.34M (Peak 126.34M) | Time:00:00.09 | Mem:0.00M, Peak:0.00M | Scene, ViewLayer | Synchronizing object | Forearm Bracer.003
Fra:1 Mem:126.39M (Peak 126.39M) | Time:00:00.09 | Mem:0.00M, Peak:0.00M | Scene, ViewLayer | Synchronizing object | Cuff Trim.003
Fra:1 Mem:126.40M (Peak 126.40M) | Time:00:00.09 | Mem:0.00M, Peak:0.00M | Scene, ViewLayer | Synchronizing object | Wrapped grip.001
Fra:1 Mem:126.44M (Peak 126.44M) | Time:00:00.09 | Mem:0.00M, Peak:0.00M | Scene, ViewLayer | Synchronizing object | Faceted pommel.001
Fra:1 Mem:126.45M (Peak 126.45M) | Time:00:00.09 | Mem:0.00M, Peak:0.00M | Scene, ViewLayer | Synchronizing object | Swept guard.001
Fra:1 Mem:126.48M (Peak 126.48M) | Time:00:00.09 | Mem:0.00M, Peak:0.00M | Scene, ViewLayer | Synchronizing object | Tiered blade.001
Fra:1 Mem:126.49M (Peak 126.49M) | Time:00:00.09 | Mem:0.00M, Peak:0.00M | Scene, ViewLayer | Synchronizing object | Blade spine.001
Fra:1 Mem:126.49M (Peak 126.49M) | Time:00:00.09 | Mem:0.00M, Peak:0.00M | Scene, ViewLayer | Synchronizing object | Fashion sword guard
Fra:1 Mem:126.51M (Peak 126.51M) | Time:00:00.09 | Mem:0.00M, Peak:0.00M | Scene, ViewLayer | Synchronizing object | Fashion sword guard.001
Fra:1 Mem:126.53M (Peak 126.53M) | Time:00:00.09 | Mem:0.00M, Peak:0.00M | Scene, ViewLayer | Synchronizing object | Shoulder shell.003
Fra:1 Mem:126.55M (Peak 126.55M) | Time:00:00.09 | Mem:0.00M, Peak:0.00M | Scene, ViewLayer | Synchronizing object | Text.007
Fra:1 Mem:126.57M (Peak 126.57M) | Time:00:00.09 | Mem:0.00M, Peak:0.00M | Scene, ViewLayer | Synchronizing object | Tailored Cloak.001
Fra:1 Mem:126.65M (Peak 126.65M) | Time:00:00.09 | Mem:0.00M, Peak:0.00M | Scene, ViewLayer | Synchronizing object | Collar.001
Fra:1 Mem:126.69M (Peak 126.69M) | Time:00:00.09 | Mem:0.00M, Peak:0.00M | Scene, ViewLayer | Synchronizing object | Head.001
Fra:1 Mem:126.73M (Peak 126.73M) | Time:00:00.09 | Mem:0.00M, Peak:0.00M | Scene, ViewLayer | Synchronizing object | Eyes L.001
Fra:1 Mem:126.79M (Peak 126.79M) | Time:00:00.09 | Mem:0.00M, Peak:0.00M | Scene, ViewLayer | Synchronizing object | Eyes R.001
Fra:1 Mem:126.82M (Peak 126.82M) | Time:00:00.09 | Mem:0.00M, Peak:0.00M | Scene, ViewLayer | Synchronizing object | Helmet.001
Fra:1 Mem:126.85M (Peak 126.85M) | Time:00:00.09 | Mem:0.00M, Peak:0.00M | Scene, ViewLayer | Synchronizing object | Helmet Crest.001
Fra:1 Mem:126.88M (Peak 126.88M) | Time:00:00.09 | Mem:0.00M, Peak:0.00M | Scene, ViewLayer | Synchronizing object | Nose Guard.001
Fra:1 Mem:126.91M (Peak 126.91M) | Time:00:00.09 | Mem:0.00M, Peak:0.00M | Scene, ViewLayer | Synchronizing object | Hair Side Lock.002
Fra:1 Mem:126.95M (Peak 126.95M) | Time:00:00.09 | Mem:0.00M, Peak:0.00M | Scene, ViewLayer | Synchronizing object | Ear.002
Fra:1 Mem:126.99M (Peak 126.99M) | Time:00:00.09 | Mem:0.00M, Peak:0.00M | Scene, ViewLayer | Synchronizing object | Hair Side Lock.003
Fra:1 Mem:127.03M (Peak 127.03M) | Time:00:00.09 | Mem:0.00M, Peak:0.00M | Scene, ViewLayer | Synchronizing object | Ear.003
Fra:1 Mem:127.06M (Peak 127.06M) | Time:00:00.09 | Mem:0.00M, Peak:0.00M | Scene, ViewLayer | Synchronizing object | Text.008
Fra:1 Mem:127.08M (Peak 127.08M) | Time:00:00.09 | Mem:0.00M, Peak:0.00M | Scene, ViewLayer | Synchronizing object | Nose.001
Fra:1 Mem:127.13M (Peak 127.13M) | Time:00:00.09 | Mem:0.00M, Peak:0.00M | Scene, ViewLayer | Synchronizing object | Helmet Cheek Guard.002
Fra:1 Mem:127.16M (Peak 127.16M) | Time:00:00.09 | Mem:0.00M, Peak:0.00M | Scene, ViewLayer | Synchronizing object | Helmet Cheek Guard.003
Fra:1 Mem:127.19M (Peak 127.19M) | Time:00:00.09 | Mem:0.00M, Peak:0.00M | Scene, ViewLayer | Synchronizing object | Raised breastplate.001
Fra:1 Mem:127.21M (Peak 127.21M) | Time:00:00.09 | Mem:0.00M, Peak:0.00M | Scene, ViewLayer | Synchronizing object | Central crest.001
Fra:1 Mem:127.24M (Peak 127.24M) | Time:00:00.09 | Mem:0.00M, Peak:0.00M | Scene, ViewLayer | Synchronizing object | Waist plate.001
Fra:1 Mem:127.28M (Peak 127.28M) | Time:00:00.09 | Mem:0.00M, Peak:0.00M | Scene, ViewLayer | Synchronizing object | Bronze outer astrolabe
Fra:1 Mem:127.33M (Peak 127.33M) | Time:00:00.10 | Mem:0.00M, Peak:0.00M | Scene, ViewLayer | Synchronizing object | Inclined inner astrolabe
Fra:1 Mem:127.38M (Peak 127.38M) | Time:00:00.10 | Mem:0.00M, Peak:0.00M | Scene, ViewLayer | Synchronizing object | Star-ring radial vane
Fra:1 Mem:127.41M (Peak 127.41M) | Time:00:00.10 | Mem:0.00M, Peak:0.00M | Scene, ViewLayer | Synchronizing object | Star-ring focus crystal
Fra:1 Mem:127.45M (Peak 127.45M) | Time:00:00.10 | Mem:0.00M, Peak:0.00M | Scene, ViewLayer | Synchronizing object | Text.009
Fra:1 Mem:127.46M (Peak 127.46M) | Time:00:00.10 | Mem:0.00M, Peak:0.00M | Scene, ViewLayer | Synchronizing object | Star-ring radial vane.001
Fra:1 Mem:127.55M (Peak 127.55M) | Time:00:00.10 | Mem:0.00M, Peak:0.00M | Scene, ViewLayer | Synchronizing object | Star-ring focus crystal.001
Fra:1 Mem:127.61M (Peak 127.61M) | Time:00:00.10 | Mem:0.00M, Peak:0.00M | Scene, ViewLayer | Synchronizing object | Star-ring radial vane.002
Fra:1 Mem:127.65M (Peak 127.65M) | Time:00:00.10 | Mem:0.00M, Peak:0.00M | Scene, ViewLayer | Synchronizing object | Star-ring focus crystal.002
Fra:1 Mem:127.68M (Peak 127.68M) | Time:00:00.10 | Mem:0.00M, Peak:0.00M | Scene, ViewLayer | Synchronizing object | Star-ring radial vane.003
Fra:1 Mem:127.72M (Peak 127.72M) | Time:00:00.10 | Mem:0.00M, Peak:0.00M | Scene, ViewLayer | Synchronizing object | Star-ring focus crystal.003
Fra:1 Mem:127.75M (Peak 127.75M) | Time:00:00.10 | Mem:0.00M, Peak:0.00M | Scene, ViewLayer | Synchronizing object | Star-ring radial vane.004
Fra:1 Mem:127.78M (Peak 127.78M) | Time:00:00.10 | Mem:0.00M, Peak:0.00M | Scene, ViewLayer | Synchronizing object | Star-ring focus crystal.004
Fra:1 Mem:127.82M (Peak 127.82M) | Time:00:00.10 | Mem:0.00M, Peak:0.00M | Scene, ViewLayer | Synchronizing object | Star-ring radial vane.005
Fra:1 Mem:127.85M (Peak 127.85M) | Time:00:00.10 | Mem:0.00M, Peak:0.00M | Scene, ViewLayer | Synchronizing object | Star-ring focus crystal.005
Fra:1 Mem:127.88M (Peak 127.88M) | Time:00:00.10 | Mem:0.00M, Peak:0.00M | Scene, ViewLayer | Synchronizing object | Text.010
Fra:1 Mem:127.91M (Peak 127.91M) | Time:00:00.10 | Mem:0.00M, Peak:0.00M | Scene, ViewLayer | Synchronizing object | Star-ring radial vane.006
Fra:1 Mem:127.95M (Peak 127.95M) | Time:00:00.10 | Mem:0.00M, Peak:0.00M | Scene, ViewLayer | Synchronizing object | Star-ring focus crystal.006
Fra:1 Mem:127.98M (Peak 127.98M) | Time:00:00.10 | Mem:0.00M, Peak:0.00M | Scene, ViewLayer | Synchronizing object | Star-ring radial vane.007
Fra:1 Mem:128.01M (Peak 128.01M) | Time:00:00.10 | Mem:0.00M, Peak:0.00M | Scene, ViewLayer | Synchronizing object | Star-ring focus crystal.007
Fra:1 Mem:128.05M (Peak 128.05M) | Time:00:00.10 | Mem:0.00M, Peak:0.00M | Scene, ViewLayer | Synchronizing object | Wing clasp
Fra:1 Mem:128.09M (Peak 128.09M) | Time:00:00.10 | Mem:0.00M, Peak:0.00M | Scene, ViewLayer | Synchronizing object | Trouser.002
Fra:1 Mem:128.13M (Peak 128.13M) | Time:00:00.10 | Mem:0.00M, Peak:0.00M | Scene, ViewLayer | Synchronizing object | Boot.002
Fra:1 Mem:128.15M (Peak 128.15M) | Time:00:00.10 | Mem:0.00M, Peak:0.00M | Scene, ViewLayer | Synchronizing object | Shin Guard.002
Fra:1 Mem:128.19M (Peak 128.19M) | Time:00:00.10 | Mem:0.00M, Peak:0.00M | Scene, ViewLayer | Synchronizing object | Knee Guard.002
Fra:1 Mem:128.22M (Peak 128.22M) | Time:00:00.10 | Mem:0.00M, Peak:0.00M | Scene, ViewLayer | Synchronizing object | Trouser.003
Fra:1 Mem:128.26M (Peak 128.26M) | Time:00:00.10 | Mem:0.00M, Peak:0.00M | Scene, ViewLayer | Synchronizing object | Boot.003
Fra:1 Mem:128.28M (Peak 128.28M) | Time:00:00.10 | Mem:0.00M, Peak:0.00M | Scene, ViewLayer | Synchronizing object | Shin Guard.003
Fra:1 Mem:128.32M (Peak 128.32M) | Time:00:00.10 | Mem:0.00M, Peak:0.00M | Scene, ViewLayer | Synchronizing object | Knee Guard.003
Fra:1 Mem:128.36M (Peak 128.36M) | Time:00:00.10 | Mem:0.00M, Peak:0.00M | Scene, ViewLayer | Synchronizing object | Text.011
Fra:1 Mem:128.37M (Peak 128.37M) | Time:00:00.10 | Mem:0.00M, Peak:0.00M | Scene, ViewLayer | Synchronizing object | Breastplate.002
Fra:1 Mem:128.45M (Peak 128.45M) | Time:00:00.10 | Mem:0.00M, Peak:0.00M | Scene, ViewLayer | Synchronizing object | Belt.002
Fra:1 Mem:128.50M (Peak 128.50M) | Time:00:00.10 | Mem:0.00M, Peak:0.00M | Scene, ViewLayer | Synchronizing object | Buckle.002
Fra:1 Mem:128.54M (Peak 128.54M) | Time:00:00.10 | Mem:0.00M, Peak:0.00M | Scene, ViewLayer | Synchronizing object | Sleeve.004
Fra:1 Mem:128.58M (Peak 128.58M) | Time:00:00.10 | Mem:0.00M, Peak:0.00M | Scene, ViewLayer | Synchronizing object | Glove.004
Fra:1 Mem:128.62M (Peak 128.62M) | Time:00:00.10 | Mem:0.00M, Peak:0.00M | Scene, ViewLayer | Synchronizing object | Round Shield.002
Fra:1 Mem:128.64M (Peak 128.64M) | Time:00:00.10 | Mem:0.00M, Peak:0.00M | Scene, ViewLayer | Synchronizing object | Text.012
Fra:1 Mem:128.71M (Peak 128.71M) | Time:00:00.10 | Mem:0.00M, Peak:0.00M | Scene, ViewLayer | Synchronizing object | Shield Boss.002
Fra:1 Mem:128.75M (Peak 128.75M) | Time:00:00.10 | Mem:0.00M, Peak:0.00M | Scene, ViewLayer | Synchronizing object | Forearm Bracer.004
Fra:1 Mem:128.79M (Peak 128.79M) | Time:00:00.10 | Mem:0.00M, Peak:0.00M | Scene, ViewLayer | Synchronizing object | Cuff Trim.004
Fra:1 Mem:128.81M (Peak 128.81M) | Time:00:00.10 | Mem:0.00M, Peak:0.00M | Scene, ViewLayer | Synchronizing object | Shield Inlay.004
Fra:1 Mem:128.85M (Peak 128.85M) | Time:00:00.10 | Mem:0.00M, Peak:0.00M | Scene, ViewLayer | Synchronizing object | Shield Inlay.005
Fra:1 Mem:128.88M (Peak 128.88M) | Time:00:00.10 | Mem:0.00M, Peak:0.00M | Scene, ViewLayer | Synchronizing object | Shoulder shell.004
Fra:1 Mem:128.91M (Peak 128.91M) | Time:00:00.10 | Mem:0.00M, Peak:0.00M | Scene, ViewLayer | Synchronizing object | Layered pauldron
Fra:1 Mem:128.95M (Peak 128.95M) | Time:00:00.10 | Mem:0.00M, Peak:0.00M | Scene, ViewLayer | Synchronizing object | Armor horn
Fra:1 Mem:128.99M (Peak 128.99M) | Time:00:00.10 | Mem:0.00M, Peak:0.00M | Scene, ViewLayer | Synchronizing object | Sleeve.005
Fra:1 Mem:129.02M (Peak 129.02M) | Time:00:00.10 | Mem:0.00M, Peak:0.00M | Scene, ViewLayer | Synchronizing object | Glove.005
Fra:1 Mem:129.06M (Peak 129.06M) | Time:00:00.10 | Mem:0.00M, Peak:0.00M | Scene, ViewLayer | Synchronizing object | Forearm Bracer.005
Fra:1 Mem:129.09M (Peak 129.09M) | Time:00:00.10 | Mem:0.00M, Peak:0.00M | Scene, ViewLayer | Synchronizing object | Text.013
Fra:1 Mem:129.16M (Peak 129.16M) | Time:00:00.10 | Mem:0.00M, Peak:0.00M | Scene, ViewLayer | Synchronizing object | Cuff Trim.005
Fra:1 Mem:129.20M (Peak 129.20M) | Time:00:00.10 | Mem:0.00M, Peak:0.00M | Scene, ViewLayer | Synchronizing object | Wrapped grip.002
Fra:1 Mem:129.22M (Peak 129.22M) | Time:00:00.10 | Mem:0.00M, Peak:0.00M | Scene, ViewLayer | Synchronizing object | Faceted pommel.002
Fra:1 Mem:129.24M (Peak 129.24M) | Time:00:00.10 | Mem:0.00M, Peak:0.00M | Scene, ViewLayer | Synchronizing object | Swept guard.002
Fra:1 Mem:129.27M (Peak 129.27M) | Time:00:00.10 | Mem:0.00M, Peak:0.00M | Scene, ViewLayer | Synchronizing object | Tiered blade.002
Fra:1 Mem:129.27M (Peak 129.27M) | Time:00:00.10 | Mem:0.00M, Peak:0.00M | Scene, ViewLayer | Synchronizing object | Blade spine.002
Fra:1 Mem:129.27M (Peak 129.27M) | Time:00:00.10 | Mem:0.00M, Peak:0.00M | Scene, ViewLayer | Synchronizing object | Guard wing
Fra:1 Mem:129.28M (Peak 129.28M) | Time:00:00.10 | Mem:0.00M, Peak:0.00M | Scene, ViewLayer | Synchronizing object | Blade fang
Fra:1 Mem:129.28M (Peak 129.28M) | Time:00:00.10 | Mem:0.00M, Peak:0.00M | Scene, ViewLayer | Synchronizing object | Guard wing.001
Fra:1 Mem:129.31M (Peak 129.31M) | Time:00:00.10 | Mem:0.00M, Peak:0.00M | Scene, ViewLayer | Synchronizing object | Blade fang.001
Fra:1 Mem:129.32M (Peak 129.32M) | Time:00:00.10 | Mem:0.00M, Peak:0.00M | Scene, ViewLayer | Synchronizing object | Blade rune
Fra:1 Mem:129.34M (Peak 129.34M) | Time:00:00.10 | Mem:0.00M, Peak:0.00M | Scene, ViewLayer | Synchronizing object | Blade rune.001
Fra:1 Mem:129.34M (Peak 129.34M) | Time:00:00.10 | Mem:0.00M, Peak:0.00M | Scene, ViewLayer | Synchronizing object | Blade rune.002
Fra:1 Mem:129.32M (Peak 129.34M) | Time:00:00.10 | Mem:0.00M, Peak:0.00M | Scene, ViewLayer | Synchronizing object | Forging mark
Fra:1 Mem:129.33M (Peak 129.34M) | Time:00:00.10 | Mem:0.00M, Peak:0.00M | Scene, ViewLayer | Synchronizing object | Forging mark.001
Fra:1 Mem:129.33M (Peak 129.34M) | Time:00:00.10 | Mem:0.00M, Peak:0.00M | Scene, ViewLayer | Synchronizing object | Forging mark.002
Fra:1 Mem:129.33M (Peak 129.34M) | Time:00:00.10 | Mem:0.00M, Peak:0.00M | Scene, ViewLayer | Synchronizing object | Forging mark.003
Fra:1 Mem:129.33M (Peak 129.34M) | Time:00:00.10 | Mem:0.00M, Peak:0.00M | Scene, ViewLayer | Synchronizing object | Forging mark.004
Fra:1 Mem:129.34M (Peak 129.34M) | Time:00:00.10 | Mem:0.00M, Peak:0.00M | Scene, ViewLayer | Synchronizing object | Forging mark.005
Fra:1 Mem:129.34M (Peak 129.34M) | Time:00:00.10 | Mem:0.00M, Peak:0.00M | Scene, ViewLayer | Synchronizing object | Forging mark.006
Fra:1 Mem:129.34M (Peak 129.34M) | Time:00:00.10 | Mem:0.00M, Peak:0.00M | Scene, ViewLayer | Synchronizing object | Forging mark.007
Fra:1 Mem:129.34M (Peak 129.34M) | Time:00:00.10 | Mem:0.00M, Peak:0.00M | Scene, ViewLayer | Synchronizing object | Forging mark.008
Fra:1 Mem:129.35M (Peak 129.35M) | Time:00:00.10 | Mem:0.00M, Peak:0.00M | Scene, ViewLayer | Synchronizing object | Forging mark.009
Fra:1 Mem:129.35M (Peak 129.35M) | Time:00:00.10 | Mem:0.00M, Peak:0.00M | Scene, ViewLayer | Synchronizing object | Weapon aura shard
Fra:1 Mem:129.35M (Peak 129.35M) | Time:00:00.10 | Mem:0.00M, Peak:0.00M | Scene, ViewLayer | Synchronizing object | Weapon aura shard.001
Fra:1 Mem:129.35M (Peak 129.35M) | Time:00:00.10 | Mem:0.00M, Peak:0.00M | Scene, ViewLayer | Synchronizing object | Shoulder shell.005
Fra:1 Mem:129.38M (Peak 129.38M) | Time:00:00.10 | Mem:0.00M, Peak:0.00M | Scene, ViewLayer | Synchronizing object | Layered pauldron.001
Fra:1 Mem:129.41M (Peak 129.41M) | Time:00:00.10 | Mem:0.00M, Peak:0.00M | Scene, ViewLayer | Synchronizing object | Armor horn.001
Fra:1 Mem:129.45M (Peak 129.45M) | Time:00:00.10 | Mem:0.00M, Peak:0.00M | Scene, ViewLayer | Synchronizing object | Tailored Cloak.002
Fra:1 Mem:129.47M (Peak 129.47M) | Time:00:00.10 | Mem:0.00M, Peak:0.00M | Scene, ViewLayer | Synchronizing object | Collar.002
Fra:1 Mem:129.48M (Peak 129.48M) | Time:00:00.10 | Mem:0.00M, Peak:0.00M | Scene, ViewLayer | Synchronizing object | Head.002
Fra:1 Mem:129.52M (Peak 129.52M) | Time:00:00.10 | Mem:0.00M, Peak:0.00M | Scene, ViewLayer | Synchronizing object | Eyes L.002
Fra:1 Mem:129.56M (Peak 129.56M) | Time:00:00.10 | Mem:0.00M, Peak:0.00M | Scene, ViewLayer | Synchronizing object | Eyes R.002
Fra:1 Mem:129.59M (Peak 129.59M) | Time:00:00.10 | Mem:0.00M, Peak:0.00M | Scene, ViewLayer | Synchronizing object | Helmet.002
Fra:1 Mem:129.59M (Peak 129.59M) | Time:00:00.10 | Mem:0.00M, Peak:0.00M | Scene, ViewLayer | Synchronizing object | Text.014
Fra:1 Mem:129.67M (Peak 129.67M) | Time:00:00.10 | Mem:0.00M, Peak:0.00M | Scene, ViewLayer | Synchronizing object | Helmet Crest.002
Fra:1 Mem:129.72M (Peak 129.72M) | Time:00:00.10 | Mem:0.00M, Peak:0.00M | Scene, ViewLayer | Synchronizing object | Nose Guard.002
Fra:1 Mem:129.76M (Peak 129.76M) | Time:00:00.10 | Mem:0.00M, Peak:0.00M | Scene, ViewLayer | Synchronizing object | Hair Side Lock.004
Fra:1 Mem:129.80M (Peak 129.80M) | Time:00:00.10 | Mem:0.00M, Peak:0.00M | Scene, ViewLayer | Synchronizing object | Ear.004
Fra:1 Mem:129.84M (Peak 129.84M) | Time:00:00.10 | Mem:0.00M, Peak:0.00M | Scene, ViewLayer | Synchronizing object | Hair Side Lock.005
Fra:1 Mem:129.88M (Peak 129.88M) | Time:00:00.10 | Mem:0.00M, Peak:0.00M | Scene, ViewLayer | Synchronizing object | Ear.005
Fra:1 Mem:129.91M (Peak 129.91M) | Time:00:00.10 | Mem:0.00M, Peak:0.00M | Scene, ViewLayer | Synchronizing object | Nose.002
Fra:1 Mem:129.95M (Peak 129.95M) | Time:00:00.10 | Mem:0.00M, Peak:0.00M | Scene, ViewLayer | Synchronizing object | Helmet Cheek Guard.004
Fra:1 Mem:129.98M (Peak 129.98M) | Time:00:00.10 | Mem:0.00M, Peak:0.00M | Scene, ViewLayer | Synchronizing object | Helmet Cheek Guard.005
Fra:1 Mem:130.02M (Peak 130.02M) | Time:00:00.10 | Mem:0.00M, Peak:0.00M | Scene, ViewLayer | Synchronizing object | Raised breastplate.002
Fra:1 Mem:130.04M (Peak 130.04M) | Time:00:00.10 | Mem:0.00M, Peak:0.00M | Scene, ViewLayer | Synchronizing object | Central crest.002
Fra:1 Mem:130.07M (Peak 130.07M) | Time:00:00.10 | Mem:0.00M, Peak:0.00M | Scene, ViewLayer | Synchronizing object | Armor rune
Fra:1 Mem:130.11M (Peak 130.11M) | Time:00:00.10 | Mem:0.00M, Peak:0.00M | Scene, ViewLayer | Synchronizing object | Armor rune.001
Fra:1 Mem:130.15M (Peak 130.15M) | Time:00:00.10 | Mem:0.00M, Peak:0.00M | Scene, ViewLayer | Synchronizing object | Waist plate.002
Fra:1 Mem:130.17M (Peak 130.17M) | Time:00:00.10 | Mem:0.00M, Peak:0.00M | Scene, ViewLayer | Synchronizing object | Text.015
Fra:1 Mem:130.23M (Peak 130.23M) | Time:00:00.10 | Mem:0.00M, Peak:0.00M | Scene, ViewLayer | Synchronizing object | Waist plate.003
Fra:1 Mem:130.30M (Peak 130.30M) | Time:00:00.10 | Mem:0.00M, Peak:0.00M | Scene, ViewLayer | Synchronizing object | Waist plate.004
Fra:1 Mem:130.36M (Peak 130.36M) | Time:00:00.10 | Mem:0.00M, Peak:0.00M | Scene, ViewLayer | Synchronizing object | Waist plate.005
Fra:1 Mem:130.39M (Peak 130.39M) | Time:00:00.10 | Mem:0.00M, Peak:0.00M | Scene, ViewLayer | Synchronizing object | Armor forging mark
Fra:1 Mem:130.45M (Peak 130.45M) | Time:00:00.10 | Mem:0.00M, Peak:0.00M | Scene, ViewLayer | Synchronizing object | Armor forging mark.001
Fra:1 Mem:130.48M (Peak 130.48M) | Time:00:00.10 | Mem:0.00M, Peak:0.00M | Scene, ViewLayer | Synchronizing object | Knee Guard.031
Fra:1 Mem:130.50M (Peak 130.50M) | Time:00:00.10 | Mem:0.00M, Peak:0.00M | Scene, ViewLayer | Synchronizing object | Armor forging mark.002
Fra:1 Mem:130.56M (Peak 130.56M) | Time:00:00.10 | Mem:0.00M, Peak:0.00M | Scene, ViewLayer | Synchronizing object | Armor forging mark.003
Fra:1 Mem:130.56M (Peak 130.56M) | Time:00:00.10 | Mem:0.00M, Peak:0.00M | Scene, ViewLayer | Synchronizing object | Shin Guard.031
Fra:1 Mem:130.62M (Peak 130.62M) | Time:00:00.10 | Mem:0.00M, Peak:0.00M | Scene, ViewLayer | Synchronizing object | Armor forging mark.004
Fra:1 Mem:130.65M (Peak 130.65M) | Time:00:00.10 | Mem:0.00M, Peak:0.00M | Scene, ViewLayer | Synchronizing object | Boot.031
Fra:1 Mem:130.68M (Peak 130.68M) | Time:00:00.10 | Mem:0.00M, Peak:0.00M | Scene, ViewLayer | Synchronizing object | Trouser.031
Fra:1 Mem:130.71M (Peak 130.71M) | Time:00:00.10 | Mem:0.00M, Peak:0.00M | Scene, ViewLayer | Synchronizing object | Armor forging mark.005
Fra:1 Mem:130.75M (Peak 130.75M) | Time:00:00.10 | Mem:0.00M, Peak:0.00M | Scene, ViewLayer | Synchronizing object | Knee Guard.030
Fra:1 Mem:130.77M (Peak 130.77M) | Time:00:00.10 | Mem:0.00M, Peak:0.00M | Scene, ViewLayer | Synchronizing object | Armor forging mark.006
Fra:1 Mem:130.82M (Peak 130.82M) | Time:00:00.10 | Mem:0.00M, Peak:0.00M | Scene, ViewLayer | Synchronizing object | Shin Guard.030
Fra:1 Mem:130.82M (Peak 130.82M) | Time:00:00.10 | Mem:0.00M, Peak:0.00M | Scene, ViewLayer | Synchronizing object | Armor forging mark.007
Fra:1 Mem:130.89M (Peak 130.89M) | Time:00:00.10 | Mem:0.00M, Peak:0.00M | Scene, ViewLayer | Synchronizing object | Armor forging mark.008
Fra:1 Mem:130.89M (Peak 130.89M) | Time:00:00.10 | Mem:0.00M, Peak:0.00M | Scene, ViewLayer | Synchronizing object | Boot.030
Fra:1 Mem:130.94M (Peak 130.94M) | Time:00:00.10 | Mem:0.00M, Peak:0.00M | Scene, ViewLayer | Synchronizing object | Trouser.030
Fra:1 Mem:130.97M (Peak 130.97M) | Time:00:00.10 | Mem:0.00M, Peak:0.00M | Scene, ViewLayer | Synchronizing object | Armor forging mark.009
Fra:1 Mem:131.01M (Peak 131.01M) | Time:00:00.10 | Mem:0.00M, Peak:0.00M | Scene, ViewLayer | Synchronizing object | Wing clasp.007
Fra:1 Mem:131.02M (Peak 131.02M) | Time:00:00.10 | Mem:0.00M, Peak:0.00M | Scene, ViewLayer | Synchronizing object | Armor heart
Fra:1 Mem:131.08M (Peak 131.08M) | Time:00:00.10 | Mem:0.00M, Peak:0.00M | Scene, ViewLayer | Synchronizing object | Star-ring focus crystal.063
Fra:1 Mem:131.09M (Peak 131.09M) | Time:00:00.10 | Mem:0.00M, Peak:0.00M | Scene, ViewLayer | Synchronizing object | Trouser.004
Fra:1 Mem:131.15M (Peak 131.15M) | Time:00:00.10 | Mem:0.00M, Peak:0.00M | Scene, ViewLayer | Synchronizing object | Star-ring radial vane.063
Fra:1 Mem:131.17M (Peak 131.17M) | Time:00:00.10 | Mem:0.00M, Peak:0.00M | Scene, ViewLayer | Synchronizing object | Boot.004
Fra:1 Mem:131.20M (Peak 131.20M) | Time:00:00.10 | Mem:0.00M, Peak:0.00M | Scene, ViewLayer | Synchronizing object | Shin Guard.004
Fra:1 Mem:131.23M (Peak 131.23M) | Time:00:00.10 | Mem:0.00M, Peak:0.00M | Scene, ViewLayer | Synchronizing object | Star-ring focus crystal.062
Fra:1 Mem:131.27M (Peak 131.27M) | Time:00:00.10 | Mem:0.00M, Peak:0.00M | Scene, ViewLayer | Synchronizing object | Knee Guard.004
Fra:1 Mem:131.30M (Peak 131.30M) | Time:00:00.10 | Mem:0.00M, Peak:0.00M | Scene, ViewLayer | Synchronizing object | Star-ring radial vane.062
Fra:1 Mem:131.33M (Peak 131.33M) | Time:00:00.10 | Mem:0.00M, Peak:0.00M | Scene, ViewLayer | Synchronizing object | Trouser.005
Fra:1 Mem:131.37M (Peak 131.37M) | Time:00:00.10 | Mem:0.00M, Peak:0.00M | Scene, ViewLayer | Synchronizing object | Star-ring focus crystal.061
Fra:1 Mem:131.40M (Peak 131.40M) | Time:00:00.10 | Mem:0.00M, Peak:0.00M | Scene, ViewLayer | Synchronizing object | Boot.005
Fra:1 Mem:131.42M (Peak 131.42M) | Time:00:00.10 | Mem:0.00M, Peak:0.00M | Scene, ViewLayer | Synchronizing object | Star-ring radial vane.061
Fra:1 Mem:131.43M (Peak 131.43M) | Time:00:00.10 | Mem:0.00M, Peak:0.00M | Scene, ViewLayer | Synchronizing object | Shin Guard.005
Fra:1 Mem:131.49M (Peak 131.49M) | Time:00:00.10 | Mem:0.00M, Peak:0.00M | Scene, ViewLayer | Synchronizing object | Star-ring focus crystal.060
Fra:1 Mem:131.51M (Peak 131.51M) | Time:00:00.10 | Mem:0.00M, Peak:0.00M | Scene, ViewLayer | Synchronizing object | Knee Guard.005
Fra:1 Mem:131.56M (Peak 131.56M) | Time:00:00.10 | Mem:0.00M, Peak:0.00M | Scene, ViewLayer | Synchronizing object | Star-ring radial vane.060
Fra:1 Mem:131.59M (Peak 131.59M) | Time:00:00.10 | Mem:0.00M, Peak:0.00M | Scene, ViewLayer | Synchronizing object | Star-ring focus crystal.059
Fra:1 Mem:131.63M (Peak 131.63M) | Time:00:00.10 | Mem:0.00M, Peak:0.00M | Scene, ViewLayer | Synchronizing object | Star-ring radial vane.059
Fra:1 Mem:131.66M (Peak 131.66M) | Time:00:00.10 | Mem:0.00M, Peak:0.00M | Scene, ViewLayer | Synchronizing object | Star-ring focus crystal.058
Fra:1 Mem:131.69M (Peak 131.69M) | Time:00:00.10 | Mem:0.00M, Peak:0.00M | Scene, ViewLayer | Synchronizing object | Breastplate.003
Fra:1 Mem:131.71M (Peak 131.71M) | Time:00:00.10 | Mem:0.00M, Peak:0.00M | Scene, ViewLayer | Synchronizing object | Star-ring radial vane.058
Fra:1 Mem:131.74M (Peak 131.74M) | Time:00:00.10 | Mem:0.00M, Peak:0.00M | Scene, ViewLayer | Synchronizing object | Belt.003
Fra:1 Mem:131.77M (Peak 131.77M) | Time:00:00.10 | Mem:0.00M, Peak:0.00M | Scene, ViewLayer | Synchronizing object | Star-ring focus crystal.057
Fra:1 Mem:131.79M (Peak 131.79M) | Time:00:00.10 | Mem:0.00M, Peak:0.00M | Scene, ViewLayer | Synchronizing object | Buckle.003
Fra:1 Mem:131.84M (Peak 131.84M) | Time:00:00.10 | Mem:0.00M, Peak:0.00M | Scene, ViewLayer | Synchronizing object | Star-ring radial vane.057
Fra:1 Mem:131.85M (Peak 131.85M) | Time:00:00.10 | Mem:0.00M, Peak:0.00M | Scene, ViewLayer | Synchronizing object | Sleeve.006
Fra:1 Mem:131.90M (Peak 131.90M) | Time:00:00.10 | Mem:0.00M, Peak:0.00M | Scene, ViewLayer | Synchronizing object | Star-ring focus crystal.056
Fra:1 Mem:131.93M (Peak 131.93M) | Time:00:00.10 | Mem:0.00M, Peak:0.00M | Scene, ViewLayer | Synchronizing object | Glove.006
Fra:1 Mem:131.97M (Peak 131.97M) | Time:00:00.10 | Mem:0.00M, Peak:0.00M | Scene, ViewLayer | Synchronizing object | Star-ring radial vane.056
Fra:1 Mem:132.00M (Peak 132.00M) | Time:00:00.10 | Mem:0.00M, Peak:0.00M | Scene, ViewLayer | Synchronizing object | Inclined inner astrolabe.007
Fra:1 Mem:132.05M (Peak 132.05M) | Time:00:00.10 | Mem:0.00M, Peak:0.00M | Scene, ViewLayer | Synchronizing object | Round Shield.003
Fra:1 Mem:132.06M (Peak 132.06M) | Time:00:00.10 | Mem:0.00M, Peak:0.00M | Scene, ViewLayer | Synchronizing object | Bronze outer astrolabe.007
Fra:1 Mem:132.07M (Peak 132.07M) | Time:00:00.10 | Mem:0.00M, Peak:0.00M | Scene, ViewLayer | Synchronizing object | Shield Boss.003
Fra:1 Mem:132.15M (Peak 132.15M) | Time:00:00.10 | Mem:0.00M, Peak:0.00M | Scene, ViewLayer | Synchronizing object | Forked contract bough.003
Fra:1 Mem:132.15M (Peak 132.15M) | Time:00:00.10 | Mem:0.00M, Peak:0.00M | Scene, ViewLayer | Synchronizing object | Forearm Bracer.006
Fra:1 Mem:132.22M (Peak 132.22M) | Time:00:00.10 | Mem:0.00M, Peak:0.00M | Scene, ViewLayer | Synchronizing object | Forked contract bough.002
Fra:1 Mem:132.23M (Peak 132.23M) | Time:00:00.10 | Mem:0.00M, Peak:0.00M | Scene, ViewLayer | Synchronizing object | Cuff Trim.006
Fra:1 Mem:132.27M (Peak 132.27M) | Time:00:00.10 | Mem:0.00M, Peak:0.00M | Scene, ViewLayer | Synchronizing object | Shield Inlay.006
Fra:1 Mem:132.30M (Peak 132.30M) | Time:00:00.10 | Mem:0.00M, Peak:0.00M | Scene, ViewLayer | Synchronizing object | Contract branch ring.001
Fra:1 Mem:132.32M (Peak 132.32M) | Time:00:00.10 | Mem:0.00M, Peak:0.00M | Scene, ViewLayer | Synchronizing object | Shield Inlay.007
Fra:1 Mem:132.37M (Peak 132.37M) | Time:00:00.10 | Mem:0.00M, Peak:0.00M | Scene, ViewLayer | Synchronizing object | Shoulder shell.006
Fra:1 Mem:132.41M (Peak 132.41M) | Time:00:00.10 | Mem:0.00M, Peak:0.00M | Scene, ViewLayer | Synchronizing object | Elder contract split clasp.003
Fra:1 Mem:132.42M (Peak 132.42M) | Time:00:00.10 | Mem:0.00M, Peak:0.00M | Scene, ViewLayer | Synchronizing object | Layered pauldron.002
Fra:1 Mem:132.47M (Peak 132.47M) | Time:00:00.10 | Mem:0.00M, Peak:0.00M | Scene, ViewLayer | Synchronizing object | Elder contract split clasp.002
Fra:1 Mem:132.47M (Peak 132.47M) | Time:00:00.10 | Mem:0.00M, Peak:0.00M | Scene, ViewLayer | Synchronizing object | Armor horn.002
Fra:1 Mem:132.53M (Peak 132.53M) | Time:00:00.10 | Mem:0.00M, Peak:0.00M | Scene, ViewLayer | Synchronizing object | Hanging contract tablet.003
Fra:1 Mem:132.55M (Peak 132.55M) | Time:00:00.10 | Mem:0.00M, Peak:0.00M | Scene, ViewLayer | Synchronizing object | Sleeve.007
Fra:1 Mem:132.59M (Peak 132.59M) | Time:00:00.10 | Mem:0.00M, Peak:0.00M | Scene, ViewLayer | Synchronizing object | Split contract shawl tail.007
Fra:1 Mem:132.62M (Peak 132.62M) | Time:00:00.10 | Mem:0.00M, Peak:0.00M | Scene, ViewLayer | Synchronizing object | Glove.007
Fra:1 Mem:132.66M (Peak 132.66M) | Time:00:00.10 | Mem:0.00M, Peak:0.00M | Scene, ViewLayer | Synchronizing object | Hanging contract tablet.002
Fra:1 Mem:132.69M (Peak 132.69M) | Time:00:00.10 | Mem:0.00M, Peak:0.00M | Scene, ViewLayer | Synchronizing object | Forearm Bracer.007
Fra:1 Mem:132.72M (Peak 132.72M) | Time:00:00.10 | Mem:0.00M, Peak:0.00M | Scene, ViewLayer | Synchronizing object | Split contract shawl tail.006
Fra:1 Mem:132.76M (Peak 132.76M) | Time:00:00.10 | Mem:0.00M, Peak:0.00M | Scene, ViewLayer | Synchronizing object | Cuff Trim.007
Fra:1 Mem:132.77M (Peak 132.77M) | Time:00:00.10 | Mem:0.00M, Peak:0.00M | Scene, ViewLayer | Synchronizing object | Wrapped grip.003
Fra:1 Mem:132.77M (Peak 132.77M) | Time:00:00.10 | Mem:0.00M, Peak:0.00M | Scene, ViewLayer | Synchronizing object | Costume fastening.011
Fra:1 Mem:132.81M (Peak 132.81M) | Time:00:00.10 | Mem:0.00M, Peak:0.00M | Scene, ViewLayer | Synchronizing object | Faceted pommel.003
Fra:1 Mem:132.81M (Peak 132.81M) | Time:00:00.10 | Mem:0.00M, Peak:0.00M | Scene, ViewLayer | Synchronizing object | Swept guard.003
Fra:1 Mem:132.84M (Peak 132.84M) | Time:00:00.10 | Mem:0.00M, Peak:0.00M | Scene, ViewLayer | Synchronizing object | Contract chest crystal.003
Fra:1 Mem:132.84M (Peak 132.84M) | Time:00:00.10 | Mem:0.00M, Peak:0.00M | Scene, ViewLayer | Synchronizing object | Tiered blade.003
Fra:1 Mem:132.84M (Peak 132.84M) | Time:00:00.10 | Mem:0.00M, Peak:0.00M | Scene, ViewLayer | Synchronizing object | Blade spine.003
Fra:1 Mem:132.85M (Peak 132.85M) | Time:00:00.10 | Mem:0.00M, Peak:0.00M | Scene, ViewLayer | Synchronizing object | Guard wing.002
Fra:1 Mem:132.87M (Peak 132.87M) | Time:00:00.10 | Mem:0.00M, Peak:0.00M | Scene, ViewLayer | Synchronizing object | Blade fang.002
Fra:1 Mem:132.88M (Peak 132.88M) | Time:00:00.10 | Mem:0.00M, Peak:0.00M | Scene, ViewLayer | Synchronizing object | Guard wing.003
Fra:1 Mem:132.89M (Peak 132.89M) | Time:00:00.10 | Mem:0.00M, Peak:0.00M | Scene, ViewLayer | Synchronizing object | Elder contract crown branch.003
Fra:1 Mem:132.91M (Peak 132.91M) | Time:00:00.10 | Mem:0.00M, Peak:0.00M | Scene, ViewLayer | Synchronizing object | Blade fang.003
Fra:1 Mem:132.93M (Peak 132.93M) | Time:00:00.10 | Mem:0.00M, Peak:0.00M | Scene, ViewLayer | Synchronizing object | Blade rune.003
Fra:1 Mem:132.93M (Peak 132.93M) | Time:00:00.10 | Mem:0.00M, Peak:0.00M | Scene, ViewLayer | Synchronizing object | Blade rune.004
Fra:1 Mem:132.93M (Peak 132.93M) | Time:00:00.10 | Mem:0.00M, Peak:0.00M | Scene, ViewLayer | Synchronizing object | Blade rune.005
Fra:1 Mem:132.94M (Peak 132.94M) | Time:00:00.10 | Mem:0.00M, Peak:0.00M | Scene, ViewLayer | Synchronizing object | Contract crown outer fork.003
Fra:1 Mem:132.94M (Peak 132.94M) | Time:00:00.10 | Mem:0.00M, Peak:0.00M | Scene, ViewLayer | Synchronizing object | Forging mark.010
Fra:1 Mem:132.96M (Peak 132.96M) | Time:00:00.10 | Mem:0.00M, Peak:0.00M | Scene, ViewLayer | Synchronizing object | Forging mark.011
Fra:1 Mem:132.97M (Peak 132.97M) | Time:00:00.10 | Mem:0.00M, Peak:0.00M | Scene, ViewLayer | Synchronizing object | Forging mark.012
Fra:1 Mem:132.97M (Peak 132.97M) | Time:00:00.10 | Mem:0.00M, Peak:0.00M | Scene, ViewLayer | Synchronizing object | Forging mark.013
Fra:1 Mem:132.98M (Peak 132.98M) | Time:00:00.10 | Mem:0.00M, Peak:0.00M | Scene, ViewLayer | Synchronizing object | Forging mark.014
Fra:1 Mem:132.98M (Peak 132.98M) | Time:00:00.10 | Mem:0.00M, Peak:0.00M | Scene, ViewLayer | Synchronizing object | Elder contract crown branch.002
Fra:1 Mem:133.00M (Peak 133.00M) | Time:00:00.10 | Mem:0.00M, Peak:0.00M | Scene, ViewLayer | Synchronizing object | Forging mark.015
Fra:1 Mem:133.02M (Peak 133.02M) | Time:00:00.10 | Mem:0.00M, Peak:0.00M | Scene, ViewLayer | Synchronizing object | Forging mark.016
Fra:1 Mem:133.02M (Peak 133.02M) | Time:00:00.10 | Mem:0.00M, Peak:0.00M | Scene, ViewLayer | Synchronizing object | Forging mark.017
Fra:1 Mem:133.02M (Peak 133.02M) | Time:00:00.10 | Mem:0.00M, Peak:0.00M | Scene, ViewLayer | Synchronizing object | Forging mark.018
Fra:1 Mem:133.03M (Peak 133.03M) | Time:00:00.10 | Mem:0.00M, Peak:0.00M | Scene, ViewLayer | Synchronizing object | Forging mark.019
Fra:1 Mem:133.03M (Peak 133.03M) | Time:00:00.10 | Mem:0.00M, Peak:0.00M | Scene, ViewLayer | Synchronizing object | Contract crown outer fork.002
Fra:1 Mem:133.05M (Peak 133.05M) | Time:00:00.10 | Mem:0.00M, Peak:0.00M | Scene, ViewLayer | Synchronizing object | Weapon aura shard.002
Fra:1 Mem:133.06M (Peak 133.06M) | Time:00:00.10 | Mem:0.00M, Peak:0.00M | Scene, ViewLayer | Synchronizing object | Weapon aura shard.003
Fra:1 Mem:133.07M (Peak 133.07M) | Time:00:00.10 | Mem:0.00M, Peak:0.00M | Scene, ViewLayer | Synchronizing object | Fashion sword guard.002
Fra:1 Mem:133.09M (Peak 133.09M) | Time:00:00.10 | Mem:0.00M, Peak:0.00M | Scene, ViewLayer | Synchronizing object | Fashion sword guard.003
Fra:1 Mem:133.10M (Peak 133.10M) | Time:00:00.10 | Mem:0.00M, Peak:0.00M | Scene, ViewLayer | Synchronizing object | Moonstone circlet.003
Fra:1 Mem:133.13M (Peak 133.13M) | Time:00:00.10 | Mem:0.00M, Peak:0.00M | Scene, ViewLayer | Synchronizing object | Shoulder shell.007
Fra:1 Mem:133.17M (Peak 133.17M) | Time:00:00.10 | Mem:0.00M, Peak:0.00M | Scene, ViewLayer | Synchronizing object | Layered pauldron.003
Fra:1 Mem:133.18M (Peak 133.18M) | Time:00:00.10 | Mem:0.00M, Peak:0.00M | Scene, ViewLayer | Synchronizing object | Spirit antler branch.007
Fra:1 Mem:133.23M (Peak 133.23M) | Time:00:00.10 | Mem:0.00M, Peak:0.00M | Scene, ViewLayer | Synchronizing object | Armor horn.003
Fra:1 Mem:133.27M (Peak 133.27M) | Time:00:00.10 | Mem:0.00M, Peak:0.00M | Scene, ViewLayer | Synchronizing object | Spirit antler.007
Fra:1 Mem:133.30M (Peak 133.30M) | Time:00:00.10 | Mem:0.00M, Peak:0.00M | Scene, ViewLayer | Synchronizing object | Tailored Cloak.003
Fra:1 Mem:133.32M (Peak 133.32M) | Time:00:00.10 | Mem:0.00M, Peak:0.00M | Scene, ViewLayer | Synchronizing object | Collar.003
Fra:1 Mem:133.37M (Peak 133.37M) | Time:00:00.10 | Mem:0.00M, Peak:0.00M | Scene, ViewLayer | Synchronizing object | Head.003
Fra:1 Mem:133.40M (Peak 133.40M) | Time:00:00.10 | Mem:0.00M, Peak:0.00M | Scene, ViewLayer | Synchronizing object | Spirit antler.006
Fra:1 Mem:133.44M (Peak 133.44M) | Time:00:00.10 | Mem:0.00M, Peak:0.00M | Scene, ViewLayer | Synchronizing object | Eyes L.003
Fra:1 Mem:133.47M (Peak 133.47M) | Time:00:00.10 | Mem:0.00M, Peak:0.00M | Scene, ViewLayer | Synchronizing object | Nose.015
Fra:1 Mem:133.50M (Peak 133.50M) | Time:00:00.10 | Mem:0.00M, Peak:0.00M | Scene, ViewLayer | Synchronizing object | Eyes R.003
Fra:1 Mem:133.55M (Peak 133.55M) | Time:00:00.10 | Mem:0.00M, Peak:0.00M | Scene, ViewLayer | Synchronizing object | Ear.031
Fra:1 Mem:133.55M (Peak 133.55M) | Time:00:00.10 | Mem:0.00M, Peak:0.00M | Scene, ViewLayer | Synchronizing object | Helmet.003
Fra:1 Mem:133.60M (Peak 133.60M) | Time:00:00.10 | Mem:0.00M, Peak:0.00M | Scene, ViewLayer | Synchronizing object | Helmet Crest.003
Fra:1 Mem:133.63M (Peak 133.63M) | Time:00:00.10 | Mem:0.00M, Peak:0.00M | Scene, ViewLayer | Synchronizing object | Hair Side Lock.031
Fra:1 Mem:133.67M (Peak 133.67M) | Time:00:00.10 | Mem:0.00M, Peak:0.00M | Scene, ViewLayer | Synchronizing object | Nose Guard.003
Fra:1 Mem:133.71M (Peak 133.71M) | Time:00:00.10 | Mem:0.00M, Peak:0.00M | Scene, ViewLayer | Synchronizing object | Ear.030
Fra:1 Mem:133.71M (Peak 133.71M) | Time:00:00.10 | Mem:0.00M, Peak:0.00M | Scene, ViewLayer | Synchronizing object | Hair Side Lock.006
Fra:1 Mem:133.77M (Peak 133.77M) | Time:00:00.10 | Mem:0.00M, Peak:0.00M | Scene, ViewLayer | Synchronizing object | Hair Side Lock.030
Fra:1 Mem:133.80M (Peak 133.80M) | Time:00:00.10 | Mem:0.00M, Peak:0.00M | Scene, ViewLayer | Synchronizing object | Ear.006
Fra:1 Mem:133.85M (Peak 133.85M) | Time:00:00.10 | Mem:0.00M, Peak:0.00M | Scene, ViewLayer | Synchronizing object | Eyes R.015
Fra:1 Mem:133.85M (Peak 133.85M) | Time:00:00.10 | Mem:0.00M, Peak:0.00M | Scene, ViewLayer | Synchronizing object | Hair Side Lock.007
Fra:1 Mem:133.92M (Peak 133.92M) | Time:00:00.10 | Mem:0.00M, Peak:0.00M | Scene, ViewLayer | Synchronizing object | Ear.007
Fra:1 Mem:133.92M (Peak 133.92M) | Time:00:00.10 | Mem:0.00M, Peak:0.00M | Scene, ViewLayer | Synchronizing object | Eyes L.015
Fra:1 Mem:133.99M (Peak 133.99M) | Time:00:00.10 | Mem:0.00M, Peak:0.00M | Scene, ViewLayer | Synchronizing object | Head.015
Fra:1 Mem:134.02M (Peak 134.02M) | Time:00:00.10 | Mem:0.00M, Peak:0.00M | Scene, ViewLayer | Synchronizing object | Nose.003
Fra:1 Mem:134.03M (Peak 134.03M) | Time:00:00.10 | Mem:0.00M, Peak:0.00M | Scene, ViewLayer | Synchronizing object | Collar.015
Fra:1 Mem:134.06M (Peak 134.06M) | Time:00:00.10 | Mem:0.00M, Peak:0.00M | Scene, ViewLayer | Synchronizing object | Tailored Cloak.015
Fra:1 Mem:134.08M (Peak 134.08M) | Time:00:00.10 | Mem:0.00M, Peak:0.00M | Scene, ViewLayer | Synchronizing object | Helmet Cheek Guard.006
Fra:1 Mem:134.11M (Peak 134.11M) | Time:00:00.10 | Mem:0.00M, Peak:0.00M | Scene, ViewLayer | Synchronizing object | Master contract leaf.003
Fra:1 Mem:134.12M (Peak 134.12M) | Time:00:00.10 | Mem:0.00M, Peak:0.00M | Scene, ViewLayer | Synchronizing object | Divided contract shoulder fan.003
Fra:1 Mem:134.12M (Peak 134.12M) | Time:00:00.10 | Mem:0.00M, Peak:0.00M | Scene, ViewLayer | Synchronizing object | Helmet Cheek Guard.007
Fra:1 Mem:134.14M (Peak 134.14M) | Time:00:00.10 | Mem:0.00M, Peak:0.00M | Scene, ViewLayer | Synchronizing object | Tiered leaf shoulder.023
Fra:1 Mem:134.16M (Peak 134.16M) | Time:00:00.10 | Mem:0.00M, Peak:0.00M | Scene, ViewLayer | Synchronizing object | Tiered leaf shoulder.022
Fra:1 Mem:134.17M (Peak 134.17M) | Time:00:00.10 | Mem:0.00M, Peak:0.00M | Scene, ViewLayer | Synchronizing object | Raised breastplate.003
Fra:1 Mem:134.18M (Peak 134.18M) | Time:00:00.10 | Mem:0.00M, Peak:0.00M | Scene, ViewLayer | Synchronizing object | Tiered leaf shoulder.021
Fra:1 Mem:134.20M (Peak 134.20M) | Time:00:00.10 | Mem:0.00M, Peak:0.00M | Scene, ViewLayer | Synchronizing object | Fashion focus fin.007
Fra:1 Mem:134.21M (Peak 134.21M) | Time:00:00.10 | Mem:0.00M, Peak:0.00M | Scene, ViewLayer | Synchronizing object | Central crest.003
Fra:1 Mem:134.24M (Peak 134.24M) | Time:00:00.10 | Mem:0.00M, Peak:0.00M | Scene, ViewLayer | Synchronizing object | Fashion focus fin.006
Fra:1 Mem:134.26M (Peak 134.26M) | Time:00:00.10 | Mem:0.00M, Peak:0.00M | Scene, ViewLayer | Synchronizing object | Armor rune.002
Fra:1 Mem:134.26M (Peak 134.26M) | Time:00:00.10 | Mem:0.00M, Peak:0.00M | Scene, ViewLayer | Synchronizing object | Fashion focus collar.003
Fra:1 Mem:134.31M (Peak 134.31M) | Time:00:00.10 | Mem:0.00M, Peak:0.00M | Scene, ViewLayer | Synchronizing object | Weapon aura shard.015
Fra:1 Mem:134.31M (Peak 134.31M) | Time:00:00.10 | Mem:0.00M, Peak:0.00M | Scene, ViewLayer | Synchronizing object | Armor rune.003
Fra:1 Mem:134.34M (Peak 134.34M) | Time:00:00.10 | Mem:0.00M, Peak:0.00M | Scene, ViewLayer | Synchronizing object | Weapon aura shard.014
Fra:1 Mem:134.34M (Peak 134.34M) | Time:00:00.10 | Mem:0.00M, Peak:0.00M | Scene, ViewLayer | Synchronizing object | Staff forging mark.039
Fra:1 Mem:134.35M (Peak 134.35M) | Time:00:00.10 | Mem:0.00M, Peak:0.00M | Scene, ViewLayer | Synchronizing object | Staff forging mark.038
Fra:1 Mem:134.35M (Peak 134.35M) | Time:00:00.10 | Mem:0.00M, Peak:0.00M | Scene, ViewLayer | Synchronizing object | Waist plate.006
Fra:1 Mem:134.35M (Peak 134.35M) | Time:00:00.10 | Mem:0.00M, Peak:0.00M | Scene, ViewLayer | Synchronizing object | Staff forging mark.037
Fra:1 Mem:134.37M (Peak 134.37M) | Time:00:00.10 | Mem:0.00M, Peak:0.00M | Scene, ViewLayer | Synchronizing object | Staff forging mark.036
Fra:1 Mem:134.38M (Peak 134.38M) | Time:00:00.10 | Mem:0.00M, Peak:0.00M | Scene, ViewLayer | Synchronizing object | Staff forging mark.035
Fra:1 Mem:134.38M (Peak 134.38M) | Time:00:00.10 | Mem:0.00M, Peak:0.00M | Scene, ViewLayer | Synchronizing object | Staff forging mark.034
Fra:1 Mem:134.39M (Peak 134.39M) | Time:00:00.10 | Mem:0.00M, Peak:0.00M | Scene, ViewLayer | Synchronizing object | Waist plate.007
Fra:1 Mem:134.39M (Peak 134.39M) | Time:00:00.10 | Mem:0.00M, Peak:0.00M | Scene, ViewLayer | Synchronizing object | Staff forging mark.033
Fra:1 Mem:134.41M (Peak 134.41M) | Time:00:00.10 | Mem:0.00M, Peak:0.00M | Scene, ViewLayer | Synchronizing object | Staff forging mark.032
Fra:1 Mem:134.42M (Peak 134.42M) | Time:00:00.10 | Mem:0.00M, Peak:0.00M | Scene, ViewLayer | Synchronizing object | Staff forging mark.031
Fra:1 Mem:134.42M (Peak 134.42M) | Time:00:00.10 | Mem:0.00M, Peak:0.00M | Scene, ViewLayer | Synchronizing object | Staff forging mark.030
Fra:1 Mem:134.43M (Peak 134.43M) | Time:00:00.10 | Mem:0.00M, Peak:0.00M | Scene, ViewLayer | Synchronizing object | Staff rune.011
Fra:1 Mem:134.43M (Peak 134.43M) | Time:00:00.10 | Mem:0.00M, Peak:0.00M | Scene, ViewLayer | Synchronizing object | Staff rune.010
Fra:1 Mem:134.43M (Peak 134.43M) | Time:00:00.10 | Mem:0.00M, Peak:0.00M | Scene, ViewLayer | Synchronizing object | Waist plate.008
Fra:1 Mem:134.46M (Peak 134.46M) | Time:00:00.10 | Mem:0.00M, Peak:0.00M | Scene, ViewLayer | Synchronizing object | Staff rune.009
Fra:1 Mem:134.46M (Peak 134.46M) | Time:00:00.10 | Mem:0.00M, Peak:0.00M | Scene, ViewLayer | Synchronizing object | Floating shard.007
Fra:1 Mem:134.46M (Peak 134.46M) | Time:00:00.10 | Mem:0.00M, Peak:0.00M | Scene, ViewLayer | Synchronizing object | Waist plate.009
Fra:1 Mem:134.47M (Peak 134.47M) | Time:00:00.10 | Mem:0.00M, Peak:0.00M | Scene, ViewLayer | Synchronizing object | Crystal prong.007
Fra:1 Mem:134.50M (Peak 134.50M) | Time:00:00.10 | Mem:0.00M, Peak:0.00M | Scene, ViewLayer | Synchronizing object | Floating shard.006
Fra:1 Mem:134.51M (Peak 134.51M) | Time:00:00.10 | Mem:0.00M, Peak:0.00M | Scene, ViewLayer | Synchronizing object | Crystal prong.006
Fra:1 Mem:134.51M (Peak 134.51M) | Time:00:00.10 | Mem:0.00M, Peak:0.00M | Scene, ViewLayer | Synchronizing object | Armor forging mark.010
Fra:1 Mem:134.54M (Peak 134.54M) | Time:00:00.10 | Mem:0.00M, Peak:0.00M | Scene, ViewLayer | Synchronizing object | Focus crystal.007
Fra:1 Mem:134.58M (Peak 134.58M) | Time:00:00.10 | Mem:0.00M, Peak:0.00M | Scene, ViewLayer | Synchronizing object | Staff collar.007
Fra:1 Mem:134.57M (Peak 134.58M) | Time:00:00.10 | Mem:0.00M, Peak:0.00M | Scene, ViewLayer | Synchronizing object | Armor forging mark.011
Fra:1 Mem:134.61M (Peak 134.61M) | Time:00:00.10 | Mem:0.00M, Peak:0.00M | Scene, ViewLayer | Synchronizing object | Inlaid staff.007
Fra:1 Mem:134.61M (Peak 134.61M) | Time:00:00.10 | Mem:0.00M, Peak:0.00M | Scene, ViewLayer | Synchronizing object | Cuff Trim.031
Fra:1 Mem:134.63M (Peak 134.63M) | Time:00:00.10 | Mem:0.00M, Peak:0.00M | Scene, ViewLayer | Synchronizing object | Armor forging mark.012
Fra:1 Mem:134.64M (Peak 134.64M) | Time:00:00.10 | Mem:0.00M, Peak:0.00M | Scene, ViewLayer | Synchronizing object | Forearm Bracer.031
Fra:1 Mem:134.70M (Peak 134.70M) | Time:00:00.10 | Mem:0.00M, Peak:0.00M | Scene, ViewLayer | Synchronizing object | Armor forging mark.013
Fra:1 Mem:134.73M (Peak 134.73M) | Time:00:00.10 | Mem:0.00M, Peak:0.00M | Scene, ViewLayer | Synchronizing object | Glove.031
Fra:1 Mem:134.77M (Peak 134.77M) | Time:00:00.10 | Mem:0.00M, Peak:0.00M | Scene, ViewLayer | Synchronizing object | Armor forging mark.014
Fra:1 Mem:134.77M (Peak 134.77M) | Time:00:00.10 | Mem:0.00M, Peak:0.00M | Scene, ViewLayer | Synchronizing object | Sleeve.031
Fra:1 Mem:134.84M (Peak 134.84M) | Time:00:00.10 | Mem:0.00M, Peak:0.00M | Scene, ViewLayer | Synchronizing object | Armor forging mark.015
Fra:1 Mem:134.85M (Peak 134.85M) | Time:00:00.10 | Mem:0.00M, Peak:0.00M | Scene, ViewLayer | Synchronizing object | Master contract leaf.002
Fra:1 Mem:134.88M (Peak 134.88M) | Time:00:00.10 | Mem:0.00M, Peak:0.00M | Scene, ViewLayer | Synchronizing object | Divided contract shoulder fan.002
Fra:1 Mem:134.89M (Peak 134.89M) | Time:00:00.10 | Mem:0.00M, Peak:0.00M | Scene, ViewLayer | Synchronizing object | Tiered leaf shoulder.020
Fra:1 Mem:134.89M (Peak 134.89M) | Time:00:00.10 | Mem:0.00M, Peak:0.00M | Scene, ViewLayer | Synchronizing object | Armor forging mark.016
Fra:1 Mem:134.91M (Peak 134.91M) | Time:00:00.10 | Mem:0.00M, Peak:0.00M | Scene, ViewLayer | Synchronizing object | Tiered leaf shoulder.019
Fra:1 Mem:134.93M (Peak 134.93M) | Time:00:00.10 | Mem:0.00M, Peak:0.00M | Scene, ViewLayer | Synchronizing object | Tiered leaf shoulder.018
Fra:1 Mem:134.93M (Peak 134.93M) | Time:00:00.10 | Mem:0.00M, Peak:0.00M | Scene, ViewLayer | Synchronizing object | Cuff Trim.030
Fra:1 Mem:134.95M (Peak 134.95M) | Time:00:00.10 | Mem:0.00M, Peak:0.00M | Scene, ViewLayer | Synchronizing object | Armor forging mark.017
Fra:1 Mem:134.96M (Peak 134.96M) | Time:00:00.10 | Mem:0.00M, Peak:0.00M | Scene, ViewLayer | Synchronizing object | Forearm Bracer.030
Fra:1 Mem:135.02M (Peak 135.02M) | Time:00:00.10 | Mem:0.00M, Peak:0.00M | Scene, ViewLayer | Synchronizing object | Armor forging mark.018
Fra:1 Mem:135.03M (Peak 135.03M) | Time:00:00.10 | Mem:0.00M, Peak:0.00M | Scene, ViewLayer | Synchronizing object | Orb.007
Fra:1 Mem:135.09M (Peak 135.09M) | Time:00:00.10 | Mem:0.00M, Peak:0.00M | Scene, ViewLayer | Synchronizing object | Armor forging mark.019
Fra:1 Mem:135.11M (Peak 135.11M) | Time:00:00.10 | Mem:0.00M, Peak:0.00M | Scene, ViewLayer | Synchronizing object | Glove.030
Fra:1 Mem:135.15M (Peak 135.15M) | Time:00:00.10 | Mem:0.00M, Peak:0.00M | Scene, ViewLayer | Synchronizing object | Armor heart.001
Fra:1 Mem:135.18M (Peak 135.18M) | Time:00:00.10 | Mem:0.00M, Peak:0.00M | Scene, ViewLayer | Synchronizing object | Sleeve.030
Fra:1 Mem:135.23M (Peak 135.23M) | Time:00:00.10 | Mem:0.00M, Peak:0.00M | Scene, ViewLayer | Synchronizing object | Bronze outer astrolabe.001
Fra:1 Mem:135.24M (Peak 135.24M) | Time:00:00.10 | Mem:0.00M, Peak:0.00M | Scene, ViewLayer | Synchronizing object | Buckle.015
Fra:1 Mem:135.28M (Peak 135.28M) | Time:00:00.10 | Mem:0.00M, Peak:0.00M | Scene, ViewLayer | Synchronizing object | Belt.015
Fra:1 Mem:135.31M (Peak 135.31M) | Time:00:00.10 | Mem:0.00M, Peak:0.00M | Scene, ViewLayer | Synchronizing object | Breastplate.015
Fra:1 Mem:135.35M (Peak 135.35M) | Time:00:00.10 | Mem:0.00M, Peak:0.00M | Scene, ViewLayer | Synchronizing object | Knee Guard.029
Fra:1 Mem:135.38M (Peak 135.38M) | Time:00:00.10 | Mem:0.00M, Peak:0.00M | Scene, ViewLayer | Synchronizing object | Shin Guard.029
Fra:1 Mem:135.44M (Peak 135.44M) | Time:00:00.10 | Mem:0.00M, Peak:0.00M | Scene, ViewLayer | Synchronizing object | Boot.029
Fra:1 Mem:135.47M (Peak 135.47M) | Time:00:00.10 | Mem:0.00M, Peak:0.00M | Scene, ViewLayer | Synchronizing object | Trouser.029
Fra:1 Mem:135.49M (Peak 135.49M) | Time:00:00.10 | Mem:0.00M, Peak:0.00M | Scene, ViewLayer | Synchronizing object | Inclined inner astrolabe.001
Fra:1 Mem:135.55M (Peak 135.55M) | Time:00:00.10 | Mem:0.00M, Peak:0.00M | Scene, ViewLayer | Synchronizing object | Knee Guard.028
Fra:1 Mem:135.58M (Peak 135.58M) | Time:00:00.10 | Mem:0.00M, Peak:0.00M | Scene, ViewLayer | Synchronizing object | Star-ring radial vane.008
Fra:1 Mem:135.61M (Peak 135.61M) | Time:00:00.10 | Mem:0.00M, Peak:0.00M | Scene, ViewLayer | Synchronizing object | Shin Guard.028
Fra:1 Mem:135.64M (Peak 135.64M) | Time:00:00.10 | Mem:0.00M, Peak:0.00M | Scene, ViewLayer | Synchronizing object | Star-ring focus crystal.008
Fra:1 Mem:135.69M (Peak 135.69M) | Time:00:00.10 | Mem:0.00M, Peak:0.00M | Scene, ViewLayer | Synchronizing object | Star-ring radial vane.009
Fra:1 Mem:135.69M (Peak 135.69M) | Time:00:00.10 | Mem:0.00M, Peak:0.00M | Scene, ViewLayer | Synchronizing object | Boot.028
Fra:1 Mem:135.73M (Peak 135.73M) | Time:00:00.10 | Mem:0.00M, Peak:0.00M | Scene, ViewLayer | Synchronizing object | Trouser.028
Fra:1 Mem:135.76M (Peak 135.76M) | Time:00:00.10 | Mem:0.00M, Peak:0.00M | Scene, ViewLayer | Synchronizing object | Star-ring focus crystal.009
Fra:1 Mem:135.80M (Peak 135.80M) | Time:00:00.10 | Mem:0.00M, Peak:0.00M | Scene, ViewLayer | Synchronizing object | Forked contract bough.001
Fra:1 Mem:135.82M (Peak 135.82M) | Time:00:00.10 | Mem:0.00M, Peak:0.00M | Scene, ViewLayer | Synchronizing object | Star-ring radial vane.010
Fra:1 Mem:135.87M (Peak 135.87M) | Time:00:00.10 | Mem:0.00M, Peak:0.00M | Scene, ViewLayer | Synchronizing object | Star-ring focus crystal.010
Fra:1 Mem:135.88M (Peak 135.88M) | Time:00:00.10 | Mem:0.00M, Peak:0.00M | Scene, ViewLayer | Synchronizing object | Forked contract bough
Fra:1 Mem:135.94M (Peak 135.94M) | Time:00:00.10 | Mem:0.00M, Peak:0.00M | Scene, ViewLayer | Synchronizing object | Star-ring radial vane.011
Fra:1 Mem:135.97M (Peak 135.97M) | Time:00:00.10 | Mem:0.00M, Peak:0.00M | Scene, ViewLayer | Synchronizing object | Contract branch ring
Fra:1 Mem:136.01M (Peak 136.01M) | Time:00:00.10 | Mem:0.00M, Peak:0.00M | Scene, ViewLayer | Synchronizing object | Star-ring focus crystal.011
Fra:1 Mem:136.06M (Peak 136.06M) | Time:00:00.10 | Mem:0.00M, Peak:0.00M | Scene, ViewLayer | Synchronizing object | Star-ring radial vane.012
Fra:1 Mem:136.07M (Peak 136.07M) | Time:00:00.10 | Mem:0.00M, Peak:0.00M | Scene, ViewLayer | Synchronizing object | Elder contract split clasp.001
Fra:1 Mem:136.11M (Peak 136.11M) | Time:00:00.10 | Mem:0.00M, Peak:0.00M | Scene, ViewLayer | Synchronizing object | Elder contract split clasp
Fra:1 Mem:136.14M (Peak 136.14M) | Time:00:00.10 | Mem:0.00M, Peak:0.00M | Scene, ViewLayer | Synchronizing object | Star-ring focus crystal.012
Fra:1 Mem:136.18M (Peak 136.18M) | Time:00:00.10 | Mem:0.00M, Peak:0.00M | Scene, ViewLayer | Synchronizing object | Hanging contract tablet.001
Fra:1 Mem:136.21M (Peak 136.21M) | Time:00:00.10 | Mem:0.00M, Peak:0.00M | Scene, ViewLayer | Synchronizing object | Star-ring radial vane.013
Fra:1 Mem:136.24M (Peak 136.24M) | Time:00:00.10 | Mem:0.00M, Peak:0.00M | Scene, ViewLayer | Synchronizing object | Split contract shawl tail.005
Fra:1 Mem:136.26M (Peak 136.26M) | Time:00:00.10 | Mem:0.00M, Peak:0.00M | Scene, ViewLayer | Synchronizing object | Star-ring focus crystal.013
Fra:1 Mem:136.30M (Peak 136.30M) | Time:00:00.10 | Mem:0.00M, Peak:0.00M | Scene, ViewLayer | Synchronizing object | Hanging contract tablet
Fra:1 Mem:136.32M (Peak 136.32M) | Time:00:00.10 | Mem:0.00M, Peak:0.00M | Scene, ViewLayer | Synchronizing object | Star-ring radial vane.014
Fra:1 Mem:136.36M (Peak 136.36M) | Time:00:00.10 | Mem:0.00M, Peak:0.00M | Scene, ViewLayer | Synchronizing object | Split contract shawl tail.004
Fra:1 Mem:136.39M (Peak 136.39M) | Time:00:00.10 | Mem:0.00M, Peak:0.00M | Scene, ViewLayer | Synchronizing object | Star-ring focus crystal.014
Fra:1 Mem:136.42M (Peak 136.42M) | Time:00:00.10 | Mem:0.00M, Peak:0.00M | Scene, ViewLayer | Synchronizing object | Costume fastening.010
Fra:1 Mem:136.45M (Peak 136.45M) | Time:00:00.10 | Mem:0.00M, Peak:0.00M | Scene, ViewLayer | Synchronizing object | Star-ring radial vane.015
Fra:1 Mem:136.49M (Peak 136.49M) | Time:00:00.10 | Mem:0.00M, Peak:0.00M | Scene, ViewLayer | Synchronizing object | Contract chest crystal.002
Fra:1 Mem:136.49M (Peak 136.49M) | Time:00:00.10 | Mem:0.00M, Peak:0.00M | Scene, ViewLayer | Synchronizing object | Star-ring focus crystal.015
Fra:1 Mem:136.52M (Peak 136.52M) | Time:00:00.10 | Mem:0.00M, Peak:0.00M | Scene, ViewLayer | Synchronizing object | Spirit ritual bib.002
Fra:1 Mem:136.55M (Peak 136.55M) | Time:00:00.10 | Mem:0.00M, Peak:0.00M | Scene, ViewLayer | Synchronizing object | Wing clasp.001
Fra:1 Mem:136.58M (Peak 136.58M) | Time:00:00.10 | Mem:0.00M, Peak:0.00M | Scene, ViewLayer | Synchronizing object | Elder contract crown branch.001
Fra:1 Mem:136.62M (Peak 136.62M) | Time:00:00.10 | Mem:0.00M, Peak:0.00M | Scene, ViewLayer | Synchronizing object | Trouser.006
Fra:1 Mem:136.66M (Peak 136.66M) | Time:00:00.11 | Mem:0.00M, Peak:0.00M | Scene, ViewLayer | Synchronizing object | Contract crown outer fork.001
Fra:1 Mem:136.70M (Peak 136.70M) | Time:00:00.11 | Mem:0.00M, Peak:0.00M | Scene, ViewLayer | Synchronizing object | Boot.006
Fra:1 Mem:136.73M (Peak 136.73M) | Time:00:00.11 | Mem:0.00M, Peak:0.00M | Scene, ViewLayer | Synchronizing object | Elder contract crown branch
Fra:1 Mem:136.72M (Peak 136.73M) | Time:00:00.11 | Mem:0.00M, Peak:0.00M | Scene, ViewLayer | Synchronizing object | Shin Guard.006
Fra:1 Mem:136.79M (Peak 136.79M) | Time:00:00.11 | Mem:0.00M, Peak:0.00M | Scene, ViewLayer | Synchronizing object | Knee Guard.006
Fra:1 Mem:136.81M (Peak 136.81M) | Time:00:00.11 | Mem:0.00M, Peak:0.00M | Scene, ViewLayer | Synchronizing object | Contract crown outer fork
Fra:1 Mem:136.86M (Peak 136.86M) | Time:00:00.11 | Mem:0.00M, Peak:0.00M | Scene, ViewLayer | Synchronizing object | Trouser.007
Fra:1 Mem:136.89M (Peak 136.89M) | Time:00:00.11 | Mem:0.00M, Peak:0.00M | Scene, ViewLayer | Synchronizing object | Moonstone circlet.002
Fra:1 Mem:136.93M (Peak 136.93M) | Time:00:00.11 | Mem:0.00M, Peak:0.00M | Scene, ViewLayer | Synchronizing object | Boot.007
Fra:1 Mem:136.96M (Peak 136.96M) | Time:00:00.11 | Mem:0.00M, Peak:0.00M | Scene, ViewLayer | Synchronizing object | Spirit antler branch.005
Fra:1 Mem:136.96M (Peak 136.96M) | Time:00:00.11 | Mem:0.00M, Peak:0.00M | Scene, ViewLayer | Synchronizing object | Shin Guard.007
Fra:1 Mem:137.03M (Peak 137.03M) | Time:00:00.11 | Mem:0.00M, Peak:0.00M | Scene, ViewLayer | Synchronizing object | Spirit antler.005
Fra:1 Mem:137.10M (Peak 137.10M) | Time:00:00.11 | Mem:0.00M, Peak:0.00M | Scene, ViewLayer | Synchronizing object | Breastplate.004
Fra:1 Mem:137.13M (Peak 137.13M) | Time:00:00.11 | Mem:0.00M, Peak:0.00M | Scene, ViewLayer | Synchronizing object | Spirit antler branch.004
Fra:1 Mem:137.17M (Peak 137.17M) | Time:00:00.11 | Mem:0.00M, Peak:0.00M | Scene, ViewLayer | Synchronizing object | Belt.004
Fra:1 Mem:137.20M (Peak 137.20M) | Time:00:00.11 | Mem:0.00M, Peak:0.00M | Scene, ViewLayer | Synchronizing object | Spirit antler.004
Fra:1 Mem:137.22M (Peak 137.22M) | Time:00:00.11 | Mem:0.00M, Peak:0.00M | Scene, ViewLayer | Synchronizing object | Buckle.004
Fra:1 Mem:137.28M (Peak 137.28M) | Time:00:00.11 | Mem:0.00M, Peak:0.00M | Scene, ViewLayer | Synchronizing object | Sleeve.008
Fra:1 Mem:137.28M (Peak 137.28M) | Time:00:00.11 | Mem:0.00M, Peak:0.00M | Scene, ViewLayer | Synchronizing object | Nose.014
Fra:1 Mem:137.35M (Peak 137.35M) | Time:00:00.11 | Mem:0.00M, Peak:0.00M | Scene, ViewLayer | Synchronizing object | Glove.008
Fra:1 Mem:137.36M (Peak 137.36M) | Time:00:00.11 | Mem:0.00M, Peak:0.00M | Scene, ViewLayer | Synchronizing object | Ear.029
Fra:1 Mem:137.41M (Peak 137.41M) | Time:00:00.11 | Mem:0.00M, Peak:0.00M | Scene, ViewLayer | Synchronizing object | Orb
Fra:1 Mem:137.44M (Peak 137.44M) | Time:00:00.11 | Mem:0.00M, Peak:0.00M | Scene, ViewLayer | Synchronizing object | Hair Side Lock.029
Fra:1 Mem:137.48M (Peak 137.48M) | Time:00:00.11 | Mem:0.00M, Peak:0.00M | Scene, ViewLayer | Synchronizing object | Forearm Bracer.008
Fra:1 Mem:137.52M (Peak 137.52M) | Time:00:00.11 | Mem:0.00M, Peak:0.00M | Scene, ViewLayer | Synchronizing object | Ear.028
Fra:1 Mem:137.55M (Peak 137.55M) | Time:00:00.11 | Mem:0.00M, Peak:0.00M | Scene, ViewLayer | Synchronizing object | Cuff Trim.008
Fra:1 Mem:137.57M (Peak 137.57M) | Time:00:00.11 | Mem:0.00M, Peak:0.00M | Scene, ViewLayer | Synchronizing object | Tailored shoulder mantle
Fra:1 Mem:137.60M (Peak 137.60M) | Time:00:00.11 | Mem:0.00M, Peak:0.00M | Scene, ViewLayer | Synchronizing object | Hair Side Lock.028
Fra:1 Mem:137.63M (Peak 137.63M) | Time:00:00.11 | Mem:0.00M, Peak:0.00M | Scene, ViewLayer | Synchronizing object | Sleeve.009
Fra:1 Mem:137.67M (Peak 137.67M) | Time:00:00.11 | Mem:0.00M, Peak:0.00M | Scene, ViewLayer | Synchronizing object | Eyes R.014
Fra:1 Mem:137.70M (Peak 137.70M) | Time:00:00.11 | Mem:0.00M, Peak:0.00M | Scene, ViewLayer | Synchronizing object | Glove.009
Fra:1 Mem:137.75M (Peak 137.75M) | Time:00:00.11 | Mem:0.00M, Peak:0.00M | Scene, ViewLayer | Synchronizing object | Eyes L.014
Fra:1 Mem:137.75M (Peak 137.75M) | Time:00:00.11 | Mem:0.00M, Peak:0.00M | Scene, ViewLayer | Synchronizing object | Forearm Bracer.009
Fra:1 Mem:137.82M (Peak 137.82M) | Time:00:00.11 | Mem:0.00M, Peak:0.00M | Scene, ViewLayer | Synchronizing object | Cuff Trim.009
Fra:1 Mem:137.82M (Peak 137.82M) | Time:00:00.11 | Mem:0.00M, Peak:0.00M | Scene, ViewLayer | Synchronizing object | Head.014
Fra:1 Mem:137.85M (Peak 137.85M) | Time:00:00.11 | Mem:0.00M, Peak:0.00M | Scene, ViewLayer | Synchronizing object | Inlaid staff
Fra:1 Mem:137.86M (Peak 137.86M) | Time:00:00.11 | Mem:0.00M, Peak:0.00M | Scene, ViewLayer | Synchronizing object | Staff collar
Fra:1 Mem:137.87M (Peak 137.87M) | Time:00:00.11 | Mem:0.00M, Peak:0.00M | Scene, ViewLayer | Synchronizing object | Focus crystal
Fra:1 Mem:137.88M (Peak 137.88M) | Time:00:00.11 | Mem:0.00M, Peak:0.00M | Scene, ViewLayer | Synchronizing object | Collar.014
Fra:1 Mem:137.90M (Peak 137.90M) | Time:00:00.11 | Mem:0.00M, Peak:0.00M | Scene, ViewLayer | Synchronizing object | Tailored shoulder mantle.001
Fra:1 Mem:137.92M (Peak 137.92M) | Time:00:00.11 | Mem:0.00M, Peak:0.00M | Scene, ViewLayer | Synchronizing object | Tailored Cloak.014
Fra:1 Mem:137.95M (Peak 137.95M) | Time:00:00.11 | Mem:0.00M, Peak:0.00M | Scene, ViewLayer | Synchronizing object | Tailored Cloak.004
Fra:1 Mem:137.95M (Peak 137.95M) | Time:00:00.11 | Mem:0.00M, Peak:0.00M | Scene, ViewLayer | Synchronizing object | Master contract leaf.001
Fra:1 Mem:137.97M (Peak 137.97M) | Time:00:00.11 | Mem:0.00M, Peak:0.00M | Scene, ViewLayer | Synchronizing object | Divided contract shoulder fan.001
Fra:1 Mem:137.97M (Peak 137.97M) | Time:00:00.11 | Mem:0.00M, Peak:0.00M | Scene, ViewLayer | Synchronizing object | Collar.004
Fra:1 Mem:137.98M (Peak 137.98M) | Time:00:00.11 | Mem:0.00M, Peak:0.00M | Scene, ViewLayer | Synchronizing object | Tiered leaf shoulder.017
Fra:1 Mem:137.99M (Peak 137.99M) | Time:00:00.11 | Mem:0.00M, Peak:0.00M | Scene, ViewLayer | Synchronizing object | Head.004
Fra:1 Mem:138.01M (Peak 138.01M) | Time:00:00.11 | Mem:0.00M, Peak:0.00M | Scene, ViewLayer | Synchronizing object | Tiered leaf shoulder.016
Fra:1 Mem:138.03M (Peak 138.03M) | Time:00:00.11 | Mem:0.00M, Peak:0.00M | Scene, ViewLayer | Synchronizing object | Tiered leaf shoulder.015
Fra:1 Mem:138.04M (Peak 138.04M) | Time:00:00.11 | Mem:0.00M, Peak:0.00M | Scene, ViewLayer | Synchronizing object | Eyes L.004
Fra:1 Mem:138.05M (Peak 138.05M) | Time:00:00.11 | Mem:0.00M, Peak:0.00M | Scene, ViewLayer | Synchronizing object | Weapon aura shard.013
Fra:1 Mem:138.07M (Peak 138.07M) | Time:00:00.11 | Mem:0.00M, Peak:0.00M | Scene, ViewLayer | Synchronizing object | Weapon aura shard.012
Fra:1 Mem:138.07M (Peak 138.07M) | Time:00:00.11 | Mem:0.00M, Peak:0.00M | Scene, ViewLayer | Synchronizing object | Staff forging mark.029
Fra:1 Mem:138.08M (Peak 138.08M) | Time:00:00.11 | Mem:0.00M, Peak:0.00M | Scene, ViewLayer | Synchronizing object | Staff forging mark.028
Fra:1 Mem:138.08M (Peak 138.08M) | Time:00:00.11 | Mem:0.00M, Peak:0.00M | Scene, ViewLayer | Synchronizing object | Eyes R.004
Fra:1 Mem:138.08M (Peak 138.08M) | Time:00:00.11 | Mem:0.00M, Peak:0.00M | Scene, ViewLayer | Synchronizing object | Staff forging mark.027
Fra:1 Mem:138.11M (Peak 138.11M) | Time:00:00.11 | Mem:0.00M, Peak:0.00M | Scene, ViewLayer | Synchronizing object | Staff forging mark.026
Fra:1 Mem:138.11M (Peak 138.11M) | Time:00:00.11 | Mem:0.00M, Peak:0.00M | Scene, ViewLayer | Synchronizing object | Staff forging mark.025
Fra:1 Mem:138.12M (Peak 138.12M) | Time:00:00.11 | Mem:0.00M, Peak:0.00M | Scene, ViewLayer | Synchronizing object | Staff forging mark.024
Fra:1 Mem:138.12M (Peak 138.12M) | Time:00:00.11 | Mem:0.00M, Peak:0.00M | Scene, ViewLayer | Synchronizing object | Hat Brim
Fra:1 Mem:138.12M (Peak 138.12M) | Time:00:00.11 | Mem:0.00M, Peak:0.00M | Scene, ViewLayer | Synchronizing object | Staff forging mark.023
Fra:1 Mem:138.13M (Peak 138.13M) | Time:00:00.11 | Mem:0.00M, Peak:0.00M | Scene, ViewLayer | Synchronizing object | Staff forging mark.022
Fra:1 Mem:138.14M (Peak 138.14M) | Time:00:00.11 | Mem:0.00M, Peak:0.00M | Scene, ViewLayer | Synchronizing object | Hat Gem
Fra:1 Mem:138.14M (Peak 138.14M) | Time:00:00.11 | Mem:0.00M, Peak:0.00M | Scene, ViewLayer | Synchronizing object | Staff forging mark.021
Fra:1 Mem:138.16M (Peak 138.16M) | Time:00:00.11 | Mem:0.00M, Peak:0.00M | Scene, ViewLayer | Synchronizing object | Staff forging mark.020
Fra:1 Mem:138.17M (Peak 138.17M) | Time:00:00.11 | Mem:0.00M, Peak:0.00M | Scene, ViewLayer | Synchronizing object | Staff rune.008
Fra:1 Mem:138.18M (Peak 138.18M) | Time:00:00.11 | Mem:0.00M, Peak:0.00M | Scene, ViewLayer | Synchronizing object | Staff rune.007
Fra:1 Mem:138.18M (Peak 138.18M) | Time:00:00.11 | Mem:0.00M, Peak:0.00M | Scene, ViewLayer | Synchronizing object | Hair Side Lock.008
Fra:1 Mem:138.18M (Peak 138.18M) | Time:00:00.11 | Mem:0.00M, Peak:0.00M | Scene, ViewLayer | Synchronizing object | Staff rune.006
Fra:1 Mem:138.21M (Peak 138.21M) | Time:00:00.11 | Mem:0.00M, Peak:0.00M | Scene, ViewLayer | Synchronizing object | Floating shard.005
Fra:1 Mem:138.22M (Peak 138.22M) | Time:00:00.11 | Mem:0.00M, Peak:0.00M | Scene, ViewLayer | Synchronizing object | Crystal prong.005
Fra:1 Mem:138.23M (Peak 138.23M) | Time:00:00.11 | Mem:0.00M, Peak:0.00M | Scene, ViewLayer | Synchronizing object | Floating shard.004
Fra:1 Mem:138.23M (Peak 138.23M) | Time:00:00.11 | Mem:0.00M, Peak:0.00M | Scene, ViewLayer | Synchronizing object | Ear.008
Fra:1 Mem:138.25M (Peak 138.25M) | Time:00:00.11 | Mem:0.00M, Peak:0.00M | Scene, ViewLayer | Synchronizing object | Crystal prong.004
Fra:1 Mem:138.28M (Peak 138.28M) | Time:00:00.11 | Mem:0.00M, Peak:0.00M | Scene, ViewLayer | Synchronizing object | Focus crystal.006
Fra:1 Mem:138.30M (Peak 138.30M) | Time:00:00.11 | Mem:0.00M, Peak:0.00M | Scene, ViewLayer | Synchronizing object | Hair Side Lock.009
Fra:1 Mem:138.31M (Peak 138.31M) | Time:00:00.11 | Mem:0.00M, Peak:0.00M | Scene, ViewLayer | Synchronizing object | Staff collar.006
Fra:1 Mem:138.34M (Peak 138.34M) | Time:00:00.11 | Mem:0.00M, Peak:0.00M | Scene, ViewLayer | Synchronizing object | Inlaid staff.006
Fra:1 Mem:138.34M (Peak 138.34M) | Time:00:00.11 | Mem:0.00M, Peak:0.00M | Scene, ViewLayer | Synchronizing object | Cuff Trim.029
Fra:1 Mem:138.36M (Peak 138.36M) | Time:00:00.11 | Mem:0.00M, Peak:0.00M | Scene, ViewLayer | Synchronizing object | Ear.009
Fra:1 Mem:138.38M (Peak 138.38M) | Time:00:00.11 | Mem:0.00M, Peak:0.00M | Scene, ViewLayer | Synchronizing object | Forearm Bracer.029
Fra:1 Mem:138.43M (Peak 138.43M) | Time:00:00.11 | Mem:0.00M, Peak:0.00M | Scene, ViewLayer | Synchronizing object | Nose.004
Fra:1 Mem:138.45M (Peak 138.45M) | Time:00:00.11 | Mem:0.00M, Peak:0.00M | Scene, ViewLayer | Synchronizing object | Glove.029
Fra:1 Mem:138.50M (Peak 138.50M) | Time:00:00.11 | Mem:0.00M, Peak:0.00M | Scene, ViewLayer | Synchronizing object | Pointed Wizard Hat
Fra:1 Mem:138.51M (Peak 138.51M) | Time:00:00.11 | Mem:0.00M, Peak:0.00M | Scene, ViewLayer | Synchronizing object | Sleeve.029
Fra:1 Mem:138.52M (Peak 138.52M) | Time:00:00.11 | Mem:0.00M, Peak:0.00M | Scene, ViewLayer | Synchronizing object | Scholar rear high collar
Fra:1 Mem:138.57M (Peak 138.57M) | Time:00:00.11 | Mem:0.00M, Peak:0.00M | Scene, ViewLayer | Synchronizing object | Scholar rear high collar.001
Fra:1 Mem:138.59M (Peak 138.59M) | Time:00:00.11 | Mem:0.00M, Peak:0.00M | Scene, ViewLayer | Synchronizing object | Master contract leaf
Fra:1 Mem:138.60M (Peak 138.60M) | Time:00:00.11 | Mem:0.00M, Peak:0.00M | Scene, ViewLayer | Synchronizing object | Divided contract shoulder fan
Fra:1 Mem:138.61M (Peak 138.61M) | Time:00:00.11 | Mem:0.00M, Peak:0.00M | Scene, ViewLayer | Synchronizing object | Equipped robe skirt
Fra:1 Mem:138.62M (Peak 138.62M) | Time:00:00.11 | Mem:0.00M, Peak:0.00M | Scene, ViewLayer | Synchronizing object | Tiered leaf shoulder.014
Fra:1 Mem:138.63M (Peak 138.63M) | Time:00:00.11 | Mem:0.00M, Peak:0.00M | Scene, ViewLayer | Synchronizing object | Embroidered robe panel
Fra:1 Mem:138.63M (Peak 138.63M) | Time:00:00.11 | Mem:0.00M, Peak:0.00M | Scene, ViewLayer | Synchronizing object | Tiered leaf shoulder.013
Fra:1 Mem:138.65M (Peak 138.65M) | Time:00:00.11 | Mem:0.00M, Peak:0.00M | Scene, ViewLayer | Synchronizing object | Tiered leaf shoulder.012
Fra:1 Mem:138.66M (Peak 138.66M) | Time:00:00.11 | Mem:0.00M, Peak:0.00M | Scene, ViewLayer | Synchronizing object | Cuff Trim.028
Fra:1 Mem:138.67M (Peak 138.67M) | Time:00:00.11 | Mem:0.00M, Peak:0.00M | Scene, ViewLayer | Synchronizing object | Forearm Bracer.028
Fra:1 Mem:138.71M (Peak 138.71M) | Time:00:00.11 | Mem:0.00M, Peak:0.00M | Scene, ViewLayer | Synchronizing object | Orb.006
Fra:1 Mem:138.74M (Peak 138.74M) | Time:00:00.11 | Mem:0.00M, Peak:0.00M | Scene, ViewLayer | Synchronizing object | Glove.028
Fra:1 Mem:138.79M (Peak 138.79M) | Time:00:00.11 | Mem:0.00M, Peak:0.00M | Scene, ViewLayer | Synchronizing object | Robe metal seam
Fra:1 Mem:138.79M (Peak 138.79M) | Time:00:00.11 | Mem:0.00M, Peak:0.00M | Scene, ViewLayer | Synchronizing object | Sleeve.028
Fra:1 Mem:138.85M (Peak 138.85M) | Time:00:00.11 | Mem:0.00M, Peak:0.00M | Scene, ViewLayer | Synchronizing object | Embroidered robe panel.001
Fra:1 Mem:138.88M (Peak 138.88M) | Time:00:00.11 | Mem:0.00M, Peak:0.00M | Scene, ViewLayer | Synchronizing object | Buckle.014
Fra:1 Mem:138.91M (Peak 138.91M) | Time:00:00.11 | Mem:0.00M, Peak:0.00M | Scene, ViewLayer | Synchronizing object | Robe metal seam.001
Fra:1 Mem:138.93M (Peak 138.93M) | Time:00:00.11 | Mem:0.00M, Peak:0.00M | Scene, ViewLayer | Synchronizing object | Belt.014
Fra:1 Mem:138.97M (Peak 138.97M) | Time:00:00.11 | Mem:0.00M, Peak:0.00M | Scene, ViewLayer | Synchronizing object | Costume fastening
Fra:1 Mem:139.00M (Peak 139.00M) | Time:00:00.11 | Mem:0.00M, Peak:0.00M | Scene, ViewLayer | Synchronizing object | Breastplate.014
Fra:1 Mem:139.03M (Peak 139.03M) | Time:00:00.11 | Mem:0.00M, Peak:0.00M | Scene, ViewLayer | Synchronizing object | Scholar split side lining
Fra:1 Mem:139.07M (Peak 139.07M) | Time:00:00.11 | Mem:0.00M, Peak:0.00M | Scene, ViewLayer | Synchronizing object | Knee Guard.027
Fra:1 Mem:139.10M (Peak 139.10M) | Time:00:00.11 | Mem:0.00M, Peak:0.00M | Scene, ViewLayer | Synchronizing object | Scholar split side lining.001
Fra:1 Mem:139.14M (Peak 139.14M) | Time:00:00.11 | Mem:0.00M, Peak:0.00M | Scene, ViewLayer | Synchronizing object | Shin Guard.027
Fra:1 Mem:139.14M (Peak 139.14M) | Time:00:00.11 | Mem:0.00M, Peak:0.00M | Scene, ViewLayer | Synchronizing object | Trouser.008
Fra:1 Mem:139.21M (Peak 139.21M) | Time:00:00.11 | Mem:0.00M, Peak:0.00M | Scene, ViewLayer | Synchronizing object | Boot.027
Fra:1 Mem:139.23M (Peak 139.23M) | Time:00:00.11 | Mem:0.00M, Peak:0.00M | Scene, ViewLayer | Synchronizing object | Trouser.027
Fra:1 Mem:139.27M (Peak 139.27M) | Time:00:00.11 | Mem:0.00M, Peak:0.00M | Scene, ViewLayer | Synchronizing object | Boot.008
Fra:1 Mem:139.27M (Peak 139.27M) | Time:00:00.11 | Mem:0.00M, Peak:0.00M | Scene, ViewLayer | Synchronizing object | Knee Guard.026
Fra:1 Mem:139.31M (Peak 139.31M) | Time:00:00.11 | Mem:0.00M, Peak:0.00M | Scene, ViewLayer | Synchronizing object | Shin Guard.008
Fra:1 Mem:139.35M (Peak 139.35M) | Time:00:00.11 | Mem:0.00M, Peak:0.00M | Scene, ViewLayer | Synchronizing object | Shin Guard.026
Fra:1 Mem:139.39M (Peak 139.39M) | Time:00:00.11 | Mem:0.00M, Peak:0.00M | Scene, ViewLayer | Synchronizing object | Knee Guard.008
Fra:1 Mem:139.42M (Peak 139.42M) | Time:00:00.11 | Mem:0.00M, Peak:0.00M | Scene, ViewLayer | Synchronizing object | Boot.026
Fra:1 Mem:139.44M (Peak 139.44M) | Time:00:00.11 | Mem:0.00M, Peak:0.00M | Scene, ViewLayer | Synchronizing object | Trouser.009
Fra:1 Mem:139.47M (Peak 139.47M) | Time:00:00.11 | Mem:0.00M, Peak:0.00M | Scene, ViewLayer | Synchronizing object | Trouser.026
Fra:1 Mem:139.51M (Peak 139.51M) | Time:00:00.11 | Mem:0.00M, Peak:0.00M | Scene, ViewLayer | Synchronizing object | Boot.009
Fra:1 Mem:139.53M (Peak 139.53M) | Time:00:00.11 | Mem:0.00M, Peak:0.00M | Scene, ViewLayer | Synchronizing object | Wing clasp.006
Fra:1 Mem:139.57M (Peak 139.57M) | Time:00:00.11 | Mem:0.00M, Peak:0.00M | Scene, ViewLayer | Synchronizing object | Shin Guard.009
Fra:1 Mem:139.60M (Peak 139.60M) | Time:00:00.11 | Mem:0.00M, Peak:0.00M | Scene, ViewLayer | Synchronizing object | Star-ring focus crystal.055
Fra:1 Mem:139.64M (Peak 139.64M) | Time:00:00.11 | Mem:0.00M, Peak:0.00M | Scene, ViewLayer | Synchronizing object | Knee Guard.009
Fra:1 Mem:139.67M (Peak 139.67M) | Time:00:00.11 | Mem:0.00M, Peak:0.00M | Scene, ViewLayer | Synchronizing object | Star-ring radial vane.055
Fra:1 Mem:139.70M (Peak 139.70M) | Time:00:00.11 | Mem:0.00M, Peak:0.00M | Scene, ViewLayer | Synchronizing object | Breastplate.005
Fra:1 Mem:139.73M (Peak 139.73M) | Time:00:00.11 | Mem:0.00M, Peak:0.00M | Scene, ViewLayer | Synchronizing object | Star-ring focus crystal.054
Fra:1 Mem:139.78M (Peak 139.78M) | Time:00:00.11 | Mem:0.00M, Peak:0.00M | Scene, ViewLayer | Synchronizing object | Belt.005
Fra:1 Mem:139.80M (Peak 139.80M) | Time:00:00.11 | Mem:0.00M, Peak:0.00M | Scene, ViewLayer | Synchronizing object | Star-ring radial vane.054
Fra:1 Mem:139.84M (Peak 139.84M) | Time:00:00.11 | Mem:0.00M, Peak:0.00M | Scene, ViewLayer | Synchronizing object | Buckle.005
Fra:1 Mem:139.86M (Peak 139.86M) | Time:00:00.11 | Mem:0.00M, Peak:0.00M | Scene, ViewLayer | Synchronizing object | Star-ring focus crystal.053
Fra:1 Mem:139.90M (Peak 139.90M) | Time:00:00.11 | Mem:0.00M, Peak:0.00M | Scene, ViewLayer | Synchronizing object | Sleeve.010
Fra:1 Mem:139.94M (Peak 139.94M) | Time:00:00.11 | Mem:0.00M, Peak:0.00M | Scene, ViewLayer | Synchronizing object | Star-ring radial vane.053
Fra:1 Mem:139.97M (Peak 139.97M) | Time:00:00.11 | Mem:0.00M, Peak:0.00M | Scene, ViewLayer | Synchronizing object | Glove.010
Fra:1 Mem:140.00M (Peak 140.00M) | Time:00:00.11 | Mem:0.00M, Peak:0.00M | Scene, ViewLayer | Synchronizing object | Star-ring focus crystal.052
Fra:1 Mem:140.03M (Peak 140.03M) | Time:00:00.11 | Mem:0.00M, Peak:0.00M | Scene, ViewLayer | Synchronizing object | Orb.001
Fra:1 Mem:140.07M (Peak 140.07M) | Time:00:00.11 | Mem:0.00M, Peak:0.00M | Scene, ViewLayer | Synchronizing object | Star-ring radial vane.052
Fra:1 Mem:140.10M (Peak 140.10M) | Time:00:00.11 | Mem:0.00M, Peak:0.00M | Scene, ViewLayer | Synchronizing object | Forearm Bracer.010
Fra:1 Mem:140.13M (Peak 140.13M) | Time:00:00.11 | Mem:0.00M, Peak:0.00M | Scene, ViewLayer | Synchronizing object | Star-ring focus crystal.051
Fra:1 Mem:140.17M (Peak 140.17M) | Time:00:00.11 | Mem:0.00M, Peak:0.00M | Scene, ViewLayer | Synchronizing object | Cuff Trim.010
Fra:1 Mem:140.18M (Peak 140.18M) | Time:00:00.11 | Mem:0.00M, Peak:0.00M | Scene, ViewLayer | Synchronizing object | Star-ring radial vane.051
Fra:1 Mem:140.21M (Peak 140.21M) | Time:00:00.11 | Mem:0.00M, Peak:0.00M | Scene, ViewLayer | Synchronizing object | Tailored shoulder mantle.002
Fra:1 Mem:140.25M (Peak 140.25M) | Time:00:00.11 | Mem:0.00M, Peak:0.00M | Scene, ViewLayer | Synchronizing object | Star-ring focus crystal.050
Fra:1 Mem:140.25M (Peak 140.25M) | Time:00:00.11 | Mem:0.00M, Peak:0.00M | Scene, ViewLayer | Synchronizing object | Sleeve.011
Fra:1 Mem:140.32M (Peak 140.32M) | Time:00:00.11 | Mem:0.00M, Peak:0.00M | Scene, ViewLayer | Synchronizing object | Star-ring radial vane.050
Fra:1 Mem:140.32M (Peak 140.32M) | Time:00:00.11 | Mem:0.00M, Peak:0.00M | Scene, ViewLayer | Synchronizing object | Glove.011
Fra:1 Mem:140.38M (Peak 140.38M) | Time:00:00.11 | Mem:0.00M, Peak:0.00M | Scene, ViewLayer | Synchronizing object | Star-ring focus crystal.049
Fra:1 Mem:140.40M (Peak 140.40M) | Time:00:00.11 | Mem:0.00M, Peak:0.00M | Scene, ViewLayer | Synchronizing object | Forearm Bracer.011
Fra:1 Mem:140.45M (Peak 140.45M) | Time:00:00.11 | Mem:0.00M, Peak:0.00M | Scene, ViewLayer | Synchronizing object | Star-ring radial vane.049
Fra:1 Mem:140.48M (Peak 140.48M) | Time:00:00.11 | Mem:0.00M, Peak:0.00M | Scene, ViewLayer | Synchronizing object | Cuff Trim.011
Fra:1 Mem:140.49M (Peak 140.49M) | Time:00:00.11 | Mem:0.00M, Peak:0.00M | Scene, ViewLayer | Synchronizing object | Inlaid staff.001
Fra:1 Mem:140.50M (Peak 140.50M) | Time:00:00.11 | Mem:0.00M, Peak:0.00M | Scene, ViewLayer | Synchronizing object | Star-ring focus crystal.048
Fra:1 Mem:140.50M (Peak 140.50M) | Time:00:00.11 | Mem:0.00M, Peak:0.00M | Scene, ViewLayer | Synchronizing object | Staff collar.001
Fra:1 Mem:140.53M (Peak 140.53M) | Time:00:00.11 | Mem:0.00M, Peak:0.00M | Scene, ViewLayer | Synchronizing object | Focus crystal.001
Fra:1 Mem:140.56M (Peak 140.56M) | Time:00:00.11 | Mem:0.00M, Peak:0.00M | Scene, ViewLayer | Synchronizing object | Fashion focus collar
Fra:1 Mem:140.57M (Peak 140.57M) | Time:00:00.11 | Mem:0.00M, Peak:0.00M | Scene, ViewLayer | Synchronizing object | Star-ring radial vane.048
Fra:1 Mem:140.60M (Peak 140.60M) | Time:00:00.11 | Mem:0.00M, Peak:0.00M | Scene, ViewLayer | Synchronizing object | Fashion focus fin
Fra:1 Mem:140.62M (Peak 140.62M) | Time:00:00.11 | Mem:0.00M, Peak:0.00M | Scene, ViewLayer | Synchronizing object | Inclined inner astrolabe.006
Fra:1 Mem:140.65M (Peak 140.65M) | Time:00:00.11 | Mem:0.00M, Peak:0.00M | Scene, ViewLayer | Synchronizing object | Fashion focus fin.001
Fra:1 Mem:140.68M (Peak 140.68M) | Time:00:00.11 | Mem:0.00M, Peak:0.00M | Scene, ViewLayer | Synchronizing object | Tailored shoulder mantle.003
Fra:1 Mem:140.73M (Peak 140.73M) | Time:00:00.11 | Mem:0.00M, Peak:0.00M | Scene, ViewLayer | Synchronizing object | Bronze outer astrolabe.006
Fra:1 Mem:140.72M (Peak 140.73M) | Time:00:00.11 | Mem:0.00M, Peak:0.00M | Scene, ViewLayer | Synchronizing object | Tailored Cloak.005
Fra:1 Mem:140.77M (Peak 140.77M) | Time:00:00.11 | Mem:0.00M, Peak:0.00M | Scene, ViewLayer | Synchronizing object | Collar.005
Fra:1 Mem:140.79M (Peak 140.79M) | Time:00:00.11 | Mem:0.00M, Peak:0.00M | Scene, ViewLayer | Synchronizing object | Head.005
Fra:1 Mem:140.80M (Peak 140.80M) | Time:00:00.11 | Mem:0.00M, Peak:0.00M | Scene, ViewLayer | Synchronizing object | Split contract shawl tail.003
Fra:1 Mem:140.86M (Peak 140.86M) | Time:00:00.11 | Mem:0.00M, Peak:0.00M | Scene, ViewLayer | Synchronizing object | Eyes L.005
Fra:1 Mem:140.87M (Peak 140.87M) | Time:00:00.11 | Mem:0.00M, Peak:0.00M | Scene, ViewLayer | Synchronizing object | Split contract shawl tail.002
Fra:1 Mem:140.92M (Peak 140.92M) | Time:00:00.11 | Mem:0.00M, Peak:0.00M | Scene, ViewLayer | Synchronizing object | Costume fastening.009
Fra:1 Mem:140.95M (Peak 140.95M) | Time:00:00.11 | Mem:0.00M, Peak:0.00M | Scene, ViewLayer | Synchronizing object | Eyes R.005
Fra:1 Mem:140.99M (Peak 140.99M) | Time:00:00.11 | Mem:0.00M, Peak:0.00M | Scene, ViewLayer | Synchronizing object | Contract chest crystal.001
Fra:1 Mem:140.99M (Peak 140.99M) | Time:00:00.11 | Mem:0.00M, Peak:0.00M | Scene, ViewLayer | Synchronizing object | Spirit ritual bib.001
Fra:1 Mem:141.01M (Peak 141.01M) | Time:00:00.11 | Mem:0.00M, Peak:0.00M | Scene, ViewLayer | Synchronizing object | Hat Brim.001
Fra:1 Mem:141.03M (Peak 141.03M) | Time:00:00.11 | Mem:0.00M, Peak:0.00M | Scene, ViewLayer | Synchronizing object | Hat Gem.001
Fra:1 Mem:141.05M (Peak 141.05M) | Time:00:00.11 | Mem:0.00M, Peak:0.00M | Scene, ViewLayer | Synchronizing object | Moonstone circlet.001
Fra:1 Mem:141.10M (Peak 141.10M) | Time:00:00.11 | Mem:0.00M, Peak:0.00M | Scene, ViewLayer | Synchronizing object | Hair Side Lock.010
Fra:1 Mem:141.13M (Peak 141.13M) | Time:00:00.11 | Mem:0.00M, Peak:0.00M | Scene, ViewLayer | Synchronizing object | Spirit antler branch.003
Fra:1 Mem:141.17M (Peak 141.17M) | Time:00:00.11 | Mem:0.00M, Peak:0.00M | Scene, ViewLayer | Synchronizing object | Ear.010
Fra:1 Mem:141.20M (Peak 141.20M) | Time:00:00.11 | Mem:0.00M, Peak:0.00M | Scene, ViewLayer | Synchronizing object | Spirit antler.003
Fra:1 Mem:141.24M (Peak 141.24M) | Time:00:00.11 | Mem:0.00M, Peak:0.00M | Scene, ViewLayer | Synchronizing object | Hair Side Lock.011
Fra:1 Mem:141.28M (Peak 141.28M) | Time:00:00.11 | Mem:0.00M, Peak:0.00M | Scene, ViewLayer | Synchronizing object | Spirit antler branch.002
Fra:1 Mem:141.32M (Peak 141.32M) | Time:00:00.11 | Mem:0.00M, Peak:0.00M | Scene, ViewLayer | Synchronizing object | Ear.011
Fra:1 Mem:141.35M (Peak 141.35M) | Time:00:00.11 | Mem:0.00M, Peak:0.00M | Scene, ViewLayer | Synchronizing object | Spirit antler.002
Fra:1 Mem:141.39M (Peak 141.39M) | Time:00:00.11 | Mem:0.00M, Peak:0.00M | Scene, ViewLayer | Synchronizing object | Nose.005
Fra:1 Mem:141.41M (Peak 141.41M) | Time:00:00.11 | Mem:0.00M, Peak:0.00M | Scene, ViewLayer | Synchronizing object | Nose.013
Fra:1 Mem:141.45M (Peak 141.45M) | Time:00:00.11 | Mem:0.00M, Peak:0.00M | Scene, ViewLayer | Synchronizing object | Ear.027
Fra:1 Mem:141.49M (Peak 141.49M) | Time:00:00.11 | Mem:0.00M, Peak:0.00M | Scene, ViewLayer | Synchronizing object | Hair Side Lock.027
Fra:1 Mem:141.53M (Peak 141.53M) | Time:00:00.11 | Mem:0.00M, Peak:0.00M | Scene, ViewLayer | Synchronizing object | Pointed Wizard Hat.001
Fra:1 Mem:141.54M (Peak 141.54M) | Time:00:00.11 | Mem:0.00M, Peak:0.00M | Scene, ViewLayer | Synchronizing object | Scholar rear high collar.002
Fra:1 Mem:141.56M (Peak 141.56M) | Time:00:00.11 | Mem:0.00M, Peak:0.00M | Scene, ViewLayer | Synchronizing object | Ear.026
Fra:1 Mem:141.60M (Peak 141.60M) | Time:00:00.11 | Mem:0.00M, Peak:0.00M | Scene, ViewLayer | Synchronizing object | Scholar rear high collar.003
Fra:1 Mem:141.63M (Peak 141.63M) | Time:00:00.11 | Mem:0.00M, Peak:0.00M | Scene, ViewLayer | Synchronizing object | Hair Side Lock.026
Fra:1 Mem:141.67M (Peak 141.67M) | Time:00:00.11 | Mem:0.00M, Peak:0.00M | Scene, ViewLayer | Synchronizing object | Equipped robe skirt.001
Fra:1 Mem:141.68M (Peak 141.68M) | Time:00:00.11 | Mem:0.00M, Peak:0.00M | Scene, ViewLayer | Synchronizing object | Embroidered robe panel.002
Fra:1 Mem:141.69M (Peak 141.69M) | Time:00:00.11 | Mem:0.00M, Peak:0.00M | Scene, ViewLayer | Synchronizing object | Eyes R.013
Fra:1 Mem:141.74M (Peak 141.74M) | Time:00:00.11 | Mem:0.00M, Peak:0.00M | Scene, ViewLayer | Synchronizing object | Robe metal seam.002
Fra:1 Mem:141.75M (Peak 141.75M) | Time:00:00.11 | Mem:0.00M, Peak:0.00M | Scene, ViewLayer | Synchronizing object | Eyes L.013
Fra:1 Mem:141.80M (Peak 141.80M) | Time:00:00.11 | Mem:0.00M, Peak:0.00M | Scene, ViewLayer | Synchronizing object | Embroidered robe panel.003
Fra:1 Mem:141.83M (Peak 141.83M) | Time:00:00.11 | Mem:0.00M, Peak:0.00M | Scene, ViewLayer | Synchronizing object | Head.013
Fra:1 Mem:141.87M (Peak 141.87M) | Time:00:00.11 | Mem:0.00M, Peak:0.00M | Scene, ViewLayer | Synchronizing object | Robe metal seam.003
Fra:1 Mem:141.89M (Peak 141.89M) | Time:00:00.11 | Mem:0.00M, Peak:0.00M | Scene, ViewLayer | Synchronizing object | Collar.013
Fra:1 Mem:141.91M (Peak 141.91M) | Time:00:00.11 | Mem:0.00M, Peak:0.00M | Scene, ViewLayer | Synchronizing object | Tailored Cloak.013
Fra:1 Mem:141.92M (Peak 141.92M) | Time:00:00.11 | Mem:0.00M, Peak:0.00M | Scene, ViewLayer | Synchronizing object | Costume fastening.001
Fra:1 Mem:141.95M (Peak 141.95M) | Time:00:00.11 | Mem:0.00M, Peak:0.00M | Scene, ViewLayer | Synchronizing object | Tiered leaf shoulder.011
Fra:1 Mem:141.96M (Peak 141.96M) | Time:00:00.11 | Mem:0.00M, Peak:0.00M | Scene, ViewLayer | Synchronizing object | Tiered leaf shoulder.010
Fra:1 Mem:141.97M (Peak 141.97M) | Time:00:00.11 | Mem:0.00M, Peak:0.00M | Scene, ViewLayer | Synchronizing object | Scholar split side lining.002
Fra:1 Mem:141.97M (Peak 141.97M) | Time:00:00.11 | Mem:0.00M, Peak:0.00M | Scene, ViewLayer | Synchronizing object | Tiered leaf shoulder.009
Fra:1 Mem:142.00M (Peak 142.00M) | Time:00:00.11 | Mem:0.00M, Peak:0.00M | Scene, ViewLayer | Synchronizing object | Fashion focus fin.005
Fra:1 Mem:142.02M (Peak 142.02M) | Time:00:00.11 | Mem:0.00M, Peak:0.00M | Scene, ViewLayer | Synchronizing object | Fashion focus fin.004
Fra:1 Mem:142.04M (Peak 142.04M) | Time:00:00.11 | Mem:0.00M, Peak:0.00M | Scene, ViewLayer | Synchronizing object | Fashion focus collar.002
Fra:1 Mem:142.06M (Peak 142.06M) | Time:00:00.11 | Mem:0.00M, Peak:0.00M | Scene, ViewLayer | Synchronizing object | Focus crystal.005
Fra:1 Mem:142.07M (Peak 142.07M) | Time:00:00.11 | Mem:0.00M, Peak:0.00M | Scene, ViewLayer | Synchronizing object | Scholar split side lining.003
Fra:1 Mem:142.10M (Peak 142.10M) | Time:00:00.11 | Mem:0.00M, Peak:0.00M | Scene, ViewLayer | Synchronizing object | Staff collar.005
Fra:1 Mem:142.11M (Peak 142.11M) | Time:00:00.11 | Mem:0.00M, Peak:0.00M | Scene, ViewLayer | Synchronizing object | Inlaid staff.005
Fra:1 Mem:142.12M (Peak 142.12M) | Time:00:00.11 | Mem:0.00M, Peak:0.00M | Scene, ViewLayer | Synchronizing object | Cuff Trim.027
Fra:1 Mem:142.12M (Peak 142.12M) | Time:00:00.11 | Mem:0.00M, Peak:0.00M | Scene, ViewLayer | Synchronizing object | Bronze outer astrolabe.002
Fra:1 Mem:142.16M (Peak 142.16M) | Time:00:00.11 | Mem:0.00M, Peak:0.00M | Scene, ViewLayer | Synchronizing object | Forearm Bracer.027
Fra:1 Mem:142.22M (Peak 142.22M) | Time:00:00.11 | Mem:0.00M, Peak:0.00M | Scene, ViewLayer | Synchronizing object | Inclined inner astrolabe.002
Fra:1 Mem:142.21M (Peak 142.22M) | Time:00:00.11 | Mem:0.00M, Peak:0.00M | Scene, ViewLayer | Synchronizing object | Glove.027
Fra:1 Mem:142.29M (Peak 142.29M) | Time:00:00.11 | Mem:0.00M, Peak:0.00M | Scene, ViewLayer | Synchronizing object | Sleeve.027
Fra:1 Mem:142.32M (Peak 142.32M) | Time:00:00.11 | Mem:0.00M, Peak:0.00M | Scene, ViewLayer | Synchronizing object | Star-ring radial vane.016
Fra:1 Mem:142.36M (Peak 142.36M) | Time:00:00.11 | Mem:0.00M, Peak:0.00M | Scene, ViewLayer | Synchronizing object | Tiered leaf shoulder.008
Fra:1 Mem:142.37M (Peak 142.37M) | Time:00:00.11 | Mem:0.00M, Peak:0.00M | Scene, ViewLayer | Synchronizing object | Star-ring focus crystal.016
Fra:1 Mem:142.39M (Peak 142.39M) | Time:00:00.11 | Mem:0.00M, Peak:0.00M | Scene, ViewLayer | Synchronizing object | Tiered leaf shoulder.007
Fra:1 Mem:142.40M (Peak 142.40M) | Time:00:00.11 | Mem:0.00M, Peak:0.00M | Scene, ViewLayer | Synchronizing object | Tiered leaf shoulder.006
Fra:1 Mem:142.42M (Peak 142.42M) | Time:00:00.11 | Mem:0.00M, Peak:0.00M | Scene, ViewLayer | Synchronizing object | Star-ring radial vane.017
Fra:1 Mem:142.42M (Peak 142.42M) | Time:00:00.11 | Mem:0.00M, Peak:0.00M | Scene, ViewLayer | Synchronizing object | Cuff Trim.026
Fra:1 Mem:142.45M (Peak 142.45M) | Time:00:00.11 | Mem:0.00M, Peak:0.00M | Scene, ViewLayer | Synchronizing object | Forearm Bracer.026
Fra:1 Mem:142.49M (Peak 142.49M) | Time:00:00.11 | Mem:0.00M, Peak:0.00M | Scene, ViewLayer | Synchronizing object | Star-ring focus crystal.017
Fra:1 Mem:142.52M (Peak 142.52M) | Time:00:00.11 | Mem:0.00M, Peak:0.00M | Scene, ViewLayer | Synchronizing object | Orb.005
Fra:1 Mem:142.56M (Peak 142.56M) | Time:00:00.11 | Mem:0.00M, Peak:0.00M | Scene, ViewLayer | Synchronizing object | Star-ring radial vane.018
Fra:1 Mem:142.59M (Peak 142.59M) | Time:00:00.11 | Mem:0.00M, Peak:0.00M | Scene, ViewLayer | Synchronizing object | Glove.026
Fra:1 Mem:142.62M (Peak 142.62M) | Time:00:00.11 | Mem:0.00M, Peak:0.00M | Scene, ViewLayer | Synchronizing object | Star-ring focus crystal.018
Fra:1 Mem:142.66M (Peak 142.66M) | Time:00:00.11 | Mem:0.00M, Peak:0.00M | Scene, ViewLayer | Synchronizing object | Sleeve.026
Fra:1 Mem:142.69M (Peak 142.69M) | Time:00:00.11 | Mem:0.00M, Peak:0.00M | Scene, ViewLayer | Synchronizing object | Star-ring radial vane.019
Fra:1 Mem:142.73M (Peak 142.73M) | Time:00:00.11 | Mem:0.00M, Peak:0.00M | Scene, ViewLayer | Synchronizing object | Buckle.013
Fra:1 Mem:142.73M (Peak 142.73M) | Time:00:00.11 | Mem:0.00M, Peak:0.00M | Scene, ViewLayer | Synchronizing object | Star-ring focus crystal.019
Fra:1 Mem:142.79M (Peak 142.79M) | Time:00:00.11 | Mem:0.00M, Peak:0.00M | Scene, ViewLayer | Synchronizing object | Belt.013
Fra:1 Mem:142.81M (Peak 142.81M) | Time:00:00.11 | Mem:0.00M, Peak:0.00M | Scene, ViewLayer | Synchronizing object | Star-ring radial vane.020
Fra:1 Mem:142.85M (Peak 142.85M) | Time:00:00.11 | Mem:0.00M, Peak:0.00M | Scene, ViewLayer | Synchronizing object | Breastplate.013
Fra:1 Mem:142.87M (Peak 142.87M) | Time:00:00.11 | Mem:0.00M, Peak:0.00M | Scene, ViewLayer | Synchronizing object | Star-ring focus crystal.020
Fra:1 Mem:142.93M (Peak 142.93M) | Time:00:00.11 | Mem:0.00M, Peak:0.00M | Scene, ViewLayer | Synchronizing object | Knee Guard.025
Fra:1 Mem:142.94M (Peak 142.94M) | Time:00:00.11 | Mem:0.00M, Peak:0.00M | Scene, ViewLayer | Synchronizing object | Star-ring radial vane.021
Fra:1 Mem:142.99M (Peak 142.99M) | Time:00:00.11 | Mem:0.00M, Peak:0.00M | Scene, ViewLayer | Synchronizing object | Shin Guard.025
Fra:1 Mem:143.00M (Peak 143.00M) | Time:00:00.11 | Mem:0.00M, Peak:0.00M | Scene, ViewLayer | Synchronizing object | Star-ring focus crystal.021
Fra:1 Mem:143.05M (Peak 143.05M) | Time:00:00.11 | Mem:0.00M, Peak:0.00M | Scene, ViewLayer | Synchronizing object | Boot.025
Fra:1 Mem:143.07M (Peak 143.07M) | Time:00:00.11 | Mem:0.00M, Peak:0.00M | Scene, ViewLayer | Synchronizing object | Star-ring radial vane.022
Fra:1 Mem:143.09M (Peak 143.09M) | Time:00:00.11 | Mem:0.00M, Peak:0.00M | Scene, ViewLayer | Synchronizing object | Trouser.025
Fra:1 Mem:143.14M (Peak 143.14M) | Time:00:00.11 | Mem:0.00M, Peak:0.00M | Scene, ViewLayer | Synchronizing object | Star-ring focus crystal.022
Fra:1 Mem:143.15M (Peak 143.15M) | Time:00:00.11 | Mem:0.00M, Peak:0.00M | Scene, ViewLayer | Synchronizing object | Knee Guard.024
Fra:1 Mem:143.21M (Peak 143.21M) | Time:00:00.11 | Mem:0.00M, Peak:0.00M | Scene, ViewLayer | Synchronizing object | Shin Guard.024
Fra:1 Mem:143.24M (Peak 143.24M) | Time:00:00.11 | Mem:0.00M, Peak:0.00M | Scene, ViewLayer | Synchronizing object | Star-ring radial vane.023
Fra:1 Mem:143.27M (Peak 143.27M) | Time:00:00.11 | Mem:0.00M, Peak:0.00M | Scene, ViewLayer | Synchronizing object | Boot.024
Fra:1 Mem:143.30M (Peak 143.30M) | Time:00:00.11 | Mem:0.00M, Peak:0.00M | Scene, ViewLayer | Synchronizing object | Star-ring focus crystal.023
Fra:1 Mem:143.31M (Peak 143.31M) | Time:00:00.11 | Mem:0.00M, Peak:0.00M | Scene, ViewLayer | Synchronizing object | Trouser.024
Fra:1 Mem:143.36M (Peak 143.36M) | Time:00:00.11 | Mem:0.00M, Peak:0.00M | Scene, ViewLayer | Synchronizing object | Split contract shawl tail.001
Fra:1 Mem:143.39M (Peak 143.39M) | Time:00:00.11 | Mem:0.00M, Peak:0.00M | Scene, ViewLayer | Synchronizing object | Wing clasp.002
Fra:1 Mem:143.42M (Peak 143.42M) | Time:00:00.11 | Mem:0.00M, Peak:0.00M | Scene, ViewLayer | Synchronizing object | Split contract shawl tail
Fra:1 Mem:143.46M (Peak 143.46M) | Time:00:00.11 | Mem:0.00M, Peak:0.00M | Scene, ViewLayer | Synchronizing object | Costume fastening.008
Fra:1 Mem:143.49M (Peak 143.49M) | Time:00:00.11 | Mem:0.00M, Peak:0.00M | Scene, ViewLayer | Synchronizing object | Trouser.010
Fra:1 Mem:143.53M (Peak 143.53M) | Time:00:00.11 | Mem:0.00M, Peak:0.00M | Scene, ViewLayer | Synchronizing object | Contract chest crystal
Fra:1 Mem:143.53M (Peak 143.53M) | Time:00:00.11 | Mem:0.00M, Peak:0.00M | Scene, ViewLayer | Synchronizing object | Spirit ritual bib
Fra:1 Mem:143.56M (Peak 143.56M) | Time:00:00.11 | Mem:0.00M, Peak:0.00M | Scene, ViewLayer | Synchronizing object | Boot.010
Fra:1 Mem:143.58M (Peak 143.58M) | Time:00:00.11 | Mem:0.00M, Peak:0.00M | Scene, ViewLayer | Synchronizing object | Moonstone circlet
Fra:1 Mem:143.61M (Peak 143.61M) | Time:00:00.11 | Mem:0.00M, Peak:0.00M | Scene, ViewLayer | Synchronizing object | Shin Guard.010
Fra:1 Mem:143.65M (Peak 143.65M) | Time:00:00.11 | Mem:0.00M, Peak:0.00M | Scene, ViewLayer | Synchronizing object | Spirit antler branch.001
Fra:1 Mem:143.66M (Peak 143.66M) | Time:00:00.11 | Mem:0.00M, Peak:0.00M | Scene, ViewLayer | Synchronizing object | Knee Guard.010
Fra:1 Mem:143.70M (Peak 143.70M) | Time:00:00.11 | Mem:0.00M, Peak:0.00M | Scene, ViewLayer | Synchronizing object | Trouser.011
Fra:1 Mem:143.74M (Peak 143.74M) | Time:00:00.11 | Mem:0.00M, Peak:0.00M | Scene, ViewLayer | Synchronizing object | Boot.011
Fra:1 Mem:143.78M (Peak 143.78M) | Time:00:00.11 | Mem:0.00M, Peak:0.00M | Scene, ViewLayer | Synchronizing object | Shin Guard.011
Fra:1 Mem:143.81M (Peak 143.81M) | Time:00:00.11 | Mem:0.00M, Peak:0.00M | Scene, ViewLayer | Synchronizing object | Spirit antler.001
Fra:1 Mem:143.85M (Peak 143.85M) | Time:00:00.11 | Mem:0.00M, Peak:0.00M | Scene, ViewLayer | Synchronizing object | Spirit antler branch
Fra:1 Mem:143.88M (Peak 143.88M) | Time:00:00.11 | Mem:0.00M, Peak:0.00M | Scene, ViewLayer | Synchronizing object | Knee Guard.011
Fra:1 Mem:143.91M (Peak 143.91M) | Time:00:00.11 | Mem:0.00M, Peak:0.00M | Scene, ViewLayer | Synchronizing object | Spirit antler
Fra:1 Mem:143.96M (Peak 143.96M) | Time:00:00.11 | Mem:0.00M, Peak:0.00M | Scene, ViewLayer | Synchronizing object | Nose.012
Fra:1 Mem:143.99M (Peak 143.99M) | Time:00:00.11 | Mem:0.00M, Peak:0.00M | Scene, ViewLayer | Synchronizing object | Breastplate.006
Fra:1 Mem:144.03M (Peak 144.03M) | Time:00:00.11 | Mem:0.00M, Peak:0.00M | Scene, ViewLayer | Synchronizing object | Ear.025
Fra:1 Mem:144.07M (Peak 144.07M) | Time:00:00.11 | Mem:0.00M, Peak:0.00M | Scene, ViewLayer | Synchronizing object | Belt.006
Fra:1 Mem:144.10M (Peak 144.10M) | Time:00:00.11 | Mem:0.00M, Peak:0.00M | Scene, ViewLayer | Synchronizing object | Hair Side Lock.025
Fra:1 Mem:144.13M (Peak 144.13M) | Time:00:00.11 | Mem:0.00M, Peak:0.00M | Scene, ViewLayer | Synchronizing object | Buckle.006
Fra:1 Mem:144.16M (Peak 144.16M) | Time:00:00.11 | Mem:0.00M, Peak:0.00M | Scene, ViewLayer | Synchronizing object | Ear.024
Fra:1 Mem:144.20M (Peak 144.20M) | Time:00:00.11 | Mem:0.00M, Peak:0.00M | Scene, ViewLayer | Synchronizing object | Sleeve.012
Fra:1 Mem:144.23M (Peak 144.23M) | Time:00:00.11 | Mem:0.00M, Peak:0.00M | Scene, ViewLayer | Synchronizing object | Hair Side Lock.024
Fra:1 Mem:144.27M (Peak 144.27M) | Time:00:00.11 | Mem:0.00M, Peak:0.00M | Scene, ViewLayer | Synchronizing object | Glove.012
Fra:1 Mem:144.29M (Peak 144.29M) | Time:00:00.11 | Mem:0.00M, Peak:0.00M | Scene, ViewLayer | Synchronizing object | Eyes R.012
Fra:1 Mem:144.35M (Peak 144.35M) | Time:00:00.11 | Mem:0.00M, Peak:0.00M | Scene, ViewLayer | Synchronizing object | Orb.002
Fra:1 Mem:144.35M (Peak 144.35M) | Time:00:00.11 | Mem:0.00M, Peak:0.00M | Scene, ViewLayer | Synchronizing object | Eyes L.012
Fra:1 Mem:144.41M (Peak 144.41M) | Time:00:00.11 | Mem:0.00M, Peak:0.00M | Scene, ViewLayer | Synchronizing object | Forearm Bracer.012
Fra:1 Mem:144.42M (Peak 144.42M) | Time:00:00.11 | Mem:0.00M, Peak:0.00M | Scene, ViewLayer | Synchronizing object | Head.012
Fra:1 Mem:144.49M (Peak 144.49M) | Time:00:00.11 | Mem:0.00M, Peak:0.00M | Scene, ViewLayer | Synchronizing object | Collar.012
Fra:1 Mem:144.49M (Peak 144.49M) | Time:00:00.11 | Mem:0.00M, Peak:0.00M | Scene, ViewLayer | Synchronizing object | Cuff Trim.012
Fra:1 Mem:144.51M (Peak 144.51M) | Time:00:00.11 | Mem:0.00M, Peak:0.00M | Scene, ViewLayer | Synchronizing object | Tailored Cloak.012
Fra:1 Mem:144.52M (Peak 144.52M) | Time:00:00.11 | Mem:0.00M, Peak:0.00M | Scene, ViewLayer | Synchronizing object | Tailored shoulder mantle.004
Fra:1 Mem:144.55M (Peak 144.55M) | Time:00:00.11 | Mem:0.00M, Peak:0.00M | Scene, ViewLayer | Synchronizing object | Tiered leaf shoulder.005
Fra:1 Mem:144.56M (Peak 144.56M) | Time:00:00.11 | Mem:0.00M, Peak:0.00M | Scene, ViewLayer | Synchronizing object | Tiered leaf shoulder.004
Fra:1 Mem:144.57M (Peak 144.57M) | Time:00:00.11 | Mem:0.00M, Peak:0.00M | Scene, ViewLayer | Synchronizing object | Sleeve.013
Fra:1 Mem:144.57M (Peak 144.57M) | Time:00:00.11 | Mem:0.00M, Peak:0.00M | Scene, ViewLayer | Synchronizing object | Tiered leaf shoulder.003
Fra:1 Mem:144.60M (Peak 144.60M) | Time:00:00.11 | Mem:0.00M, Peak:0.00M | Scene, ViewLayer | Synchronizing object | Focus crystal.004
Fra:1 Mem:144.63M (Peak 144.63M) | Time:00:00.11 | Mem:0.00M, Peak:0.00M | Scene, ViewLayer | Synchronizing object | Staff collar.004
Fra:1 Mem:144.63M (Peak 144.63M) | Time:00:00.11 | Mem:0.00M, Peak:0.00M | Scene, ViewLayer | Synchronizing object | Glove.013
Fra:1 Mem:144.64M (Peak 144.64M) | Time:00:00.11 | Mem:0.00M, Peak:0.00M | Scene, ViewLayer | Synchronizing object | Inlaid staff.004
Fra:1 Mem:144.67M (Peak 144.67M) | Time:00:00.11 | Mem:0.00M, Peak:0.00M | Scene, ViewLayer | Synchronizing object | Cuff Trim.025
Fra:1 Mem:144.68M (Peak 144.68M) | Time:00:00.11 | Mem:0.00M, Peak:0.00M | Scene, ViewLayer | Synchronizing object | Forearm Bracer.025
Fra:1 Mem:144.71M (Peak 144.71M) | Time:00:00.11 | Mem:0.00M, Peak:0.00M | Scene, ViewLayer | Synchronizing object | Forearm Bracer.013
Fra:1 Mem:144.74M (Peak 144.74M) | Time:00:00.11 | Mem:0.00M, Peak:0.00M | Scene, ViewLayer | Synchronizing object | Glove.025
Fra:1 Mem:144.79M (Peak 144.79M) | Time:00:00.11 | Mem:0.00M, Peak:0.00M | Scene, ViewLayer | Synchronizing object | Sleeve.025
Fra:1 Mem:144.82M (Peak 144.82M) | Time:00:00.11 | Mem:0.00M, Peak:0.00M | Scene, ViewLayer | Synchronizing object | Tiered leaf shoulder.002
Fra:1 Mem:144.83M (Peak 144.83M) | Time:00:00.11 | Mem:0.00M, Peak:0.00M | Scene, ViewLayer | Synchronizing object | Tiered leaf shoulder.001
Fra:1 Mem:144.83M (Peak 144.83M) | Time:00:00.11 | Mem:0.00M, Peak:0.00M | Scene, ViewLayer | Synchronizing object | Tiered leaf shoulder
Fra:1 Mem:144.84M (Peak 144.84M) | Time:00:00.11 | Mem:0.00M, Peak:0.00M | Scene, ViewLayer | Synchronizing object | Cuff Trim.024
Fra:1 Mem:144.85M (Peak 144.85M) | Time:00:00.11 | Mem:0.00M, Peak:0.00M | Scene, ViewLayer | Synchronizing object | Forearm Bracer.024
Fra:1 Mem:144.89M (Peak 144.89M) | Time:00:00.11 | Mem:0.00M, Peak:0.00M | Scene, ViewLayer | Synchronizing object | Orb.004
Fra:1 Mem:144.93M (Peak 144.93M) | Time:00:00.11 | Mem:0.00M, Peak:0.00M | Scene, ViewLayer | Synchronizing object | Cuff Trim.013
Fra:1 Mem:144.93M (Peak 144.93M) | Time:00:00.11 | Mem:0.00M, Peak:0.00M | Scene, ViewLayer | Synchronizing object | Glove.024
Fra:1 Mem:144.97M (Peak 144.97M) | Time:00:00.11 | Mem:0.00M, Peak:0.00M | Scene, ViewLayer | Synchronizing object | Inlaid staff.002
Fra:1 Mem:144.98M (Peak 144.98M) | Time:00:00.11 | Mem:0.00M, Peak:0.00M | Scene, ViewLayer | Synchronizing object | Staff collar.002
Fra:1 Mem:144.98M (Peak 144.98M) | Time:00:00.11 | Mem:0.00M, Peak:0.00M | Scene, ViewLayer | Synchronizing object | Sleeve.024
Fra:1 Mem:144.99M (Peak 144.99M) | Time:00:00.11 | Mem:0.00M, Peak:0.00M | Scene, ViewLayer | Synchronizing object | Focus crystal.002
Fra:1 Mem:145.04M (Peak 145.04M) | Time:00:00.11 | Mem:0.00M, Peak:0.00M | Scene, ViewLayer | Synchronizing object | Crystal prong
Fra:1 Mem:145.05M (Peak 145.05M) | Time:00:00.11 | Mem:0.00M, Peak:0.00M | Scene, ViewLayer | Synchronizing object | Buckle.012
Fra:1 Mem:145.06M (Peak 145.06M) | Time:00:00.11 | Mem:0.00M, Peak:0.00M | Scene, ViewLayer | Synchronizing object | Floating shard
Fra:1 Mem:145.08M (Peak 145.08M) | Time:00:00.11 | Mem:0.00M, Peak:0.00M | Scene, ViewLayer | Synchronizing object | Crystal prong.001
Fra:1 Mem:145.10M (Peak 145.10M) | Time:00:00.11 | Mem:0.00M, Peak:0.00M | Scene, ViewLayer | Synchronizing object | Belt.012
Fra:1 Mem:145.12M (Peak 145.12M) | Time:00:00.11 | Mem:0.00M, Peak:0.00M | Scene, ViewLayer | Synchronizing object | Floating shard.001
Fra:1 Mem:145.13M (Peak 145.13M) | Time:00:00.11 | Mem:0.00M, Peak:0.00M | Scene, ViewLayer | Synchronizing object | Staff rune
Fra:1 Mem:145.13M (Peak 145.13M) | Time:00:00.11 | Mem:0.00M, Peak:0.00M | Scene, ViewLayer | Synchronizing object | Breastplate.012
Fra:1 Mem:145.13M (Peak 145.13M) | Time:00:00.11 | Mem:0.00M, Peak:0.00M | Scene, ViewLayer | Synchronizing object | Staff rune.001
Fra:1 Mem:145.16M (Peak 145.16M) | Time:00:00.11 | Mem:0.00M, Peak:0.00M | Scene, ViewLayer | Synchronizing object | Staff rune.002
Fra:1 Mem:145.17M (Peak 145.17M) | Time:00:00.11 | Mem:0.00M, Peak:0.00M | Scene, ViewLayer | Synchronizing object | Staff forging mark
Fra:1 Mem:145.18M (Peak 145.18M) | Time:00:00.11 | Mem:0.00M, Peak:0.00M | Scene, ViewLayer | Synchronizing object | Staff forging mark.001
Fra:1 Mem:145.18M (Peak 145.18M) | Time:00:00.11 | Mem:0.00M, Peak:0.00M | Scene, ViewLayer | Synchronizing object | Knee Guard.023
Fra:1 Mem:145.18M (Peak 145.18M) | Time:00:00.11 | Mem:0.00M, Peak:0.00M | Scene, ViewLayer | Synchronizing object | Staff forging mark.002
Fra:1 Mem:145.21M (Peak 145.21M) | Time:00:00.11 | Mem:0.00M, Peak:0.00M | Scene, ViewLayer | Synchronizing object | Staff forging mark.003
Fra:1 Mem:145.21M (Peak 145.21M) | Time:00:00.11 | Mem:0.00M, Peak:0.00M | Scene, ViewLayer | Synchronizing object | Staff forging mark.004
Fra:1 Mem:145.21M (Peak 145.21M) | Time:00:00.11 | Mem:0.00M, Peak:0.00M | Scene, ViewLayer | Synchronizing object | Staff forging mark.005
Fra:1 Mem:145.22M (Peak 145.22M) | Time:00:00.11 | Mem:0.00M, Peak:0.00M | Scene, ViewLayer | Synchronizing object | Shin Guard.023
Fra:1 Mem:145.23M (Peak 145.23M) | Time:00:00.11 | Mem:0.00M, Peak:0.00M | Scene, ViewLayer | Synchronizing object | Staff forging mark.006
Fra:1 Mem:145.25M (Peak 145.25M) | Time:00:00.11 | Mem:0.00M, Peak:0.00M | Scene, ViewLayer | Synchronizing object | Staff forging mark.007
Fra:1 Mem:145.26M (Peak 145.26M) | Time:00:00.11 | Mem:0.00M, Peak:0.00M | Scene, ViewLayer | Synchronizing object | Staff forging mark.008
Fra:1 Mem:145.26M (Peak 145.26M) | Time:00:00.11 | Mem:0.00M, Peak:0.00M | Scene, ViewLayer | Synchronizing object | Staff forging mark.009
Fra:1 Mem:145.27M (Peak 145.27M) | Time:00:00.11 | Mem:0.00M, Peak:0.00M | Scene, ViewLayer | Synchronizing object | Boot.023
Fra:1 Mem:145.27M (Peak 145.27M) | Time:00:00.11 | Mem:0.00M, Peak:0.00M | Scene, ViewLayer | Synchronizing object | Weapon aura shard.004
Fra:1 Mem:145.28M (Peak 145.28M) | Time:00:00.11 | Mem:0.00M, Peak:0.00M | Scene, ViewLayer | Synchronizing object | Weapon aura shard.005
Fra:1 Mem:145.29M (Peak 145.29M) | Time:00:00.11 | Mem:0.00M, Peak:0.00M | Scene, ViewLayer | Synchronizing object | Trouser.023
Fra:1 Mem:145.29M (Peak 145.29M) | Time:00:00.11 | Mem:0.00M, Peak:0.00M | Scene, ViewLayer | Synchronizing object | Tailored shoulder mantle.005
Fra:1 Mem:145.36M (Peak 145.36M) | Time:00:00.11 | Mem:0.00M, Peak:0.00M | Scene, ViewLayer | Synchronizing object | Tailored Cloak.006
Fra:1 Mem:145.36M (Peak 145.36M) | Time:00:00.11 | Mem:0.00M, Peak:0.00M | Scene, ViewLayer | Synchronizing object | Knee Guard.022
Fra:1 Mem:145.40M (Peak 145.40M) | Time:00:00.11 | Mem:0.00M, Peak:0.00M | Scene, ViewLayer | Synchronizing object | Collar.006
Fra:1 Mem:145.42M (Peak 145.42M) | Time:00:00.11 | Mem:0.00M, Peak:0.00M | Scene, ViewLayer | Synchronizing object | Shin Guard.022
Fra:1 Mem:145.45M (Peak 145.45M) | Time:00:00.11 | Mem:0.00M, Peak:0.00M | Scene, ViewLayer | Synchronizing object | Head.006
Fra:1 Mem:145.48M (Peak 145.48M) | Time:00:00.11 | Mem:0.00M, Peak:0.00M | Scene, ViewLayer | Synchronizing object | Boot.022
Fra:1 Mem:145.51M (Peak 145.51M) | Time:00:00.11 | Mem:0.00M, Peak:0.00M | Scene, ViewLayer | Synchronizing object | Trouser.022
Fra:1 Mem:145.51M (Peak 145.51M) | Time:00:00.11 | Mem:0.00M, Peak:0.00M | Scene, ViewLayer | Synchronizing object | Eyes L.006
Fra:1 Mem:145.58M (Peak 145.58M) | Time:00:00.11 | Mem:0.00M, Peak:0.00M | Scene, ViewLayer | Synchronizing object | Wing clasp.005
Fra:1 Mem:145.59M (Peak 145.59M) | Time:00:00.11 | Mem:0.00M, Peak:0.00M | Scene, ViewLayer | Synchronizing object | Eyes R.006
Fra:1 Mem:145.65M (Peak 145.65M) | Time:00:00.11 | Mem:0.00M, Peak:0.00M | Scene, ViewLayer | Synchronizing object | Star-ring focus crystal.047
Fra:1 Mem:145.65M (Peak 145.65M) | Time:00:00.11 | Mem:0.00M, Peak:0.00M | Scene, ViewLayer | Synchronizing object | Hat Brim.002
Fra:1 Mem:145.69M (Peak 145.69M) | Time:00:00.11 | Mem:0.00M, Peak:0.00M | Scene, ViewLayer | Synchronizing object | Hat Gem.002
Fra:1 Mem:145.72M (Peak 145.72M) | Time:00:00.11 | Mem:0.00M, Peak:0.00M | Scene, ViewLayer | Synchronizing object | Star-ring radial vane.047
Fra:1 Mem:145.75M (Peak 145.75M) | Time:00:00.11 | Mem:0.00M, Peak:0.00M | Scene, ViewLayer | Synchronizing object | Hair Side Lock.012
Fra:1 Mem:145.79M (Peak 145.79M) | Time:00:00.11 | Mem:0.00M, Peak:0.00M | Scene, ViewLayer | Synchronizing object | Star-ring focus crystal.046
Fra:1 Mem:145.82M (Peak 145.82M) | Time:00:00.11 | Mem:0.00M, Peak:0.00M | Scene, ViewLayer | Synchronizing object | Ear.012
Fra:1 Mem:145.85M (Peak 145.85M) | Time:00:00.11 | Mem:0.00M, Peak:0.00M | Scene, ViewLayer | Synchronizing object | Star-ring radial vane.046
Fra:1 Mem:145.89M (Peak 145.89M) | Time:00:00.11 | Mem:0.00M, Peak:0.00M | Scene, ViewLayer | Synchronizing object | Hair Side Lock.013
Fra:1 Mem:145.91M (Peak 145.91M) | Time:00:00.11 | Mem:0.00M, Peak:0.00M | Scene, ViewLayer | Synchronizing object | Star-ring focus crystal.045
Fra:1 Mem:145.96M (Peak 145.96M) | Time:00:00.11 | Mem:0.00M, Peak:0.00M | Scene, ViewLayer | Synchronizing object | Star-ring radial vane.045
Fra:1 Mem:145.99M (Peak 145.99M) | Time:00:00.11 | Mem:0.00M, Peak:0.00M | Scene, ViewLayer | Synchronizing object | Star-ring focus crystal.044
Fra:1 Mem:146.01M (Peak 146.01M) | Time:00:00.11 | Mem:0.00M, Peak:0.00M | Scene, ViewLayer | Synchronizing object | Ear.013
Fra:1 Mem:146.06M (Peak 146.06M) | Time:00:00.11 | Mem:0.00M, Peak:0.00M | Scene, ViewLayer | Synchronizing object | Star-ring radial vane.044
Fra:1 Mem:146.07M (Peak 146.07M) | Time:00:00.11 | Mem:0.00M, Peak:0.00M | Scene, ViewLayer | Synchronizing object | Nose.006
Fra:1 Mem:146.12M (Peak 146.12M) | Time:00:00.11 | Mem:0.00M, Peak:0.00M | Scene, ViewLayer | Synchronizing object | Star-ring focus crystal.043
Fra:1 Mem:146.14M (Peak 146.14M) | Time:00:00.11 | Mem:0.00M, Peak:0.00M | Scene, ViewLayer | Synchronizing object | Pointed Wizard Hat.002
Fra:1 Mem:146.16M (Peak 146.16M) | Time:00:00.11 | Mem:0.00M, Peak:0.00M | Scene, ViewLayer | Synchronizing object | Scholar rear high collar.004
Fra:1 Mem:146.19M (Peak 146.19M) | Time:00:00.11 | Mem:0.00M, Peak:0.00M | Scene, ViewLayer | Synchronizing object | Star-ring radial vane.043
Fra:1 Mem:146.22M (Peak 146.22M) | Time:00:00.11 | Mem:0.00M, Peak:0.00M | Scene, ViewLayer | Synchronizing object | Scholar rear high collar.005
Fra:1 Mem:146.25M (Peak 146.25M) | Time:00:00.11 | Mem:0.00M, Peak:0.00M | Scene, ViewLayer | Synchronizing object | Star-ring focus crystal.042
Fra:1 Mem:146.28M (Peak 146.28M) | Time:00:00.11 | Mem:0.00M, Peak:0.00M | Scene, ViewLayer | Synchronizing object | Equipped robe skirt.002
Fra:1 Mem:146.30M (Peak 146.30M) | Time:00:00.11 | Mem:0.00M, Peak:0.00M | Scene, ViewLayer | Synchronizing object | Star-ring radial vane.042
Fra:1 Mem:146.30M (Peak 146.30M) | Time:00:00.11 | Mem:0.00M, Peak:0.00M | Scene, ViewLayer | Synchronizing object | Embroidered robe panel.004
Fra:1 Mem:146.35M (Peak 146.35M) | Time:00:00.11 | Mem:0.00M, Peak:0.00M | Scene, ViewLayer | Synchronizing object | Star-ring focus crystal.041
Fra:1 Mem:146.38M (Peak 146.38M) | Time:00:00.11 | Mem:0.00M, Peak:0.00M | Scene, ViewLayer | Synchronizing object | Robe metal seam.004
Fra:1 Mem:146.42M (Peak 146.42M) | Time:00:00.11 | Mem:0.00M, Peak:0.00M | Scene, ViewLayer | Synchronizing object | Star-ring radial vane.041
Fra:1 Mem:146.42M (Peak 146.42M) | Time:00:00.11 | Mem:0.00M, Peak:0.00M | Scene, ViewLayer | Synchronizing object | Embroidered robe panel.005
Fra:1 Mem:146.48M (Peak 146.48M) | Time:00:00.11 | Mem:0.00M, Peak:0.00M | Scene, ViewLayer | Synchronizing object | Star-ring focus crystal.040
Fra:1 Mem:146.50M (Peak 146.50M) | Time:00:00.11 | Mem:0.00M, Peak:0.00M | Scene, ViewLayer | Synchronizing object | Robe metal seam.005
Fra:1 Mem:146.55M (Peak 146.55M) | Time:00:00.11 | Mem:0.00M, Peak:0.00M | Scene, ViewLayer | Synchronizing object | Star-ring radial vane.040
Fra:1 Mem:146.55M (Peak 146.55M) | Time:00:00.11 | Mem:0.00M, Peak:0.00M | Scene, ViewLayer | Synchronizing object | Costume fastening.002
Fra:1 Mem:146.60M (Peak 146.60M) | Time:00:00.11 | Mem:0.00M, Peak:0.00M | Scene, ViewLayer | Synchronizing object | Inclined inner astrolabe.005
Fra:1 Mem:146.64M (Peak 146.64M) | Time:00:00.11 | Mem:0.00M, Peak:0.00M | Scene, ViewLayer | Synchronizing object | Scholar split side lining.004
Fra:1 Mem:146.68M (Peak 146.68M) | Time:00:00.11 | Mem:0.00M, Peak:0.00M | Scene, ViewLayer | Synchronizing object | Raised scholar collar
Fra:1 Mem:146.69M (Peak 146.69M) | Time:00:00.11 | Mem:0.00M, Peak:0.00M | Scene, ViewLayer | Synchronizing object | Bronze outer astrolabe.005
Fra:1 Mem:146.76M (Peak 146.76M) | Time:00:00.11 | Mem:0.00M, Peak:0.00M | Scene, ViewLayer | Synchronizing object | Split scholar rear stole
Fra:1 Mem:146.79M (Peak 146.79M) | Time:00:00.11 | Mem:0.00M, Peak:0.00M | Scene, ViewLayer | Synchronizing object | Ranger clasp.003
Fra:1 Mem:146.81M (Peak 146.81M) | Time:00:00.11 | Mem:0.00M, Peak:0.00M | Scene, ViewLayer | Synchronizing object | Arch scholar star ray
Fra:1 Mem:146.85M (Peak 146.85M) | Time:00:00.11 | Mem:0.00M, Peak:0.00M | Scene, ViewLayer | Synchronizing object | Ranger clasp.002
Fra:1 Mem:146.88M (Peak 146.88M) | Time:00:00.11 | Mem:0.00M, Peak:0.00M | Scene, ViewLayer | Synchronizing object | Scholar split side lining.005
Fra:1 Mem:146.90M (Peak 146.90M) | Time:00:00.11 | Mem:0.00M, Peak:0.00M | Scene, ViewLayer | Synchronizing object | Master hunter quiver rail.003
Fra:1 Mem:146.94M (Peak 146.94M) | Time:00:00.11 | Mem:0.00M, Peak:0.00M | Scene, ViewLayer | Synchronizing object | Raised scholar collar.001
Fra:1 Mem:146.96M (Peak 146.96M) | Time:00:00.11 | Mem:0.00M, Peak:0.00M | Scene, ViewLayer | Synchronizing object | Master hunter quiver rail.002
Fra:1 Mem:146.99M (Peak 146.99M) | Time:00:00.11 | Mem:0.00M, Peak:0.00M | Scene, ViewLayer | Synchronizing object | Split scholar rear stole.001
Fra:1 Mem:147.02M (Peak 147.02M) | Time:00:00.11 | Mem:0.00M, Peak:0.00M | Scene, ViewLayer | Synchronizing object | Hunter layered hip tab.005
Fra:1 Mem:147.05M (Peak 147.05M) | Time:00:00.11 | Mem:0.00M, Peak:0.00M | Scene, ViewLayer | Synchronizing object | Arch scholar star ray.001
Fra:1 Mem:147.08M (Peak 147.08M) | Time:00:00.11 | Mem:0.00M, Peak:0.00M | Scene, ViewLayer | Synchronizing object | Hunter layered hip tab.004
Fra:1 Mem:147.11M (Peak 147.11M) | Time:00:00.11 | Mem:0.00M, Peak:0.00M | Scene, ViewLayer | Synchronizing object | Scholar orbit yoke
Fra:1 Mem:147.16M (Peak 147.16M) | Time:00:00.11 | Mem:0.00M, Peak:0.00M | Scene, ViewLayer | Synchronizing object | Hunter layered hip tab.003
Fra:1 Mem:147.20M (Peak 147.20M) | Time:00:00.11 | Mem:0.00M, Peak:0.00M | Scene, ViewLayer | Synchronizing object | Arch scholar under-robe hem
Fra:1 Mem:147.20M (Peak 147.20M) | Time:00:00.11 | Mem:0.00M, Peak:0.00M | Scene, ViewLayer | Synchronizing object | Hunter offside utility flap.001
Fra:1 Mem:147.25M (Peak 147.25M) | Time:00:00.11 | Mem:0.00M, Peak:0.00M | Scene, ViewLayer | Synchronizing object | Stitched star-chart point
Fra:1 Mem:147.27M (Peak 147.27M) | Time:00:00.11 | Mem:0.00M, Peak:0.00M | Scene, ViewLayer | Synchronizing object | Hunter quiver retaining hoop.003
Fra:1 Mem:147.31M (Peak 147.31M) | Time:00:00.11 | Mem:0.00M, Peak:0.00M | Scene, ViewLayer | Synchronizing object | Stitched star-chart point.001
Fra:1 Mem:147.33M (Peak 147.33M) | Time:00:00.11 | Mem:0.00M, Peak:0.00M | Scene, ViewLayer | Synchronizing object | Hunter quiver retaining hoop.002
Fra:1 Mem:147.37M (Peak 147.37M) | Time:00:00.11 | Mem:0.00M, Peak:0.00M | Scene, ViewLayer | Synchronizing object | Stitched star-chart point.002
Fra:1 Mem:147.39M (Peak 147.39M) | Time:00:00.11 | Mem:0.00M, Peak:0.00M | Scene, ViewLayer | Synchronizing object | Hunter quiver harness.003
Fra:1 Mem:147.43M (Peak 147.43M) | Time:00:00.12 | Mem:0.00M, Peak:0.00M | Scene, ViewLayer | Synchronizing object | Astrolabe chest frame
Fra:1 Mem:147.46M (Peak 147.46M) | Time:00:00.12 | Mem:0.00M, Peak:0.00M | Scene, ViewLayer | Synchronizing object | Costume fastening.007
Fra:1 Mem:147.51M (Peak 147.51M) | Time:00:00.12 | Mem:0.00M, Peak:0.00M | Scene, ViewLayer | Synchronizing object | Asymmetric leather chest wrap.003
Fra:1 Mem:147.53M (Peak 147.53M) | Time:00:00.12 | Mem:0.00M, Peak:0.00M | Scene, ViewLayer | Synchronizing object | Master chart collar fin
Fra:1 Mem:147.57M (Peak 147.57M) | Time:00:00.12 | Mem:0.00M, Peak:0.00M | Scene, ViewLayer | Synchronizing object | Nose.011
Fra:1 Mem:147.60M (Peak 147.60M) | Time:00:00.12 | Mem:0.00M, Peak:0.00M | Scene, ViewLayer | Synchronizing object | Master chart collar fin.001
Fra:1 Mem:147.63M (Peak 147.63M) | Time:00:00.12 | Mem:0.00M, Peak:0.00M | Scene, ViewLayer | Synchronizing object | Ear.023
Fra:1 Mem:147.65M (Peak 147.65M) | Time:00:00.12 | Mem:0.00M, Peak:0.00M | Scene, ViewLayer | Synchronizing object | Trouser.012
Fra:1 Mem:147.71M (Peak 147.71M) | Time:00:00.12 | Mem:0.00M, Peak:0.00M | Scene, ViewLayer | Synchronizing object | Hair Side Lock.023
Fra:1 Mem:147.73M (Peak 147.73M) | Time:00:00.12 | Mem:0.00M, Peak:0.00M | Scene, ViewLayer | Synchronizing object | Boot.012
Fra:1 Mem:147.76M (Peak 147.76M) | Time:00:00.12 | Mem:0.00M, Peak:0.00M | Scene, ViewLayer | Synchronizing object | Shin Guard.012
Fra:1 Mem:147.80M (Peak 147.80M) | Time:00:00.12 | Mem:0.00M, Peak:0.00M | Scene, ViewLayer | Synchronizing object | Ear.022
Fra:1 Mem:147.83M (Peak 147.83M) | Time:00:00.12 | Mem:0.00M, Peak:0.00M | Scene, ViewLayer | Synchronizing object | Knee Guard.012
Fra:1 Mem:147.86M (Peak 147.86M) | Time:00:00.12 | Mem:0.00M, Peak:0.00M | Scene, ViewLayer | Synchronizing object | Hair Side Lock.022
Fra:1 Mem:147.90M (Peak 147.90M) | Time:00:00.12 | Mem:0.00M, Peak:0.00M | Scene, ViewLayer | Synchronizing object | Trouser.013
Fra:1 Mem:147.94M (Peak 147.94M) | Time:00:00.12 | Mem:0.00M, Peak:0.00M | Scene, ViewLayer | Synchronizing object | Feather.003
Fra:1 Mem:147.97M (Peak 147.97M) | Time:00:00.12 | Mem:0.00M, Peak:0.00M | Scene, ViewLayer | Synchronizing object | Boot.013
Fra:1 Mem:147.99M (Peak 147.99M) | Time:00:00.12 | Mem:0.00M, Peak:0.00M | Scene, ViewLayer | Synchronizing object | Shin Guard.013
Fra:1 Mem:148.02M (Peak 148.02M) | Time:00:00.12 | Mem:0.00M, Peak:0.00M | Scene, ViewLayer | Synchronizing object | Forest Hood.003
Fra:1 Mem:148.07M (Peak 148.07M) | Time:00:00.12 | Mem:0.00M, Peak:0.00M | Scene, ViewLayer | Synchronizing object | Knee Guard.013
Fra:1 Mem:148.09M (Peak 148.09M) | Time:00:00.12 | Mem:0.00M, Peak:0.00M | Scene, ViewLayer | Synchronizing object | Eyes R.011
Fra:1 Mem:148.13M (Peak 148.13M) | Time:00:00.12 | Mem:0.00M, Peak:0.00M | Scene, ViewLayer | Synchronizing object | Breastplate.007
Fra:1 Mem:148.16M (Peak 148.16M) | Time:00:00.12 | Mem:0.00M, Peak:0.00M | Scene, ViewLayer | Synchronizing object | Eyes L.011
Fra:1 Mem:148.21M (Peak 148.21M) | Time:00:00.12 | Mem:0.00M, Peak:0.00M | Scene, ViewLayer | Synchronizing object | Belt.007
Fra:1 Mem:148.24M (Peak 148.24M) | Time:00:00.12 | Mem:0.00M, Peak:0.00M | Scene, ViewLayer | Synchronizing object | Head.011
Fra:1 Mem:148.27M (Peak 148.27M) | Time:00:00.12 | Mem:0.00M, Peak:0.00M | Scene, ViewLayer | Synchronizing object | Buckle.007
Fra:1 Mem:148.30M (Peak 148.30M) | Time:00:00.12 | Mem:0.00M, Peak:0.00M | Scene, ViewLayer | Synchronizing object | Scarf Tail.003
Fra:1 Mem:148.33M (Peak 148.33M) | Time:00:00.12 | Mem:0.00M, Peak:0.00M | Scene, ViewLayer | Synchronizing object | Sleeve.014
Fra:1 Mem:148.37M (Peak 148.37M) | Time:00:00.12 | Mem:0.00M, Peak:0.00M | Scene, ViewLayer | Synchronizing object | Scarf.003
Fra:1 Mem:148.40M (Peak 148.40M) | Time:00:00.12 | Mem:0.00M, Peak:0.00M | Scene, ViewLayer | Synchronizing object | Glove.014
Fra:1 Mem:148.43M (Peak 148.43M) | Time:00:00.12 | Mem:0.00M, Peak:0.00M | Scene, ViewLayer | Synchronizing object | Collar.011
Fra:1 Mem:148.45M (Peak 148.45M) | Time:00:00.12 | Mem:0.00M, Peak:0.00M | Scene, ViewLayer | Synchronizing object | Spare Arrow.011
Fra:1 Mem:148.45M (Peak 148.45M) | Time:00:00.12 | Mem:0.00M, Peak:0.00M | Scene, ViewLayer | Synchronizing object | Orb.003
Fra:1 Mem:148.49M (Peak 148.49M) | Time:00:00.12 | Mem:0.00M, Peak:0.00M | Scene, ViewLayer | Synchronizing object | Spare Arrow.010
Fra:1 Mem:148.50M (Peak 148.50M) | Time:00:00.12 | Mem:0.00M, Peak:0.00M | Scene, ViewLayer | Synchronizing object | Spare Arrow.009
Fra:1 Mem:148.51M (Peak 148.51M) | Time:00:00.12 | Mem:0.00M, Peak:0.00M | Scene, ViewLayer | Synchronizing object | Forearm Bracer.014
Fra:1 Mem:148.54M (Peak 148.54M) | Time:00:00.12 | Mem:0.00M, Peak:0.00M | Scene, ViewLayer | Synchronizing object | Quiver.003
Fra:1 Mem:148.56M (Peak 148.56M) | Time:00:00.12 | Mem:0.00M, Peak:0.00M | Scene, ViewLayer | Synchronizing object | Tailored Cloak.011
Fra:1 Mem:148.58M (Peak 148.58M) | Time:00:00.12 | Mem:0.00M, Peak:0.00M | Scene, ViewLayer | Synchronizing object | Cuff Trim.014
Fra:1 Mem:148.59M (Peak 148.59M) | Time:00:00.12 | Mem:0.00M, Peak:0.00M | Scene, ViewLayer | Synchronizing object | Cuff Trim.023
Fra:1 Mem:148.60M (Peak 148.60M) | Time:00:00.12 | Mem:0.00M, Peak:0.00M | Scene, ViewLayer | Synchronizing object | Tailored shoulder mantle.006
Fra:1 Mem:148.61M (Peak 148.61M) | Time:00:00.12 | Mem:0.00M, Peak:0.00M | Scene, ViewLayer | Synchronizing object | Forearm Bracer.023
Fra:1 Mem:148.67M (Peak 148.67M) | Time:00:00.12 | Mem:0.00M, Peak:0.00M | Scene, ViewLayer | Synchronizing object | Sleeve.015
Fra:1 Mem:148.70M (Peak 148.70M) | Time:00:00.12 | Mem:0.00M, Peak:0.00M | Scene, ViewLayer | Synchronizing object | Glove.023
Fra:1 Mem:148.74M (Peak 148.74M) | Time:00:00.12 | Mem:0.00M, Peak:0.00M | Scene, ViewLayer | Synchronizing object | Glove.015
Fra:1 Mem:148.77M (Peak 148.77M) | Time:00:00.12 | Mem:0.00M, Peak:0.00M | Scene, ViewLayer | Synchronizing object | Sleeve.023
Fra:1 Mem:148.78M (Peak 148.78M) | Time:00:00.12 | Mem:0.00M, Peak:0.00M | Scene, ViewLayer | Synchronizing object | Forearm Bracer.015
Fra:1 Mem:148.82M (Peak 148.82M) | Time:00:00.12 | Mem:0.00M, Peak:0.00M | Scene, ViewLayer | Synchronizing object | Cuff Trim.015
Fra:1 Mem:148.83M (Peak 148.83M) | Time:00:00.12 | Mem:0.00M, Peak:0.00M | Scene, ViewLayer | Synchronizing object | Inlaid staff.003
Fra:1 Mem:148.84M (Peak 148.84M) | Time:00:00.12 | Mem:0.00M, Peak:0.00M | Scene, ViewLayer | Synchronizing object | Staff collar.003
Fra:1 Mem:148.84M (Peak 148.84M) | Time:00:00.12 | Mem:0.00M, Peak:0.00M | Scene, ViewLayer | Synchronizing object | Focus crystal.003
Fra:1 Mem:148.86M (Peak 148.86M) | Time:00:00.12 | Mem:0.00M, Peak:0.00M | Scene, ViewLayer | Synchronizing object | Crystal prong.002
Fra:1 Mem:148.87M (Peak 148.87M) | Time:00:00.12 | Mem:0.00M, Peak:0.00M | Scene, ViewLayer | Synchronizing object | Floating shard.002
Fra:1 Mem:148.89M (Peak 148.89M) | Time:00:00.12 | Mem:0.00M, Peak:0.00M | Scene, ViewLayer | Synchronizing object | Crystal prong.003
Fra:1 Mem:148.92M (Peak 148.92M) | Time:00:00.12 | Mem:0.00M, Peak:0.00M | Scene, ViewLayer | Synchronizing object | Floating shard.003
Fra:1 Mem:148.92M (Peak 148.92M) | Time:00:00.12 | Mem:0.00M, Peak:0.00M | Scene, ViewLayer | Synchronizing object | Staff rune.003
Fra:1 Mem:148.93M (Peak 148.93M) | Time:00:00.12 | Mem:0.00M, Peak:0.00M | Scene, ViewLayer | Synchronizing object | Master ranger feather crest.001
Fra:1 Mem:148.93M (Peak 148.93M) | Time:00:00.12 | Mem:0.00M, Peak:0.00M | Scene, ViewLayer | Synchronizing object | Staff rune.004
Fra:1 Mem:148.93M (Peak 148.93M) | Time:00:00.12 | Mem:0.00M, Peak:0.00M | Scene, ViewLayer | Synchronizing object | Staff rune.005
Fra:1 Mem:148.93M (Peak 148.93M) | Time:00:00.12 | Mem:0.00M, Peak:0.00M | Scene, ViewLayer | Synchronizing object | Layered ranger arm guard.003
Fra:1 Mem:148.93M (Peak 148.93M) | Time:00:00.12 | Mem:0.00M, Peak:0.00M | Scene, ViewLayer | Synchronizing object | Staff forging mark.010
Fra:1 Mem:148.96M (Peak 148.96M) | Time:00:00.12 | Mem:0.00M, Peak:0.00M | Scene, ViewLayer | Synchronizing object | Staff forging mark.011
Fra:1 Mem:148.96M (Peak 148.96M) | Time:00:00.12 | Mem:0.00M, Peak:0.00M | Scene, ViewLayer | Synchronizing object | Staff forging mark.012
Fra:1 Mem:148.97M (Peak 148.97M) | Time:00:00.12 | Mem:0.00M, Peak:0.00M | Scene, ViewLayer | Synchronizing object | Staff forging mark.013
Fra:1 Mem:148.97M (Peak 148.97M) | Time:00:00.12 | Mem:0.00M, Peak:0.00M | Scene, ViewLayer | Synchronizing object | Layered ranger arm guard.002
Fra:1 Mem:148.99M (Peak 148.99M) | Time:00:00.12 | Mem:0.00M, Peak:0.00M | Scene, ViewLayer | Synchronizing object | Staff forging mark.014
Fra:1 Mem:149.00M (Peak 149.00M) | Time:00:00.12 | Mem:0.00M, Peak:0.00M | Scene, ViewLayer | Synchronizing object | Staff forging mark.015
Fra:1 Mem:149.00M (Peak 149.00M) | Time:00:00.12 | Mem:0.00M, Peak:0.00M | Scene, ViewLayer | Synchronizing object | Staff forging mark.016
Fra:1 Mem:149.01M (Peak 149.01M) | Time:00:00.12 | Mem:0.00M, Peak:0.00M | Scene, ViewLayer | Synchronizing object | Master hunter raised left guard.001
Fra:1 Mem:149.01M (Peak 149.01M) | Time:00:00.12 | Mem:0.00M, Peak:0.00M | Scene, ViewLayer | Synchronizing object | Staff forging mark.017
Fra:1 Mem:149.03M (Peak 149.03M) | Time:00:00.12 | Mem:0.00M, Peak:0.00M | Scene, ViewLayer | Synchronizing object | Staff forging mark.018
Fra:1 Mem:149.04M (Peak 149.04M) | Time:00:00.12 | Mem:0.00M, Peak:0.00M | Scene, ViewLayer | Synchronizing object | Staff forging mark.019
Fra:1 Mem:149.04M (Peak 149.04M) | Time:00:00.12 | Mem:0.00M, Peak:0.00M | Scene, ViewLayer | Synchronizing object | Weapon aura shard.006
Fra:1 Mem:149.04M (Peak 149.04M) | Time:00:00.12 | Mem:0.00M, Peak:0.00M | Scene, ViewLayer | Synchronizing object | Tailored shoulder mantle.011
Fra:1 Mem:149.06M (Peak 149.06M) | Time:00:00.12 | Mem:0.00M, Peak:0.00M | Scene, ViewLayer | Synchronizing object | Weapon aura shard.007
Fra:1 Mem:149.07M (Peak 149.07M) | Time:00:00.12 | Mem:0.00M, Peak:0.00M | Scene, ViewLayer | Synchronizing object | Fashion focus collar.001
Fra:1 Mem:149.09M (Peak 149.09M) | Time:00:00.12 | Mem:0.00M, Peak:0.00M | Scene, ViewLayer | Synchronizing object | Fashion bow limb crest.003
Fra:1 Mem:149.11M (Peak 149.11M) | Time:00:00.12 | Mem:0.00M, Peak:0.00M | Scene, ViewLayer | Synchronizing object | Fashion focus fin.002
Fra:1 Mem:149.13M (Peak 149.13M) | Time:00:00.12 | Mem:0.00M, Peak:0.00M | Scene, ViewLayer | Synchronizing object | Fashion bow limb crest.002
Fra:1 Mem:149.14M (Peak 149.14M) | Time:00:00.12 | Mem:0.00M, Peak:0.00M | Scene, ViewLayer | Synchronizing object | Fashion focus fin.003
Fra:1 Mem:149.16M (Peak 149.16M) | Time:00:00.12 | Mem:0.00M, Peak:0.00M | Scene, ViewLayer | Synchronizing object | Weapon aura shard.011
Fra:1 Mem:149.17M (Peak 149.17M) | Time:00:00.12 | Mem:0.00M, Peak:0.00M | Scene, ViewLayer | Synchronizing object | Weapon aura shard.010
Fra:1 Mem:149.17M (Peak 149.17M) | Time:00:00.12 | Mem:0.00M, Peak:0.00M | Scene, ViewLayer | Synchronizing object | Tailored shoulder mantle.007
Fra:1 Mem:149.18M (Peak 149.18M) | Time:00:00.12 | Mem:0.00M, Peak:0.00M | Scene, ViewLayer | Synchronizing object | Bow forging mark.019
Fra:1 Mem:149.20M (Peak 149.20M) | Time:00:00.12 | Mem:0.00M, Peak:0.00M | Scene, ViewLayer | Synchronizing object | Bow forging mark.018
Fra:1 Mem:149.21M (Peak 149.21M) | Time:00:00.12 | Mem:0.00M, Peak:0.00M | Scene, ViewLayer | Synchronizing object | Bow forging mark.017
Fra:1 Mem:149.20M (Peak 149.21M) | Time:00:00.12 | Mem:0.00M, Peak:0.00M | Scene, ViewLayer | Synchronizing object | Tailored Cloak.007
Fra:1 Mem:149.21M (Peak 149.21M) | Time:00:00.12 | Mem:0.00M, Peak:0.00M | Scene, ViewLayer | Synchronizing object | Bow forging mark.016
Fra:1 Mem:149.22M (Peak 149.22M) | Time:00:00.12 | Mem:0.00M, Peak:0.00M | Scene, ViewLayer | Synchronizing object | Bow forging mark.015
Fra:1 Mem:149.22M (Peak 149.22M) | Time:00:00.12 | Mem:0.00M, Peak:0.00M | Scene, ViewLayer | Synchronizing object | Collar.007
Fra:1 Mem:149.23M (Peak 149.23M) | Time:00:00.12 | Mem:0.00M, Peak:0.00M | Scene, ViewLayer | Synchronizing object | Bow forging mark.014
Fra:1 Mem:149.24M (Peak 149.24M) | Time:00:00.12 | Mem:0.00M, Peak:0.00M | Scene, ViewLayer | Synchronizing object | Bow forging mark.013
Fra:1 Mem:149.24M (Peak 149.24M) | Time:00:00.12 | Mem:0.00M, Peak:0.00M | Scene, ViewLayer | Synchronizing object | Head.007
Fra:1 Mem:149.24M (Peak 149.24M) | Time:00:00.12 | Mem:0.00M, Peak:0.00M | Scene, ViewLayer | Synchronizing object | Bow forging mark.012
Fra:1 Mem:149.27M (Peak 149.27M) | Time:00:00.12 | Mem:0.00M, Peak:0.00M | Scene, ViewLayer | Synchronizing object | Bow forging mark.011
Fra:1 Mem:149.27M (Peak 149.27M) | Time:00:00.12 | Mem:0.00M, Peak:0.00M | Scene, ViewLayer | Synchronizing object | Bow forging mark.010
Fra:1 Mem:149.28M (Peak 149.28M) | Time:00:00.12 | Mem:0.00M, Peak:0.00M | Scene, ViewLayer | Synchronizing object | Bow focus.001
Fra:1 Mem:149.28M (Peak 149.28M) | Time:00:00.12 | Mem:0.00M, Peak:0.00M | Scene, ViewLayer | Synchronizing object | Eyes L.007
Fra:1 Mem:149.29M (Peak 149.29M) | Time:00:00.12 | Mem:0.00M, Peak:0.00M | Scene, ViewLayer | Synchronizing object | Bow horn.003
Fra:1 Mem:149.32M (Peak 149.32M) | Time:00:00.12 | Mem:0.00M, Peak:0.00M | Scene, ViewLayer | Synchronizing object | Bow tip.007
Fra:1 Mem:149.32M (Peak 149.32M) | Time:00:00.12 | Mem:0.00M, Peak:0.00M | Scene, ViewLayer | Synchronizing object | Layered bow limb.031
Fra:1 Mem:149.34M (Peak 149.34M) | Time:00:00.12 | Mem:0.00M, Peak:0.00M | Scene, ViewLayer | Synchronizing object | Layered bow limb.030
Fra:1 Mem:149.33M (Peak 149.34M) | Time:00:00.12 | Mem:0.00M, Peak:0.00M | Scene, ViewLayer | Synchronizing object | Eyes R.007
Fra:1 Mem:149.36M (Peak 149.36M) | Time:00:00.12 | Mem:0.00M, Peak:0.00M | Scene, ViewLayer | Synchronizing object | Layered bow limb.029
Fra:1 Mem:149.38M (Peak 149.38M) | Time:00:00.12 | Mem:0.00M, Peak:0.00M | Scene, ViewLayer | Synchronizing object | Layered bow limb.028
Fra:1 Mem:149.39M (Peak 149.39M) | Time:00:00.12 | Mem:0.00M, Peak:0.00M | Scene, ViewLayer | Synchronizing object | Bow horn.002
Fra:1 Mem:149.40M (Peak 149.40M) | Time:00:00.12 | Mem:0.00M, Peak:0.00M | Scene, ViewLayer | Synchronizing object | Hat Brim.003
Fra:1 Mem:149.41M (Peak 149.41M) | Time:00:00.12 | Mem:0.00M, Peak:0.00M | Scene, ViewLayer | Synchronizing object | Bow tip.006
Fra:1 Mem:149.41M (Peak 149.41M) | Time:00:00.12 | Mem:0.00M, Peak:0.00M | Scene, ViewLayer | Synchronizing object | Hat Gem.003
Fra:1 Mem:149.42M (Peak 149.42M) | Time:00:00.12 | Mem:0.00M, Peak:0.00M | Scene, ViewLayer | Synchronizing object | Layered bow limb.027
Fra:1 Mem:149.45M (Peak 149.45M) | Time:00:00.12 | Mem:0.00M, Peak:0.00M | Scene, ViewLayer | Synchronizing object | Layered bow limb.026
Fra:1 Mem:149.46M (Peak 149.46M) | Time:00:00.12 | Mem:0.00M, Peak:0.00M | Scene, ViewLayer | Synchronizing object | Layered bow limb.025
Fra:1 Mem:149.47M (Peak 149.47M) | Time:00:00.12 | Mem:0.00M, Peak:0.00M | Scene, ViewLayer | Synchronizing object | Hair Side Lock.014
Fra:1 Mem:149.47M (Peak 149.47M) | Time:00:00.12 | Mem:0.00M, Peak:0.00M | Scene, ViewLayer | Synchronizing object | Layered bow limb.024
Fra:1 Mem:149.51M (Peak 149.51M) | Time:00:00.12 | Mem:0.00M, Peak:0.00M | Scene, ViewLayer | Synchronizing object | Bow grip.003
Fra:1 Mem:149.51M (Peak 149.51M) | Time:00:00.12 | Mem:0.00M, Peak:0.00M | Scene, ViewLayer | Synchronizing object | Arrow Fletching.011
Fra:1 Mem:149.53M (Peak 149.53M) | Time:00:00.12 | Mem:0.00M, Peak:0.00M | Scene, ViewLayer | Synchronizing object | Arrow Fletching.010
Fra:1 Mem:149.52M (Peak 149.53M) | Time:00:00.12 | Mem:0.00M, Peak:0.00M | Scene, ViewLayer | Synchronizing object | Ear.014
Fra:1 Mem:149.54M (Peak 149.54M) | Time:00:00.12 | Mem:0.00M, Peak:0.00M | Scene, ViewLayer | Synchronizing object | Arrow Fletching.009
Fra:1 Mem:149.56M (Peak 149.56M) | Time:00:00.12 | Mem:0.00M, Peak:0.00M | Scene, ViewLayer | Synchronizing object | Arrow Head.003
Fra:1 Mem:149.56M (Peak 149.56M) | Time:00:00.12 | Mem:0.00M, Peak:0.00M | Scene, ViewLayer | Synchronizing object | Arrow Shaft.003
Fra:1 Mem:149.57M (Peak 149.57M) | Time:00:00.12 | Mem:0.00M, Peak:0.00M | Scene, ViewLayer | Synchronizing object | Hair Side Lock.015
Fra:1 Mem:149.58M (Peak 149.58M) | Time:00:00.12 | Mem:0.00M, Peak:0.00M | Scene, ViewLayer | Synchronizing object | Arrow rest.003
Fra:1 Mem:149.61M (Peak 149.61M) | Time:00:00.12 | Mem:0.00M, Peak:0.00M | Scene, ViewLayer | Synchronizing object | Cuff Trim.022
Fra:1 Mem:149.62M (Peak 149.62M) | Time:00:00.12 | Mem:0.00M, Peak:0.00M | Scene, ViewLayer | Synchronizing object | Forearm Bracer.022
Fra:1 Mem:149.65M (Peak 149.65M) | Time:00:00.12 | Mem:0.00M, Peak:0.00M | Scene, ViewLayer | Synchronizing object | Ear.015
Fra:1 Mem:149.69M (Peak 149.69M) | Time:00:00.12 | Mem:0.00M, Peak:0.00M | Scene, ViewLayer | Synchronizing object | Glove.022
Fra:1 Mem:149.72M (Peak 149.72M) | Time:00:00.12 | Mem:0.00M, Peak:0.00M | Scene, ViewLayer | Synchronizing object | Nose.007
Fra:1 Mem:149.76M (Peak 149.76M) | Time:00:00.12 | Mem:0.00M, Peak:0.00M | Scene, ViewLayer | Synchronizing object | Sleeve.022
Fra:1 Mem:149.80M (Peak 149.80M) | Time:00:00.12 | Mem:0.00M, Peak:0.00M | Scene, ViewLayer | Synchronizing object | Pointed Wizard Hat.003
Fra:1 Mem:149.81M (Peak 149.81M) | Time:00:00.12 | Mem:0.00M, Peak:0.00M | Scene, ViewLayer | Synchronizing object | Scholar rear high collar.006
Fra:1 Mem:149.82M (Peak 149.82M) | Time:00:00.12 | Mem:0.00M, Peak:0.00M | Scene, ViewLayer | Synchronizing object | Buckle.011
Fra:1 Mem:149.87M (Peak 149.87M) | Time:00:00.12 | Mem:0.00M, Peak:0.00M | Scene, ViewLayer | Synchronizing object | Belt.011
Fra:1 Mem:149.87M (Peak 149.87M) | Time:00:00.12 | Mem:0.00M, Peak:0.00M | Scene, ViewLayer | Synchronizing object | Scholar rear high collar.007
Fra:1 Mem:149.93M (Peak 149.93M) | Time:00:00.12 | Mem:0.00M, Peak:0.00M | Scene, ViewLayer | Synchronizing object | Breastplate.011
Fra:1 Mem:149.94M (Peak 149.94M) | Time:00:00.12 | Mem:0.00M, Peak:0.00M | Scene, ViewLayer | Synchronizing object | Equipped robe skirt.003
Fra:1 Mem:149.97M (Peak 149.97M) | Time:00:00.12 | Mem:0.00M, Peak:0.00M | Scene, ViewLayer | Synchronizing object | Embroidered robe panel.006
Fra:1 Mem:149.99M (Peak 149.99M) | Time:00:00.12 | Mem:0.00M, Peak:0.00M | Scene, ViewLayer | Synchronizing object | Knee Guard.021
Fra:1 Mem:150.03M (Peak 150.03M) | Time:00:00.12 | Mem:0.00M, Peak:0.00M | Scene, ViewLayer | Synchronizing object | Robe metal seam.006
Fra:1 Mem:150.06M (Peak 150.06M) | Time:00:00.12 | Mem:0.00M, Peak:0.00M | Scene, ViewLayer | Synchronizing object | Shin Guard.021
Fra:1 Mem:150.10M (Peak 150.10M) | Time:00:00.12 | Mem:0.00M, Peak:0.00M | Scene, ViewLayer | Synchronizing object | Embroidered robe panel.007
Fra:1 Mem:150.12M (Peak 150.12M) | Time:00:00.12 | Mem:0.00M, Peak:0.00M | Scene, ViewLayer | Synchronizing object | Boot.021
Fra:1 Mem:150.15M (Peak 150.15M) | Time:00:00.12 | Mem:0.00M, Peak:0.00M | Scene, ViewLayer | Synchronizing object | Trouser.021
Fra:1 Mem:150.15M (Peak 150.15M) | Time:00:00.12 | Mem:0.00M, Peak:0.00M | Scene, ViewLayer | Synchronizing object | Robe metal seam.007
Fra:1 Mem:150.21M (Peak 150.21M) | Time:00:00.12 | Mem:0.00M, Peak:0.00M | Scene, ViewLayer | Synchronizing object | Knee Guard.020
Fra:1 Mem:150.24M (Peak 150.24M) | Time:00:00.12 | Mem:0.00M, Peak:0.00M | Scene, ViewLayer | Synchronizing object | Costume fastening.003
Fra:1 Mem:150.28M (Peak 150.28M) | Time:00:00.12 | Mem:0.00M, Peak:0.00M | Scene, ViewLayer | Synchronizing object | Shin Guard.020
Fra:1 Mem:150.32M (Peak 150.32M) | Time:00:00.12 | Mem:0.00M, Peak:0.00M | Scene, ViewLayer | Synchronizing object | Scholar split side lining.006
Fra:1 Mem:150.35M (Peak 150.35M) | Time:00:00.12 | Mem:0.00M, Peak:0.00M | Scene, ViewLayer | Synchronizing object | Boot.020
Fra:1 Mem:150.37M (Peak 150.37M) | Time:00:00.12 | Mem:0.00M, Peak:0.00M | Scene, ViewLayer | Synchronizing object | Raised scholar collar.002
Fra:1 Mem:150.39M (Peak 150.39M) | Time:00:00.12 | Mem:0.00M, Peak:0.00M | Scene, ViewLayer | Synchronizing object | Trouser.020
Fra:1 Mem:150.43M (Peak 150.43M) | Time:00:00.12 | Mem:0.00M, Peak:0.00M | Scene, ViewLayer | Synchronizing object | Split scholar rear stole.002
Fra:1 Mem:150.46M (Peak 150.46M) | Time:00:00.12 | Mem:0.00M, Peak:0.00M | Scene, ViewLayer | Synchronizing object | Ranger clasp.001
Fra:1 Mem:150.50M (Peak 150.50M) | Time:00:00.12 | Mem:0.00M, Peak:0.00M | Scene, ViewLayer | Synchronizing object | Arch scholar star ray.002
Fra:1 Mem:150.50M (Peak 150.50M) | Time:00:00.12 | Mem:0.00M, Peak:0.00M | Scene, ViewLayer | Synchronizing object | Ranger clasp
Fra:1 Mem:150.56M (Peak 150.56M) | Time:00:00.12 | Mem:0.00M, Peak:0.00M | Scene, ViewLayer | Synchronizing object | Scholar split side lining.007
Fra:1 Mem:150.57M (Peak 150.57M) | Time:00:00.12 | Mem:0.00M, Peak:0.00M | Scene, ViewLayer | Synchronizing object | Master hunter quiver rail.001
Fra:1 Mem:150.62M (Peak 150.62M) | Time:00:00.12 | Mem:0.00M, Peak:0.00M | Scene, ViewLayer | Synchronizing object | Raised scholar collar.003
Fra:1 Mem:150.62M (Peak 150.62M) | Time:00:00.12 | Mem:0.00M, Peak:0.00M | Scene, ViewLayer | Synchronizing object | Master hunter quiver rail
Fra:1 Mem:150.67M (Peak 150.67M) | Time:00:00.12 | Mem:0.00M, Peak:0.00M | Scene, ViewLayer | Synchronizing object | Split scholar rear stole.003
Fra:1 Mem:150.67M (Peak 150.67M) | Time:00:00.12 | Mem:0.00M, Peak:0.00M | Scene, ViewLayer | Synchronizing object | Hunter layered hip tab.002
Fra:1 Mem:150.73M (Peak 150.73M) | Time:00:00.12 | Mem:0.00M, Peak:0.00M | Scene, ViewLayer | Synchronizing object | Hunter layered hip tab.001
Fra:1 Mem:150.75M (Peak 150.75M) | Time:00:00.12 | Mem:0.00M, Peak:0.00M | Scene, ViewLayer | Synchronizing object | Arch scholar star ray.003
Fra:1 Mem:150.79M (Peak 150.79M) | Time:00:00.12 | Mem:0.00M, Peak:0.00M | Scene, ViewLayer | Synchronizing object | Hunter layered hip tab
Fra:1 Mem:150.82M (Peak 150.82M) | Time:00:00.12 | Mem:0.00M, Peak:0.00M | Scene, ViewLayer | Synchronizing object | Scholar orbit yoke.001
Fra:1 Mem:150.86M (Peak 150.86M) | Time:00:00.12 | Mem:0.00M, Peak:0.00M | Scene, ViewLayer | Synchronizing object | Hunter offside utility flap
Fra:1 Mem:150.90M (Peak 150.90M) | Time:00:00.12 | Mem:0.00M, Peak:0.00M | Scene, ViewLayer | Synchronizing object | Hunter quiver retaining hoop.001
Fra:1 Mem:150.90M (Peak 150.90M) | Time:00:00.12 | Mem:0.00M, Peak:0.00M | Scene, ViewLayer | Synchronizing object | Arch scholar under-robe hem.001
Fra:1 Mem:150.95M (Peak 150.95M) | Time:00:00.12 | Mem:0.00M, Peak:0.00M | Scene, ViewLayer | Synchronizing object | Hunter quiver retaining hoop
Fra:1 Mem:150.98M (Peak 150.98M) | Time:00:00.12 | Mem:0.00M, Peak:0.00M | Scene, ViewLayer | Synchronizing object | Stitched star-chart point.003
Fra:1 Mem:151.01M (Peak 151.01M) | Time:00:00.12 | Mem:0.00M, Peak:0.00M | Scene, ViewLayer | Synchronizing object | Hunter quiver harness.002
Fra:1 Mem:151.04M (Peak 151.04M) | Time:00:00.12 | Mem:0.00M, Peak:0.00M | Scene, ViewLayer | Synchronizing object | Stitched star-chart point.004
Fra:1 Mem:151.07M (Peak 151.07M) | Time:00:00.12 | Mem:0.00M, Peak:0.00M | Scene, ViewLayer | Synchronizing object | Costume fastening.006
Fra:1 Mem:151.11M (Peak 151.11M) | Time:00:00.12 | Mem:0.00M, Peak:0.00M | Scene, ViewLayer | Synchronizing object | Stitched star-chart point.005
Fra:1 Mem:151.13M (Peak 151.13M) | Time:00:00.12 | Mem:0.00M, Peak:0.00M | Scene, ViewLayer | Synchronizing object | Asymmetric leather chest wrap.002
Fra:1 Mem:151.17M (Peak 151.17M) | Time:00:00.12 | Mem:0.00M, Peak:0.00M | Scene, ViewLayer | Synchronizing object | Astrolabe chest frame.001
Fra:1 Mem:151.20M (Peak 151.20M) | Time:00:00.12 | Mem:0.00M, Peak:0.00M | Scene, ViewLayer | Synchronizing object | Nose.010
Fra:1 Mem:151.25M (Peak 151.25M) | Time:00:00.12 | Mem:0.00M, Peak:0.00M | Scene, ViewLayer | Synchronizing object | Ear.021
Fra:1 Mem:151.28M (Peak 151.28M) | Time:00:00.12 | Mem:0.00M, Peak:0.00M | Scene, ViewLayer | Synchronizing object | Master chart collar fin.002
Fra:1 Mem:151.31M (Peak 151.31M) | Time:00:00.12 | Mem:0.00M, Peak:0.00M | Scene, ViewLayer | Synchronizing object | Hair Side Lock.021
Fra:1 Mem:151.34M (Peak 151.34M) | Time:00:00.12 | Mem:0.00M, Peak:0.00M | Scene, ViewLayer | Synchronizing object | Master chart collar fin.003
Fra:1 Mem:151.38M (Peak 151.38M) | Time:00:00.12 | Mem:0.00M, Peak:0.00M | Scene, ViewLayer | Synchronizing object | Ear.020
Fra:1 Mem:151.41M (Peak 151.41M) | Time:00:00.12 | Mem:0.00M, Peak:0.00M | Scene, ViewLayer | Synchronizing object | Bronze outer astrolabe.003
Fra:1 Mem:151.46M (Peak 151.46M) | Time:00:00.12 | Mem:0.00M, Peak:0.00M | Scene, ViewLayer | Synchronizing object | Hair Side Lock.020
Fra:1 Mem:151.50M (Peak 151.50M) | Time:00:00.12 | Mem:0.00M, Peak:0.00M | Scene, ViewLayer | Synchronizing object | Inclined inner astrolabe.003
Fra:1 Mem:151.51M (Peak 151.51M) | Time:00:00.12 | Mem:0.00M, Peak:0.00M | Scene, ViewLayer | Synchronizing object | Feather.002
Fra:1 Mem:151.59M (Peak 151.59M) | Time:00:00.12 | Mem:0.00M, Peak:0.00M | Scene, ViewLayer | Synchronizing object | Forest Hood.002
Fra:1 Mem:151.61M (Peak 151.61M) | Time:00:00.12 | Mem:0.00M, Peak:0.00M | Scene, ViewLayer | Synchronizing object | Star-ring radial vane.024
Fra:1 Mem:151.65M (Peak 151.65M) | Time:00:00.12 | Mem:0.00M, Peak:0.00M | Scene, ViewLayer | Synchronizing object | Eyes R.010
Fra:1 Mem:151.68M (Peak 151.68M) | Time:00:00.12 | Mem:0.00M, Peak:0.00M | Scene, ViewLayer | Synchronizing object | Star-ring focus crystal.024
Fra:1 Mem:151.72M (Peak 151.72M) | Time:00:00.12 | Mem:0.00M, Peak:0.00M | Scene, ViewLayer | Synchronizing object | Eyes L.010
Fra:1 Mem:151.75M (Peak 151.75M) | Time:00:00.12 | Mem:0.00M, Peak:0.00M | Scene, ViewLayer | Synchronizing object | Star-ring radial vane.025
Fra:1 Mem:151.78M (Peak 151.78M) | Time:00:00.12 | Mem:0.00M, Peak:0.00M | Scene, ViewLayer | Synchronizing object | Head.010
Fra:1 Mem:151.82M (Peak 151.82M) | Time:00:00.12 | Mem:0.00M, Peak:0.00M | Scene, ViewLayer | Synchronizing object | Star-ring focus crystal.025
Fra:1 Mem:151.84M (Peak 151.84M) | Time:00:00.12 | Mem:0.00M, Peak:0.00M | Scene, ViewLayer | Synchronizing object | Scarf Tail.002
Fra:1 Mem:151.89M (Peak 151.89M) | Time:00:00.12 | Mem:0.00M, Peak:0.00M | Scene, ViewLayer | Synchronizing object | Star-ring radial vane.026
Fra:1 Mem:151.89M (Peak 151.89M) | Time:00:00.12 | Mem:0.00M, Peak:0.00M | Scene, ViewLayer | Synchronizing object | Scarf.002
Fra:1 Mem:151.94M (Peak 151.94M) | Time:00:00.12 | Mem:0.00M, Peak:0.00M | Scene, ViewLayer | Synchronizing object | Collar.010
Fra:1 Mem:151.95M (Peak 151.95M) | Time:00:00.12 | Mem:0.00M, Peak:0.00M | Scene, ViewLayer | Synchronizing object | Star-ring focus crystal.026
Fra:1 Mem:151.97M (Peak 151.97M) | Time:00:00.12 | Mem:0.00M, Peak:0.00M | Scene, ViewLayer | Synchronizing object | Spare Arrow.008
Fra:1 Mem:152.00M (Peak 152.00M) | Time:00:00.12 | Mem:0.00M, Peak:0.00M | Scene, ViewLayer | Synchronizing object | Spare Arrow.007
Fra:1 Mem:152.01M (Peak 152.01M) | Time:00:00.12 | Mem:0.00M, Peak:0.00M | Scene, ViewLayer | Synchronizing object | Star-ring radial vane.027
Fra:1 Mem:152.02M (Peak 152.02M) | Time:00:00.12 | Mem:0.00M, Peak:0.00M | Scene, ViewLayer | Synchronizing object | Spare Arrow.006
Fra:1 Mem:152.05M (Peak 152.05M) | Time:00:00.12 | Mem:0.00M, Peak:0.00M | Scene, ViewLayer | Synchronizing object | Quiver.002
Fra:1 Mem:152.06M (Peak 152.06M) | Time:00:00.12 | Mem:0.00M, Peak:0.00M | Scene, ViewLayer | Synchronizing object | Star-ring focus crystal.027
Fra:1 Mem:152.07M (Peak 152.07M) | Time:00:00.12 | Mem:0.00M, Peak:0.00M | Scene, ViewLayer | Synchronizing object | Tailored Cloak.010
Fra:1 Mem:152.10M (Peak 152.10M) | Time:00:00.12 | Mem:0.00M, Peak:0.00M | Scene, ViewLayer | Synchronizing object | Cuff Trim.021
Fra:1 Mem:152.12M (Peak 152.12M) | Time:00:00.12 | Mem:0.00M, Peak:0.00M | Scene, ViewLayer | Synchronizing object | Forearm Bracer.021
Fra:1 Mem:152.16M (Peak 152.16M) | Time:00:00.12 | Mem:0.00M, Peak:0.00M | Scene, ViewLayer | Synchronizing object | Star-ring radial vane.028
Fra:1 Mem:152.19M (Peak 152.19M) | Time:00:00.12 | Mem:0.00M, Peak:0.00M | Scene, ViewLayer | Synchronizing object | Glove.021
Fra:1 Mem:152.22M (Peak 152.22M) | Time:00:00.12 | Mem:0.00M, Peak:0.00M | Scene, ViewLayer | Synchronizing object | Star-ring focus crystal.028
Fra:1 Mem:152.25M (Peak 152.25M) | Time:00:00.12 | Mem:0.00M, Peak:0.00M | Scene, ViewLayer | Synchronizing object | Sleeve.021
Fra:1 Mem:152.29M (Peak 152.29M) | Time:00:00.12 | Mem:0.00M, Peak:0.00M | Scene, ViewLayer | Synchronizing object | Star-ring radial vane.029
Fra:1 Mem:152.31M (Peak 152.31M) | Time:00:00.12 | Mem:0.00M, Peak:0.00M | Scene, ViewLayer | Synchronizing object | Master ranger feather crest
Fra:1 Mem:152.33M (Peak 152.33M) | Time:00:00.12 | Mem:0.00M, Peak:0.00M | Scene, ViewLayer | Synchronizing object | Layered ranger arm guard.001
Fra:1 Mem:152.36M (Peak 152.36M) | Time:00:00.12 | Mem:0.00M, Peak:0.00M | Scene, ViewLayer | Synchronizing object | Star-ring focus crystal.029
Fra:1 Mem:152.39M (Peak 152.39M) | Time:00:00.12 | Mem:0.00M, Peak:0.00M | Scene, ViewLayer | Synchronizing object | Layered ranger arm guard
Fra:1 Mem:152.42M (Peak 152.42M) | Time:00:00.12 | Mem:0.00M, Peak:0.00M | Scene, ViewLayer | Synchronizing object | Star-ring radial vane.030
Fra:1 Mem:152.44M (Peak 152.44M) | Time:00:00.12 | Mem:0.00M, Peak:0.00M | Scene, ViewLayer | Synchronizing object | Master hunter raised left guard
Fra:1 Mem:152.49M (Peak 152.49M) | Time:00:00.12 | Mem:0.00M, Peak:0.00M | Scene, ViewLayer | Synchronizing object | Star-ring focus crystal.030
Fra:1 Mem:152.49M (Peak 152.49M) | Time:00:00.12 | Mem:0.00M, Peak:0.00M | Scene, ViewLayer | Synchronizing object | Tailored shoulder mantle.010
Fra:1 Mem:152.55M (Peak 152.55M) | Time:00:00.12 | Mem:0.00M, Peak:0.00M | Scene, ViewLayer | Synchronizing object | Weapon aura shard.009
Fra:1 Mem:152.56M (Peak 152.56M) | Time:00:00.12 | Mem:0.00M, Peak:0.00M | Scene, ViewLayer | Synchronizing object | Star-ring radial vane.031
Fra:1 Mem:152.57M (Peak 152.57M) | Time:00:00.12 | Mem:0.00M, Peak:0.00M | Scene, ViewLayer | Synchronizing object | Weapon aura shard.008
Fra:1 Mem:152.58M (Peak 152.58M) | Time:00:00.12 | Mem:0.00M, Peak:0.00M | Scene, ViewLayer | Synchronizing object | Bow forging mark.009
Fra:1 Mem:152.58M (Peak 152.58M) | Time:00:00.12 | Mem:0.00M, Peak:0.00M | Scene, ViewLayer | Synchronizing object | Bow forging mark.008
Fra:1 Mem:152.59M (Peak 152.59M) | Time:00:00.12 | Mem:0.00M, Peak:0.00M | Scene, ViewLayer | Synchronizing object | Bow forging mark.007
Fra:1 Mem:152.59M (Peak 152.59M) | Time:00:00.12 | Mem:0.00M, Peak:0.00M | Scene, ViewLayer | Synchronizing object | Star-ring focus crystal.031
Fra:1 Mem:152.61M (Peak 152.61M) | Time:00:00.12 | Mem:0.00M, Peak:0.00M | Scene, ViewLayer | Synchronizing object | Bow forging mark.006
Fra:1 Mem:152.62M (Peak 152.62M) | Time:00:00.12 | Mem:0.00M, Peak:0.00M | Scene, ViewLayer | Synchronizing object | Bow forging mark.005
Fra:1 Mem:152.63M (Peak 152.63M) | Time:00:00.12 | Mem:0.00M, Peak:0.00M | Scene, ViewLayer | Synchronizing object | Bow forging mark.004
Fra:1 Mem:152.63M (Peak 152.63M) | Time:00:00.12 | Mem:0.00M, Peak:0.00M | Scene, ViewLayer | Synchronizing object | Bow forging mark.003
Fra:1 Mem:152.64M (Peak 152.64M) | Time:00:00.12 | Mem:0.00M, Peak:0.00M | Scene, ViewLayer | Synchronizing object | Wing clasp.003
Fra:1 Mem:152.64M (Peak 152.64M) | Time:00:00.12 | Mem:0.00M, Peak:0.00M | Scene, ViewLayer | Synchronizing object | Bow forging mark.002
Fra:1 Mem:152.66M (Peak 152.66M) | Time:00:00.12 | Mem:0.00M, Peak:0.00M | Scene, ViewLayer | Synchronizing object | Bow forging mark.001
Fra:1 Mem:152.67M (Peak 152.67M) | Time:00:00.12 | Mem:0.00M, Peak:0.00M | Scene, ViewLayer | Synchronizing object | Bow forging mark
Fra:1 Mem:152.67M (Peak 152.67M) | Time:00:00.12 | Mem:0.00M, Peak:0.00M | Scene, ViewLayer | Synchronizing object | Bow focus
Fra:1 Mem:152.68M (Peak 152.68M) | Time:00:00.12 | Mem:0.00M, Peak:0.00M | Scene, ViewLayer | Synchronizing object | Trouser.014
Fra:1 Mem:152.68M (Peak 152.68M) | Time:00:00.12 | Mem:0.00M, Peak:0.00M | Scene, ViewLayer | Synchronizing object | Bow horn.001
Fra:1 Mem:152.71M (Peak 152.71M) | Time:00:00.12 | Mem:0.00M, Peak:0.00M | Scene, ViewLayer | Synchronizing object | Bow tip.005
Fra:1 Mem:152.72M (Peak 152.72M) | Time:00:00.12 | Mem:0.00M, Peak:0.00M | Scene, ViewLayer | Synchronizing object | Layered bow limb.023
Fra:1 Mem:152.73M (Peak 152.73M) | Time:00:00.12 | Mem:0.00M, Peak:0.00M | Scene, ViewLayer | Synchronizing object | Layered bow limb.022
Fra:1 Mem:152.73M (Peak 152.73M) | Time:00:00.12 | Mem:0.00M, Peak:0.00M | Scene, ViewLayer | Synchronizing object | Boot.014
Fra:1 Mem:152.75M (Peak 152.75M) | Time:00:00.12 | Mem:0.00M, Peak:0.00M | Scene, ViewLayer | Synchronizing object | Layered bow limb.021
Fra:1 Mem:152.76M (Peak 152.76M) | Time:00:00.12 | Mem:0.00M, Peak:0.00M | Scene, ViewLayer | Synchronizing object | Shin Guard.014
Fra:1 Mem:152.78M (Peak 152.78M) | Time:00:00.12 | Mem:0.00M, Peak:0.00M | Scene, ViewLayer | Synchronizing object | Layered bow limb.020
Fra:1 Mem:152.80M (Peak 152.80M) | Time:00:00.12 | Mem:0.00M, Peak:0.00M | Scene, ViewLayer | Synchronizing object | Bow horn
Fra:1 Mem:152.82M (Peak 152.82M) | Time:00:00.12 | Mem:0.00M, Peak:0.00M | Scene, ViewLayer | Synchronizing object | Bow tip.004
Fra:1 Mem:152.82M (Peak 152.82M) | Time:00:00.12 | Mem:0.00M, Peak:0.00M | Scene, ViewLayer | Synchronizing object | Layered bow limb.019
Fra:1 Mem:152.82M (Peak 152.82M) | Time:00:00.12 | Mem:0.00M, Peak:0.00M | Scene, ViewLayer | Synchronizing object | Knee Guard.014
Fra:1 Mem:152.85M (Peak 152.85M) | Time:00:00.12 | Mem:0.00M, Peak:0.00M | Scene, ViewLayer | Synchronizing object | Layered bow limb.018
Fra:1 Mem:152.86M (Peak 152.86M) | Time:00:00.12 | Mem:0.00M, Peak:0.00M | Scene, ViewLayer | Synchronizing object | Layered bow limb.017
Fra:1 Mem:152.88M (Peak 152.88M) | Time:00:00.12 | Mem:0.00M, Peak:0.00M | Scene, ViewLayer | Synchronizing object | Trouser.015
Fra:1 Mem:152.88M (Peak 152.88M) | Time:00:00.12 | Mem:0.00M, Peak:0.00M | Scene, ViewLayer | Synchronizing object | Layered bow limb.016
Fra:1 Mem:152.91M (Peak 152.91M) | Time:00:00.12 | Mem:0.00M, Peak:0.00M | Scene, ViewLayer | Synchronizing object | Bow grip.002
Fra:1 Mem:152.92M (Peak 152.92M) | Time:00:00.12 | Mem:0.00M, Peak:0.00M | Scene, ViewLayer | Synchronizing object | Arrow Fletching.008
Fra:1 Mem:152.93M (Peak 152.93M) | Time:00:00.12 | Mem:0.00M, Peak:0.00M | Scene, ViewLayer | Synchronizing object | Arrow Fletching.007
Fra:1 Mem:152.93M (Peak 152.93M) | Time:00:00.12 | Mem:0.00M, Peak:0.00M | Scene, ViewLayer | Synchronizing object | Boot.015
Fra:1 Mem:152.94M (Peak 152.94M) | Time:00:00.12 | Mem:0.00M, Peak:0.00M | Scene, ViewLayer | Synchronizing object | Arrow Fletching.006
Fra:1 Mem:152.96M (Peak 152.96M) | Time:00:00.12 | Mem:0.00M, Peak:0.00M | Scene, ViewLayer | Synchronizing object | Arrow Head.002
Fra:1 Mem:152.96M (Peak 152.96M) | Time:00:00.12 | Mem:0.00M, Peak:0.00M | Scene, ViewLayer | Synchronizing object | Shin Guard.015
Fra:1 Mem:152.97M (Peak 152.97M) | Time:00:00.12 | Mem:0.00M, Peak:0.00M | Scene, ViewLayer | Synchronizing object | Arrow Shaft.002
Fra:1 Mem:152.99M (Peak 152.99M) | Time:00:00.12 | Mem:0.00M, Peak:0.00M | Scene, ViewLayer | Synchronizing object | Arrow rest.002
Fra:1 Mem:153.00M (Peak 153.00M) | Time:00:00.12 | Mem:0.00M, Peak:0.00M | Scene, ViewLayer | Synchronizing object | Cuff Trim.020
Fra:1 Mem:153.01M (Peak 153.01M) | Time:00:00.12 | Mem:0.00M, Peak:0.00M | Scene, ViewLayer | Synchronizing object | Knee Guard.015
Fra:1 Mem:153.04M (Peak 153.04M) | Time:00:00.12 | Mem:0.00M, Peak:0.00M | Scene, ViewLayer | Synchronizing object | Forearm Bracer.020
Fra:1 Mem:153.08M (Peak 153.08M) | Time:00:00.12 | Mem:0.00M, Peak:0.00M | Scene, ViewLayer | Synchronizing object | Breastplate.008
Fra:1 Mem:153.12M (Peak 153.12M) | Time:00:00.12 | Mem:0.00M, Peak:0.00M | Scene, ViewLayer | Synchronizing object | Glove.020
Fra:1 Mem:153.16M (Peak 153.16M) | Time:00:00.12 | Mem:0.00M, Peak:0.00M | Scene, ViewLayer | Synchronizing object | Belt.008
Fra:1 Mem:153.19M (Peak 153.19M) | Time:00:00.12 | Mem:0.00M, Peak:0.00M | Scene, ViewLayer | Synchronizing object | Sleeve.020
Fra:1 Mem:153.22M (Peak 153.22M) | Time:00:00.12 | Mem:0.00M, Peak:0.00M | Scene, ViewLayer | Synchronizing object | Buckle.008
Fra:1 Mem:153.25M (Peak 153.25M) | Time:00:00.12 | Mem:0.00M, Peak:0.00M | Scene, ViewLayer | Synchronizing object | Buckle.010
Fra:1 Mem:153.28M (Peak 153.28M) | Time:00:00.12 | Mem:0.00M, Peak:0.00M | Scene, ViewLayer | Synchronizing object | Sleeve.016
Fra:1 Mem:153.31M (Peak 153.31M) | Time:00:00.12 | Mem:0.00M, Peak:0.00M | Scene, ViewLayer | Synchronizing object | Belt.010
Fra:1 Mem:153.35M (Peak 153.35M) | Time:00:00.12 | Mem:0.00M, Peak:0.00M | Scene, ViewLayer | Synchronizing object | Glove.016
Fra:1 Mem:153.35M (Peak 153.35M) | Time:00:00.12 | Mem:0.00M, Peak:0.00M | Scene, ViewLayer | Synchronizing object | Breastplate.010
Fra:1 Mem:153.42M (Peak 153.42M) | Time:00:00.12 | Mem:0.00M, Peak:0.00M | Scene, ViewLayer | Synchronizing object | Knee Guard.019
Fra:1 Mem:153.46M (Peak 153.46M) | Time:00:00.12 | Mem:0.00M, Peak:0.00M | Scene, ViewLayer | Synchronizing object | Forearm Bracer.016
Fra:1 Mem:153.49M (Peak 153.49M) | Time:00:00.12 | Mem:0.00M, Peak:0.00M | Scene, ViewLayer | Synchronizing object | Shin Guard.019
Fra:1 Mem:153.53M (Peak 153.53M) | Time:00:00.12 | Mem:0.00M, Peak:0.00M | Scene, ViewLayer | Synchronizing object | Cuff Trim.016
Fra:1 Mem:153.55M (Peak 153.55M) | Time:00:00.12 | Mem:0.00M, Peak:0.00M | Scene, ViewLayer | Synchronizing object | Boot.019
Fra:1 Mem:153.56M (Peak 153.56M) | Time:00:00.12 | Mem:0.00M, Peak:0.00M | Scene, ViewLayer | Synchronizing object | Arrow rest
Fra:1 Mem:153.57M (Peak 153.57M) | Time:00:00.12 | Mem:0.00M, Peak:0.00M | Scene, ViewLayer | Synchronizing object | Arrow Shaft
Fra:1 Mem:153.57M (Peak 153.57M) | Time:00:00.12 | Mem:0.00M, Peak:0.00M | Scene, ViewLayer | Synchronizing object | Trouser.019
Fra:1 Mem:153.60M (Peak 153.60M) | Time:00:00.12 | Mem:0.00M, Peak:0.00M | Scene, ViewLayer | Synchronizing object | Arrow Head
Fra:1 Mem:153.61M (Peak 153.61M) | Time:00:00.12 | Mem:0.00M, Peak:0.00M | Scene, ViewLayer | Synchronizing object | Arrow Fletching
Fra:1 Mem:153.61M (Peak 153.61M) | Time:00:00.12 | Mem:0.00M, Peak:0.00M | Scene, ViewLayer | Synchronizing object | Arrow Fletching.001
Fra:1 Mem:153.62M (Peak 153.62M) | Time:00:00.12 | Mem:0.00M, Peak:0.00M | Scene, ViewLayer | Synchronizing object | Knee Guard.018
Fra:1 Mem:153.63M (Peak 153.63M) | Time:00:00.12 | Mem:0.00M, Peak:0.00M | Scene, ViewLayer | Synchronizing object | Arrow Fletching.002
Fra:1 Mem:153.66M (Peak 153.66M) | Time:00:00.12 | Mem:0.00M, Peak:0.00M | Scene, ViewLayer | Synchronizing object | Bow grip
Fra:1 Mem:153.66M (Peak 153.66M) | Time:00:00.12 | Mem:0.00M, Peak:0.00M | Scene, ViewLayer | Synchronizing object | Layered bow limb
Fra:1 Mem:153.67M (Peak 153.67M) | Time:00:00.12 | Mem:0.00M, Peak:0.00M | Scene, ViewLayer | Synchronizing object | Shin Guard.018
Fra:1 Mem:153.68M (Peak 153.68M) | Time:00:00.12 | Mem:0.00M, Peak:0.00M | Scene, ViewLayer | Synchronizing object | Layered bow limb.001
Fra:1 Mem:153.71M (Peak 153.71M) | Time:00:00.12 | Mem:0.00M, Peak:0.00M | Scene, ViewLayer | Synchronizing object | Layered bow limb.002
Fra:1 Mem:153.72M (Peak 153.72M) | Time:00:00.12 | Mem:0.00M, Peak:0.00M | Scene, ViewLayer | Synchronizing object | Layered bow limb.003
Fra:1 Mem:153.73M (Peak 153.73M) | Time:00:00.12 | Mem:0.00M, Peak:0.00M | Scene, ViewLayer | Synchronizing object | Boot.018
Fra:1 Mem:153.74M (Peak 153.74M) | Time:00:00.12 | Mem:0.00M, Peak:0.00M | Scene, ViewLayer | Synchronizing object | Bow tip
Fra:1 Mem:153.75M (Peak 153.75M) | Time:00:00.12 | Mem:0.00M, Peak:0.00M | Scene, ViewLayer | Synchronizing object | Layered bow limb.004
Fra:1 Mem:153.76M (Peak 153.76M) | Time:00:00.12 | Mem:0.00M, Peak:0.00M | Scene, ViewLayer | Synchronizing object | Trouser.018
Fra:1 Mem:153.79M (Peak 153.79M) | Time:00:00.12 | Mem:0.00M, Peak:0.00M | Scene, ViewLayer | Synchronizing object | Layered bow limb.005
Fra:1 Mem:153.80M (Peak 153.80M) | Time:00:00.12 | Mem:0.00M, Peak:0.00M | Scene, ViewLayer | Synchronizing object | Layered bow limb.006
Fra:1 Mem:153.81M (Peak 153.81M) | Time:00:00.12 | Mem:0.00M, Peak:0.00M | Scene, ViewLayer | Synchronizing object | Layered bow limb.007
Fra:1 Mem:153.82M (Peak 153.82M) | Time:00:00.12 | Mem:0.00M, Peak:0.00M | Scene, ViewLayer | Synchronizing object | Wing clasp.004
Fra:1 Mem:153.84M (Peak 153.84M) | Time:00:00.12 | Mem:0.00M, Peak:0.00M | Scene, ViewLayer | Synchronizing object | Bow tip.001
Fra:1 Mem:153.85M (Peak 153.85M) | Time:00:00.12 | Mem:0.00M, Peak:0.00M | Scene, ViewLayer | Synchronizing object | Tailored shoulder mantle.008
Fra:1 Mem:153.89M (Peak 153.89M) | Time:00:00.12 | Mem:0.00M, Peak:0.00M | Scene, ViewLayer | Synchronizing object | Star-ring focus crystal.039
Fra:1 Mem:153.91M (Peak 153.91M) | Time:00:00.12 | Mem:0.00M, Peak:0.00M | Scene, ViewLayer | Synchronizing object | Sleeve.017
Fra:1 Mem:153.96M (Peak 153.96M) | Time:00:00.12 | Mem:0.00M, Peak:0.00M | Scene, ViewLayer | Synchronizing object | Star-ring radial vane.039
Fra:1 Mem:153.99M (Peak 153.99M) | Time:00:00.12 | Mem:0.00M, Peak:0.00M | Scene, ViewLayer | Synchronizing object | Glove.017
Fra:1 Mem:154.02M (Peak 154.02M) | Time:00:00.12 | Mem:0.00M, Peak:0.00M | Scene, ViewLayer | Synchronizing object | Star-ring focus crystal.038
Fra:1 Mem:154.05M (Peak 154.05M) | Time:00:00.12 | Mem:0.00M, Peak:0.00M | Scene, ViewLayer | Synchronizing object | Forearm Bracer.017
Fra:1 Mem:154.09M (Peak 154.09M) | Time:00:00.12 | Mem:0.00M, Peak:0.00M | Scene, ViewLayer | Synchronizing object | Star-ring radial vane.038
Fra:1 Mem:154.12M (Peak 154.12M) | Time:00:00.12 | Mem:0.00M, Peak:0.00M | Scene, ViewLayer | Synchronizing object | Cuff Trim.017
Fra:1 Mem:154.14M (Peak 154.14M) | Time:00:00.12 | Mem:0.00M, Peak:0.00M | Scene, ViewLayer | Synchronizing object | Star-ring focus crystal.037
Fra:1 Mem:154.15M (Peak 154.15M) | Time:00:00.12 | Mem:0.00M, Peak:0.00M | Scene, ViewLayer | Synchronizing object | Tailored Cloak.008
Fra:1 Mem:154.18M (Peak 154.18M) | Time:00:00.12 | Mem:0.00M, Peak:0.00M | Scene, ViewLayer | Synchronizing object | Quiver
Fra:1 Mem:154.20M (Peak 154.20M) | Time:00:00.12 | Mem:0.00M, Peak:0.00M | Scene, ViewLayer | Synchronizing object | Star-ring radial vane.037
Fra:1 Mem:154.22M (Peak 154.22M) | Time:00:00.12 | Mem:0.00M, Peak:0.00M | Scene, ViewLayer | Synchronizing object | Spare Arrow
Fra:1 Mem:154.24M (Peak 154.24M) | Time:00:00.12 | Mem:0.00M, Peak:0.00M | Scene, ViewLayer | Synchronizing object | Spare Arrow.001
Fra:1 Mem:154.25M (Peak 154.25M) | Time:00:00.12 | Mem:0.00M, Peak:0.00M | Scene, ViewLayer | Synchronizing object | Star-ring focus crystal.036
Fra:1 Mem:154.27M (Peak 154.27M) | Time:00:00.12 | Mem:0.00M, Peak:0.00M | Scene, ViewLayer | Synchronizing object | Spare Arrow.002
Fra:1 Mem:154.29M (Peak 154.29M) | Time:00:00.12 | Mem:0.00M, Peak:0.00M | Scene, ViewLayer | Synchronizing object | Collar.008
Fra:1 Mem:154.30M (Peak 154.30M) | Time:00:00.12 | Mem:0.00M, Peak:0.00M | Scene, ViewLayer | Synchronizing object | Star-ring radial vane.036
Fra:1 Mem:154.33M (Peak 154.33M) | Time:00:00.12 | Mem:0.00M, Peak:0.00M | Scene, ViewLayer | Synchronizing object | Star-ring focus crystal.035
Fra:1 Mem:154.37M (Peak 154.37M) | Time:00:00.12 | Mem:0.00M, Peak:0.00M | Scene, ViewLayer | Synchronizing object | Star-ring radial vane.035
Fra:1 Mem:154.40M (Peak 154.40M) | Time:00:00.12 | Mem:0.00M, Peak:0.00M | Scene, ViewLayer | Synchronizing object | Star-ring focus crystal.034
Fra:1 Mem:154.43M (Peak 154.43M) | Time:00:00.12 | Mem:0.00M, Peak:0.00M | Scene, ViewLayer | Synchronizing object | Star-ring radial vane.034
Fra:1 Mem:154.46M (Peak 154.46M) | Time:00:00.12 | Mem:0.00M, Peak:0.00M | Scene, ViewLayer | Synchronizing object | Scarf
Fra:1 Mem:154.49M (Peak 154.49M) | Time:00:00.12 | Mem:0.00M, Peak:0.00M | Scene, ViewLayer | Synchronizing object | Star-ring focus crystal.033
Fra:1 Mem:154.53M (Peak 154.53M) | Time:00:00.12 | Mem:0.00M, Peak:0.00M | Scene, ViewLayer | Synchronizing object | Scarf Tail
Fra:1 Mem:154.56M (Peak 154.56M) | Time:00:00.12 | Mem:0.00M, Peak:0.00M | Scene, ViewLayer | Synchronizing object | Star-ring radial vane.033
Fra:1 Mem:154.59M (Peak 154.59M) | Time:00:00.12 | Mem:0.00M, Peak:0.00M | Scene, ViewLayer | Synchronizing object | Head.008
Fra:1 Mem:154.62M (Peak 154.62M) | Time:00:00.12 | Mem:0.00M, Peak:0.00M | Scene, ViewLayer | Synchronizing object | Star-ring focus crystal.032
Fra:1 Mem:154.63M (Peak 154.63M) | Time:00:00.12 | Mem:0.00M, Peak:0.00M | Scene, ViewLayer | Synchronizing object | Eyes L.008
Fra:1 Mem:154.67M (Peak 154.67M) | Time:00:00.12 | Mem:0.00M, Peak:0.00M | Scene, ViewLayer | Synchronizing object | Eyes R.008
Fra:1 Mem:154.70M (Peak 154.70M) | Time:00:00.12 | Mem:0.00M, Peak:0.00M | Scene, ViewLayer | Synchronizing object | Forest Hood
Fra:1 Mem:154.74M (Peak 154.74M) | Time:00:00.12 | Mem:0.00M, Peak:0.00M | Scene, ViewLayer | Synchronizing object | Feather
Fra:1 Mem:154.80M (Peak 154.80M) | Time:00:00.12 | Mem:0.00M, Peak:0.00M | Scene, ViewLayer | Synchronizing object | Hair Side Lock.016
Fra:1 Mem:154.80M (Peak 154.80M) | Time:00:00.12 | Mem:0.00M, Peak:0.00M | Scene, ViewLayer | Synchronizing object | Star-ring radial vane.032
Fra:1 Mem:154.87M (Peak 154.87M) | Time:00:00.12 | Mem:0.00M, Peak:0.00M | Scene, ViewLayer | Synchronizing object | Ear.016
Fra:1 Mem:154.89M (Peak 154.89M) | Time:00:00.12 | Mem:0.00M, Peak:0.00M | Scene, ViewLayer | Synchronizing object | Inclined inner astrolabe.004
Fra:1 Mem:154.94M (Peak 154.94M) | Time:00:00.12 | Mem:0.00M, Peak:0.00M | Scene, ViewLayer | Synchronizing object | Hair Side Lock.017
Fra:1 Mem:154.98M (Peak 154.98M) | Time:00:00.12 | Mem:0.00M, Peak:0.00M | Scene, ViewLayer | Synchronizing object | Bronze outer astrolabe.004
Fra:1 Mem:155.03M (Peak 155.03M) | Time:00:00.12 | Mem:0.00M, Peak:0.00M | Scene, ViewLayer | Synchronizing object | Ear.017
Fra:1 Mem:155.07M (Peak 155.07M) | Time:00:00.12 | Mem:0.00M, Peak:0.00M | Scene, ViewLayer | Synchronizing object | Hunter quiver harness.001
Fra:1 Mem:155.08M (Peak 155.08M) | Time:00:00.12 | Mem:0.00M, Peak:0.00M | Scene, ViewLayer | Synchronizing object | Nose.008
Fra:1 Mem:155.13M (Peak 155.13M) | Time:00:00.12 | Mem:0.00M, Peak:0.00M | Scene, ViewLayer | Synchronizing object | Costume fastening.005
Fra:1 Mem:155.15M (Peak 155.15M) | Time:00:00.12 | Mem:0.00M, Peak:0.00M | Scene, ViewLayer | Synchronizing object | Asymmetric leather chest wrap
Fra:1 Mem:155.20M (Peak 155.20M) | Time:00:00.12 | Mem:0.00M, Peak:0.00M | Scene, ViewLayer | Synchronizing object | Asymmetric leather chest wrap.001
Fra:1 Mem:155.20M (Peak 155.20M) | Time:00:00.12 | Mem:0.00M, Peak:0.00M | Scene, ViewLayer | Synchronizing object | Costume fastening.004
Fra:1 Mem:155.26M (Peak 155.26M) | Time:00:00.12 | Mem:0.00M, Peak:0.00M | Scene, ViewLayer | Synchronizing object | Nose.009
Fra:1 Mem:155.28M (Peak 155.28M) | Time:00:00.12 | Mem:0.00M, Peak:0.00M | Scene, ViewLayer | Synchronizing object | Hunter quiver harness
Fra:1 Mem:155.32M (Peak 155.32M) | Time:00:00.12 | Mem:0.00M, Peak:0.00M | Scene, ViewLayer | Synchronizing object | Ear.019
Fra:1 Mem:155.34M (Peak 155.34M) | Time:00:00.12 | Mem:0.00M, Peak:0.00M | Scene, ViewLayer | Synchronizing object | Trouser.016
Fra:1 Mem:155.39M (Peak 155.39M) | Time:00:00.12 | Mem:0.00M, Peak:0.00M | Scene, ViewLayer | Synchronizing object | Hair Side Lock.019
Fra:1 Mem:155.40M (Peak 155.40M) | Time:00:00.12 | Mem:0.00M, Peak:0.00M | Scene, ViewLayer | Synchronizing object | Boot.016
Fra:1 Mem:155.45M (Peak 155.45M) | Time:00:00.12 | Mem:0.00M, Peak:0.00M | Scene, ViewLayer | Synchronizing object | Shin Guard.016
Fra:1 Mem:155.48M (Peak 155.48M) | Time:00:00.12 | Mem:0.00M, Peak:0.00M | Scene, ViewLayer | Synchronizing object | Ear.018
Fra:1 Mem:155.52M (Peak 155.52M) | Time:00:00.12 | Mem:0.00M, Peak:0.00M | Scene, ViewLayer | Synchronizing object | Knee Guard.016
Fra:1 Mem:155.55M (Peak 155.55M) | Time:00:00.12 | Mem:0.00M, Peak:0.00M | Scene, ViewLayer | Synchronizing object | Hair Side Lock.018
Fra:1 Mem:155.59M (Peak 155.59M) | Time:00:00.12 | Mem:0.00M, Peak:0.00M | Scene, ViewLayer | Synchronizing object | Trouser.017
Fra:1 Mem:155.63M (Peak 155.63M) | Time:00:00.12 | Mem:0.00M, Peak:0.00M | Scene, ViewLayer | Synchronizing object | Feather.001
Fra:1 Mem:155.66M (Peak 155.66M) | Time:00:00.12 | Mem:0.00M, Peak:0.00M | Scene, ViewLayer | Synchronizing object | Boot.017
Fra:1 Mem:155.69M (Peak 155.69M) | Time:00:00.12 | Mem:0.00M, Peak:0.00M | Scene, ViewLayer | Synchronizing object | Shin Guard.017
Fra:1 Mem:155.70M (Peak 155.70M) | Time:00:00.12 | Mem:0.00M, Peak:0.00M | Scene, ViewLayer | Synchronizing object | Forest Hood.001
Fra:1 Mem:155.75M (Peak 155.75M) | Time:00:00.12 | Mem:0.00M, Peak:0.00M | Scene, ViewLayer | Synchronizing object | Knee Guard.017
Fra:1 Mem:155.78M (Peak 155.78M) | Time:00:00.12 | Mem:0.00M, Peak:0.00M | Scene, ViewLayer | Synchronizing object | Eyes R.009
Fra:1 Mem:155.82M (Peak 155.82M) | Time:00:00.12 | Mem:0.00M, Peak:0.00M | Scene, ViewLayer | Synchronizing object | Breastplate.009
Fra:1 Mem:155.85M (Peak 155.85M) | Time:00:00.12 | Mem:0.00M, Peak:0.00M | Scene, ViewLayer | Synchronizing object | Eyes L.009
Fra:1 Mem:155.90M (Peak 155.90M) | Time:00:00.12 | Mem:0.00M, Peak:0.00M | Scene, ViewLayer | Synchronizing object | Belt.009
Fra:1 Mem:155.92M (Peak 155.92M) | Time:00:00.12 | Mem:0.00M, Peak:0.00M | Scene, ViewLayer | Synchronizing object | Head.009
Fra:1 Mem:155.96M (Peak 155.96M) | Time:00:00.12 | Mem:0.00M, Peak:0.00M | Scene, ViewLayer | Synchronizing object | Buckle.009
Fra:1 Mem:155.99M (Peak 155.99M) | Time:00:00.12 | Mem:0.00M, Peak:0.00M | Scene, ViewLayer | Synchronizing object | Scarf Tail.001
Fra:1 Mem:156.01M (Peak 156.01M) | Time:00:00.12 | Mem:0.00M, Peak:0.00M | Scene, ViewLayer | Synchronizing object | Sleeve.018
Fra:1 Mem:156.06M (Peak 156.06M) | Time:00:00.12 | Mem:0.00M, Peak:0.00M | Scene, ViewLayer | Synchronizing object | Scarf.001
Fra:1 Mem:156.08M (Peak 156.08M) | Time:00:00.12 | Mem:0.00M, Peak:0.00M | Scene, ViewLayer | Synchronizing object | Glove.018
Fra:1 Mem:156.12M (Peak 156.12M) | Time:00:00.12 | Mem:0.00M, Peak:0.00M | Scene, ViewLayer | Synchronizing object | Collar.009
Fra:1 Mem:156.14M (Peak 156.14M) | Time:00:00.12 | Mem:0.00M, Peak:0.00M | Scene, ViewLayer | Synchronizing object | Forearm Bracer.018
Fra:1 Mem:156.14M (Peak 156.14M) | Time:00:00.12 | Mem:0.00M, Peak:0.00M | Scene, ViewLayer | Synchronizing object | Spare Arrow.005
Fra:1 Mem:156.18M (Peak 156.18M) | Time:00:00.12 | Mem:0.00M, Peak:0.00M | Scene, ViewLayer | Synchronizing object | Spare Arrow.004
Fra:1 Mem:156.20M (Peak 156.20M) | Time:00:00.12 | Mem:0.00M, Peak:0.00M | Scene, ViewLayer | Synchronizing object | Cuff Trim.018
Fra:1 Mem:156.20M (Peak 156.20M) | Time:00:00.12 | Mem:0.00M, Peak:0.00M | Scene, ViewLayer | Synchronizing object | Spare Arrow.003
Fra:1 Mem:156.22M (Peak 156.22M) | Time:00:00.12 | Mem:0.00M, Peak:0.00M | Scene, ViewLayer | Synchronizing object | Arrow rest.001
Fra:1 Mem:156.22M (Peak 156.22M) | Time:00:00.12 | Mem:0.00M, Peak:0.00M | Scene, ViewLayer | Synchronizing object | Quiver.001
Fra:1 Mem:156.23M (Peak 156.23M) | Time:00:00.12 | Mem:0.00M, Peak:0.00M | Scene, ViewLayer | Synchronizing object | Arrow Shaft.001
Fra:1 Mem:156.24M (Peak 156.24M) | Time:00:00.12 | Mem:0.00M, Peak:0.00M | Scene, ViewLayer | Synchronizing object | Tailored Cloak.009
Fra:1 Mem:156.25M (Peak 156.25M) | Time:00:00.12 | Mem:0.00M, Peak:0.00M | Scene, ViewLayer | Synchronizing object | Arrow Head.001
Fra:1 Mem:156.26M (Peak 156.26M) | Time:00:00.12 | Mem:0.00M, Peak:0.00M | Scene, ViewLayer | Synchronizing object | Cuff Trim.019
Fra:1 Mem:156.26M (Peak 156.26M) | Time:00:00.12 | Mem:0.00M, Peak:0.00M | Scene, ViewLayer | Synchronizing object | Arrow Fletching.003
Fra:1 Mem:156.27M (Peak 156.27M) | Time:00:00.12 | Mem:0.00M, Peak:0.00M | Scene, ViewLayer | Synchronizing object | Forearm Bracer.019
Fra:1 Mem:156.28M (Peak 156.28M) | Time:00:00.12 | Mem:0.00M, Peak:0.00M | Scene, ViewLayer | Synchronizing object | Arrow Fletching.004
Fra:1 Mem:156.31M (Peak 156.31M) | Time:00:00.12 | Mem:0.00M, Peak:0.00M | Scene, ViewLayer | Synchronizing object | Arrow Fletching.005
Fra:1 Mem:156.31M (Peak 156.31M) | Time:00:00.12 | Mem:0.00M, Peak:0.00M | Scene, ViewLayer | Synchronizing object | Bow grip.001
Fra:1 Mem:156.32M (Peak 156.32M) | Time:00:00.12 | Mem:0.00M, Peak:0.00M | Scene, ViewLayer | Synchronizing object | Layered bow limb.008
Fra:1 Mem:156.33M (Peak 156.33M) | Time:00:00.12 | Mem:0.00M, Peak:0.00M | Scene, ViewLayer | Synchronizing object | Glove.019
Fra:1 Mem:156.35M (Peak 156.35M) | Time:00:00.12 | Mem:0.00M, Peak:0.00M | Scene, ViewLayer | Synchronizing object | Layered bow limb.009
Fra:1 Mem:156.37M (Peak 156.37M) | Time:00:00.12 | Mem:0.00M, Peak:0.00M | Scene, ViewLayer | Synchronizing object | Layered bow limb.010
Fra:1 Mem:156.38M (Peak 156.38M) | Time:00:00.12 | Mem:0.00M, Peak:0.00M | Scene, ViewLayer | Synchronizing object | Layered bow limb.011
Fra:1 Mem:156.39M (Peak 156.39M) | Time:00:00.12 | Mem:0.00M, Peak:0.00M | Scene, ViewLayer | Synchronizing object | Sleeve.019
Fra:1 Mem:156.39M (Peak 156.39M) | Time:00:00.12 | Mem:0.00M, Peak:0.00M | Scene, ViewLayer | Synchronizing object | Bow tip.002
Fra:1 Mem:156.42M (Peak 156.42M) | Time:00:00.12 | Mem:0.00M, Peak:0.00M | Scene, ViewLayer | Synchronizing object | Layered bow limb.012
Fra:1 Mem:156.43M (Peak 156.43M) | Time:00:00.12 | Mem:0.00M, Peak:0.00M | Scene, ViewLayer | Synchronizing object | Layered bow limb.013
Fra:1 Mem:156.44M (Peak 156.44M) | Time:00:00.12 | Mem:0.00M, Peak:0.00M | Scene, ViewLayer | Synchronizing object | Tailored shoulder mantle.009
Fra:1 Mem:156.45M (Peak 156.45M) | Time:00:00.12 | Mem:0.00M, Peak:0.00M | Scene, ViewLayer | Synchronizing object | Layered bow limb.014
Fra:1 Mem:156.48M (Peak 156.48M) | Time:00:00.12 | Mem:0.00M, Peak:0.00M | Scene, ViewLayer | Synchronizing object | Layered bow limb.015
Fra:1 Mem:156.49M (Peak 156.49M) | Time:00:00.12 | Mem:0.00M, Peak:0.00M | Scene, ViewLayer | Synchronizing object | Fashion bow limb crest.001
Fra:1 Mem:156.50M (Peak 156.50M) | Time:00:00.12 | Mem:0.00M, Peak:0.00M | Scene, ViewLayer | Synchronizing object | Bow tip.003
Fra:1 Mem:156.51M (Peak 156.51M) | Time:00:00.12 | Mem:0.00M, Peak:0.00M | Scene, ViewLayer | Synchronizing object | Fashion bow limb crest
Fra:1 Mem:156.53M (Peak 156.53M) | Time:00:00.12 | Mem:0.00M, Peak:0.00M | Scene, ViewLayer | Initializing
Fra:1 Mem:111.70M (Peak 156.53M) | Time:00:00.15 | Mem:0.00M, Peak:0.00M | Scene, ViewLayer | Waiting for render to start
Fra:1 Mem:111.70M (Peak 156.53M) | Time:00:00.15 | Mem:0.00M, Peak:0.00M | Scene, ViewLayer | Loading render kernels (may take a few minutes the first time)
Fra:1 Mem:111.70M (Peak 156.53M) | Time:00:00.15 | Mem:0.00M, Peak:0.00M | Scene, ViewLayer | Updating Scene
Fra:1 Mem:111.70M (Peak 156.53M) | Time:00:00.15 | Mem:0.00M, Peak:0.00M | Scene, ViewLayer | Updating Shaders
Fra:1 Mem:111.81M (Peak 156.53M) | Time:00:00.15 | Mem:0.04M, Peak:0.04M | Scene, ViewLayer | Updating Procedurals
Fra:1 Mem:111.81M (Peak 156.53M) | Time:00:00.15 | Mem:0.04M, Peak:0.04M | Scene, ViewLayer | Updating Background
Fra:1 Mem:111.81M (Peak 156.53M) | Time:00:00.15 | Mem:0.04M, Peak:0.04M | Scene, ViewLayer | Updating Camera
Fra:1 Mem:111.81M (Peak 156.53M) | Time:00:00.15 | Mem:0.04M, Peak:0.04M | Scene, ViewLayer | Updating Meshes Flags
Fra:1 Mem:111.81M (Peak 156.53M) | Time:00:00.15 | Mem:0.04M, Peak:0.04M | Scene, ViewLayer | Updating Objects
Fra:1 Mem:111.81M (Peak 156.53M) | Time:00:00.15 | Mem:0.04M, Peak:0.04M | Scene, ViewLayer | Updating Objects | Copying Transformations to device
Fra:1 Mem:112.11M (Peak 156.53M) | Time:00:00.15 | Mem:0.33M, Peak:0.33M | Scene, ViewLayer | Updating Objects | Applying Static Transformations
Fra:1 Mem:112.11M (Peak 156.53M) | Time:00:00.15 | Mem:0.33M, Peak:0.33M | Scene, ViewLayer | Updating Particle Systems
Fra:1 Mem:112.11M (Peak 156.53M) | Time:00:00.15 | Mem:0.33M, Peak:0.33M | Scene, ViewLayer | Updating Particle Systems | Copying Particles to device
Fra:1 Mem:112.11M (Peak 156.53M) | Time:00:00.15 | Mem:0.33M, Peak:0.33M | Scene, ViewLayer | Updating Meshes
Fra:1 Mem:117.05M (Peak 156.53M) | Time:00:00.16 | Mem:0.33M, Peak:0.33M | Scene, ViewLayer | Updating Mesh | Computing attributes
Fra:1 Mem:120.08M (Peak 156.53M) | Time:00:00.16 | Mem:0.40M, Peak:0.40M | Scene, ViewLayer | Updating Mesh | Copying Attributes to device
Fra:1 Mem:119.89M (Peak 156.53M) | Time:00:00.16 | Mem:3.16M, Peak:3.16M | Scene, ViewLayer | Updating Scene BVH | Building
Fra:1 Mem:119.91M (Peak 156.53M) | Time:00:00.16 | Mem:3.16M, Peak:3.16M | Scene, ViewLayer | Updating Scene BVH | Building BVH
Fra:1 Mem:119.91M (Peak 156.53M) | Time:00:00.16 | Mem:13.03M, Peak:13.03M | Scene, ViewLayer | Updating Scene BVH | Building BVH 0%
Fra:1 Mem:119.91M (Peak 156.53M) | Time:00:00.21 | Mem:23.77M, Peak:33.65M | Scene, ViewLayer | Updating Scene BVH | Copying BVH to device
Fra:1 Mem:119.91M (Peak 156.53M) | Time:00:00.21 | Mem:23.77M, Peak:33.65M | Scene, ViewLayer | Updating Mesh | Computing normals
Fra:1 Mem:133.44M (Peak 156.53M) | Time:00:00.21 | Mem:23.77M, Peak:33.65M | Scene, ViewLayer | Updating Mesh | Copying Mesh to device
Fra:1 Mem:133.44M (Peak 156.53M) | Time:00:00.21 | Mem:37.30M, Peak:37.30M | Scene, ViewLayer | Updating Objects Flags
Fra:1 Mem:133.44M (Peak 156.53M) | Time:00:00.21 | Mem:37.31M, Peak:37.31M | Scene, ViewLayer | Updating Primitive Offsets
Fra:1 Mem:133.44M (Peak 156.53M) | Time:00:00.21 | Mem:37.32M, Peak:37.32M | Scene, ViewLayer | Updating Images
Fra:1 Mem:133.44M (Peak 156.53M) | Time:00:00.21 | Mem:37.32M, Peak:37.32M | Scene, ViewLayer | Updating Camera Volume
Fra:1 Mem:133.44M (Peak 156.53M) | Time:00:00.21 | Mem:37.32M, Peak:37.32M | Scene, ViewLayer | Updating Lookup Tables
Fra:1 Mem:133.44M (Peak 156.53M) | Time:00:00.21 | Mem:37.40M, Peak:37.40M | Scene, ViewLayer | Updating Lights
Fra:1 Mem:133.44M (Peak 156.53M) | Time:00:00.21 | Mem:37.40M, Peak:37.40M | Scene, ViewLayer | Updating Lights | Computing tree
Fra:1 Mem:133.45M (Peak 156.53M) | Time:00:00.21 | Mem:37.41M, Peak:37.41M | Scene, ViewLayer | Updating Integrator
Fra:1 Mem:133.45M (Peak 156.53M) | Time:00:00.21 | Mem:37.41M, Peak:37.41M | Scene, ViewLayer | Updating Film
Fra:1 Mem:133.46M (Peak 156.53M) | Time:00:00.21 | Mem:37.33M, Peak:37.41M | Scene, ViewLayer | Updating Lookup Tables
Fra:1 Mem:133.46M (Peak 156.53M) | Time:00:00.21 | Mem:37.41M, Peak:37.41M | Scene, ViewLayer | Updating Baking
Fra:1 Mem:133.46M (Peak 156.53M) | Time:00:00.21 | Mem:37.41M, Peak:37.41M | Scene, ViewLayer | Updating Device | Writing constant memory
Fra:1 Mem:133.48M (Peak 156.53M) | Time:00:00.21 | Mem:37.41M, Peak:37.41M | Scene, ViewLayer | Sample 0/12
Fra:1 Mem:276.99M (Peak 276.99M) | Time:00:05.32 | Remaining:00:56.18 | Mem:180.92M, Peak:180.92M | Scene, ViewLayer | Sample 1/12
Fra:1 Mem:276.99M (Peak 276.99M) | Time:00:25.53 | Remaining:00:35.44 | Mem:180.92M, Peak:180.92M | Scene, ViewLayer | Sample 5/12
Fra:1 Mem:276.99M (Peak 276.99M) | Time:00:50.18 | Remaining:00:16.65 | Mem:180.92M, Peak:180.92M | Scene, ViewLayer | Sample 9/12
Fra:1 Mem:340.78M (Peak 468.34M) | Time:01:16.83 | Mem:180.92M, Peak:180.92M | Scene, ViewLayer | Sample 12/12
Fra:1 Mem:340.78M (Peak 468.34M) | Time:01:16.83 | Mem:180.92M, Peak:180.92M | Scene, ViewLayer | Finished
Saved: '/workspace/scratch/blender-upgrade/f3-weapons/ArtSource/WeaponModules/Factory16-After.png'
Time: 01:17.58 (Saving: 00:00.74)

Fra:1 Mem:43.63M (Peak 43.63M) | Time:00:00.01 | Mem:0.00M, Peak:0.00M | Scene, ViewLayer | Synchronizing object | Plane
Fra:1 Mem:43.64M (Peak 43.64M) | Time:00:00.01 | Mem:0.00M, Peak:0.00M | Scene, ViewLayer | Synchronizing object | Text
Fra:1 Mem:43.64M (Peak 43.64M) | Time:00:00.01 | Mem:0.00M, Peak:0.00M | Scene, ViewLayer | Synchronizing object | Wrapped grip
Fra:1 Mem:43.68M (Peak 43.68M) | Time:00:00.01 | Mem:0.00M, Peak:0.00M | Scene, ViewLayer | Synchronizing object | Faceted pommel
Fra:1 Mem:43.73M (Peak 43.73M) | Time:00:00.01 | Mem:0.00M, Peak:0.00M | Scene, ViewLayer | Synchronizing object | Swept guard
Fra:1 Mem:43.75M (Peak 43.75M) | Time:00:00.01 | Mem:0.00M, Peak:0.00M | Scene, ViewLayer | Synchronizing object | Text.001
Fra:1 Mem:43.75M (Peak 43.75M) | Time:00:00.01 | Mem:0.00M, Peak:0.00M | Scene, ViewLayer | Synchronizing object | Tiered blade
Fra:1 Mem:43.80M (Peak 43.80M) | Time:00:00.01 | Mem:0.00M, Peak:0.00M | Scene, ViewLayer | Synchronizing object | Blade spine
Fra:1 Mem:43.86M (Peak 43.86M) | Time:00:00.01 | Mem:0.00M, Peak:0.00M | Scene, ViewLayer | Synchronizing object | Wrapped grip.001
Fra:1 Mem:43.88M (Peak 43.88M) | Time:00:00.01 | Mem:0.00M, Peak:0.00M | Scene, ViewLayer | Synchronizing object | Faceted pommel.001
Fra:1 Mem:43.93M (Peak 43.93M) | Time:00:00.01 | Mem:0.00M, Peak:0.00M | Scene, ViewLayer | Synchronizing object | Swept guard.001
Fra:1 Mem:43.95M (Peak 43.95M) | Time:00:00.01 | Mem:0.00M, Peak:0.00M | Scene, ViewLayer | Synchronizing object | Tiered blade.001
Fra:1 Mem:43.96M (Peak 43.96M) | Time:00:00.01 | Mem:0.00M, Peak:0.00M | Scene, ViewLayer | Synchronizing object | Blade spine.001
Fra:1 Mem:43.99M (Peak 43.99M) | Time:00:00.01 | Mem:0.00M, Peak:0.00M | Scene, ViewLayer | Synchronizing object | Fashion sword guard
Fra:1 Mem:44.03M (Peak 44.03M) | Time:00:00.01 | Mem:0.00M, Peak:0.00M | Scene, ViewLayer | Synchronizing object | Text.002
Fra:1 Mem:44.07M (Peak 44.07M) | Time:00:00.01 | Mem:0.00M, Peak:0.00M | Scene, ViewLayer | Synchronizing object | Fashion sword guard.001
Fra:1 Mem:44.13M (Peak 44.13M) | Time:00:00.01 | Mem:0.00M, Peak:0.00M | Scene, ViewLayer | Synchronizing object | Wrapped grip.002
Fra:1 Mem:44.15M (Peak 44.15M) | Time:00:00.01 | Mem:0.00M, Peak:0.00M | Scene, ViewLayer | Synchronizing object | Faceted pommel.002
Fra:1 Mem:44.18M (Peak 44.18M) | Time:00:00.01 | Mem:0.00M, Peak:0.00M | Scene, ViewLayer | Synchronizing object | Swept guard.002
Fra:1 Mem:44.20M (Peak 44.20M) | Time:00:00.01 | Mem:0.00M, Peak:0.00M | Scene, ViewLayer | Synchronizing object | Tiered blade.002
Fra:1 Mem:44.21M (Peak 44.21M) | Time:00:00.01 | Mem:0.00M, Peak:0.00M | Scene, ViewLayer | Synchronizing object | Blade spine.002
Fra:1 Mem:44.23M (Peak 44.23M) | Time:00:00.01 | Mem:0.00M, Peak:0.00M | Scene, ViewLayer | Synchronizing object | Text.003
Fra:1 Mem:44.30M (Peak 44.30M) | Time:00:00.01 | Mem:0.00M, Peak:0.00M | Scene, ViewLayer | Synchronizing object | Guard wing
Fra:1 Mem:44.36M (Peak 44.36M) | Time:00:00.01 | Mem:0.00M, Peak:0.00M | Scene, ViewLayer | Synchronizing object | Blade fang
Fra:1 Mem:44.41M (Peak 44.41M) | Time:00:00.01 | Mem:0.00M, Peak:0.00M | Scene, ViewLayer | Synchronizing object | Guard wing.001
Fra:1 Mem:44.44M (Peak 44.44M) | Time:00:00.01 | Mem:0.00M, Peak:0.00M | Scene, ViewLayer | Synchronizing object | Text.004
Fra:1 Mem:44.48M (Peak 44.48M) | Time:00:00.01 | Mem:0.00M, Peak:0.00M | Scene, ViewLayer | Synchronizing object | Blade fang.001
Fra:1 Mem:44.53M (Peak 44.53M) | Time:00:00.01 | Mem:0.00M, Peak:0.00M | Scene, ViewLayer | Synchronizing object | Blade rune
Fra:1 Mem:44.56M (Peak 44.56M) | Time:00:00.01 | Mem:0.00M, Peak:0.00M | Scene, ViewLayer | Synchronizing object | Text.005
Fra:1 Mem:44.56M (Peak 44.56M) | Time:00:00.01 | Mem:0.00M, Peak:0.00M | Scene, ViewLayer | Synchronizing object | Blade rune.001
Fra:1 Mem:44.70M (Peak 44.70M) | Time:00:00.01 | Mem:0.00M, Peak:0.00M | Scene, ViewLayer | Synchronizing object | Blade rune.002
Fra:1 Mem:44.74M (Peak 44.74M) | Time:00:00.02 | Mem:0.00M, Peak:0.00M | Scene, ViewLayer | Synchronizing object | Forging mark
Fra:1 Mem:44.81M (Peak 44.81M) | Time:00:00.02 | Mem:0.00M, Peak:0.00M | Scene, ViewLayer | Synchronizing object | Forging mark.001
Fra:1 Mem:44.83M (Peak 44.83M) | Time:00:00.02 | Mem:0.00M, Peak:0.00M | Scene, ViewLayer | Synchronizing object | Forging mark.002
Fra:1 Mem:44.87M (Peak 44.87M) | Time:00:00.02 | Mem:0.00M, Peak:0.00M | Scene, ViewLayer | Synchronizing object | Forging mark.003
Fra:1 Mem:44.90M (Peak 44.90M) | Time:00:00.02 | Mem:0.00M, Peak:0.00M | Scene, ViewLayer | Synchronizing object | Text.006
Fra:1 Mem:44.94M (Peak 44.94M) | Time:00:00.02 | Mem:0.00M, Peak:0.00M | Scene, ViewLayer | Synchronizing object | Forging mark.004
Fra:1 Mem:45.00M (Peak 45.00M) | Time:00:00.02 | Mem:0.00M, Peak:0.00M | Scene, ViewLayer | Synchronizing object | Forging mark.005
Fra:1 Mem:45.03M (Peak 45.03M) | Time:00:00.02 | Mem:0.00M, Peak:0.00M | Scene, ViewLayer | Synchronizing object | Forging mark.006
Fra:1 Mem:45.07M (Peak 45.07M) | Time:00:00.02 | Mem:0.00M, Peak:0.00M | Scene, ViewLayer | Synchronizing object | Forging mark.007
Fra:1 Mem:45.10M (Peak 45.10M) | Time:00:00.02 | Mem:0.00M, Peak:0.00M | Scene, ViewLayer | Synchronizing object | Text.007
Fra:1 Mem:45.18M (Peak 45.18M) | Time:00:00.02 | Mem:0.00M, Peak:0.00M | Scene, ViewLayer | Synchronizing object | Forging mark.008
Fra:1 Mem:45.25M (Peak 45.25M) | Time:00:00.02 | Mem:0.00M, Peak:0.00M | Scene, ViewLayer | Synchronizing object | Forging mark.009
Fra:1 Mem:45.28M (Peak 45.28M) | Time:00:00.02 | Mem:0.00M, Peak:0.00M | Scene, ViewLayer | Synchronizing object | Weapon aura shard
Fra:1 Mem:45.34M (Peak 45.34M) | Time:00:00.02 | Mem:0.00M, Peak:0.00M | Scene, ViewLayer | Synchronizing object | Weapon aura shard.001
Fra:1 Mem:45.38M (Peak 45.38M) | Time:00:00.02 | Mem:0.00M, Peak:0.00M | Scene, ViewLayer | Synchronizing object | Wrapped grip.003
Fra:1 Mem:45.39M (Peak 45.39M) | Time:00:00.02 | Mem:0.00M, Peak:0.00M | Scene, ViewLayer | Synchronizing object | Text.008
Fra:1 Mem:45.41M (Peak 45.41M) | Time:00:00.02 | Mem:0.00M, Peak:0.00M | Scene, ViewLayer | Synchronizing object | Faceted pommel.003
Fra:1 Mem:45.45M (Peak 45.45M) | Time:00:00.02 | Mem:0.00M, Peak:0.00M | Scene, ViewLayer | Synchronizing object | Swept guard.003
Fra:1 Mem:45.47M (Peak 45.47M) | Time:00:00.02 | Mem:0.00M, Peak:0.00M | Scene, ViewLayer | Synchronizing object | Tiered blade.003
Fra:1 Mem:45.47M (Peak 45.47M) | Time:00:00.02 | Mem:0.00M, Peak:0.00M | Scene, ViewLayer | Synchronizing object | Blade spine.003
Fra:1 Mem:45.50M (Peak 45.50M) | Time:00:00.02 | Mem:0.00M, Peak:0.00M | Scene, ViewLayer | Synchronizing object | Text.009
Fra:1 Mem:45.54M (Peak 45.54M) | Time:00:00.02 | Mem:0.00M, Peak:0.00M | Scene, ViewLayer | Synchronizing object | Guard wing.002
Fra:1 Mem:45.62M (Peak 45.62M) | Time:00:00.02 | Mem:0.00M, Peak:0.00M | Scene, ViewLayer | Synchronizing object | Blade fang.002
Fra:1 Mem:45.67M (Peak 45.67M) | Time:00:00.02 | Mem:0.00M, Peak:0.00M | Scene, ViewLayer | Synchronizing object | Guard wing.003
Fra:1 Mem:45.69M (Peak 45.69M) | Time:00:00.02 | Mem:0.00M, Peak:0.00M | Scene, ViewLayer | Synchronizing object | Blade fang.003
Fra:1 Mem:45.72M (Peak 45.72M) | Time:00:00.02 | Mem:0.00M, Peak:0.00M | Scene, ViewLayer | Synchronizing object | Blade rune.003
Fra:1 Mem:45.76M (Peak 45.76M) | Time:00:00.02 | Mem:0.00M, Peak:0.00M | Scene, ViewLayer | Synchronizing object | Blade rune.004
Fra:1 Mem:45.78M (Peak 45.78M) | Time:00:00.02 | Mem:0.00M, Peak:0.00M | Scene, ViewLayer | Synchronizing object | Text.010
Fra:1 Mem:45.82M (Peak 45.82M) | Time:00:00.02 | Mem:0.00M, Peak:0.00M | Scene, ViewLayer | Synchronizing object | Blade rune.005
Fra:1 Mem:45.86M (Peak 45.86M) | Time:00:00.02 | Mem:0.00M, Peak:0.00M | Scene, ViewLayer | Synchronizing object | Forging mark.010
Fra:1 Mem:45.90M (Peak 45.90M) | Time:00:00.02 | Mem:0.00M, Peak:0.00M | Scene, ViewLayer | Synchronizing object | Forging mark.011
Fra:1 Mem:45.94M (Peak 45.94M) | Time:00:00.02 | Mem:0.00M, Peak:0.00M | Scene, ViewLayer | Synchronizing object | Forging mark.012
Fra:1 Mem:45.96M (Peak 45.96M) | Time:00:00.02 | Mem:0.00M, Peak:0.00M | Scene, ViewLayer | Synchronizing object | Text.011
Fra:1 Mem:46.05M (Peak 46.05M) | Time:00:00.02 | Mem:0.00M, Peak:0.00M | Scene, ViewLayer | Synchronizing object | Forging mark.013
Fra:1 Mem:46.09M (Peak 46.09M) | Time:00:00.02 | Mem:0.00M, Peak:0.00M | Scene, ViewLayer | Synchronizing object | Forging mark.014
Fra:1 Mem:46.14M (Peak 46.14M) | Time:00:00.02 | Mem:0.00M, Peak:0.00M | Scene, ViewLayer | Synchronizing object | Forging mark.015
Fra:1 Mem:46.16M (Peak 46.16M) | Time:00:00.02 | Mem:0.00M, Peak:0.00M | Scene, ViewLayer | Synchronizing object | Text.012
Fra:1 Mem:46.23M (Peak 46.23M) | Time:00:00.02 | Mem:0.00M, Peak:0.00M | Scene, ViewLayer | Synchronizing object | Forging mark.016
Fra:1 Mem:46.27M (Peak 46.27M) | Time:00:00.02 | Mem:0.00M, Peak:0.00M | Scene, ViewLayer | Synchronizing object | Forging mark.017
Fra:1 Mem:46.32M (Peak 46.32M) | Time:00:00.02 | Mem:0.00M, Peak:0.00M | Scene, ViewLayer | Synchronizing object | Forging mark.018
Fra:1 Mem:46.33M (Peak 46.33M) | Time:00:00.02 | Mem:0.00M, Peak:0.00M | Scene, ViewLayer | Synchronizing object | Text.013
Fra:1 Mem:46.45M (Peak 46.45M) | Time:00:00.02 | Mem:0.00M, Peak:0.00M | Scene, ViewLayer | Synchronizing object | Forging mark.019
Fra:1 Mem:46.52M (Peak 46.52M) | Time:00:00.02 | Mem:0.00M, Peak:0.00M | Scene, ViewLayer | Synchronizing object | Weapon aura shard.002
Fra:1 Mem:46.55M (Peak 46.55M) | Time:00:00.02 | Mem:0.00M, Peak:0.00M | Scene, ViewLayer | Synchronizing object | Weapon aura shard.003
Fra:1 Mem:46.61M (Peak 46.61M) | Time:00:00.02 | Mem:0.00M, Peak:0.00M | Scene, ViewLayer | Synchronizing object | Fashion sword guard.002
Fra:1 Mem:46.67M (Peak 46.67M) | Time:00:00.02 | Mem:0.00M, Peak:0.00M | Scene, ViewLayer | Synchronizing object | Fashion sword guard.003
Fra:1 Mem:46.71M (Peak 46.71M) | Time:00:00.02 | Mem:0.00M, Peak:0.00M | Scene, ViewLayer | Synchronizing object | Text.014
Fra:1 Mem:46.78M (Peak 46.78M) | Time:00:00.02 | Mem:0.00M, Peak:0.00M | Scene, ViewLayer | Synchronizing object | Inlaid staff
Fra:1 Mem:46.80M (Peak 46.80M) | Time:00:00.02 | Mem:0.00M, Peak:0.00M | Scene, ViewLayer | Synchronizing object | Staff collar
Fra:1 Mem:46.82M (Peak 46.82M) | Time:00:00.02 | Mem:0.00M, Peak:0.00M | Scene, ViewLayer | Synchronizing object | Focus crystal
Fra:1 Mem:46.84M (Peak 46.84M) | Time:00:00.02 | Mem:0.00M, Peak:0.00M | Scene, ViewLayer | Synchronizing object | Inlaid staff.001
Fra:1 Mem:46.86M (Peak 46.86M) | Time:00:00.02 | Mem:0.00M, Peak:0.00M | Scene, ViewLayer | Synchronizing object | Staff collar.001
Fra:1 Mem:46.87M (Peak 46.87M) | Time:00:00.02 | Mem:0.00M, Peak:0.00M | Scene, ViewLayer | Synchronizing object | Focus crystal.001
Fra:1 Mem:46.89M (Peak 46.89M) | Time:00:00.02 | Mem:0.00M, Peak:0.00M | Scene, ViewLayer | Synchronizing object | Fashion focus collar
Fra:1 Mem:46.93M (Peak 46.93M) | Time:00:00.02 | Mem:0.00M, Peak:0.00M | Scene, ViewLayer | Synchronizing object | Text.015
Fra:1 Mem:47.03M (Peak 47.03M) | Time:00:00.02 | Mem:0.00M, Peak:0.00M | Scene, ViewLayer | Synchronizing object | Fashion focus fin
Fra:1 Mem:47.12M (Peak 47.12M) | Time:00:00.02 | Mem:0.00M, Peak:0.00M | Scene, ViewLayer | Synchronizing object | Fashion focus fin.001
Fra:1 Mem:47.19M (Peak 47.19M) | Time:00:00.02 | Mem:0.00M, Peak:0.00M | Scene, ViewLayer | Synchronizing object | Inlaid staff.002
Fra:1 Mem:47.20M (Peak 47.20M) | Time:00:00.02 | Mem:0.00M, Peak:0.00M | Scene, ViewLayer | Synchronizing object | Fashion focus fin.007
Fra:1 Mem:47.21M (Peak 47.21M) | Time:00:00.02 | Mem:0.00M, Peak:0.00M | Scene, ViewLayer | Synchronizing object | Staff collar.002
Fra:1 Mem:47.25M (Peak 47.25M) | Time:00:00.02 | Mem:0.00M, Peak:0.00M | Scene, ViewLayer | Synchronizing object | Focus crystal.002
Fra:1 Mem:47.28M (Peak 47.28M) | Time:00:00.02 | Mem:0.00M, Peak:0.00M | Scene, ViewLayer | Synchronizing object | Fashion focus fin.006
Fra:1 Mem:47.30M (Peak 47.30M) | Time:00:00.02 | Mem:0.00M, Peak:0.00M | Scene, ViewLayer | Synchronizing object | Crystal prong
Fra:1 Mem:47.33M (Peak 47.33M) | Time:00:00.02 | Mem:0.00M, Peak:0.00M | Scene, ViewLayer | Synchronizing object | Floating shard
Fra:1 Mem:47.37M (Peak 47.37M) | Time:00:00.02 | Mem:0.00M, Peak:0.00M | Scene, ViewLayer | Synchronizing object | Fashion focus collar.003
Fra:1 Mem:47.42M (Peak 47.42M) | Time:00:00.02 | Mem:0.00M, Peak:0.00M | Scene, ViewLayer | Synchronizing object | Crystal prong.001
Fra:1 Mem:47.43M (Peak 47.43M) | Time:00:00.02 | Mem:0.00M, Peak:0.00M | Scene, ViewLayer | Synchronizing object | Floating shard.001
Fra:1 Mem:47.47M (Peak 47.47M) | Time:00:00.02 | Mem:0.00M, Peak:0.00M | Scene, ViewLayer | Synchronizing object | Weapon aura shard.015
Fra:1 Mem:47.50M (Peak 47.50M) | Time:00:00.02 | Mem:0.00M, Peak:0.00M | Scene, ViewLayer | Synchronizing object | Staff rune
Fra:1 Mem:47.54M (Peak 47.54M) | Time:00:00.02 | Mem:0.00M, Peak:0.00M | Scene, ViewLayer | Synchronizing object | Weapon aura shard.014
Fra:1 Mem:47.57M (Peak 47.57M) | Time:00:00.02 | Mem:0.00M, Peak:0.00M | Scene, ViewLayer | Synchronizing object | Staff rune.001
Fra:1 Mem:47.60M (Peak 47.60M) | Time:00:00.02 | Mem:0.00M, Peak:0.00M | Scene, ViewLayer | Synchronizing object | Staff forging mark.039
Fra:1 Mem:47.64M (Peak 47.64M) | Time:00:00.02 | Mem:0.00M, Peak:0.00M | Scene, ViewLayer | Synchronizing object | Staff rune.002
Fra:1 Mem:47.67M (Peak 47.67M) | Time:00:00.02 | Mem:0.00M, Peak:0.00M | Scene, ViewLayer | Synchronizing object | Staff forging mark.038
Fra:1 Mem:47.71M (Peak 47.71M) | Time:00:00.02 | Mem:0.00M, Peak:0.00M | Scene, ViewLayer | Synchronizing object | Staff forging mark
Fra:1 Mem:47.74M (Peak 47.74M) | Time:00:00.02 | Mem:0.00M, Peak:0.00M | Scene, ViewLayer | Synchronizing object | Staff forging mark.037
Fra:1 Mem:47.78M (Peak 47.78M) | Time:00:00.02 | Mem:0.00M, Peak:0.00M | Scene, ViewLayer | Synchronizing object | Staff forging mark.001
Fra:1 Mem:47.81M (Peak 47.81M) | Time:00:00.02 | Mem:0.00M, Peak:0.00M | Scene, ViewLayer | Synchronizing object | Staff forging mark.036
Fra:1 Mem:47.84M (Peak 47.84M) | Time:00:00.02 | Mem:0.00M, Peak:0.00M | Scene, ViewLayer | Synchronizing object | Staff forging mark.002
Fra:1 Mem:47.88M (Peak 47.88M) | Time:00:00.02 | Mem:0.00M, Peak:0.00M | Scene, ViewLayer | Synchronizing object | Staff forging mark.035
Fra:1 Mem:47.91M (Peak 47.91M) | Time:00:00.02 | Mem:0.00M, Peak:0.00M | Scene, ViewLayer | Synchronizing object | Staff forging mark.003
Fra:1 Mem:47.95M (Peak 47.95M) | Time:00:00.02 | Mem:0.00M, Peak:0.00M | Scene, ViewLayer | Synchronizing object | Staff forging mark.034
Fra:1 Mem:47.98M (Peak 47.98M) | Time:00:00.02 | Mem:0.00M, Peak:0.00M | Scene, ViewLayer | Synchronizing object | Staff forging mark.004
Fra:1 Mem:48.02M (Peak 48.02M) | Time:00:00.02 | Mem:0.00M, Peak:0.00M | Scene, ViewLayer | Synchronizing object | Staff forging mark.033
Fra:1 Mem:48.05M (Peak 48.05M) | Time:00:00.02 | Mem:0.00M, Peak:0.00M | Scene, ViewLayer | Synchronizing object | Staff forging mark.005
Fra:1 Mem:48.08M (Peak 48.08M) | Time:00:00.02 | Mem:0.00M, Peak:0.00M | Scene, ViewLayer | Synchronizing object | Staff forging mark.032
Fra:1 Mem:48.12M (Peak 48.12M) | Time:00:00.02 | Mem:0.00M, Peak:0.00M | Scene, ViewLayer | Synchronizing object | Staff forging mark.006
Fra:1 Mem:48.15M (Peak 48.15M) | Time:00:00.02 | Mem:0.00M, Peak:0.00M | Scene, ViewLayer | Synchronizing object | Staff forging mark.031
Fra:1 Mem:48.19M (Peak 48.19M) | Time:00:00.02 | Mem:0.00M, Peak:0.00M | Scene, ViewLayer | Synchronizing object | Staff forging mark.007
Fra:1 Mem:48.22M (Peak 48.22M) | Time:00:00.02 | Mem:0.00M, Peak:0.00M | Scene, ViewLayer | Synchronizing object | Staff forging mark.030
Fra:1 Mem:48.26M (Peak 48.26M) | Time:00:00.02 | Mem:0.00M, Peak:0.00M | Scene, ViewLayer | Synchronizing object | Staff forging mark.008
Fra:1 Mem:48.29M (Peak 48.29M) | Time:00:00.02 | Mem:0.00M, Peak:0.00M | Scene, ViewLayer | Synchronizing object | Staff rune.011
Fra:1 Mem:48.33M (Peak 48.33M) | Time:00:00.02 | Mem:0.00M, Peak:0.00M | Scene, ViewLayer | Synchronizing object | Staff forging mark.009
Fra:1 Mem:48.35M (Peak 48.35M) | Time:00:00.02 | Mem:0.00M, Peak:0.00M | Scene, ViewLayer | Synchronizing object | Staff rune.010
Fra:1 Mem:48.39M (Peak 48.39M) | Time:00:00.02 | Mem:0.00M, Peak:0.00M | Scene, ViewLayer | Synchronizing object | Weapon aura shard.004
Fra:1 Mem:48.42M (Peak 48.42M) | Time:00:00.02 | Mem:0.00M, Peak:0.00M | Scene, ViewLayer | Synchronizing object | Staff rune.009
Fra:1 Mem:48.46M (Peak 48.46M) | Time:00:00.02 | Mem:0.00M, Peak:0.00M | Scene, ViewLayer | Synchronizing object | Weapon aura shard.005
Fra:1 Mem:48.49M (Peak 48.49M) | Time:00:00.02 | Mem:0.00M, Peak:0.00M | Scene, ViewLayer | Synchronizing object | Floating shard.007
Fra:1 Mem:48.53M (Peak 48.53M) | Time:00:00.02 | Mem:0.00M, Peak:0.00M | Scene, ViewLayer | Synchronizing object | Inlaid staff.003
Fra:1 Mem:48.55M (Peak 48.55M) | Time:00:00.02 | Mem:0.00M, Peak:0.00M | Scene, ViewLayer | Synchronizing object | Crystal prong.007
Fra:1 Mem:48.56M (Peak 48.56M) | Time:00:00.02 | Mem:0.00M, Peak:0.00M | Scene, ViewLayer | Synchronizing object | Staff collar.003
Fra:1 Mem:48.57M (Peak 48.57M) | Time:00:00.02 | Mem:0.00M, Peak:0.00M | Scene, ViewLayer | Synchronizing object | Floating shard.006
Fra:1 Mem:48.59M (Peak 48.59M) | Time:00:00.02 | Mem:0.00M, Peak:0.00M | Scene, ViewLayer | Synchronizing object | Focus crystal.003
Fra:1 Mem:48.62M (Peak 48.62M) | Time:00:00.02 | Mem:0.00M, Peak:0.00M | Scene, ViewLayer | Synchronizing object | Crystal prong.002
Fra:1 Mem:48.63M (Peak 48.63M) | Time:00:00.02 | Mem:0.00M, Peak:0.00M | Scene, ViewLayer | Synchronizing object | Crystal prong.006
Fra:1 Mem:48.65M (Peak 48.65M) | Time:00:00.02 | Mem:0.00M, Peak:0.00M | Scene, ViewLayer | Synchronizing object | Floating shard.002
Fra:1 Mem:48.65M (Peak 48.65M) | Time:00:00.02 | Mem:0.00M, Peak:0.00M | Scene, ViewLayer | Synchronizing object | Focus crystal.007
Fra:1 Mem:48.70M (Peak 48.70M) | Time:00:00.02 | Mem:0.00M, Peak:0.00M | Scene, ViewLayer | Synchronizing object | Staff collar.007
Fra:1 Mem:48.72M (Peak 48.72M) | Time:00:00.02 | Mem:0.00M, Peak:0.00M | Scene, ViewLayer | Synchronizing object | Inlaid staff.007
Fra:1 Mem:48.74M (Peak 48.74M) | Time:00:00.02 | Mem:0.00M, Peak:0.00M | Scene, ViewLayer | Synchronizing object | Floating shard.003
Fra:1 Mem:48.76M (Peak 48.76M) | Time:00:00.02 | Mem:0.00M, Peak:0.00M | Scene, ViewLayer | Synchronizing object | Weapon aura shard.013
Fra:1 Mem:48.81M (Peak 48.81M) | Time:00:00.02 | Mem:0.00M, Peak:0.00M | Scene, ViewLayer | Synchronizing object | Staff rune.003
Fra:1 Mem:48.83M (Peak 48.83M) | Time:00:00.02 | Mem:0.00M, Peak:0.00M | Scene, ViewLayer | Synchronizing object | Weapon aura shard.012
Fra:1 Mem:48.88M (Peak 48.88M) | Time:00:00.02 | Mem:0.00M, Peak:0.00M | Scene, ViewLayer | Synchronizing object | Staff rune.004
Fra:1 Mem:48.89M (Peak 48.89M) | Time:00:00.02 | Mem:0.00M, Peak:0.00M | Scene, ViewLayer | Synchronizing object | Staff forging mark.029
Fra:1 Mem:48.95M (Peak 48.95M) | Time:00:00.02 | Mem:0.00M, Peak:0.00M | Scene, ViewLayer | Synchronizing object | Staff rune.005
Fra:1 Mem:48.95M (Peak 48.95M) | Time:00:00.02 | Mem:0.00M, Peak:0.00M | Scene, ViewLayer | Synchronizing object | Staff forging mark.028
Fra:1 Mem:49.02M (Peak 49.02M) | Time:00:00.02 | Mem:0.00M, Peak:0.00M | Scene, ViewLayer | Synchronizing object | Staff forging mark.010
Fra:1 Mem:49.02M (Peak 49.02M) | Time:00:00.02 | Mem:0.00M, Peak:0.00M | Scene, ViewLayer | Synchronizing object | Staff forging mark.027
Fra:1 Mem:49.08M (Peak 49.08M) | Time:00:00.02 | Mem:0.00M, Peak:0.00M | Scene, ViewLayer | Synchronizing object | Staff forging mark.011
Fra:1 Mem:49.09M (Peak 49.09M) | Time:00:00.02 | Mem:0.00M, Peak:0.00M | Scene, ViewLayer | Synchronizing object | Staff forging mark.026
Fra:1 Mem:49.16M (Peak 49.16M) | Time:00:00.02 | Mem:0.00M, Peak:0.00M | Scene, ViewLayer | Synchronizing object | Staff forging mark.012
Fra:1 Mem:49.15M (Peak 49.16M) | Time:00:00.02 | Mem:0.00M, Peak:0.00M | Scene, ViewLayer | Synchronizing object | Staff forging mark.025
Fra:1 Mem:49.22M (Peak 49.22M) | Time:00:00.02 | Mem:0.00M, Peak:0.00M | Scene, ViewLayer | Synchronizing object | Staff forging mark.013
Fra:1 Mem:49.24M (Peak 49.24M) | Time:00:00.02 | Mem:0.00M, Peak:0.00M | Scene, ViewLayer | Synchronizing object | Staff forging mark.024
Fra:1 Mem:49.29M (Peak 49.29M) | Time:00:00.02 | Mem:0.00M, Peak:0.00M | Scene, ViewLayer | Synchronizing object | Staff forging mark.014
Fra:1 Mem:49.30M (Peak 49.30M) | Time:00:00.02 | Mem:0.00M, Peak:0.00M | Scene, ViewLayer | Synchronizing object | Staff forging mark.023
Fra:1 Mem:49.36M (Peak 49.36M) | Time:00:00.02 | Mem:0.00M, Peak:0.00M | Scene, ViewLayer | Synchronizing object | Staff forging mark.015
Fra:1 Mem:49.36M (Peak 49.36M) | Time:00:00.02 | Mem:0.00M, Peak:0.00M | Scene, ViewLayer | Synchronizing object | Staff forging mark.022
Fra:1 Mem:49.43M (Peak 49.43M) | Time:00:00.02 | Mem:0.00M, Peak:0.00M | Scene, ViewLayer | Synchronizing object | Staff forging mark.016
Fra:1 Mem:49.43M (Peak 49.43M) | Time:00:00.02 | Mem:0.00M, Peak:0.00M | Scene, ViewLayer | Synchronizing object | Staff forging mark.021
Fra:1 Mem:49.50M (Peak 49.50M) | Time:00:00.02 | Mem:0.00M, Peak:0.00M | Scene, ViewLayer | Synchronizing object | Staff forging mark.017
Fra:1 Mem:49.50M (Peak 49.50M) | Time:00:00.02 | Mem:0.00M, Peak:0.00M | Scene, ViewLayer | Synchronizing object | Staff forging mark.020
Fra:1 Mem:49.56M (Peak 49.56M) | Time:00:00.02 | Mem:0.00M, Peak:0.00M | Scene, ViewLayer | Synchronizing object | Staff forging mark.018
Fra:1 Mem:49.58M (Peak 49.58M) | Time:00:00.02 | Mem:0.00M, Peak:0.00M | Scene, ViewLayer | Synchronizing object | Staff rune.008
Fra:1 Mem:49.64M (Peak 49.64M) | Time:00:00.02 | Mem:0.00M, Peak:0.00M | Scene, ViewLayer | Synchronizing object | Staff forging mark.019
Fra:1 Mem:49.66M (Peak 49.66M) | Time:00:00.02 | Mem:0.00M, Peak:0.00M | Scene, ViewLayer | Synchronizing object | Staff rune.007
Fra:1 Mem:49.70M (Peak 49.70M) | Time:00:00.02 | Mem:0.00M, Peak:0.00M | Scene, ViewLayer | Synchronizing object | Weapon aura shard.006
Fra:1 Mem:49.73M (Peak 49.73M) | Time:00:00.02 | Mem:0.00M, Peak:0.00M | Scene, ViewLayer | Synchronizing object | Staff rune.006
Fra:1 Mem:49.77M (Peak 49.77M) | Time:00:00.02 | Mem:0.00M, Peak:0.00M | Scene, ViewLayer | Synchronizing object | Weapon aura shard.007
Fra:1 Mem:49.80M (Peak 49.80M) | Time:00:00.02 | Mem:0.00M, Peak:0.00M | Scene, ViewLayer | Synchronizing object | Floating shard.005
Fra:1 Mem:49.84M (Peak 49.84M) | Time:00:00.02 | Mem:0.00M, Peak:0.00M | Scene, ViewLayer | Synchronizing object | Fashion focus collar.001
Fra:1 Mem:49.87M (Peak 49.87M) | Time:00:00.02 | Mem:0.00M, Peak:0.00M | Scene, ViewLayer | Synchronizing object | Crystal prong.005
Fra:1 Mem:49.90M (Peak 49.90M) | Time:00:00.02 | Mem:0.00M, Peak:0.00M | Scene, ViewLayer | Synchronizing object | Floating shard.004
Fra:1 Mem:49.93M (Peak 49.93M) | Time:00:00.02 | Mem:0.00M, Peak:0.00M | Scene, ViewLayer | Synchronizing object | Fashion focus fin.002
Fra:1 Mem:49.97M (Peak 49.97M) | Time:00:00.02 | Mem:0.00M, Peak:0.00M | Scene, ViewLayer | Synchronizing object | Crystal prong.004
Fra:1 Mem:49.99M (Peak 49.99M) | Time:00:00.02 | Mem:0.00M, Peak:0.00M | Scene, ViewLayer | Synchronizing object | Focus crystal.006
Fra:1 Mem:50.01M (Peak 50.01M) | Time:00:00.02 | Mem:0.00M, Peak:0.00M | Scene, ViewLayer | Synchronizing object | Staff collar.006
Fra:1 Mem:50.03M (Peak 50.03M) | Time:00:00.02 | Mem:0.00M, Peak:0.00M | Scene, ViewLayer | Synchronizing object | Fashion focus fin.003
Fra:1 Mem:50.06M (Peak 50.06M) | Time:00:00.02 | Mem:0.00M, Peak:0.00M | Scene, ViewLayer | Synchronizing object | Inlaid staff.006
Fra:1 Mem:50.08M (Peak 50.08M) | Time:00:00.02 | Mem:0.00M, Peak:0.00M | Scene, ViewLayer | Synchronizing object | Fashion focus fin.005
Fra:1 Mem:50.13M (Peak 50.13M) | Time:00:00.02 | Mem:0.00M, Peak:0.00M | Scene, ViewLayer | Synchronizing object | Arrow rest
Fra:1 Mem:50.16M (Peak 50.16M) | Time:00:00.02 | Mem:0.00M, Peak:0.00M | Scene, ViewLayer | Synchronizing object | Fashion focus fin.004
Fra:1 Mem:50.20M (Peak 50.20M) | Time:00:00.02 | Mem:0.00M, Peak:0.00M | Scene, ViewLayer | Synchronizing object | Arrow Shaft
Fra:1 Mem:50.25M (Peak 50.25M) | Time:00:00.02 | Mem:0.00M, Peak:0.00M | Scene, ViewLayer | Synchronizing object | Arrow Head
Fra:1 Mem:50.25M (Peak 50.25M) | Time:00:00.02 | Mem:0.00M, Peak:0.00M | Scene, ViewLayer | Synchronizing object | Fashion focus collar.002
Fra:1 Mem:50.27M (Peak 50.27M) | Time:00:00.02 | Mem:0.00M, Peak:0.00M | Scene, ViewLayer | Synchronizing object | Arrow Fletching
Fra:1 Mem:50.32M (Peak 50.32M) | Time:00:00.02 | Mem:0.00M, Peak:0.00M | Scene, ViewLayer | Synchronizing object | Arrow Fletching.001
Fra:1 Mem:50.34M (Peak 50.34M) | Time:00:00.02 | Mem:0.00M, Peak:0.00M | Scene, ViewLayer | Synchronizing object | Focus crystal.005
Fra:1 Mem:50.37M (Peak 50.37M) | Time:00:00.02 | Mem:0.00M, Peak:0.00M | Scene, ViewLayer | Synchronizing object | Staff collar.005
Fra:1 Mem:50.38M (Peak 50.38M) | Time:00:00.02 | Mem:0.00M, Peak:0.00M | Scene, ViewLayer | Synchronizing object | Arrow Fletching.002
Fra:1 Mem:50.40M (Peak 50.40M) | Time:00:00.02 | Mem:0.00M, Peak:0.00M | Scene, ViewLayer | Synchronizing object | Inlaid staff.005
Fra:1 Mem:50.42M (Peak 50.42M) | Time:00:00.02 | Mem:0.00M, Peak:0.00M | Scene, ViewLayer | Synchronizing object | Focus crystal.004
Fra:1 Mem:50.44M (Peak 50.44M) | Time:00:00.02 | Mem:0.00M, Peak:0.00M | Scene, ViewLayer | Synchronizing object | Bow grip
Fra:1 Mem:50.46M (Peak 50.46M) | Time:00:00.02 | Mem:0.00M, Peak:0.00M | Scene, ViewLayer | Synchronizing object | Staff collar.004
Fra:1 Mem:50.48M (Peak 50.48M) | Time:00:00.02 | Mem:0.00M, Peak:0.00M | Scene, ViewLayer | Synchronizing object | Inlaid staff.004
Fra:1 Mem:50.49M (Peak 50.49M) | Time:00:00.02 | Mem:0.00M, Peak:0.00M | Scene, ViewLayer | Synchronizing object | Layered bow limb
Fra:1 Mem:50.51M (Peak 50.51M) | Time:00:00.02 | Mem:0.00M, Peak:0.00M | Scene, ViewLayer | Synchronizing object | Fashion bow limb crest.003
Fra:1 Mem:50.55M (Peak 50.55M) | Time:00:00.02 | Mem:0.00M, Peak:0.00M | Scene, ViewLayer | Synchronizing object | Layered bow limb.001
Fra:1 Mem:50.57M (Peak 50.57M) | Time:00:00.02 | Mem:0.00M, Peak:0.00M | Scene, ViewLayer | Synchronizing object | Layered bow limb.002
Fra:1 Mem:50.60M (Peak 50.60M) | Time:00:00.02 | Mem:0.00M, Peak:0.00M | Scene, ViewLayer | Synchronizing object | Fashion bow limb crest.002
Fra:1 Mem:50.60M (Peak 50.60M) | Time:00:00.02 | Mem:0.00M, Peak:0.00M | Scene, ViewLayer | Synchronizing object | Layered bow limb.003
Fra:1 Mem:50.66M (Peak 50.66M) | Time:00:00.02 | Mem:0.00M, Peak:0.00M | Scene, ViewLayer | Synchronizing object | Bow tip
Fra:1 Mem:50.70M (Peak 50.70M) | Time:00:00.02 | Mem:0.00M, Peak:0.00M | Scene, ViewLayer | Synchronizing object | Weapon aura shard.011
Fra:1 Mem:50.73M (Peak 50.73M) | Time:00:00.02 | Mem:0.00M, Peak:0.00M | Scene, ViewLayer | Synchronizing object | Layered bow limb.004
Fra:1 Mem:50.75M (Peak 50.75M) | Time:00:00.02 | Mem:0.00M, Peak:0.00M | Scene, ViewLayer | Synchronizing object | Weapon aura shard.010
Fra:1 Mem:50.76M (Peak 50.76M) | Time:00:00.02 | Mem:0.00M, Peak:0.00M | Scene, ViewLayer | Synchronizing object | Layered bow limb.005
Fra:1 Mem:50.80M (Peak 50.80M) | Time:00:00.02 | Mem:0.00M, Peak:0.00M | Scene, ViewLayer | Synchronizing object | Layered bow limb.006
Fra:1 Mem:50.82M (Peak 50.82M) | Time:00:00.02 | Mem:0.00M, Peak:0.00M | Scene, ViewLayer | Synchronizing object | Bow forging mark.019
Fra:1 Mem:50.85M (Peak 50.85M) | Time:00:00.02 | Mem:0.00M, Peak:0.00M | Scene, ViewLayer | Synchronizing object | Bow forging mark.018
Fra:1 Mem:50.89M (Peak 50.89M) | Time:00:00.02 | Mem:0.00M, Peak:0.00M | Scene, ViewLayer | Synchronizing object | Bow forging mark.017
Fra:1 Mem:50.93M (Peak 50.93M) | Time:00:00.02 | Mem:0.00M, Peak:0.00M | Scene, ViewLayer | Synchronizing object | Bow forging mark.016
Fra:1 Mem:50.93M (Peak 50.93M) | Time:00:00.02 | Mem:0.00M, Peak:0.00M | Scene, ViewLayer | Synchronizing object | Layered bow limb.007
Fra:1 Mem:50.97M (Peak 50.97M) | Time:00:00.02 | Mem:0.00M, Peak:0.00M | Scene, ViewLayer | Synchronizing object | Bow tip.001
Fra:1 Mem:51.00M (Peak 51.00M) | Time:00:00.02 | Mem:0.00M, Peak:0.00M | Scene, ViewLayer | Synchronizing object | Bow forging mark.015
Fra:1 Mem:51.04M (Peak 51.04M) | Time:00:00.02 | Mem:0.00M, Peak:0.00M | Scene, ViewLayer | Synchronizing object | Arrow rest.001
Fra:1 Mem:51.06M (Peak 51.06M) | Time:00:00.02 | Mem:0.00M, Peak:0.00M | Scene, ViewLayer | Synchronizing object | Bow forging mark.014
Fra:1 Mem:51.11M (Peak 51.11M) | Time:00:00.02 | Mem:0.00M, Peak:0.00M | Scene, ViewLayer | Synchronizing object | Arrow Shaft.001
Fra:1 Mem:51.13M (Peak 51.13M) | Time:00:00.02 | Mem:0.00M, Peak:0.00M | Scene, ViewLayer | Synchronizing object | Bow forging mark.013
Fra:1 Mem:51.18M (Peak 51.18M) | Time:00:00.02 | Mem:0.00M, Peak:0.00M | Scene, ViewLayer | Synchronizing object | Arrow Head.001
Fra:1 Mem:51.18M (Peak 51.18M) | Time:00:00.02 | Mem:0.00M, Peak:0.00M | Scene, ViewLayer | Synchronizing object | Bow forging mark.012
Fra:1 Mem:51.18M (Peak 51.18M) | Time:00:00.02 | Mem:0.00M, Peak:0.00M | Scene, ViewLayer | Synchronizing object | Arrow Fletching.003
Fra:1 Mem:51.24M (Peak 51.24M) | Time:00:00.02 | Mem:0.00M, Peak:0.00M | Scene, ViewLayer | Synchronizing object | Arrow Fletching.004
Fra:1 Mem:51.24M (Peak 51.24M) | Time:00:00.02 | Mem:0.00M, Peak:0.00M | Scene, ViewLayer | Synchronizing object | Bow forging mark.011
Fra:1 Mem:51.30M (Peak 51.30M) | Time:00:00.02 | Mem:0.00M, Peak:0.00M | Scene, ViewLayer | Synchronizing object | Arrow Fletching.005
Fra:1 Mem:51.32M (Peak 51.32M) | Time:00:00.02 | Mem:0.00M, Peak:0.00M | Scene, ViewLayer | Synchronizing object | Bow forging mark.010
Fra:1 Mem:51.36M (Peak 51.36M) | Time:00:00.02 | Mem:0.00M, Peak:0.00M | Scene, ViewLayer | Synchronizing object | Bow grip.001
Fra:1 Mem:51.38M (Peak 51.38M) | Time:00:00.02 | Mem:0.00M, Peak:0.00M | Scene, ViewLayer | Synchronizing object | Bow focus.001
Fra:1 Mem:51.43M (Peak 51.43M) | Time:00:00.02 | Mem:0.00M, Peak:0.00M | Scene, ViewLayer | Synchronizing object | Layered bow limb.008
Fra:1 Mem:51.44M (Peak 51.44M) | Time:00:00.02 | Mem:0.00M, Peak:0.00M | Scene, ViewLayer | Synchronizing object | Bow horn.003
Fra:1 Mem:51.48M (Peak 51.48M) | Time:00:00.02 | Mem:0.00M, Peak:0.00M | Scene, ViewLayer | Synchronizing object | Layered bow limb.009
Fra:1 Mem:51.50M (Peak 51.50M) | Time:00:00.02 | Mem:0.00M, Peak:0.00M | Scene, ViewLayer | Synchronizing object | Layered bow limb.010
Fra:1 Mem:51.52M (Peak 51.52M) | Time:00:00.02 | Mem:0.00M, Peak:0.00M | Scene, ViewLayer | Synchronizing object | Bow tip.007
Fra:1 Mem:51.55M (Peak 51.55M) | Time:00:00.02 | Mem:0.00M, Peak:0.00M | Scene, ViewLayer | Synchronizing object | Layered bow limb.011
Fra:1 Mem:51.58M (Peak 51.58M) | Time:00:00.02 | Mem:0.00M, Peak:0.00M | Scene, ViewLayer | Synchronizing object | Bow tip.002
Fra:1 Mem:51.59M (Peak 51.59M) | Time:00:00.02 | Mem:0.00M, Peak:0.00M | Scene, ViewLayer | Synchronizing object | Layered bow limb.031
Fra:1 Mem:51.62M (Peak 51.62M) | Time:00:00.02 | Mem:0.00M, Peak:0.00M | Scene, ViewLayer | Synchronizing object | Layered bow limb.030
Fra:1 Mem:51.64M (Peak 51.64M) | Time:00:00.02 | Mem:0.00M, Peak:0.00M | Scene, ViewLayer | Synchronizing object | Layered bow limb.012
Fra:1 Mem:51.66M (Peak 51.66M) | Time:00:00.02 | Mem:0.00M, Peak:0.00M | Scene, ViewLayer | Synchronizing object | Layered bow limb.029
Fra:1 Mem:51.68M (Peak 51.68M) | Time:00:00.02 | Mem:0.00M, Peak:0.00M | Scene, ViewLayer | Synchronizing object | Layered bow limb.013
Fra:1 Mem:51.69M (Peak 51.69M) | Time:00:00.02 | Mem:0.00M, Peak:0.00M | Scene, ViewLayer | Synchronizing object | Layered bow limb.028
Fra:1 Mem:51.72M (Peak 51.72M) | Time:00:00.02 | Mem:0.00M, Peak:0.00M | Scene, ViewLayer | Synchronizing object | Layered bow limb.014
Fra:1 Mem:51.72M (Peak 51.72M) | Time:00:00.02 | Mem:0.00M, Peak:0.00M | Scene, ViewLayer | Synchronizing object | Bow horn.002
Fra:1 Mem:51.77M (Peak 51.77M) | Time:00:00.02 | Mem:0.00M, Peak:0.00M | Scene, ViewLayer | Synchronizing object | Layered bow limb.015
Fra:1 Mem:51.79M (Peak 51.79M) | Time:00:00.02 | Mem:0.00M, Peak:0.00M | Scene, ViewLayer | Synchronizing object | Bow tip.003
Fra:1 Mem:51.81M (Peak 51.81M) | Time:00:00.02 | Mem:0.00M, Peak:0.00M | Scene, ViewLayer | Synchronizing object | Bow tip.006
Fra:1 Mem:51.86M (Peak 51.86M) | Time:00:00.02 | Mem:0.00M, Peak:0.00M | Scene, ViewLayer | Synchronizing object | Fashion bow limb crest
Fra:1 Mem:51.89M (Peak 51.89M) | Time:00:00.02 | Mem:0.00M, Peak:0.00M | Scene, ViewLayer | Synchronizing object | Layered bow limb.027
Fra:1 Mem:51.92M (Peak 51.92M) | Time:00:00.02 | Mem:0.00M, Peak:0.00M | Scene, ViewLayer | Synchronizing object | Layered bow limb.026
Fra:1 Mem:51.94M (Peak 51.94M) | Time:00:00.02 | Mem:0.00M, Peak:0.00M | Scene, ViewLayer | Synchronizing object | Layered bow limb.025
Fra:1 Mem:51.96M (Peak 51.96M) | Time:00:00.02 | Mem:0.00M, Peak:0.00M | Scene, ViewLayer | Synchronizing object | Fashion bow limb crest.001
Fra:1 Mem:51.99M (Peak 51.99M) | Time:00:00.02 | Mem:0.00M, Peak:0.00M | Scene, ViewLayer | Synchronizing object | Layered bow limb.024
Fra:1 Mem:52.02M (Peak 52.02M) | Time:00:00.02 | Mem:0.00M, Peak:0.00M | Scene, ViewLayer | Synchronizing object | Bow grip.003
Fra:1 Mem:52.06M (Peak 52.06M) | Time:00:00.02 | Mem:0.00M, Peak:0.00M | Scene, ViewLayer | Synchronizing object | Arrow rest.002
Fra:1 Mem:52.08M (Peak 52.08M) | Time:00:00.02 | Mem:0.00M, Peak:0.00M | Scene, ViewLayer | Synchronizing object | Arrow Fletching.011
Fra:1 Mem:52.11M (Peak 52.11M) | Time:00:00.02 | Mem:0.00M, Peak:0.00M | Scene, ViewLayer | Synchronizing object | Arrow Shaft.002
Fra:1 Mem:52.14M (Peak 52.14M) | Time:00:00.02 | Mem:0.00M, Peak:0.00M | Scene, ViewLayer | Synchronizing object | Arrow Fletching.010
Fra:1 Mem:52.17M (Peak 52.17M) | Time:00:00.02 | Mem:0.00M, Peak:0.00M | Scene, ViewLayer | Synchronizing object | Arrow Head.002
Fra:1 Mem:52.18M (Peak 52.18M) | Time:00:00.02 | Mem:0.00M, Peak:0.00M | Scene, ViewLayer | Synchronizing object | Arrow Fletching.009
Fra:1 Mem:52.20M (Peak 52.20M) | Time:00:00.02 | Mem:0.00M, Peak:0.00M | Scene, ViewLayer | Synchronizing object | Arrow Fletching.006
Fra:1 Mem:52.23M (Peak 52.23M) | Time:00:00.02 | Mem:0.00M, Peak:0.00M | Scene, ViewLayer | Synchronizing object | Arrow Head.003
Fra:1 Mem:52.24M (Peak 52.24M) | Time:00:00.02 | Mem:0.00M, Peak:0.00M | Scene, ViewLayer | Synchronizing object | Arrow Fletching.007
Fra:1 Mem:52.25M (Peak 52.25M) | Time:00:00.02 | Mem:0.00M, Peak:0.00M | Scene, ViewLayer | Synchronizing object | Arrow Shaft.003
Fra:1 Mem:52.30M (Peak 52.30M) | Time:00:00.02 | Mem:0.00M, Peak:0.00M | Scene, ViewLayer | Synchronizing object | Arrow Fletching.008
Fra:1 Mem:52.31M (Peak 52.31M) | Time:00:00.02 | Mem:0.00M, Peak:0.00M | Scene, ViewLayer | Synchronizing object | Arrow rest.003
Fra:1 Mem:52.36M (Peak 52.36M) | Time:00:00.02 | Mem:0.00M, Peak:0.00M | Scene, ViewLayer | Synchronizing object | Bow grip.002
Fra:1 Mem:52.36M (Peak 52.36M) | Time:00:00.02 | Mem:0.00M, Peak:0.00M | Scene, ViewLayer | Synchronizing object | Weapon aura shard.009
Fra:1 Mem:52.42M (Peak 52.42M) | Time:00:00.02 | Mem:0.00M, Peak:0.00M | Scene, ViewLayer | Synchronizing object | Weapon aura shard.008
Fra:1 Mem:52.44M (Peak 52.44M) | Time:00:00.02 | Mem:0.00M, Peak:0.00M | Scene, ViewLayer | Synchronizing object | Layered bow limb.016
Fra:1 Mem:52.47M (Peak 52.47M) | Time:00:00.02 | Mem:0.00M, Peak:0.00M | Scene, ViewLayer | Synchronizing object | Layered bow limb.017
Fra:1 Mem:52.48M (Peak 52.48M) | Time:00:00.02 | Mem:0.00M, Peak:0.00M | Scene, ViewLayer | Synchronizing object | Bow forging mark.009
Fra:1 Mem:52.52M (Peak 52.52M) | Time:00:00.02 | Mem:0.00M, Peak:0.00M | Scene, ViewLayer | Synchronizing object | Layered bow limb.018
Fra:1 Mem:52.54M (Peak 52.54M) | Time:00:00.02 | Mem:0.00M, Peak:0.00M | Scene, ViewLayer | Synchronizing object | Layered bow limb.019
Fra:1 Mem:52.54M (Peak 52.54M) | Time:00:00.02 | Mem:0.00M, Peak:0.00M | Scene, ViewLayer | Synchronizing object | Bow forging mark.008
Fra:1 Mem:52.59M (Peak 52.59M) | Time:00:00.02 | Mem:0.00M, Peak:0.00M | Scene, ViewLayer | Synchronizing object | Bow tip.004
Fra:1 Mem:52.63M (Peak 52.63M) | Time:00:00.02 | Mem:0.00M, Peak:0.00M | Scene, ViewLayer | Synchronizing object | Bow forging mark.007
Fra:1 Mem:52.66M (Peak 52.66M) | Time:00:00.02 | Mem:0.00M, Peak:0.00M | Scene, ViewLayer | Synchronizing object | Bow horn
Fra:1 Mem:52.69M (Peak 52.69M) | Time:00:00.02 | Mem:0.00M, Peak:0.00M | Scene, ViewLayer | Synchronizing object | Bow forging mark.006
Fra:1 Mem:52.74M (Peak 52.74M) | Time:00:00.02 | Mem:0.00M, Peak:0.00M | Scene, ViewLayer | Synchronizing object | Layered bow limb.020
Fra:1 Mem:52.74M (Peak 52.74M) | Time:00:00.02 | Mem:0.00M, Peak:0.00M | Scene, ViewLayer | Synchronizing object | Bow forging mark.005
Fra:1 Mem:52.78M (Peak 52.78M) | Time:00:00.02 | Mem:0.00M, Peak:0.00M | Scene, ViewLayer | Synchronizing object | Layered bow limb.021
Fra:1 Mem:52.81M (Peak 52.81M) | Time:00:00.02 | Mem:0.00M, Peak:0.00M | Scene, ViewLayer | Synchronizing object | Bow forging mark.004
Fra:1 Mem:52.81M (Peak 52.81M) | Time:00:00.02 | Mem:0.00M, Peak:0.00M | Scene, ViewLayer | Synchronizing object | Layered bow limb.022
Fra:1 Mem:52.85M (Peak 52.85M) | Time:00:00.02 | Mem:0.00M, Peak:0.00M | Scene, ViewLayer | Synchronizing object | Layered bow limb.023
Fra:1 Mem:52.88M (Peak 52.88M) | Time:00:00.02 | Mem:0.00M, Peak:0.00M | Scene, ViewLayer | Synchronizing object | Bow forging mark.003
Fra:1 Mem:52.89M (Peak 52.89M) | Time:00:00.02 | Mem:0.00M, Peak:0.00M | Scene, ViewLayer | Synchronizing object | Bow tip.005
Fra:1 Mem:52.95M (Peak 52.95M) | Time:00:00.02 | Mem:0.00M, Peak:0.00M | Scene, ViewLayer | Synchronizing object | Bow forging mark.002
Fra:1 Mem:52.96M (Peak 52.96M) | Time:00:00.02 | Mem:0.00M, Peak:0.00M | Scene, ViewLayer | Synchronizing object | Bow horn.001
Fra:1 Mem:53.01M (Peak 53.01M) | Time:00:00.02 | Mem:0.00M, Peak:0.00M | Scene, ViewLayer | Synchronizing object | Bow forging mark.001
Fra:1 Mem:53.05M (Peak 53.05M) | Time:00:00.02 | Mem:0.00M, Peak:0.00M | Scene, ViewLayer | Synchronizing object | Bow focus
Fra:1 Mem:53.08M (Peak 53.08M) | Time:00:00.02 | Mem:0.00M, Peak:0.00M | Scene, ViewLayer | Synchronizing object | Bow forging mark
Fra:1 Mem:53.12M (Peak 53.12M) | Time:00:00.02 | Mem:0.00M, Peak:0.00M | Scene, ViewLayer | Initializing
Fra:1 Mem:40.17M (Peak 53.12M) | Time:00:00.03 | Mem:0.00M, Peak:0.00M | Scene, ViewLayer | Waiting for render to start
Fra:1 Mem:40.17M (Peak 53.12M) | Time:00:00.03 | Mem:0.00M, Peak:0.00M | Scene, ViewLayer | Loading render kernels (may take a few minutes the first time)
Fra:1 Mem:40.17M (Peak 53.12M) | Time:00:00.03 | Mem:0.00M, Peak:0.00M | Scene, ViewLayer | Updating Scene
Fra:1 Mem:40.17M (Peak 53.12M) | Time:00:00.03 | Mem:0.00M, Peak:0.00M | Scene, ViewLayer | Updating Shaders
Fra:1 Mem:40.26M (Peak 53.12M) | Time:00:00.03 | Mem:0.01M, Peak:0.01M | Scene, ViewLayer | Updating Procedurals
Fra:1 Mem:40.26M (Peak 53.12M) | Time:00:00.03 | Mem:0.01M, Peak:0.01M | Scene, ViewLayer | Updating Background
Fra:1 Mem:40.26M (Peak 53.12M) | Time:00:00.03 | Mem:0.01M, Peak:0.01M | Scene, ViewLayer | Updating Camera
Fra:1 Mem:40.26M (Peak 53.12M) | Time:00:00.03 | Mem:0.01M, Peak:0.01M | Scene, ViewLayer | Updating Meshes Flags
Fra:1 Mem:40.26M (Peak 53.12M) | Time:00:00.03 | Mem:0.01M, Peak:0.01M | Scene, ViewLayer | Updating Objects
Fra:1 Mem:40.26M (Peak 53.12M) | Time:00:00.03 | Mem:0.01M, Peak:0.01M | Scene, ViewLayer | Updating Objects | Copying Transformations to device
Fra:1 Mem:40.33M (Peak 53.12M) | Time:00:00.03 | Mem:0.08M, Peak:0.08M | Scene, ViewLayer | Updating Objects | Applying Static Transformations
Fra:1 Mem:40.33M (Peak 53.12M) | Time:00:00.03 | Mem:0.08M, Peak:0.08M | Scene, ViewLayer | Updating Particle Systems
Fra:1 Mem:40.33M (Peak 53.12M) | Time:00:00.03 | Mem:0.08M, Peak:0.08M | Scene, ViewLayer | Updating Particle Systems | Copying Particles to device
Fra:1 Mem:40.33M (Peak 53.12M) | Time:00:00.03 | Mem:0.08M, Peak:0.08M | Scene, ViewLayer | Updating Meshes
Fra:1 Mem:41.76M (Peak 53.12M) | Time:00:00.03 | Mem:0.08M, Peak:0.08M | Scene, ViewLayer | Updating Mesh | Computing attributes
Fra:1 Mem:42.63M (Peak 53.12M) | Time:00:00.03 | Mem:0.10M, Peak:0.10M | Scene, ViewLayer | Updating Mesh | Copying Attributes to device
Fra:1 Mem:42.59M (Peak 53.12M) | Time:00:00.03 | Mem:0.90M, Peak:0.90M | Scene, ViewLayer | Updating Scene BVH | Building
Fra:1 Mem:42.59M (Peak 53.12M) | Time:00:00.03 | Mem:0.90M, Peak:0.90M | Scene, ViewLayer | Updating Scene BVH | Building BVH
Fra:1 Mem:42.59M (Peak 53.12M) | Time:00:00.03 | Mem:3.77M, Peak:3.77M | Scene, ViewLayer | Updating Scene BVH | Building BVH 0%
Fra:1 Mem:42.59M (Peak 53.12M) | Time:00:00.06 | Mem:6.90M, Peak:9.77M | Scene, ViewLayer | Updating Scene BVH | Copying BVH to device
Fra:1 Mem:42.59M (Peak 53.12M) | Time:00:00.06 | Mem:6.90M, Peak:9.77M | Scene, ViewLayer | Updating Mesh | Computing normals
Fra:1 Mem:46.53M (Peak 53.12M) | Time:00:00.06 | Mem:6.90M, Peak:9.77M | Scene, ViewLayer | Updating Mesh | Copying Mesh to device
Fra:1 Mem:46.53M (Peak 53.12M) | Time:00:00.06 | Mem:10.83M, Peak:10.83M | Scene, ViewLayer | Updating Objects Flags
Fra:1 Mem:46.53M (Peak 53.12M) | Time:00:00.06 | Mem:10.84M, Peak:10.84M | Scene, ViewLayer | Updating Primitive Offsets
Fra:1 Mem:46.53M (Peak 53.12M) | Time:00:00.06 | Mem:10.84M, Peak:10.84M | Scene, ViewLayer | Updating Images
Fra:1 Mem:46.53M (Peak 53.12M) | Time:00:00.06 | Mem:10.84M, Peak:10.84M | Scene, ViewLayer | Updating Camera Volume
Fra:1 Mem:46.53M (Peak 53.12M) | Time:00:00.06 | Mem:10.84M, Peak:10.84M | Scene, ViewLayer | Updating Lookup Tables
Fra:1 Mem:46.53M (Peak 53.12M) | Time:00:00.06 | Mem:10.92M, Peak:10.92M | Scene, ViewLayer | Updating Lights
Fra:1 Mem:46.53M (Peak 53.12M) | Time:00:00.06 | Mem:10.92M, Peak:10.92M | Scene, ViewLayer | Updating Lights | Computing tree
Fra:1 Mem:46.53M (Peak 53.12M) | Time:00:00.06 | Mem:10.92M, Peak:10.92M | Scene, ViewLayer | Updating Integrator
Fra:1 Mem:46.53M (Peak 53.12M) | Time:00:00.06 | Mem:10.92M, Peak:10.92M | Scene, ViewLayer | Updating Film
Fra:1 Mem:46.54M (Peak 53.12M) | Time:00:00.06 | Mem:10.84M, Peak:10.92M | Scene, ViewLayer | Updating Lookup Tables
Fra:1 Mem:46.54M (Peak 53.12M) | Time:00:00.06 | Mem:10.92M, Peak:10.92M | Scene, ViewLayer | Updating Baking
Fra:1 Mem:46.54M (Peak 53.12M) | Time:00:00.06 | Mem:10.92M, Peak:10.92M | Scene, ViewLayer | Updating Device | Writing constant memory
Fra:1 Mem:46.54M (Peak 53.12M) | Time:00:00.06 | Mem:10.92M, Peak:10.92M | Scene, ViewLayer | Sample 0/12
Fra:1 Mem:190.06M (Peak 190.06M) | Time:00:06.39 | Remaining:01:09.69 | Mem:154.43M, Peak:154.43M | Scene, ViewLayer | Sample 1/12
Fra:1 Mem:190.06M (Peak 190.06M) | Time:00:36.70 | Remaining:00:51.30 | Mem:154.43M, Peak:154.43M | Scene, ViewLayer | Sample 5/12
Fra:1 Mem:190.06M (Peak 190.06M) | Time:01:05.28 | Remaining:00:21.73 | Mem:154.43M, Peak:154.43M | Scene, ViewLayer | Sample 9/12
Fra:1 Mem:253.84M (Peak 381.41M) | Time:01:28.52 | Mem:154.43M, Peak:154.43M | Scene, ViewLayer | Sample 12/12
Fra:1 Mem:253.84M (Peak 381.41M) | Time:01:28.52 | Mem:154.43M, Peak:154.43M | Scene, ViewLayer | Finished
Saved: '/workspace/scratch/blender-upgrade/f3-weapons/ArtSource/WeaponModules/WeaponClose-Before.png'
Time: 01:29.80 (Saving: 00:01.27)

Fra:1 Mem:40.10M (Peak 40.10M) | Time:00:00.06 | Mem:0.00M, Peak:0.00M | Scene, ViewLayer | Synchronizing object | Text
Fra:1 Mem:40.14M (Peak 40.14M) | Time:00:00.06 | Mem:0.00M, Peak:0.00M | Scene, ViewLayer | Synchronizing object | Text.001
Fra:1 Mem:40.27M (Peak 40.27M) | Time:00:00.06 | Mem:0.00M, Peak:0.00M | Scene, ViewLayer | Synchronizing object | Text.002
Fra:1 Mem:40.32M (Peak 40.32M) | Time:00:00.06 | Mem:0.00M, Peak:0.00M | Scene, ViewLayer | Synchronizing object | Text.003
Fra:1 Mem:40.43M (Peak 40.43M) | Time:00:00.06 | Mem:0.00M, Peak:0.00M | Scene, ViewLayer | Synchronizing object | Text.004
Fra:1 Mem:40.49M (Peak 40.49M) | Time:00:00.06 | Mem:0.00M, Peak:0.00M | Scene, ViewLayer | Synchronizing object | Text.005
Fra:1 Mem:40.63M (Peak 40.63M) | Time:00:00.06 | Mem:0.00M, Peak:0.00M | Scene, ViewLayer | Synchronizing object | Text.006
Fra:1 Mem:40.69M (Peak 40.69M) | Time:00:00.06 | Mem:0.00M, Peak:0.00M | Scene, ViewLayer | Synchronizing object | Text.007
Fra:1 Mem:40.83M (Peak 40.83M) | Time:00:00.06 | Mem:0.00M, Peak:0.00M | Scene, ViewLayer | Synchronizing object | Text.008
Fra:1 Mem:40.86M (Peak 40.86M) | Time:00:00.06 | Mem:0.00M, Peak:0.00M | Scene, ViewLayer | Synchronizing object | Text.009
Fra:1 Mem:40.96M (Peak 40.96M) | Time:00:00.07 | Mem:0.00M, Peak:0.00M | Scene, ViewLayer | Synchronizing object | Text.010
Fra:1 Mem:41.00M (Peak 41.00M) | Time:00:00.07 | Mem:0.00M, Peak:0.00M | Scene, ViewLayer | Synchronizing object | Text.011
Fra:1 Mem:41.10M (Peak 41.10M) | Time:00:00.07 | Mem:0.00M, Peak:0.00M | Scene, ViewLayer | Synchronizing object | Text.012
Fra:1 Mem:41.18M (Peak 41.18M) | Time:00:00.07 | Mem:0.00M, Peak:0.00M | Scene, ViewLayer | Synchronizing object | Text.013
Fra:1 Mem:41.34M (Peak 41.34M) | Time:00:00.07 | Mem:0.00M, Peak:0.00M | Scene, ViewLayer | Synchronizing object | Text.014
Fra:1 Mem:41.43M (Peak 41.43M) | Time:00:00.07 | Mem:0.00M, Peak:0.00M | Scene, ViewLayer | Synchronizing object | Plane
Fra:1 Mem:41.43M (Peak 41.43M) | Time:00:00.07 | Mem:0.00M, Peak:0.00M | Scene, ViewLayer | Synchronizing object | Wrapped grip
Fra:1 Mem:41.46M (Peak 41.46M) | Time:00:00.07 | Mem:0.00M, Peak:0.00M | Scene, ViewLayer | Synchronizing object | Faceted pommel
Fra:1 Mem:41.47M (Peak 41.47M) | Time:00:00.07 | Mem:0.00M, Peak:0.00M | Scene, ViewLayer | Synchronizing object | Swept guard
Fra:1 Mem:41.51M (Peak 41.51M) | Time:00:00.07 | Mem:0.00M, Peak:0.00M | Scene, ViewLayer | Synchronizing object | Tiered blade
Fra:1 Mem:41.51M (Peak 41.51M) | Time:00:00.07 | Mem:0.00M, Peak:0.00M | Scene, ViewLayer | Synchronizing object | Blade spine
Fra:1 Mem:41.52M (Peak 41.52M) | Time:00:00.07 | Mem:0.00M, Peak:0.00M | Scene, ViewLayer | Synchronizing object | Wrapped grip.001
Fra:1 Mem:41.55M (Peak 41.55M) | Time:00:00.07 | Mem:0.00M, Peak:0.00M | Scene, ViewLayer | Synchronizing object | Faceted pommel.001
Fra:1 Mem:41.56M (Peak 41.56M) | Time:00:00.07 | Mem:0.00M, Peak:0.00M | Scene, ViewLayer | Synchronizing object | Swept guard.001
Fra:1 Mem:41.59M (Peak 41.59M) | Time:00:00.07 | Mem:0.00M, Peak:0.00M | Scene, ViewLayer | Synchronizing object | Tiered blade.001
Fra:1 Mem:41.60M (Peak 41.60M) | Time:00:00.07 | Mem:0.00M, Peak:0.00M | Scene, ViewLayer | Synchronizing object | Blade spine.001
Fra:1 Mem:41.60M (Peak 41.60M) | Time:00:00.07 | Mem:0.00M, Peak:0.00M | Scene, ViewLayer | Synchronizing object | Fashion sword guard
Fra:1 Mem:41.62M (Peak 41.62M) | Time:00:00.07 | Mem:0.00M, Peak:0.00M | Scene, ViewLayer | Synchronizing object | Fashion sword guard.001
Fra:1 Mem:41.64M (Peak 41.64M) | Time:00:00.07 | Mem:0.00M, Peak:0.00M | Scene, ViewLayer | Synchronizing object | Wrapped grip.002
Fra:1 Mem:41.65M (Peak 41.65M) | Time:00:00.07 | Mem:0.00M, Peak:0.00M | Scene, ViewLayer | Synchronizing object | Faceted pommel.002
Fra:1 Mem:41.65M (Peak 41.65M) | Time:00:00.07 | Mem:0.00M, Peak:0.00M | Scene, ViewLayer | Synchronizing object | Swept guard.002
Fra:1 Mem:41.67M (Peak 41.67M) | Time:00:00.07 | Mem:0.00M, Peak:0.00M | Scene, ViewLayer | Synchronizing object | Tiered blade.002
Fra:1 Mem:41.67M (Peak 41.67M) | Time:00:00.07 | Mem:0.00M, Peak:0.00M | Scene, ViewLayer | Synchronizing object | Blade spine.002
Fra:1 Mem:41.67M (Peak 41.67M) | Time:00:00.07 | Mem:0.00M, Peak:0.00M | Scene, ViewLayer | Synchronizing object | Guard wing
Fra:1 Mem:41.68M (Peak 41.68M) | Time:00:00.07 | Mem:0.00M, Peak:0.00M | Scene, ViewLayer | Synchronizing object | Blade fang
Fra:1 Mem:41.68M (Peak 41.68M) | Time:00:00.07 | Mem:0.00M, Peak:0.00M | Scene, ViewLayer | Synchronizing object | Guard wing.001
Fra:1 Mem:41.69M (Peak 41.69M) | Time:00:00.07 | Mem:0.00M, Peak:0.00M | Scene, ViewLayer | Synchronizing object | Blade fang.001
Fra:1 Mem:41.69M (Peak 41.69M) | Time:00:00.07 | Mem:0.00M, Peak:0.00M | Scene, ViewLayer | Synchronizing object | Blade rune
Fra:1 Mem:41.70M (Peak 41.70M) | Time:00:00.07 | Mem:0.00M, Peak:0.00M | Scene, ViewLayer | Synchronizing object | Blade rune.001
Fra:1 Mem:41.70M (Peak 41.70M) | Time:00:00.07 | Mem:0.00M, Peak:0.00M | Scene, ViewLayer | Synchronizing object | Blade rune.002
Fra:1 Mem:41.70M (Peak 41.70M) | Time:00:00.07 | Mem:0.00M, Peak:0.00M | Scene, ViewLayer | Synchronizing object | Forging mark
Fra:1 Mem:41.70M (Peak 41.70M) | Time:00:00.07 | Mem:0.00M, Peak:0.00M | Scene, ViewLayer | Synchronizing object | Forging mark.001
Fra:1 Mem:41.70M (Peak 41.70M) | Time:00:00.07 | Mem:0.00M, Peak:0.00M | Scene, ViewLayer | Synchronizing object | Forging mark.002
Fra:1 Mem:41.71M (Peak 41.71M) | Time:00:00.07 | Mem:0.00M, Peak:0.00M | Scene, ViewLayer | Synchronizing object | Forging mark.003
Fra:1 Mem:41.71M (Peak 41.71M) | Time:00:00.07 | Mem:0.00M, Peak:0.00M | Scene, ViewLayer | Synchronizing object | Forging mark.004
Fra:1 Mem:41.71M (Peak 41.71M) | Time:00:00.07 | Mem:0.00M, Peak:0.00M | Scene, ViewLayer | Synchronizing object | Forging mark.005
Fra:1 Mem:41.71M (Peak 41.71M) | Time:00:00.07 | Mem:0.00M, Peak:0.00M | Scene, ViewLayer | Synchronizing object | Forging mark.006
Fra:1 Mem:41.71M (Peak 41.71M) | Time:00:00.07 | Mem:0.00M, Peak:0.00M | Scene, ViewLayer | Synchronizing object | Forging mark.007
Fra:1 Mem:41.71M (Peak 41.71M) | Time:00:00.07 | Mem:0.00M, Peak:0.00M | Scene, ViewLayer | Synchronizing object | Forging mark.008
Fra:1 Mem:41.72M (Peak 41.72M) | Time:00:00.07 | Mem:0.00M, Peak:0.00M | Scene, ViewLayer | Synchronizing object | Forging mark.009
Fra:1 Mem:41.72M (Peak 41.72M) | Time:00:00.07 | Mem:0.00M, Peak:0.00M | Scene, ViewLayer | Synchronizing object | Weapon aura shard
Fra:1 Mem:41.72M (Peak 41.72M) | Time:00:00.07 | Mem:0.00M, Peak:0.00M | Scene, ViewLayer | Synchronizing object | Weapon aura shard.001
Fra:1 Mem:41.72M (Peak 41.72M) | Time:00:00.07 | Mem:0.00M, Peak:0.00M | Scene, ViewLayer | Synchronizing object | Wrapped grip.003
Fra:1 Mem:41.73M (Peak 41.73M) | Time:00:00.07 | Mem:0.00M, Peak:0.00M | Scene, ViewLayer | Synchronizing object | Faceted pommel.003
Fra:1 Mem:41.74M (Peak 41.74M) | Time:00:00.07 | Mem:0.00M, Peak:0.00M | Scene, ViewLayer | Synchronizing object | Swept guard.003
Fra:1 Mem:41.75M (Peak 41.75M) | Time:00:00.07 | Mem:0.00M, Peak:0.00M | Scene, ViewLayer | Synchronizing object | Tiered blade.003
Fra:1 Mem:41.75M (Peak 41.75M) | Time:00:00.07 | Mem:0.00M, Peak:0.00M | Scene, ViewLayer | Synchronizing object | Blade spine.003
Fra:1 Mem:41.76M (Peak 41.76M) | Time:00:00.07 | Mem:0.00M, Peak:0.00M | Scene, ViewLayer | Synchronizing object | Guard wing.002
Fra:1 Mem:41.76M (Peak 41.76M) | Time:00:00.07 | Mem:0.00M, Peak:0.00M | Scene, ViewLayer | Synchronizing object | Blade fang.002
Fra:1 Mem:41.77M (Peak 41.77M) | Time:00:00.07 | Mem:0.00M, Peak:0.00M | Scene, ViewLayer | Synchronizing object | Guard wing.003
Fra:1 Mem:41.77M (Peak 41.77M) | Time:00:00.07 | Mem:0.00M, Peak:0.00M | Scene, ViewLayer | Synchronizing object | Blade fang.003
Fra:1 Mem:41.78M (Peak 41.78M) | Time:00:00.07 | Mem:0.00M, Peak:0.00M | Scene, ViewLayer | Synchronizing object | Blade rune.003
Fra:1 Mem:41.78M (Peak 41.78M) | Time:00:00.07 | Mem:0.00M, Peak:0.00M | Scene, ViewLayer | Synchronizing object | Blade rune.004
Fra:1 Mem:41.78M (Peak 41.78M) | Time:00:00.07 | Mem:0.00M, Peak:0.00M | Scene, ViewLayer | Synchronizing object | Blade rune.005
Fra:1 Mem:41.78M (Peak 41.78M) | Time:00:00.07 | Mem:0.00M, Peak:0.00M | Scene, ViewLayer | Synchronizing object | Forging mark.010
Fra:1 Mem:41.79M (Peak 41.79M) | Time:00:00.07 | Mem:0.00M, Peak:0.00M | Scene, ViewLayer | Synchronizing object | Forging mark.011
Fra:1 Mem:41.79M (Peak 41.79M) | Time:00:00.07 | Mem:0.00M, Peak:0.00M | Scene, ViewLayer | Synchronizing object | Forging mark.012
Fra:1 Mem:41.79M (Peak 41.79M) | Time:00:00.07 | Mem:0.00M, Peak:0.00M | Scene, ViewLayer | Synchronizing object | Forging mark.013
Fra:1 Mem:41.79M (Peak 41.79M) | Time:00:00.07 | Mem:0.00M, Peak:0.00M | Scene, ViewLayer | Synchronizing object | Forging mark.014
Fra:1 Mem:41.79M (Peak 41.79M) | Time:00:00.07 | Mem:0.00M, Peak:0.00M | Scene, ViewLayer | Synchronizing object | Forging mark.015
Fra:1 Mem:41.80M (Peak 41.80M) | Time:00:00.07 | Mem:0.00M, Peak:0.00M | Scene, ViewLayer | Synchronizing object | Forging mark.016
Fra:1 Mem:41.80M (Peak 41.80M) | Time:00:00.07 | Mem:0.00M, Peak:0.00M | Scene, ViewLayer | Synchronizing object | Forging mark.017
Fra:1 Mem:41.80M (Peak 41.80M) | Time:00:00.07 | Mem:0.00M, Peak:0.00M | Scene, ViewLayer | Synchronizing object | Forging mark.018
Fra:1 Mem:41.80M (Peak 41.80M) | Time:00:00.07 | Mem:0.00M, Peak:0.00M | Scene, ViewLayer | Synchronizing object | Forging mark.019
Fra:1 Mem:41.80M (Peak 41.80M) | Time:00:00.07 | Mem:0.00M, Peak:0.00M | Scene, ViewLayer | Synchronizing object | Weapon aura shard.002
Fra:1 Mem:41.81M (Peak 41.81M) | Time:00:00.07 | Mem:0.00M, Peak:0.00M | Scene, ViewLayer | Synchronizing object | Weapon aura shard.003
Fra:1 Mem:41.81M (Peak 41.81M) | Time:00:00.07 | Mem:0.00M, Peak:0.00M | Scene, ViewLayer | Synchronizing object | Fashion sword guard.002
Fra:1 Mem:41.82M (Peak 41.82M) | Time:00:00.07 | Mem:0.00M, Peak:0.00M | Scene, ViewLayer | Synchronizing object | Fashion sword guard.003
Fra:1 Mem:41.84M (Peak 41.84M) | Time:00:00.07 | Mem:0.00M, Peak:0.00M | Scene, ViewLayer | Synchronizing object | Inlaid staff
Fra:1 Mem:41.85M (Peak 41.85M) | Time:00:00.07 | Mem:0.00M, Peak:0.00M | Scene, ViewLayer | Synchronizing object | Staff collar
Fra:1 Mem:41.85M (Peak 41.85M) | Time:00:00.07 | Mem:0.00M, Peak:0.00M | Scene, ViewLayer | Synchronizing object | Focus crystal
Fra:1 Mem:41.87M (Peak 41.87M) | Time:00:00.07 | Mem:0.00M, Peak:0.00M | Scene, ViewLayer | Synchronizing object | Inlaid staff.001
Fra:1 Mem:41.87M (Peak 41.87M) | Time:00:00.07 | Mem:0.00M, Peak:0.00M | Scene, ViewLayer | Synchronizing object | Staff collar.001
Fra:1 Mem:41.88M (Peak 41.88M) | Time:00:00.07 | Mem:0.00M, Peak:0.00M | Scene, ViewLayer | Synchronizing object | Focus crystal.001
Fra:1 Mem:41.90M (Peak 41.90M) | Time:00:00.07 | Mem:0.00M, Peak:0.00M | Scene, ViewLayer | Synchronizing object | Fashion focus collar
Fra:1 Mem:41.91M (Peak 41.91M) | Time:00:00.07 | Mem:0.00M, Peak:0.00M | Scene, ViewLayer | Synchronizing object | Fashion focus fin
Fra:1 Mem:41.93M (Peak 41.93M) | Time:00:00.07 | Mem:0.00M, Peak:0.00M | Scene, ViewLayer | Synchronizing object | Fashion focus fin.001
Fra:1 Mem:41.95M (Peak 41.95M) | Time:00:00.07 | Mem:0.00M, Peak:0.00M | Scene, ViewLayer | Synchronizing object | Inlaid staff.002
Fra:1 Mem:41.95M (Peak 41.95M) | Time:00:00.07 | Mem:0.00M, Peak:0.00M | Scene, ViewLayer | Synchronizing object | Staff collar.002
Fra:1 Mem:41.96M (Peak 41.96M) | Time:00:00.07 | Mem:0.00M, Peak:0.00M | Scene, ViewLayer | Synchronizing object | Focus crystal.002
Fra:1 Mem:41.98M (Peak 41.98M) | Time:00:00.07 | Mem:0.00M, Peak:0.00M | Scene, ViewLayer | Synchronizing object | Crystal prong
Fra:1 Mem:41.99M (Peak 41.99M) | Time:00:00.07 | Mem:0.00M, Peak:0.00M | Scene, ViewLayer | Synchronizing object | Floating shard
Fra:1 Mem:41.99M (Peak 41.99M) | Time:00:00.07 | Mem:0.00M, Peak:0.00M | Scene, ViewLayer | Synchronizing object | Crystal prong.001
Fra:1 Mem:42.00M (Peak 42.00M) | Time:00:00.07 | Mem:0.00M, Peak:0.00M | Scene, ViewLayer | Synchronizing object | Floating shard.001
Fra:1 Mem:42.01M (Peak 42.01M) | Time:00:00.07 | Mem:0.00M, Peak:0.00M | Scene, ViewLayer | Synchronizing object | Staff rune
Fra:1 Mem:42.01M (Peak 42.01M) | Time:00:00.07 | Mem:0.00M, Peak:0.00M | Scene, ViewLayer | Synchronizing object | Staff rune.001
Fra:1 Mem:42.01M (Peak 42.01M) | Time:00:00.07 | Mem:0.00M, Peak:0.00M | Scene, ViewLayer | Synchronizing object | Staff rune.002
Fra:1 Mem:42.01M (Peak 42.01M) | Time:00:00.07 | Mem:0.00M, Peak:0.00M | Scene, ViewLayer | Synchronizing object | Staff forging mark
Fra:1 Mem:42.01M (Peak 42.01M) | Time:00:00.07 | Mem:0.00M, Peak:0.00M | Scene, ViewLayer | Synchronizing object | Staff forging mark.001
Fra:1 Mem:42.02M (Peak 42.02M) | Time:00:00.07 | Mem:0.00M, Peak:0.00M | Scene, ViewLayer | Synchronizing object | Staff forging mark.002
Fra:1 Mem:42.02M (Peak 42.02M) | Time:00:00.07 | Mem:0.00M, Peak:0.00M | Scene, ViewLayer | Synchronizing object | Staff forging mark.003
Fra:1 Mem:42.02M (Peak 42.02M) | Time:00:00.07 | Mem:0.00M, Peak:0.00M | Scene, ViewLayer | Synchronizing object | Staff forging mark.004
Fra:1 Mem:42.02M (Peak 42.02M) | Time:00:00.07 | Mem:0.00M, Peak:0.00M | Scene, ViewLayer | Synchronizing object | Staff forging mark.005
Fra:1 Mem:42.02M (Peak 42.02M) | Time:00:00.07 | Mem:0.00M, Peak:0.00M | Scene, ViewLayer | Synchronizing object | Staff forging mark.006
Fra:1 Mem:42.02M (Peak 42.02M) | Time:00:00.07 | Mem:0.00M, Peak:0.00M | Scene, ViewLayer | Synchronizing object | Staff forging mark.007
Fra:1 Mem:42.03M (Peak 42.03M) | Time:00:00.07 | Mem:0.00M, Peak:0.00M | Scene, ViewLayer | Synchronizing object | Staff forging mark.008
Fra:1 Mem:42.03M (Peak 42.03M) | Time:00:00.07 | Mem:0.00M, Peak:0.00M | Scene, ViewLayer | Synchronizing object | Staff forging mark.009
Fra:1 Mem:42.03M (Peak 42.03M) | Time:00:00.07 | Mem:0.00M, Peak:0.00M | Scene, ViewLayer | Synchronizing object | Weapon aura shard.004
Fra:1 Mem:42.03M (Peak 42.03M) | Time:00:00.07 | Mem:0.00M, Peak:0.00M | Scene, ViewLayer | Synchronizing object | Weapon aura shard.005
Fra:1 Mem:42.03M (Peak 42.03M) | Time:00:00.07 | Mem:0.00M, Peak:0.00M | Scene, ViewLayer | Synchronizing object | Inlaid staff.003
Fra:1 Mem:42.04M (Peak 42.04M) | Time:00:00.07 | Mem:0.00M, Peak:0.00M | Scene, ViewLayer | Synchronizing object | Staff collar.003
Fra:1 Mem:42.04M (Peak 42.04M) | Time:00:00.07 | Mem:0.00M, Peak:0.00M | Scene, ViewLayer | Synchronizing object | Focus crystal.003
Fra:1 Mem:42.06M (Peak 42.06M) | Time:00:00.07 | Mem:0.00M, Peak:0.00M | Scene, ViewLayer | Synchronizing object | Crystal prong.002
Fra:1 Mem:42.08M (Peak 42.08M) | Time:00:00.07 | Mem:0.00M, Peak:0.00M | Scene, ViewLayer | Synchronizing object | Floating shard.002
Fra:1 Mem:42.08M (Peak 42.08M) | Time:00:00.07 | Mem:0.00M, Peak:0.00M | Scene, ViewLayer | Synchronizing object | Crystal prong.003
Fra:1 Mem:42.09M (Peak 42.09M) | Time:00:00.07 | Mem:0.00M, Peak:0.00M | Scene, ViewLayer | Synchronizing object | Floating shard.003
Fra:1 Mem:42.09M (Peak 42.09M) | Time:00:00.07 | Mem:0.00M, Peak:0.00M | Scene, ViewLayer | Synchronizing object | Staff rune.003
Fra:1 Mem:42.09M (Peak 42.09M) | Time:00:00.07 | Mem:0.00M, Peak:0.00M | Scene, ViewLayer | Synchronizing object | Staff rune.004
Fra:1 Mem:42.10M (Peak 42.10M) | Time:00:00.07 | Mem:0.00M, Peak:0.00M | Scene, ViewLayer | Synchronizing object | Staff rune.005
Fra:1 Mem:42.10M (Peak 42.10M) | Time:00:00.07 | Mem:0.00M, Peak:0.00M | Scene, ViewLayer | Synchronizing object | Staff forging mark.010
Fra:1 Mem:42.10M (Peak 42.10M) | Time:00:00.07 | Mem:0.00M, Peak:0.00M | Scene, ViewLayer | Synchronizing object | Staff forging mark.011
Fra:1 Mem:42.10M (Peak 42.10M) | Time:00:00.07 | Mem:0.00M, Peak:0.00M | Scene, ViewLayer | Synchronizing object | Staff forging mark.012
Fra:1 Mem:42.10M (Peak 42.10M) | Time:00:00.07 | Mem:0.00M, Peak:0.00M | Scene, ViewLayer | Synchronizing object | Staff forging mark.013
Fra:1 Mem:42.11M (Peak 42.11M) | Time:00:00.07 | Mem:0.00M, Peak:0.00M | Scene, ViewLayer | Synchronizing object | Staff forging mark.014
Fra:1 Mem:42.11M (Peak 42.11M) | Time:00:00.07 | Mem:0.00M, Peak:0.00M | Scene, ViewLayer | Synchronizing object | Staff forging mark.015
Fra:1 Mem:42.11M (Peak 42.11M) | Time:00:00.07 | Mem:0.00M, Peak:0.00M | Scene, ViewLayer | Synchronizing object | Staff forging mark.016
Fra:1 Mem:42.11M (Peak 42.11M) | Time:00:00.07 | Mem:0.00M, Peak:0.00M | Scene, ViewLayer | Synchronizing object | Staff forging mark.017
Fra:1 Mem:42.11M (Peak 42.11M) | Time:00:00.07 | Mem:0.00M, Peak:0.00M | Scene, ViewLayer | Synchronizing object | Staff forging mark.018
Fra:1 Mem:42.12M (Peak 42.12M) | Time:00:00.07 | Mem:0.00M, Peak:0.00M | Scene, ViewLayer | Synchronizing object | Staff forging mark.019
Fra:1 Mem:42.12M (Peak 42.12M) | Time:00:00.07 | Mem:0.00M, Peak:0.00M | Scene, ViewLayer | Synchronizing object | Weapon aura shard.006
Fra:1 Mem:42.12M (Peak 42.12M) | Time:00:00.07 | Mem:0.00M, Peak:0.00M | Scene, ViewLayer | Synchronizing object | Weapon aura shard.007
Fra:1 Mem:42.12M (Peak 42.12M) | Time:00:00.07 | Mem:0.00M, Peak:0.00M | Scene, ViewLayer | Synchronizing object | Fashion focus collar.001
Fra:1 Mem:42.14M (Peak 42.14M) | Time:00:00.07 | Mem:0.00M, Peak:0.00M | Scene, ViewLayer | Synchronizing object | Fashion focus fin.002
Fra:1 Mem:42.16M (Peak 42.16M) | Time:00:00.07 | Mem:0.00M, Peak:0.00M | Scene, ViewLayer | Synchronizing object | Fashion focus fin.003
Fra:1 Mem:42.17M (Peak 42.17M) | Time:00:00.07 | Mem:0.00M, Peak:0.00M | Scene, ViewLayer | Synchronizing object | Arrow rest
Fra:1 Mem:42.18M (Peak 42.18M) | Time:00:00.07 | Mem:0.00M, Peak:0.00M | Scene, ViewLayer | Synchronizing object | Arrow Shaft
Fra:1 Mem:42.18M (Peak 42.18M) | Time:00:00.07 | Mem:0.00M, Peak:0.00M | Scene, ViewLayer | Synchronizing object | Arrow Head
Fra:1 Mem:42.18M (Peak 42.18M) | Time:00:00.07 | Mem:0.00M, Peak:0.00M | Scene, ViewLayer | Synchronizing object | Arrow Fletching
Fra:1 Mem:42.19M (Peak 42.19M) | Time:00:00.07 | Mem:0.00M, Peak:0.00M | Scene, ViewLayer | Synchronizing object | Arrow Fletching.001
Fra:1 Mem:42.19M (Peak 42.19M) | Time:00:00.07 | Mem:0.00M, Peak:0.00M | Scene, ViewLayer | Synchronizing object | Arrow Fletching.002
Fra:1 Mem:42.20M (Peak 42.20M) | Time:00:00.07 | Mem:0.00M, Peak:0.00M | Scene, ViewLayer | Synchronizing object | Bow grip
Fra:1 Mem:42.20M (Peak 42.20M) | Time:00:00.07 | Mem:0.00M, Peak:0.00M | Scene, ViewLayer | Synchronizing object | Layered bow limb
Fra:1 Mem:42.21M (Peak 42.21M) | Time:00:00.07 | Mem:0.00M, Peak:0.00M | Scene, ViewLayer | Synchronizing object | Layered bow limb.001
Fra:1 Mem:42.22M (Peak 42.22M) | Time:00:00.07 | Mem:0.00M, Peak:0.00M | Scene, ViewLayer | Synchronizing object | Layered bow limb.002
Fra:1 Mem:42.22M (Peak 42.22M) | Time:00:00.07 | Mem:0.00M, Peak:0.00M | Scene, ViewLayer | Synchronizing object | Layered bow limb.003
Fra:1 Mem:42.23M (Peak 42.23M) | Time:00:00.07 | Mem:0.00M, Peak:0.00M | Scene, ViewLayer | Synchronizing object | Bow tip
Fra:1 Mem:42.23M (Peak 42.23M) | Time:00:00.07 | Mem:0.00M, Peak:0.00M | Scene, ViewLayer | Synchronizing object | Layered bow limb.004
Fra:1 Mem:42.24M (Peak 42.24M) | Time:00:00.07 | Mem:0.00M, Peak:0.00M | Scene, ViewLayer | Synchronizing object | Layered bow limb.005
Fra:1 Mem:42.25M (Peak 42.25M) | Time:00:00.07 | Mem:0.00M, Peak:0.00M | Scene, ViewLayer | Synchronizing object | Layered bow limb.006
Fra:1 Mem:42.26M (Peak 42.26M) | Time:00:00.07 | Mem:0.00M, Peak:0.00M | Scene, ViewLayer | Synchronizing object | Layered bow limb.007
Fra:1 Mem:42.26M (Peak 42.26M) | Time:00:00.07 | Mem:0.00M, Peak:0.00M | Scene, ViewLayer | Synchronizing object | Bow tip.001
Fra:1 Mem:42.27M (Peak 42.27M) | Time:00:00.07 | Mem:0.00M, Peak:0.00M | Scene, ViewLayer | Synchronizing object | Arrow rest.001
Fra:1 Mem:42.27M (Peak 42.27M) | Time:00:00.07 | Mem:0.00M, Peak:0.00M | Scene, ViewLayer | Synchronizing object | Arrow Shaft.001
Fra:1 Mem:42.28M (Peak 42.28M) | Time:00:00.07 | Mem:0.00M, Peak:0.00M | Scene, ViewLayer | Synchronizing object | Arrow Head.001
Fra:1 Mem:42.28M (Peak 42.28M) | Time:00:00.07 | Mem:0.00M, Peak:0.00M | Scene, ViewLayer | Synchronizing object | Arrow Fletching.003
Fra:1 Mem:42.28M (Peak 42.28M) | Time:00:00.07 | Mem:0.00M, Peak:0.00M | Scene, ViewLayer | Synchronizing object | Arrow Fletching.004
Fra:1 Mem:42.29M (Peak 42.29M) | Time:00:00.07 | Mem:0.00M, Peak:0.00M | Scene, ViewLayer | Synchronizing object | Arrow Fletching.005
Fra:1 Mem:42.29M (Peak 42.29M) | Time:00:00.07 | Mem:0.00M, Peak:0.00M | Scene, ViewLayer | Synchronizing object | Bow grip.001
Fra:1 Mem:42.30M (Peak 42.30M) | Time:00:00.07 | Mem:0.00M, Peak:0.00M | Scene, ViewLayer | Synchronizing object | Layered bow limb.008
Fra:1 Mem:42.30M (Peak 42.30M) | Time:00:00.07 | Mem:0.00M, Peak:0.00M | Scene, ViewLayer | Synchronizing object | Layered bow limb.009
Fra:1 Mem:42.31M (Peak 42.31M) | Time:00:00.07 | Mem:0.00M, Peak:0.00M | Scene, ViewLayer | Synchronizing object | Layered bow limb.010
Fra:1 Mem:42.32M (Peak 42.32M) | Time:00:00.07 | Mem:0.00M, Peak:0.00M | Scene, ViewLayer | Synchronizing object | Layered bow limb.011
Fra:1 Mem:42.33M (Peak 42.33M) | Time:00:00.07 | Mem:0.00M, Peak:0.00M | Scene, ViewLayer | Synchronizing object | Bow tip.002
Fra:1 Mem:42.33M (Peak 42.33M) | Time:00:00.07 | Mem:0.00M, Peak:0.00M | Scene, ViewLayer | Synchronizing object | Layered bow limb.012
Fra:1 Mem:42.34M (Peak 42.34M) | Time:00:00.07 | Mem:0.00M, Peak:0.00M | Scene, ViewLayer | Synchronizing object | Layered bow limb.013
Fra:1 Mem:42.34M (Peak 42.34M) | Time:00:00.07 | Mem:0.00M, Peak:0.00M | Scene, ViewLayer | Synchronizing object | Layered bow limb.014
Fra:1 Mem:42.35M (Peak 42.35M) | Time:00:00.07 | Mem:0.00M, Peak:0.00M | Scene, ViewLayer | Synchronizing object | Layered bow limb.015
Fra:1 Mem:42.36M (Peak 42.36M) | Time:00:00.07 | Mem:0.00M, Peak:0.00M | Scene, ViewLayer | Synchronizing object | Bow tip.003
Fra:1 Mem:42.36M (Peak 42.36M) | Time:00:00.07 | Mem:0.00M, Peak:0.00M | Scene, ViewLayer | Synchronizing object | Fashion bow limb crest
Fra:1 Mem:42.38M (Peak 42.38M) | Time:00:00.07 | Mem:0.00M, Peak:0.00M | Scene, ViewLayer | Synchronizing object | Fashion bow limb crest.001
Fra:1 Mem:42.40M (Peak 42.40M) | Time:00:00.07 | Mem:0.00M, Peak:0.00M | Scene, ViewLayer | Synchronizing object | Arrow rest.002
Fra:1 Mem:42.40M (Peak 42.40M) | Time:00:00.07 | Mem:0.00M, Peak:0.00M | Scene, ViewLayer | Synchronizing object | Arrow Shaft.002
Fra:1 Mem:42.40M (Peak 42.40M) | Time:00:00.07 | Mem:0.00M, Peak:0.00M | Scene, ViewLayer | Synchronizing object | Arrow Head.002
Fra:1 Mem:42.41M (Peak 42.41M) | Time:00:00.07 | Mem:0.00M, Peak:0.00M | Scene, ViewLayer | Synchronizing object | Arrow Fletching.006
Fra:1 Mem:42.41M (Peak 42.41M) | Time:00:00.07 | Mem:0.00M, Peak:0.00M | Scene, ViewLayer | Synchronizing object | Arrow Fletching.007
Fra:1 Mem:42.42M (Peak 42.42M) | Time:00:00.07 | Mem:0.00M, Peak:0.00M | Scene, ViewLayer | Synchronizing object | Arrow Fletching.008
Fra:1 Mem:42.42M (Peak 42.42M) | Time:00:00.07 | Mem:0.00M, Peak:0.00M | Scene, ViewLayer | Synchronizing object | Bow grip.002
Fra:1 Mem:42.43M (Peak 42.43M) | Time:00:00.07 | Mem:0.00M, Peak:0.00M | Scene, ViewLayer | Synchronizing object | Layered bow limb.016
Fra:1 Mem:42.43M (Peak 42.43M) | Time:00:00.07 | Mem:0.00M, Peak:0.00M | Scene, ViewLayer | Synchronizing object | Layered bow limb.017
Fra:1 Mem:42.44M (Peak 42.44M) | Time:00:00.07 | Mem:0.00M, Peak:0.00M | Scene, ViewLayer | Synchronizing object | Layered bow limb.018
Fra:1 Mem:42.45M (Peak 42.45M) | Time:00:00.07 | Mem:0.00M, Peak:0.00M | Scene, ViewLayer | Synchronizing object | Layered bow limb.019
Fra:1 Mem:42.46M (Peak 42.46M) | Time:00:00.07 | Mem:0.00M, Peak:0.00M | Scene, ViewLayer | Synchronizing object | Bow tip.004
Fra:1 Mem:42.46M (Peak 42.46M) | Time:00:00.07 | Mem:0.00M, Peak:0.00M | Scene, ViewLayer | Synchronizing object | Bow horn
Fra:1 Mem:42.47M (Peak 42.47M) | Time:00:00.07 | Mem:0.00M, Peak:0.00M | Scene, ViewLayer | Synchronizing object | Layered bow limb.020
Fra:1 Mem:42.47M (Peak 42.47M) | Time:00:00.07 | Mem:0.00M, Peak:0.00M | Scene, ViewLayer | Synchronizing object | Layered bow limb.021
Fra:1 Mem:42.48M (Peak 42.48M) | Time:00:00.07 | Mem:0.00M, Peak:0.00M | Scene, ViewLayer | Synchronizing object | Layered bow limb.022
Fra:1 Mem:42.49M (Peak 42.49M) | Time:00:00.07 | Mem:0.00M, Peak:0.00M | Scene, ViewLayer | Synchronizing object | Layered bow limb.023
Fra:1 Mem:42.50M (Peak 42.50M) | Time:00:00.07 | Mem:0.00M, Peak:0.00M | Scene, ViewLayer | Synchronizing object | Bow tip.005
Fra:1 Mem:42.50M (Peak 42.50M) | Time:00:00.07 | Mem:0.00M, Peak:0.00M | Scene, ViewLayer | Synchronizing object | Bow horn.001
Fra:1 Mem:42.51M (Peak 42.51M) | Time:00:00.07 | Mem:0.00M, Peak:0.00M | Scene, ViewLayer | Synchronizing object | Bow focus
Fra:1 Mem:42.51M (Peak 42.51M) | Time:00:00.07 | Mem:0.00M, Peak:0.00M | Scene, ViewLayer | Synchronizing object | Bow forging mark
Fra:1 Mem:42.51M (Peak 42.51M) | Time:00:00.07 | Mem:0.00M, Peak:0.00M | Scene, ViewLayer | Synchronizing object | Bow forging mark.001
Fra:1 Mem:42.51M (Peak 42.51M) | Time:00:00.07 | Mem:0.00M, Peak:0.00M | Scene, ViewLayer | Synchronizing object | Bow forging mark.002
Fra:1 Mem:42.51M (Peak 42.51M) | Time:00:00.07 | Mem:0.00M, Peak:0.00M | Scene, ViewLayer | Synchronizing object | Bow forging mark.003
Fra:1 Mem:42.51M (Peak 42.51M) | Time:00:00.07 | Mem:0.00M, Peak:0.00M | Scene, ViewLayer | Synchronizing object | Bow forging mark.004
Fra:1 Mem:42.52M (Peak 42.52M) | Time:00:00.07 | Mem:0.00M, Peak:0.00M | Scene, ViewLayer | Synchronizing object | Bow forging mark.005
Fra:1 Mem:42.52M (Peak 42.52M) | Time:00:00.07 | Mem:0.00M, Peak:0.00M | Scene, ViewLayer | Synchronizing object | Bow forging mark.006
Fra:1 Mem:42.52M (Peak 42.52M) | Time:00:00.07 | Mem:0.00M, Peak:0.00M | Scene, ViewLayer | Synchronizing object | Bow forging mark.007
Fra:1 Mem:42.52M (Peak 42.52M) | Time:00:00.07 | Mem:0.00M, Peak:0.00M | Scene, ViewLayer | Synchronizing object | Bow forging mark.008
Fra:1 Mem:42.52M (Peak 42.52M) | Time:00:00.07 | Mem:0.00M, Peak:0.00M | Scene, ViewLayer | Synchronizing object | Bow forging mark.009
Fra:1 Mem:42.53M (Peak 42.53M) | Time:00:00.07 | Mem:0.00M, Peak:0.00M | Scene, ViewLayer | Synchronizing object | Weapon aura shard.008
Fra:1 Mem:42.53M (Peak 42.53M) | Time:00:00.07 | Mem:0.00M, Peak:0.00M | Scene, ViewLayer | Synchronizing object | Weapon aura shard.009
Fra:1 Mem:42.53M (Peak 42.53M) | Time:00:00.07 | Mem:0.00M, Peak:0.00M | Scene, ViewLayer | Synchronizing object | Arrow rest.003
Fra:1 Mem:42.53M (Peak 42.53M) | Time:00:00.07 | Mem:0.00M, Peak:0.00M | Scene, ViewLayer | Synchronizing object | Arrow Shaft.003
Fra:1 Mem:42.54M (Peak 42.54M) | Time:00:00.07 | Mem:0.00M, Peak:0.00M | Scene, ViewLayer | Synchronizing object | Arrow Head.003
Fra:1 Mem:42.54M (Peak 42.54M) | Time:00:00.07 | Mem:0.00M, Peak:0.00M | Scene, ViewLayer | Synchronizing object | Arrow Fletching.009
Fra:1 Mem:42.55M (Peak 42.55M) | Time:00:00.07 | Mem:0.00M, Peak:0.00M | Scene, ViewLayer | Synchronizing object | Arrow Fletching.010
Fra:1 Mem:42.55M (Peak 42.55M) | Time:00:00.07 | Mem:0.00M, Peak:0.00M | Scene, ViewLayer | Synchronizing object | Arrow Fletching.011
Fra:1 Mem:42.55M (Peak 42.55M) | Time:00:00.07 | Mem:0.00M, Peak:0.00M | Scene, ViewLayer | Synchronizing object | Bow grip.003
Fra:1 Mem:42.56M (Peak 42.56M) | Time:00:00.07 | Mem:0.00M, Peak:0.00M | Scene, ViewLayer | Synchronizing object | Layered bow limb.024
Fra:1 Mem:42.57M (Peak 42.57M) | Time:00:00.07 | Mem:0.00M, Peak:0.00M | Scene, ViewLayer | Synchronizing object | Layered bow limb.025
Fra:1 Mem:42.57M (Peak 42.57M) | Time:00:00.07 | Mem:0.00M, Peak:0.00M | Scene, ViewLayer | Synchronizing object | Layered bow limb.026
Fra:1 Mem:42.58M (Peak 42.58M) | Time:00:00.07 | Mem:0.00M, Peak:0.00M | Scene, ViewLayer | Synchronizing object | Layered bow limb.027
Fra:1 Mem:42.59M (Peak 42.59M) | Time:00:00.07 | Mem:0.00M, Peak:0.00M | Scene, ViewLayer | Synchronizing object | Bow tip.006
Fra:1 Mem:42.59M (Peak 42.59M) | Time:00:00.07 | Mem:0.00M, Peak:0.00M | Scene, ViewLayer | Synchronizing object | Bow horn.002
Fra:1 Mem:42.60M (Peak 42.60M) | Time:00:00.07 | Mem:0.00M, Peak:0.00M | Scene, ViewLayer | Synchronizing object | Layered bow limb.028
Fra:1 Mem:42.61M (Peak 42.61M) | Time:00:00.07 | Mem:0.00M, Peak:0.00M | Scene, ViewLayer | Synchronizing object | Layered bow limb.029
Fra:1 Mem:42.61M (Peak 42.61M) | Time:00:00.07 | Mem:0.00M, Peak:0.00M | Scene, ViewLayer | Synchronizing object | Layered bow limb.030
Fra:1 Mem:42.62M (Peak 42.62M) | Time:00:00.07 | Mem:0.00M, Peak:0.00M | Scene, ViewLayer | Synchronizing object | Text.015
Fra:1 Mem:42.77M (Peak 42.77M) | Time:00:00.07 | Mem:0.00M, Peak:0.00M | Scene, ViewLayer | Synchronizing object | Fashion focus fin.007
Fra:1 Mem:42.79M (Peak 42.79M) | Time:00:00.07 | Mem:0.00M, Peak:0.00M | Scene, ViewLayer | Synchronizing object | Fashion focus fin.006
Fra:1 Mem:42.81M (Peak 42.81M) | Time:00:00.07 | Mem:0.00M, Peak:0.00M | Scene, ViewLayer | Synchronizing object | Fashion focus collar.003
Fra:1 Mem:42.82M (Peak 42.82M) | Time:00:00.07 | Mem:0.00M, Peak:0.00M | Scene, ViewLayer | Synchronizing object | Weapon aura shard.015
Fra:1 Mem:42.83M (Peak 42.83M) | Time:00:00.07 | Mem:0.00M, Peak:0.00M | Scene, ViewLayer | Synchronizing object | Weapon aura shard.014
Fra:1 Mem:42.83M (Peak 42.83M) | Time:00:00.07 | Mem:0.00M, Peak:0.00M | Scene, ViewLayer | Synchronizing object | Staff forging mark.039
Fra:1 Mem:42.83M (Peak 42.83M) | Time:00:00.07 | Mem:0.00M, Peak:0.00M | Scene, ViewLayer | Synchronizing object | Staff forging mark.038
Fra:1 Mem:42.83M (Peak 42.83M) | Time:00:00.07 | Mem:0.00M, Peak:0.00M | Scene, ViewLayer | Synchronizing object | Staff forging mark.037
Fra:1 Mem:42.83M (Peak 42.83M) | Time:00:00.07 | Mem:0.00M, Peak:0.00M | Scene, ViewLayer | Synchronizing object | Staff forging mark.036
Fra:1 Mem:42.83M (Peak 42.83M) | Time:00:00.07 | Mem:0.00M, Peak:0.00M | Scene, ViewLayer | Synchronizing object | Staff forging mark.035
Fra:1 Mem:42.84M (Peak 42.84M) | Time:00:00.07 | Mem:0.00M, Peak:0.00M | Scene, ViewLayer | Synchronizing object | Staff forging mark.034
Fra:1 Mem:42.84M (Peak 42.84M) | Time:00:00.07 | Mem:0.00M, Peak:0.00M | Scene, ViewLayer | Synchronizing object | Staff forging mark.033
Fra:1 Mem:42.84M (Peak 42.84M) | Time:00:00.07 | Mem:0.00M, Peak:0.00M | Scene, ViewLayer | Synchronizing object | Staff forging mark.032
Fra:1 Mem:42.84M (Peak 42.84M) | Time:00:00.07 | Mem:0.00M, Peak:0.00M | Scene, ViewLayer | Synchronizing object | Staff forging mark.031
Fra:1 Mem:42.84M (Peak 42.84M) | Time:00:00.07 | Mem:0.00M, Peak:0.00M | Scene, ViewLayer | Synchronizing object | Staff forging mark.030
Fra:1 Mem:42.85M (Peak 42.85M) | Time:00:00.07 | Mem:0.00M, Peak:0.00M | Scene, ViewLayer | Synchronizing object | Staff rune.011
Fra:1 Mem:42.85M (Peak 42.85M) | Time:00:00.07 | Mem:0.00M, Peak:0.00M | Scene, ViewLayer | Synchronizing object | Staff rune.010
Fra:1 Mem:42.85M (Peak 42.85M) | Time:00:00.07 | Mem:0.00M, Peak:0.00M | Scene, ViewLayer | Synchronizing object | Staff rune.009
Fra:1 Mem:42.85M (Peak 42.85M) | Time:00:00.07 | Mem:0.00M, Peak:0.00M | Scene, ViewLayer | Synchronizing object | Floating shard.007
Fra:1 Mem:42.85M (Peak 42.85M) | Time:00:00.07 | Mem:0.00M, Peak:0.00M | Scene, ViewLayer | Synchronizing object | Crystal prong.007
Fra:1 Mem:42.87M (Peak 42.87M) | Time:00:00.07 | Mem:0.00M, Peak:0.00M | Scene, ViewLayer | Synchronizing object | Floating shard.006
Fra:1 Mem:42.87M (Peak 42.87M) | Time:00:00.07 | Mem:0.00M, Peak:0.00M | Scene, ViewLayer | Synchronizing object | Crystal prong.006
Fra:1 Mem:42.88M (Peak 42.88M) | Time:00:00.07 | Mem:0.00M, Peak:0.00M | Scene, ViewLayer | Synchronizing object | Focus crystal.007
Fra:1 Mem:42.90M (Peak 42.90M) | Time:00:00.07 | Mem:0.00M, Peak:0.00M | Scene, ViewLayer | Synchronizing object | Staff collar.007
Fra:1 Mem:42.90M (Peak 42.90M) | Time:00:00.07 | Mem:0.00M, Peak:0.00M | Scene, ViewLayer | Synchronizing object | Inlaid staff.007
Fra:1 Mem:42.91M (Peak 42.91M) | Time:00:00.07 | Mem:0.00M, Peak:0.00M | Scene, ViewLayer | Synchronizing object | Weapon aura shard.013
Fra:1 Mem:42.91M (Peak 42.91M) | Time:00:00.07 | Mem:0.00M, Peak:0.00M | Scene, ViewLayer | Synchronizing object | Weapon aura shard.012
Fra:1 Mem:42.91M (Peak 42.91M) | Time:00:00.07 | Mem:0.00M, Peak:0.00M | Scene, ViewLayer | Synchronizing object | Staff forging mark.029
Fra:1 Mem:42.92M (Peak 42.92M) | Time:00:00.07 | Mem:0.00M, Peak:0.00M | Scene, ViewLayer | Synchronizing object | Staff forging mark.028
Fra:1 Mem:42.92M (Peak 42.92M) | Time:00:00.07 | Mem:0.00M, Peak:0.00M | Scene, ViewLayer | Synchronizing object | Staff forging mark.027
Fra:1 Mem:42.92M (Peak 42.92M) | Time:00:00.07 | Mem:0.00M, Peak:0.00M | Scene, ViewLayer | Synchronizing object | Staff forging mark.026
Fra:1 Mem:42.92M (Peak 42.92M) | Time:00:00.07 | Mem:0.00M, Peak:0.00M | Scene, ViewLayer | Synchronizing object | Staff forging mark.025
Fra:1 Mem:42.92M (Peak 42.92M) | Time:00:00.07 | Mem:0.00M, Peak:0.00M | Scene, ViewLayer | Synchronizing object | Staff forging mark.024
Fra:1 Mem:42.92M (Peak 42.92M) | Time:00:00.07 | Mem:0.00M, Peak:0.00M | Scene, ViewLayer | Synchronizing object | Staff forging mark.023
Fra:1 Mem:42.93M (Peak 42.93M) | Time:00:00.07 | Mem:0.00M, Peak:0.00M | Scene, ViewLayer | Synchronizing object | Staff forging mark.022
Fra:1 Mem:42.93M (Peak 42.93M) | Time:00:00.07 | Mem:0.00M, Peak:0.00M | Scene, ViewLayer | Synchronizing object | Staff forging mark.021
Fra:1 Mem:42.93M (Peak 42.93M) | Time:00:00.07 | Mem:0.00M, Peak:0.00M | Scene, ViewLayer | Synchronizing object | Staff forging mark.020
Fra:1 Mem:42.93M (Peak 42.93M) | Time:00:00.07 | Mem:0.00M, Peak:0.00M | Scene, ViewLayer | Synchronizing object | Staff rune.008
Fra:1 Mem:42.93M (Peak 42.93M) | Time:00:00.07 | Mem:0.00M, Peak:0.00M | Scene, ViewLayer | Synchronizing object | Staff rune.007
Fra:1 Mem:42.94M (Peak 42.94M) | Time:00:00.07 | Mem:0.00M, Peak:0.00M | Scene, ViewLayer | Synchronizing object | Staff rune.006
Fra:1 Mem:42.94M (Peak 42.94M) | Time:00:00.07 | Mem:0.00M, Peak:0.00M | Scene, ViewLayer | Synchronizing object | Floating shard.005
Fra:1 Mem:42.94M (Peak 42.94M) | Time:00:00.07 | Mem:0.00M, Peak:0.00M | Scene, ViewLayer | Synchronizing object | Crystal prong.005
Fra:1 Mem:42.95M (Peak 42.95M) | Time:00:00.07 | Mem:0.00M, Peak:0.00M | Scene, ViewLayer | Synchronizing object | Floating shard.004
Fra:1 Mem:42.96M (Peak 42.96M) | Time:00:00.07 | Mem:0.00M, Peak:0.00M | Scene, ViewLayer | Synchronizing object | Crystal prong.004
Fra:1 Mem:42.97M (Peak 42.97M) | Time:00:00.07 | Mem:0.00M, Peak:0.00M | Scene, ViewLayer | Synchronizing object | Focus crystal.006
Fra:1 Mem:42.99M (Peak 42.99M) | Time:00:00.07 | Mem:0.00M, Peak:0.00M | Scene, ViewLayer | Synchronizing object | Staff collar.006
Fra:1 Mem:42.99M (Peak 42.99M) | Time:00:00.07 | Mem:0.00M, Peak:0.00M | Scene, ViewLayer | Synchronizing object | Inlaid staff.006
Fra:1 Mem:43.00M (Peak 43.00M) | Time:00:00.07 | Mem:0.00M, Peak:0.00M | Scene, ViewLayer | Synchronizing object | Fashion focus fin.005
Fra:1 Mem:43.01M (Peak 43.01M) | Time:00:00.07 | Mem:0.00M, Peak:0.00M | Scene, ViewLayer | Synchronizing object | Fashion focus fin.004
Fra:1 Mem:43.03M (Peak 43.03M) | Time:00:00.07 | Mem:0.00M, Peak:0.00M | Scene, ViewLayer | Synchronizing object | Fashion focus collar.002
Fra:1 Mem:43.05M (Peak 43.05M) | Time:00:00.07 | Mem:0.00M, Peak:0.00M | Scene, ViewLayer | Synchronizing object | Focus crystal.005
Fra:1 Mem:43.07M (Peak 43.07M) | Time:00:00.07 | Mem:0.00M, Peak:0.00M | Scene, ViewLayer | Synchronizing object | Staff collar.005
Fra:1 Mem:43.07M (Peak 43.07M) | Time:00:00.07 | Mem:0.00M, Peak:0.00M | Scene, ViewLayer | Synchronizing object | Inlaid staff.005
Fra:1 Mem:43.08M (Peak 43.08M) | Time:00:00.07 | Mem:0.00M, Peak:0.00M | Scene, ViewLayer | Synchronizing object | Focus crystal.004
Fra:1 Mem:43.09M (Peak 43.09M) | Time:00:00.07 | Mem:0.00M, Peak:0.00M | Scene, ViewLayer | Synchronizing object | Staff collar.004
Fra:1 Mem:43.10M (Peak 43.10M) | Time:00:00.07 | Mem:0.00M, Peak:0.00M | Scene, ViewLayer | Synchronizing object | Inlaid staff.004
Fra:1 Mem:43.10M (Peak 43.10M) | Time:00:00.07 | Mem:0.00M, Peak:0.00M | Scene, ViewLayer | Synchronizing object | Fashion bow limb crest.003
Fra:1 Mem:43.12M (Peak 43.12M) | Time:00:00.07 | Mem:0.00M, Peak:0.00M | Scene, ViewLayer | Synchronizing object | Fashion bow limb crest.002
Fra:1 Mem:43.14M (Peak 43.14M) | Time:00:00.07 | Mem:0.00M, Peak:0.00M | Scene, ViewLayer | Synchronizing object | Weapon aura shard.011
Fra:1 Mem:43.14M (Peak 43.14M) | Time:00:00.07 | Mem:0.00M, Peak:0.00M | Scene, ViewLayer | Synchronizing object | Weapon aura shard.010
Fra:1 Mem:43.14M (Peak 43.14M) | Time:00:00.07 | Mem:0.00M, Peak:0.00M | Scene, ViewLayer | Synchronizing object | Bow forging mark.019
Fra:1 Mem:43.14M (Peak 43.14M) | Time:00:00.07 | Mem:0.00M, Peak:0.00M | Scene, ViewLayer | Synchronizing object | Bow forging mark.018
Fra:1 Mem:43.14M (Peak 43.14M) | Time:00:00.07 | Mem:0.00M, Peak:0.00M | Scene, ViewLayer | Synchronizing object | Bow forging mark.017
Fra:1 Mem:43.15M (Peak 43.15M) | Time:00:00.07 | Mem:0.00M, Peak:0.00M | Scene, ViewLayer | Synchronizing object | Bow forging mark.016
Fra:1 Mem:43.15M (Peak 43.15M) | Time:00:00.07 | Mem:0.00M, Peak:0.00M | Scene, ViewLayer | Synchronizing object | Bow forging mark.015
Fra:1 Mem:43.15M (Peak 43.15M) | Time:00:00.07 | Mem:0.00M, Peak:0.00M | Scene, ViewLayer | Synchronizing object | Bow forging mark.014
Fra:1 Mem:43.15M (Peak 43.15M) | Time:00:00.07 | Mem:0.00M, Peak:0.00M | Scene, ViewLayer | Synchronizing object | Bow forging mark.013
Fra:1 Mem:43.15M (Peak 43.15M) | Time:00:00.07 | Mem:0.00M, Peak:0.00M | Scene, ViewLayer | Synchronizing object | Bow forging mark.012
Fra:1 Mem:43.16M (Peak 43.16M) | Time:00:00.07 | Mem:0.00M, Peak:0.00M | Scene, ViewLayer | Synchronizing object | Bow forging mark.011
Fra:1 Mem:43.16M (Peak 43.16M) | Time:00:00.07 | Mem:0.00M, Peak:0.00M | Scene, ViewLayer | Synchronizing object | Bow forging mark.010
Fra:1 Mem:43.16M (Peak 43.16M) | Time:00:00.07 | Mem:0.00M, Peak:0.00M | Scene, ViewLayer | Synchronizing object | Bow focus.001
Fra:1 Mem:43.16M (Peak 43.16M) | Time:00:00.07 | Mem:0.00M, Peak:0.00M | Scene, ViewLayer | Synchronizing object | Bow horn.003
Fra:1 Mem:43.17M (Peak 43.17M) | Time:00:00.07 | Mem:0.00M, Peak:0.00M | Scene, ViewLayer | Synchronizing object | Bow tip.007
Fra:1 Mem:43.17M (Peak 43.17M) | Time:00:00.07 | Mem:0.00M, Peak:0.00M | Scene, ViewLayer | Synchronizing object | Layered bow limb.031
Fra:1 Mem:43.18M (Peak 43.18M) | Time:00:00.07 | Mem:0.00M, Peak:0.00M | Scene, ViewLayer | Initializing
Fra:1 Mem:30.23M (Peak 43.18M) | Time:00:00.09 | Mem:0.00M, Peak:0.00M | Scene, ViewLayer | Waiting for render to start
Fra:1 Mem:30.23M (Peak 43.18M) | Time:00:00.09 | Mem:0.00M, Peak:0.00M | Scene, ViewLayer | Loading render kernels (may take a few minutes the first time)
Fra:1 Mem:30.23M (Peak 43.18M) | Time:00:00.09 | Mem:0.00M, Peak:0.00M | Scene, ViewLayer | Updating Scene
Fra:1 Mem:30.23M (Peak 43.18M) | Time:00:00.09 | Mem:0.00M, Peak:0.00M | Scene, ViewLayer | Updating Shaders
Fra:1 Mem:30.32M (Peak 43.18M) | Time:00:00.09 | Mem:0.01M, Peak:0.01M | Scene, ViewLayer | Updating Procedurals
Fra:1 Mem:30.32M (Peak 43.18M) | Time:00:00.09 | Mem:0.01M, Peak:0.01M | Scene, ViewLayer | Updating Background
Fra:1 Mem:30.32M (Peak 43.18M) | Time:00:00.09 | Mem:0.01M, Peak:0.01M | Scene, ViewLayer | Updating Camera
Fra:1 Mem:30.32M (Peak 43.18M) | Time:00:00.09 | Mem:0.01M, Peak:0.01M | Scene, ViewLayer | Updating Meshes Flags
Fra:1 Mem:30.32M (Peak 43.18M) | Time:00:00.09 | Mem:0.01M, Peak:0.01M | Scene, ViewLayer | Updating Objects
Fra:1 Mem:30.32M (Peak 43.18M) | Time:00:00.09 | Mem:0.01M, Peak:0.01M | Scene, ViewLayer | Updating Objects | Copying Transformations to device
Fra:1 Mem:30.39M (Peak 43.18M) | Time:00:00.09 | Mem:0.08M, Peak:0.08M | Scene, ViewLayer | Updating Objects | Applying Static Transformations
Fra:1 Mem:30.39M (Peak 43.18M) | Time:00:00.09 | Mem:0.08M, Peak:0.08M | Scene, ViewLayer | Updating Particle Systems
Fra:1 Mem:30.39M (Peak 43.18M) | Time:00:00.09 | Mem:0.08M, Peak:0.08M | Scene, ViewLayer | Updating Particle Systems | Copying Particles to device
Fra:1 Mem:30.39M (Peak 43.18M) | Time:00:00.09 | Mem:0.08M, Peak:0.08M | Scene, ViewLayer | Updating Meshes
Fra:1 Mem:30.68M (Peak 43.18M) | Time:00:00.09 | Mem:0.08M, Peak:0.08M | Scene, ViewLayer | Updating Mesh | Computing attributes
Fra:1 Mem:31.11M (Peak 43.18M) | Time:00:00.09 | Mem:0.10M, Peak:0.10M | Scene, ViewLayer | Updating Mesh | Copying Attributes to device
Fra:1 Mem:31.07M (Peak 43.18M) | Time:00:00.09 | Mem:0.46M, Peak:0.46M | Scene, ViewLayer | Updating Scene BVH | Building
Fra:1 Mem:31.07M (Peak 43.18M) | Time:00:00.09 | Mem:0.46M, Peak:0.46M | Scene, ViewLayer | Updating Scene BVH | Building BVH
Fra:1 Mem:31.07M (Peak 43.18M) | Time:00:00.09 | Mem:1.04M, Peak:1.04M | Scene, ViewLayer | Updating Scene BVH | Building BVH 0%
Fra:1 Mem:31.07M (Peak 43.18M) | Time:00:00.10 | Mem:1.79M, Peak:2.37M | Scene, ViewLayer | Updating Scene BVH | Copying BVH to device
Fra:1 Mem:31.07M (Peak 43.18M) | Time:00:00.10 | Mem:1.79M, Peak:2.37M | Scene, ViewLayer | Updating Mesh | Computing normals
Fra:1 Mem:32.42M (Peak 43.18M) | Time:00:00.11 | Mem:1.79M, Peak:2.37M | Scene, ViewLayer | Updating Mesh | Copying Mesh to device
Fra:1 Mem:32.42M (Peak 43.18M) | Time:00:00.11 | Mem:3.14M, Peak:3.14M | Scene, ViewLayer | Updating Objects Flags
Fra:1 Mem:32.42M (Peak 43.18M) | Time:00:00.11 | Mem:3.14M, Peak:3.14M | Scene, ViewLayer | Updating Primitive Offsets
Fra:1 Mem:32.42M (Peak 43.18M) | Time:00:00.11 | Mem:3.14M, Peak:3.14M | Scene, ViewLayer | Updating Images
Fra:1 Mem:32.42M (Peak 43.18M) | Time:00:00.11 | Mem:3.14M, Peak:3.14M | Scene, ViewLayer | Updating Camera Volume
Fra:1 Mem:32.42M (Peak 43.18M) | Time:00:00.11 | Mem:3.14M, Peak:3.14M | Scene, ViewLayer | Updating Lookup Tables
Fra:1 Mem:32.42M (Peak 43.18M) | Time:00:00.11 | Mem:3.22M, Peak:3.22M | Scene, ViewLayer | Updating Lights
Fra:1 Mem:32.42M (Peak 43.18M) | Time:00:00.11 | Mem:3.22M, Peak:3.22M | Scene, ViewLayer | Updating Lights | Computing tree
Fra:1 Mem:32.42M (Peak 43.18M) | Time:00:00.11 | Mem:3.23M, Peak:3.23M | Scene, ViewLayer | Updating Integrator
Fra:1 Mem:32.42M (Peak 43.18M) | Time:00:00.11 | Mem:3.23M, Peak:3.23M | Scene, ViewLayer | Updating Film
Fra:1 Mem:32.42M (Peak 43.18M) | Time:00:00.11 | Mem:3.15M, Peak:3.23M | Scene, ViewLayer | Updating Lookup Tables
Fra:1 Mem:32.42M (Peak 43.18M) | Time:00:00.11 | Mem:3.23M, Peak:3.23M | Scene, ViewLayer | Updating Baking
Fra:1 Mem:32.42M (Peak 43.18M) | Time:00:00.11 | Mem:3.23M, Peak:3.23M | Scene, ViewLayer | Updating Device | Writing constant memory
Fra:1 Mem:32.43M (Peak 43.18M) | Time:00:00.11 | Mem:3.23M, Peak:3.23M | Scene, ViewLayer | Sample 0/12
Fra:1 Mem:175.95M (Peak 175.95M) | Time:00:07.14 | Remaining:01:17.35 | Mem:146.74M, Peak:146.74M | Scene, ViewLayer | Sample 1/12
Fra:1 Mem:175.95M (Peak 175.95M) | Time:00:33.03 | Remaining:00:46.09 | Mem:146.74M, Peak:146.74M | Scene, ViewLayer | Sample 5/12
Fra:1 Mem:175.95M (Peak 175.95M) | Time:01:00.97 | Remaining:00:20.28 | Mem:146.74M, Peak:146.74M | Scene, ViewLayer | Sample 9/12
Fra:1 Mem:239.73M (Peak 367.29M) | Time:01:26.08 | Mem:146.74M, Peak:146.74M | Scene, ViewLayer | Sample 12/12
Fra:1 Mem:239.73M (Peak 367.29M) | Time:01:26.08 | Mem:146.74M, Peak:146.74M | Scene, ViewLayer | Finished
Saved: '/workspace/scratch/blender-upgrade/f3-weapons/ArtSource/WeaponModules/WeaponClose-After.png'
Time: 01:27.45 (Saving: 00:01.36)

PASS four same-camera boards: visible-renderer factory 16 combinations and weapon-local closeups; production palette, managed TRS, Blender render

Blender quit
