Blender 4.3.2
Fra:1 Mem:98.86M (Peak 98.86M) | Time:00:00.05 | Mem:0.00M, Peak:0.00M | Scene, ViewLayer | Synchronizing object | Plane
Fra:1 Mem:98.86M (Peak 98.86M) | Time:00:00.05 | Mem:0.00M, Peak:0.00M | Scene, ViewLayer | Synchronizing object | Text
Fra:1 Mem:99.27M (Peak 99.27M) | Time:00:00.05 | Mem:0.00M, Peak:0.00M | Scene, ViewLayer | Synchronizing object | Text.001
Fra:1 Mem:99.98M (Peak 99.98M) | Time:00:00.05 | Mem:0.00M, Peak:0.00M | Scene, ViewLayer | Synchronizing object | Text.002
Fra:1 Mem:100.14M (Peak 100.14M) | Time:00:00.05 | Mem:0.00M, Peak:0.00M | Scene, ViewLayer | Synchronizing object | Text.003
Fra:1 Mem:100.28M (Peak 100.28M) | Time:00:00.05 | Mem:0.00M, Peak:0.00M | Scene, ViewLayer | Synchronizing object | Text.004
Fra:1 Mem:100.42M (Peak 100.42M) | Time:00:00.05 | Mem:0.00M, Peak:0.00M | Scene, ViewLayer | Synchronizing object | Text.005
Fra:1 Mem:100.57M (Peak 100.57M) | Time:00:00.05 | Mem:0.00M, Peak:0.00M | Scene, ViewLayer | Synchronizing object | Text.006
Fra:1 Mem:100.74M (Peak 100.74M) | Time:00:00.05 | Mem:0.00M, Peak:0.00M | Scene, ViewLayer | Synchronizing object | Text.007
Fra:1 Mem:100.85M (Peak 100.85M) | Time:00:00.05 | Mem:0.00M, Peak:0.00M | Scene, ViewLayer | Synchronizing object | Text.008
Fra:1 Mem:101.03M (Peak 101.03M) | Time:00:00.05 | Mem:0.00M, Peak:0.00M | Scene, ViewLayer | Synchronizing object | Text.009
Fra:1 Mem:101.14M (Peak 101.14M) | Time:00:00.05 | Mem:0.00M, Peak:0.00M | Scene, ViewLayer | Synchronizing object | Text.010
Fra:1 Mem:101.35M (Peak 101.35M) | Time:00:00.05 | Mem:0.00M, Peak:0.00M | Scene, ViewLayer | Synchronizing object | Text.011
Fra:1 Mem:101.56M (Peak 101.56M) | Time:00:00.05 | Mem:0.00M, Peak:0.00M | Scene, ViewLayer | Synchronizing object | Breastplate
Fra:1 Mem:101.59M (Peak 101.59M) | Time:00:00.05 | Mem:0.00M, Peak:0.00M | Scene, ViewLayer | Synchronizing object | Belt
Fra:1 Mem:101.62M (Peak 101.62M) | Time:00:00.05 | Mem:0.00M, Peak:0.00M | Scene, ViewLayer | Synchronizing object | Buckle
Fra:1 Mem:101.65M (Peak 101.65M) | Time:00:00.05 | Mem:0.00M, Peak:0.00M | Scene, ViewLayer | Synchronizing object | Pauldrons
Fra:1 Mem:101.68M (Peak 101.68M) | Time:00:00.05 | Mem:0.00M, Peak:0.00M | Scene, ViewLayer | Synchronizing object | Sleeve
Fra:1 Mem:101.72M (Peak 101.72M) | Time:00:00.05 | Mem:0.00M, Peak:0.00M | Scene, ViewLayer | Synchronizing object | Glove
Fra:1 Mem:101.76M (Peak 101.76M) | Time:00:00.05 | Mem:0.00M, Peak:0.00M | Scene, ViewLayer | Synchronizing object | Round Shield
Fra:1 Mem:101.77M (Peak 101.77M) | Time:00:00.05 | Mem:0.00M, Peak:0.00M | Scene, ViewLayer | Synchronizing object | Shield Boss
Fra:1 Mem:101.81M (Peak 101.81M) | Time:00:00.05 | Mem:0.00M, Peak:0.00M | Scene, ViewLayer | Synchronizing object | Forearm Bracer
Fra:1 Mem:101.85M (Peak 101.85M) | Time:00:00.05 | Mem:0.00M, Peak:0.00M | Scene, ViewLayer | Synchronizing object | Cuff Trim
Fra:1 Mem:101.86M (Peak 101.86M) | Time:00:00.05 | Mem:0.00M, Peak:0.00M | Scene, ViewLayer | Synchronizing object | Shield Inlay
Fra:1 Mem:101.89M (Peak 101.89M) | Time:00:00.05 | Mem:0.00M, Peak:0.00M | Scene, ViewLayer | Synchronizing object | Shield Inlay.001
Fra:1 Mem:101.92M (Peak 101.92M) | Time:00:00.05 | Mem:0.00M, Peak:0.00M | Scene, ViewLayer | Synchronizing object | Pauldrons.001
Fra:1 Mem:101.95M (Peak 101.95M) | Time:00:00.05 | Mem:0.00M, Peak:0.00M | Scene, ViewLayer | Synchronizing object | Sleeve.001
Fra:1 Mem:101.99M (Peak 101.99M) | Time:00:00.05 | Mem:0.00M, Peak:0.00M | Scene, ViewLayer | Synchronizing object | Glove.001
Fra:1 Mem:102.03M (Peak 102.03M) | Time:00:00.05 | Mem:0.00M, Peak:0.00M | Scene, ViewLayer | Synchronizing object | Forearm Bracer.001
Fra:1 Mem:102.07M (Peak 102.07M) | Time:00:00.05 | Mem:0.00M, Peak:0.00M | Scene, ViewLayer | Synchronizing object | Cuff Trim.001
Fra:1 Mem:102.08M (Peak 102.08M) | Time:00:00.05 | Mem:0.00M, Peak:0.00M | Scene, ViewLayer | Synchronizing object | Wrapped Hilt
Fra:1 Mem:102.12M (Peak 102.12M) | Time:00:00.05 | Mem:0.00M, Peak:0.00M | Scene, ViewLayer | Synchronizing object | Gold Pommel
Fra:1 Mem:102.13M (Peak 102.13M) | Time:00:00.05 | Mem:0.00M, Peak:0.00M | Scene, ViewLayer | Synchronizing object | Crossguard
Fra:1 Mem:102.16M (Peak 102.16M) | Time:00:00.05 | Mem:0.00M, Peak:0.00M | Scene, ViewLayer | Synchronizing object | Forged Sword
Fra:1 Mem:102.17M (Peak 102.17M) | Time:00:00.05 | Mem:0.00M, Peak:0.00M | Scene, ViewLayer | Synchronizing object | Blade Fuller
Fra:1 Mem:102.20M (Peak 102.20M) | Time:00:00.05 | Mem:0.00M, Peak:0.00M | Scene, ViewLayer | Synchronizing object | Tailored Cloak
Fra:1 Mem:102.22M (Peak 102.22M) | Time:00:00.05 | Mem:0.00M, Peak:0.00M | Scene, ViewLayer | Synchronizing object | Collar
Fra:1 Mem:102.23M (Peak 102.23M) | Time:00:00.05 | Mem:0.00M, Peak:0.00M | Scene, ViewLayer | Synchronizing object | Cuirass
Fra:1 Mem:102.26M (Peak 102.26M) | Time:00:00.05 | Mem:0.00M, Peak:0.00M | Scene, ViewLayer | Synchronizing object | Overlapping Armor
Fra:1 Mem:102.28M (Peak 102.28M) | Time:00:00.05 | Mem:0.00M, Peak:0.00M | Scene, ViewLayer | Synchronizing object | Bowstring reconstruction
Fra:1 Mem:102.29M (Peak 102.29M) | Time:00:00.05 | Mem:0.00M, Peak:0.00M | Scene, ViewLayer | Synchronizing object | Overlapping Armor.001
Fra:1 Mem:102.32M (Peak 102.32M) | Time:00:00.05 | Mem:0.00M, Peak:0.00M | Scene, ViewLayer | Synchronizing object | Overlapping Armor.002
Fra:1 Mem:102.35M (Peak 102.35M) | Time:00:00.05 | Mem:0.00M, Peak:0.00M | Scene, ViewLayer | Synchronizing object | Chest Crest
Fra:1 Mem:102.38M (Peak 102.38M) | Time:00:00.05 | Mem:0.00M, Peak:0.00M | Scene, ViewLayer | Synchronizing object | Armor Tasset
Fra:1 Mem:102.42M (Peak 102.42M) | Time:00:00.05 | Mem:0.00M, Peak:0.00M | Scene, ViewLayer | Synchronizing object | Armor Tasset.001
Fra:1 Mem:102.45M (Peak 102.45M) | Time:00:00.05 | Mem:0.00M, Peak:0.00M | Scene, ViewLayer | Synchronizing object | Head
Fra:1 Mem:102.48M (Peak 102.48M) | Time:00:00.05 | Mem:0.00M, Peak:0.00M | Scene, ViewLayer | Synchronizing object | Eyes L
Fra:1 Mem:102.52M (Peak 102.52M) | Time:00:00.05 | Mem:0.00M, Peak:0.00M | Scene, ViewLayer | Synchronizing object | Eyes R
Fra:1 Mem:102.55M (Peak 102.55M) | Time:00:00.05 | Mem:0.00M, Peak:0.00M | Scene, ViewLayer | Synchronizing object | Helmet
Fra:1 Mem:102.58M (Peak 102.58M) | Time:00:00.05 | Mem:0.00M, Peak:0.00M | Scene, ViewLayer | Synchronizing object | Helmet Crest
Fra:1 Mem:102.61M (Peak 102.61M) | Time:00:00.05 | Mem:0.00M, Peak:0.00M | Scene, ViewLayer | Synchronizing object | Nose Guard
Fra:1 Mem:102.65M (Peak 102.65M) | Time:00:00.05 | Mem:0.00M, Peak:0.00M | Scene, ViewLayer | Synchronizing object | Hair Side Lock
Fra:1 Mem:102.69M (Peak 102.69M) | Time:00:00.05 | Mem:0.00M, Peak:0.00M | Scene, ViewLayer | Synchronizing object | Ear
Fra:1 Mem:102.72M (Peak 102.72M) | Time:00:00.05 | Mem:0.00M, Peak:0.00M | Scene, ViewLayer | Synchronizing object | Hair Side Lock.001
Fra:1 Mem:102.76M (Peak 102.76M) | Time:00:00.05 | Mem:0.00M, Peak:0.00M | Scene, ViewLayer | Synchronizing object | Ear.001
Fra:1 Mem:102.79M (Peak 102.79M) | Time:00:00.05 | Mem:0.00M, Peak:0.00M | Scene, ViewLayer | Synchronizing object | Nose
Fra:1 Mem:102.83M (Peak 102.83M) | Time:00:00.05 | Mem:0.00M, Peak:0.00M | Scene, ViewLayer | Synchronizing object | Helmet Cheek Guard
Fra:1 Mem:102.86M (Peak 102.86M) | Time:00:00.05 | Mem:0.00M, Peak:0.00M | Scene, ViewLayer | Synchronizing object | Helmet Cheek Guard.001
Fra:1 Mem:102.89M (Peak 102.89M) | Time:00:00.05 | Mem:0.00M, Peak:0.00M | Scene, ViewLayer | Synchronizing object | Trouser
Fra:1 Mem:102.93M (Peak 102.93M) | Time:00:00.05 | Mem:0.00M, Peak:0.00M | Scene, ViewLayer | Synchronizing object | Boot
Fra:1 Mem:102.95M (Peak 102.95M) | Time:00:00.05 | Mem:0.00M, Peak:0.00M | Scene, ViewLayer | Synchronizing object | Shin Guard
Fra:1 Mem:102.99M (Peak 102.99M) | Time:00:00.05 | Mem:0.00M, Peak:0.00M | Scene, ViewLayer | Synchronizing object | Knee Guard
Fra:1 Mem:103.02M (Peak 103.02M) | Time:00:00.05 | Mem:0.00M, Peak:0.00M | Scene, ViewLayer | Synchronizing object | Trouser.001
Fra:1 Mem:103.06M (Peak 103.06M) | Time:00:00.05 | Mem:0.00M, Peak:0.00M | Scene, ViewLayer | Synchronizing object | Boot.001
Fra:1 Mem:103.08M (Peak 103.08M) | Time:00:00.05 | Mem:0.00M, Peak:0.00M | Scene, ViewLayer | Synchronizing object | Shin Guard.001
Fra:1 Mem:103.12M (Peak 103.12M) | Time:00:00.05 | Mem:0.00M, Peak:0.00M | Scene, ViewLayer | Synchronizing object | Knee Guard.001
Fra:1 Mem:103.16M (Peak 103.16M) | Time:00:00.05 | Mem:0.00M, Peak:0.00M | Scene, ViewLayer | Synchronizing object | Actual protection
Fra:1 Mem:103.23M (Peak 103.23M) | Time:00:00.05 | Mem:0.00M, Peak:0.00M | Scene, ViewLayer | Synchronizing object | Breastplate.001
Fra:1 Mem:103.27M (Peak 103.27M) | Time:00:00.05 | Mem:0.00M, Peak:0.00M | Scene, ViewLayer | Synchronizing object | Belt.001
Fra:1 Mem:103.30M (Peak 103.30M) | Time:00:00.05 | Mem:0.00M, Peak:0.00M | Scene, ViewLayer | Synchronizing object | Buckle.001
Fra:1 Mem:103.33M (Peak 103.33M) | Time:00:00.05 | Mem:0.00M, Peak:0.00M | Scene, ViewLayer | Synchronizing object | Sleeve.002
Fra:1 Mem:103.37M (Peak 103.37M) | Time:00:00.05 | Mem:0.00M, Peak:0.00M | Scene, ViewLayer | Synchronizing object | Glove.002
Fra:1 Mem:103.41M (Peak 103.41M) | Time:00:00.05 | Mem:0.00M, Peak:0.00M | Scene, ViewLayer | Synchronizing object | Orb
Fra:1 Mem:103.44M (Peak 103.44M) | Time:00:00.05 | Mem:0.00M, Peak:0.00M | Scene, ViewLayer | Synchronizing object | Forearm Bracer.002
Fra:1 Mem:103.48M (Peak 103.48M) | Time:00:00.05 | Mem:0.00M, Peak:0.00M | Scene, ViewLayer | Synchronizing object | Cuff Trim.002
Fra:1 Mem:103.50M (Peak 103.50M) | Time:00:00.05 | Mem:0.00M, Peak:0.00M | Scene, ViewLayer | Synchronizing object | Sleeve.003
Fra:1 Mem:103.54M (Peak 103.54M) | Time:00:00.05 | Mem:0.00M, Peak:0.00M | Scene, ViewLayer | Synchronizing object | Glove.003
Fra:1 Mem:103.57M (Peak 103.57M) | Time:00:00.05 | Mem:0.00M, Peak:0.00M | Scene, ViewLayer | Synchronizing object | Forearm Bracer.003
Fra:1 Mem:103.61M (Peak 103.61M) | Time:00:00.05 | Mem:0.00M, Peak:0.00M | Scene, ViewLayer | Synchronizing object | Cuff Trim.003
Fra:1 Mem:103.62M (Peak 103.62M) | Time:00:00.05 | Mem:0.00M, Peak:0.00M | Scene, ViewLayer | Synchronizing object | Staff
Fra:1 Mem:103.63M (Peak 103.63M) | Time:00:00.05 | Mem:0.00M, Peak:0.00M | Scene, ViewLayer | Synchronizing object | Staff Gold
Fra:1 Mem:103.64M (Peak 103.64M) | Time:00:00.05 | Mem:0.00M, Peak:0.00M | Scene, ViewLayer | Synchronizing object | Arcane Crystal
Fra:1 Mem:103.67M (Peak 103.67M) | Time:00:00.05 | Mem:0.00M, Peak:0.00M | Scene, ViewLayer | Synchronizing object | Staff Crystal Crown
Fra:1 Mem:103.68M (Peak 103.68M) | Time:00:00.05 | Mem:0.00M, Peak:0.00M | Scene, ViewLayer | Synchronizing object | Staff Crystal Crown.001
Fra:1 Mem:103.70M (Peak 103.70M) | Time:00:00.05 | Mem:0.00M, Peak:0.00M | Scene, ViewLayer | Synchronizing object | Tailored Cloak.001
Fra:1 Mem:103.71M (Peak 103.71M) | Time:00:00.05 | Mem:0.00M, Peak:0.00M | Scene, ViewLayer | Synchronizing object | Collar.001
Fra:1 Mem:103.72M (Peak 103.72M) | Time:00:00.05 | Mem:0.00M, Peak:0.00M | Scene, ViewLayer | Synchronizing object | Layered Robe
Fra:1 Mem:103.73M (Peak 103.73M) | Time:00:00.05 | Mem:0.00M, Peak:0.00M | Scene, ViewLayer | Synchronizing object | Embroidered Stole
Fra:1 Mem:103.76M (Peak 103.76M) | Time:00:00.05 | Mem:0.00M, Peak:0.00M | Scene, ViewLayer | Synchronizing object | Robe Hem
Fra:1 Mem:103.79M (Peak 103.79M) | Time:00:00.05 | Mem:0.00M, Peak:0.00M | Scene, ViewLayer | Synchronizing object | Embroidered Stole.001
Fra:1 Mem:103.83M (Peak 103.83M) | Time:00:00.06 | Mem:0.00M, Peak:0.00M | Scene, ViewLayer | Synchronizing object | Robe Hem.001
Fra:1 Mem:103.86M (Peak 103.86M) | Time:00:00.06 | Mem:0.00M, Peak:0.00M | Scene, ViewLayer | Synchronizing object | Arcane Brooch
Fra:1 Mem:103.89M (Peak 103.89M) | Time:00:00.06 | Mem:0.00M, Peak:0.00M | Scene, ViewLayer | Synchronizing object | Head.001
Fra:1 Mem:103.93M (Peak 103.93M) | Time:00:00.06 | Mem:0.00M, Peak:0.00M | Scene, ViewLayer | Synchronizing object | Eyes L.001
Fra:1 Mem:103.97M (Peak 103.97M) | Time:00:00.06 | Mem:0.00M, Peak:0.00M | Scene, ViewLayer | Synchronizing object | Eyes R.001
Fra:1 Mem:104.00M (Peak 104.00M) | Time:00:00.06 | Mem:0.00M, Peak:0.00M | Scene, ViewLayer | Synchronizing object | Hat Brim
Fra:1 Mem:104.02M (Peak 104.02M) | Time:00:00.06 | Mem:0.00M, Peak:0.00M | Scene, ViewLayer | Synchronizing object | Hat Gem
Fra:1 Mem:104.06M (Peak 104.06M) | Time:00:00.06 | Mem:0.00M, Peak:0.00M | Scene, ViewLayer | Synchronizing object | Hair Side Lock.002
Fra:1 Mem:104.10M (Peak 104.10M) | Time:00:00.06 | Mem:0.00M, Peak:0.00M | Scene, ViewLayer | Synchronizing object | Ear.002
Fra:1 Mem:104.14M (Peak 104.14M) | Time:00:00.06 | Mem:0.00M, Peak:0.00M | Scene, ViewLayer | Synchronizing object | Hair Side Lock.003
Fra:1 Mem:104.18M (Peak 104.18M) | Time:00:00.06 | Mem:0.00M, Peak:0.00M | Scene, ViewLayer | Synchronizing object | Ear.003
Fra:1 Mem:104.21M (Peak 104.21M) | Time:00:00.06 | Mem:0.00M, Peak:0.00M | Scene, ViewLayer | Synchronizing object | Nose.001
Fra:1 Mem:104.23M (Peak 104.23M) | Time:00:00.06 | Mem:0.00M, Peak:0.00M | Scene, ViewLayer | Synchronizing object | Bowstring reconstruction.001
Fra:1 Mem:104.25M (Peak 104.25M) | Time:00:00.06 | Mem:0.00M, Peak:0.00M | Scene, ViewLayer | Synchronizing object | Pointed Wizard Hat
Fra:1 Mem:104.26M (Peak 104.26M) | Time:00:00.06 | Mem:0.00M, Peak:0.00M | Scene, ViewLayer | Synchronizing object | Scholar rear high collar
Fra:1 Mem:104.29M (Peak 104.29M) | Time:00:00.06 | Mem:0.00M, Peak:0.00M | Scene, ViewLayer | Synchronizing object | Scholar rear high collar.001
Fra:1 Mem:104.32M (Peak 104.32M) | Time:00:00.06 | Mem:0.00M, Peak:0.00M | Scene, ViewLayer | Synchronizing object | Long robe front panel
Fra:1 Mem:104.33M (Peak 104.33M) | Time:00:00.06 | Mem:0.00M, Peak:0.00M | Scene, ViewLayer | Synchronizing object | Long robe front panel.001
Fra:1 Mem:104.35M (Peak 104.35M) | Time:00:00.06 | Mem:0.00M, Peak:0.00M | Scene, ViewLayer | Synchronizing object | Trouser.002
Fra:1 Mem:104.39M (Peak 104.39M) | Time:00:00.06 | Mem:0.00M, Peak:0.00M | Scene, ViewLayer | Synchronizing object | Boot.002
Fra:1 Mem:104.40M (Peak 104.40M) | Time:00:00.06 | Mem:0.00M, Peak:0.00M | Scene, ViewLayer | Synchronizing object | Shin Guard.002
Fra:1 Mem:104.44M (Peak 104.44M) | Time:00:00.06 | Mem:0.00M, Peak:0.00M | Scene, ViewLayer | Synchronizing object | Knee Guard.002
Fra:1 Mem:104.48M (Peak 104.48M) | Time:00:00.06 | Mem:0.00M, Peak:0.00M | Scene, ViewLayer | Synchronizing object | Trouser.003
Fra:1 Mem:104.52M (Peak 104.52M) | Time:00:00.06 | Mem:0.00M, Peak:0.00M | Scene, ViewLayer | Synchronizing object | Boot.003
Fra:1 Mem:104.54M (Peak 104.54M) | Time:00:00.06 | Mem:0.00M, Peak:0.00M | Scene, ViewLayer | Synchronizing object | Shin Guard.003
Fra:1 Mem:104.58M (Peak 104.58M) | Time:00:00.06 | Mem:0.00M, Peak:0.00M | Scene, ViewLayer | Synchronizing object | Knee Guard.003
Fra:1 Mem:104.61M (Peak 104.61M) | Time:00:00.06 | Mem:0.00M, Peak:0.00M | Scene, ViewLayer | Synchronizing object | Actual protection.001
Fra:1 Mem:104.68M (Peak 104.68M) | Time:00:00.06 | Mem:0.00M, Peak:0.00M | Scene, ViewLayer | Synchronizing object | Breastplate.002
Fra:1 Mem:104.72M (Peak 104.72M) | Time:00:00.06 | Mem:0.00M, Peak:0.00M | Scene, ViewLayer | Synchronizing object | Belt.002
Fra:1 Mem:104.75M (Peak 104.75M) | Time:00:00.06 | Mem:0.00M, Peak:0.00M | Scene, ViewLayer | Synchronizing object | Buckle.002
Fra:1 Mem:104.78M (Peak 104.78M) | Time:00:00.06 | Mem:0.00M, Peak:0.00M | Scene, ViewLayer | Synchronizing object | Sleeve.004
Fra:1 Mem:104.82M (Peak 104.82M) | Time:00:00.06 | Mem:0.00M, Peak:0.00M | Scene, ViewLayer | Synchronizing object | Glove.004
Fra:1 Mem:104.86M (Peak 104.86M) | Time:00:00.06 | Mem:0.00M, Peak:0.00M | Scene, ViewLayer | Synchronizing object | Forearm Bracer.004
Fra:1 Mem:104.90M (Peak 104.90M) | Time:00:00.06 | Mem:0.00M, Peak:0.00M | Scene, ViewLayer | Synchronizing object | Cuff Trim.004
Fra:1 Mem:104.91M (Peak 104.91M) | Time:00:00.06 | Mem:0.00M, Peak:0.00M | Scene, ViewLayer | Synchronizing object | Bow Limb
Fra:1 Mem:104.92M (Peak 104.92M) | Time:00:00.06 | Mem:0.00M, Peak:0.00M | Scene, ViewLayer | Synchronizing object | Bow Limb.001
Fra:1 Mem:104.93M (Peak 104.93M) | Time:00:00.06 | Mem:0.00M, Peak:0.00M | Scene, ViewLayer | Synchronizing object | Bow Limb.002
Fra:1 Mem:104.94M (Peak 104.94M) | Time:00:00.06 | Mem:0.00M, Peak:0.00M | Scene, ViewLayer | Synchronizing object | Bow Limb.003
Fra:1 Mem:104.95M (Peak 104.95M) | Time:00:00.06 | Mem:0.00M, Peak:0.00M | Scene, ViewLayer | Synchronizing object | Bow Limb.004
Fra:1 Mem:104.95M (Peak 104.95M) | Time:00:00.06 | Mem:0.00M, Peak:0.00M | Scene, ViewLayer | Synchronizing object | Bow Limb.005
Fra:1 Mem:104.96M (Peak 104.96M) | Time:00:00.06 | Mem:0.00M, Peak:0.00M | Scene, ViewLayer | Synchronizing object | Bow Limb.006
Fra:1 Mem:104.97M (Peak 104.97M) | Time:00:00.06 | Mem:0.00M, Peak:0.00M | Scene, ViewLayer | Synchronizing object | Bow Limb.007
Fra:1 Mem:104.98M (Peak 104.98M) | Time:00:00.06 | Mem:0.00M, Peak:0.00M | Scene, ViewLayer | Synchronizing object | Bow Limb.008
Fra:1 Mem:104.99M (Peak 104.99M) | Time:00:00.06 | Mem:0.00M, Peak:0.00M | Scene, ViewLayer | Synchronizing object | Bow Grip
Fra:1 Mem:104.99M (Peak 104.99M) | Time:00:00.06 | Mem:0.00M, Peak:0.00M | Scene, ViewLayer | Synchronizing object | Arrow rest
Fra:1 Mem:105.00M (Peak 105.00M) | Time:00:00.06 | Mem:0.00M, Peak:0.00M | Scene, ViewLayer | Synchronizing object | Arrow Shaft
Fra:1 Mem:105.00M (Peak 105.00M) | Time:00:00.06 | Mem:0.00M, Peak:0.00M | Scene, ViewLayer | Synchronizing object | Arrow Head
Fra:1 Mem:105.01M (Peak 105.01M) | Time:00:00.06 | Mem:0.00M, Peak:0.00M | Scene, ViewLayer | Synchronizing object | Arrow Fletching
Fra:1 Mem:105.01M (Peak 105.01M) | Time:00:00.06 | Mem:0.00M, Peak:0.00M | Scene, ViewLayer | Synchronizing object | Arrow Fletching.001
Fra:1 Mem:105.02M (Peak 105.02M) | Time:00:00.06 | Mem:0.00M, Peak:0.00M | Scene, ViewLayer | Synchronizing object | Arrow Fletching.002
Fra:1 Mem:105.02M (Peak 105.02M) | Time:00:00.06 | Mem:0.00M, Peak:0.00M | Scene, ViewLayer | Synchronizing object | Single leather shoulder
Fra:1 Mem:105.05M (Peak 105.05M) | Time:00:00.06 | Mem:0.00M, Peak:0.00M | Scene, ViewLayer | Synchronizing object | Sleeve.005
Fra:1 Mem:105.09M (Peak 105.09M) | Time:00:00.06 | Mem:0.00M, Peak:0.00M | Scene, ViewLayer | Synchronizing object | Glove.005
Fra:1 Mem:105.14M (Peak 105.14M) | Time:00:00.06 | Mem:0.00M, Peak:0.00M | Scene, ViewLayer | Synchronizing object | Forearm Bracer.005
Fra:1 Mem:105.18M (Peak 105.18M) | Time:00:00.06 | Mem:0.00M, Peak:0.00M | Scene, ViewLayer | Synchronizing object | Cuff Trim.005
Fra:1 Mem:105.19M (Peak 105.19M) | Time:00:00.06 | Mem:0.00M, Peak:0.00M | Scene, ViewLayer | Synchronizing object | Tailored Cloak.002
Fra:1 Mem:105.21M (Peak 105.21M) | Time:00:00.06 | Mem:0.00M, Peak:0.00M | Scene, ViewLayer | Synchronizing object | Quiver
Fra:1 Mem:105.25M (Peak 105.25M) | Time:00:00.06 | Mem:0.00M, Peak:0.00M | Scene, ViewLayer | Synchronizing object | Spare Arrow
Fra:1 Mem:105.27M (Peak 105.27M) | Time:00:00.06 | Mem:0.00M, Peak:0.00M | Scene, ViewLayer | Synchronizing object | Spare Arrow.001
Fra:1 Mem:105.28M (Peak 105.28M) | Time:00:00.06 | Mem:0.00M, Peak:0.00M | Scene, ViewLayer | Synchronizing object | Spare Arrow.002
Fra:1 Mem:105.30M (Peak 105.30M) | Time:00:00.06 | Mem:0.00M, Peak:0.00M | Scene, ViewLayer | Synchronizing object | Collar.002
Fra:1 Mem:105.30M (Peak 105.30M) | Time:00:00.06 | Mem:0.00M, Peak:0.00M | Scene, ViewLayer | Synchronizing object | Actual protection.009
Fra:1 Mem:105.33M (Peak 105.33M) | Time:00:00.06 | Mem:0.00M, Peak:0.00M | Scene, ViewLayer | Synchronizing object | Leather Vest
Fra:1 Mem:105.40M (Peak 105.40M) | Time:00:00.06 | Mem:0.00M, Peak:0.00M | Scene, ViewLayer | Synchronizing object | Vest Buckle
Fra:1 Mem:105.43M (Peak 105.43M) | Time:00:00.06 | Mem:0.00M, Peak:0.00M | Scene, ViewLayer | Synchronizing object | Knee Guard.019
Fra:1 Mem:105.46M (Peak 105.46M) | Time:00:00.06 | Mem:0.00M, Peak:0.00M | Scene, ViewLayer | Synchronizing object | Leather Vest.001
Fra:1 Mem:105.49M (Peak 105.49M) | Time:00:00.06 | Mem:0.00M, Peak:0.00M | Scene, ViewLayer | Synchronizing object | Shin Guard.019
Fra:1 Mem:105.52M (Peak 105.52M) | Time:00:00.06 | Mem:0.00M, Peak:0.00M | Scene, ViewLayer | Synchronizing object | Vest Buckle.001
Fra:1 Mem:105.56M (Peak 105.56M) | Time:00:00.06 | Mem:0.00M, Peak:0.00M | Scene, ViewLayer | Synchronizing object | Boot.019
Fra:1 Mem:105.57M (Peak 105.57M) | Time:00:00.06 | Mem:0.00M, Peak:0.00M | Scene, ViewLayer | Synchronizing object | Scarf
Fra:1 Mem:105.61M (Peak 105.61M) | Time:00:00.06 | Mem:0.00M, Peak:0.00M | Scene, ViewLayer | Synchronizing object | Trouser.019
Fra:1 Mem:105.64M (Peak 105.64M) | Time:00:00.06 | Mem:0.00M, Peak:0.00M | Scene, ViewLayer | Synchronizing object | Scarf Tail
Fra:1 Mem:105.67M (Peak 105.67M) | Time:00:00.06 | Mem:0.00M, Peak:0.00M | Scene, ViewLayer | Synchronizing object | Knee Guard.018
Fra:1 Mem:105.70M (Peak 105.70M) | Time:00:00.06 | Mem:0.00M, Peak:0.00M | Scene, ViewLayer | Synchronizing object | Cross Body Strap
Fra:1 Mem:105.74M (Peak 105.74M) | Time:00:00.06 | Mem:0.00M, Peak:0.00M | Scene, ViewLayer | Synchronizing object | Shin Guard.018
Fra:1 Mem:105.76M (Peak 105.76M) | Time:00:00.06 | Mem:0.00M, Peak:0.00M | Scene, ViewLayer | Synchronizing object | Head.002
Fra:1 Mem:105.81M (Peak 105.81M) | Time:00:00.06 | Mem:0.00M, Peak:0.00M | Scene, ViewLayer | Synchronizing object | Boot.018
Fra:1 Mem:105.82M (Peak 105.82M) | Time:00:00.06 | Mem:0.00M, Peak:0.00M | Scene, ViewLayer | Synchronizing object | Eyes L.002
Fra:1 Mem:105.86M (Peak 105.86M) | Time:00:00.06 | Mem:0.00M, Peak:0.00M | Scene, ViewLayer | Synchronizing object | Trouser.018
Fra:1 Mem:105.90M (Peak 105.90M) | Time:00:00.06 | Mem:0.00M, Peak:0.00M | Scene, ViewLayer | Synchronizing object | Eyes R.002
Fra:1 Mem:105.93M (Peak 105.93M) | Time:00:00.06 | Mem:0.00M, Peak:0.00M | Scene, ViewLayer | Synchronizing object | Wing clasp.005
Fra:1 Mem:105.97M (Peak 105.97M) | Time:00:00.06 | Mem:0.00M, Peak:0.00M | Scene, ViewLayer | Synchronizing object | Forest Hood
Fra:1 Mem:105.97M (Peak 105.97M) | Time:00:00.06 | Mem:0.00M, Peak:0.00M | Scene, ViewLayer | Synchronizing object | Star-ring focus crystal.047
Fra:1 Mem:106.00M (Peak 106.00M) | Time:00:00.06 | Mem:0.00M, Peak:0.00M | Scene, ViewLayer | Synchronizing object | Star-ring radial vane.047
Fra:1 Mem:106.08M (Peak 106.08M) | Time:00:00.06 | Mem:0.00M, Peak:0.00M | Scene, ViewLayer | Synchronizing object | Feather
Fra:1 Mem:106.08M (Peak 106.08M) | Time:00:00.06 | Mem:0.00M, Peak:0.00M | Scene, ViewLayer | Synchronizing object | Star-ring focus crystal.046
Fra:1 Mem:106.15M (Peak 106.15M) | Time:00:00.06 | Mem:0.00M, Peak:0.00M | Scene, ViewLayer | Synchronizing object | Star-ring radial vane.046
Fra:1 Mem:106.15M (Peak 106.15M) | Time:00:00.06 | Mem:0.00M, Peak:0.00M | Scene, ViewLayer | Synchronizing object | Hair Side Lock.004
Fra:1 Mem:106.21M (Peak 106.21M) | Time:00:00.06 | Mem:0.00M, Peak:0.00M | Scene, ViewLayer | Synchronizing object | Star-ring focus crystal.045
Fra:1 Mem:106.24M (Peak 106.24M) | Time:00:00.06 | Mem:0.00M, Peak:0.00M | Scene, ViewLayer | Synchronizing object | Ear.004
Fra:1 Mem:106.28M (Peak 106.28M) | Time:00:00.06 | Mem:0.00M, Peak:0.00M | Scene, ViewLayer | Synchronizing object | Star-ring radial vane.045
Fra:1 Mem:106.31M (Peak 106.31M) | Time:00:00.06 | Mem:0.00M, Peak:0.00M | Scene, ViewLayer | Synchronizing object | Hair Side Lock.005
Fra:1 Mem:106.34M (Peak 106.34M) | Time:00:00.06 | Mem:0.00M, Peak:0.00M | Scene, ViewLayer | Synchronizing object | Star-ring focus crystal.044
Fra:1 Mem:106.38M (Peak 106.38M) | Time:00:00.06 | Mem:0.00M, Peak:0.00M | Scene, ViewLayer | Synchronizing object | Ear.005
Fra:1 Mem:106.41M (Peak 106.41M) | Time:00:00.06 | Mem:0.00M, Peak:0.00M | Scene, ViewLayer | Synchronizing object | Star-ring radial vane.044
Fra:1 Mem:106.44M (Peak 106.44M) | Time:00:00.06 | Mem:0.00M, Peak:0.00M | Scene, ViewLayer | Synchronizing object | Nose.002
Fra:1 Mem:106.47M (Peak 106.47M) | Time:00:00.06 | Mem:0.00M, Peak:0.00M | Scene, ViewLayer | Synchronizing object | Star-ring focus crystal.043
Fra:1 Mem:106.51M (Peak 106.51M) | Time:00:00.06 | Mem:0.00M, Peak:0.00M | Scene, ViewLayer | Synchronizing object | Diagonal ranger sash
Fra:1 Mem:106.53M (Peak 106.53M) | Time:00:00.06 | Mem:0.00M, Peak:0.00M | Scene, ViewLayer | Synchronizing object | Star-ring radial vane.043
Fra:1 Mem:106.57M (Peak 106.57M) | Time:00:00.06 | Mem:0.00M, Peak:0.00M | Scene, ViewLayer | Synchronizing object | Trouser.004
Fra:1 Mem:106.60M (Peak 106.60M) | Time:00:00.06 | Mem:0.00M, Peak:0.00M | Scene, ViewLayer | Synchronizing object | Star-ring focus crystal.042
Fra:1 Mem:106.64M (Peak 106.64M) | Time:00:00.06 | Mem:0.00M, Peak:0.00M | Scene, ViewLayer | Synchronizing object | Boot.004
Fra:1 Mem:106.66M (Peak 106.66M) | Time:00:00.06 | Mem:0.00M, Peak:0.00M | Scene, ViewLayer | Synchronizing object | Star-ring radial vane.042
Fra:1 Mem:106.69M (Peak 106.69M) | Time:00:00.06 | Mem:0.00M, Peak:0.00M | Scene, ViewLayer | Synchronizing object | Shin Guard.004
Fra:1 Mem:106.73M (Peak 106.73M) | Time:00:00.06 | Mem:0.00M, Peak:0.00M | Scene, ViewLayer | Synchronizing object | Star-ring focus crystal.041
Fra:1 Mem:106.76M (Peak 106.76M) | Time:00:00.06 | Mem:0.00M, Peak:0.00M | Scene, ViewLayer | Synchronizing object | Knee Guard.004
Fra:1 Mem:106.79M (Peak 106.79M) | Time:00:00.06 | Mem:0.00M, Peak:0.00M | Scene, ViewLayer | Synchronizing object | Star-ring radial vane.041
Fra:1 Mem:106.83M (Peak 106.83M) | Time:00:00.06 | Mem:0.00M, Peak:0.00M | Scene, ViewLayer | Synchronizing object | Trouser.005
Fra:1 Mem:106.83M (Peak 106.83M) | Time:00:00.06 | Mem:0.00M, Peak:0.00M | Scene, ViewLayer | Synchronizing object | Star-ring focus crystal.040
Fra:1 Mem:106.90M (Peak 106.90M) | Time:00:00.06 | Mem:0.00M, Peak:0.00M | Scene, ViewLayer | Synchronizing object | Star-ring radial vane.040
Fra:1 Mem:106.92M (Peak 106.92M) | Time:00:00.06 | Mem:0.00M, Peak:0.00M | Scene, ViewLayer | Synchronizing object | Boot.005
Fra:1 Mem:106.95M (Peak 106.95M) | Time:00:00.06 | Mem:0.00M, Peak:0.00M | Scene, ViewLayer | Synchronizing object | Shin Guard.005
Fra:1 Mem:106.95M (Peak 106.95M) | Time:00:00.06 | Mem:0.00M, Peak:0.00M | Scene, ViewLayer | Synchronizing object | Inclined inner astrolabe.005
Fra:1 Mem:107.03M (Peak 107.03M) | Time:00:00.06 | Mem:0.00M, Peak:0.00M | Scene, ViewLayer | Synchronizing object | Knee Guard.005
Fra:1 Mem:107.05M (Peak 107.05M) | Time:00:00.06 | Mem:0.00M, Peak:0.00M | Scene, ViewLayer | Synchronizing object | Bronze outer astrolabe.005
Fra:1 Mem:107.11M (Peak 107.11M) | Time:00:00.06 | Mem:0.00M, Peak:0.00M | Scene, ViewLayer | Synchronizing object | Actual protection.002
Fra:1 Mem:107.16M (Peak 107.16M) | Time:00:00.06 | Mem:0.00M, Peak:0.00M | Scene, ViewLayer | Synchronizing object | Master chart collar fin.005
Fra:1 Mem:107.21M (Peak 107.21M) | Time:00:00.06 | Mem:0.00M, Peak:0.00M | Scene, ViewLayer | Synchronizing object | Master chart collar fin.004
Fra:1 Mem:107.23M (Peak 107.23M) | Time:00:00.06 | Mem:0.00M, Peak:0.00M | Scene, ViewLayer | Synchronizing object | Breastplate.003
Fra:1 Mem:107.27M (Peak 107.27M) | Time:00:00.06 | Mem:0.00M, Peak:0.00M | Scene, ViewLayer | Synchronizing object | Astrolabe chest frame.002
Fra:1 Mem:107.32M (Peak 107.32M) | Time:00:00.06 | Mem:0.00M, Peak:0.00M | Scene, ViewLayer | Synchronizing object | Belt.003
Fra:1 Mem:107.36M (Peak 107.36M) | Time:00:00.06 | Mem:0.00M, Peak:0.00M | Scene, ViewLayer | Synchronizing object | Stitched star-chart point.008
Fra:1 Mem:107.38M (Peak 107.38M) | Time:00:00.06 | Mem:0.00M, Peak:0.00M | Scene, ViewLayer | Synchronizing object | Buckle.003
Fra:1 Mem:107.41M (Peak 107.41M) | Time:00:00.06 | Mem:0.00M, Peak:0.00M | Scene, ViewLayer | Synchronizing object | Stitched star-chart point.007
Fra:1 Mem:107.44M (Peak 107.44M) | Time:00:00.06 | Mem:0.00M, Peak:0.00M | Scene, ViewLayer | Synchronizing object | Sleeve.006
Fra:1 Mem:107.48M (Peak 107.48M) | Time:00:00.06 | Mem:0.00M, Peak:0.00M | Scene, ViewLayer | Synchronizing object | Stitched star-chart point.006
Fra:1 Mem:107.51M (Peak 107.51M) | Time:00:00.06 | Mem:0.00M, Peak:0.00M | Scene, ViewLayer | Synchronizing object | Glove.006
Fra:1 Mem:107.53M (Peak 107.53M) | Time:00:00.06 | Mem:0.00M, Peak:0.00M | Scene, ViewLayer | Synchronizing object | Arch scholar under-robe hem.002
Fra:1 Mem:107.58M (Peak 107.58M) | Time:00:00.06 | Mem:0.00M, Peak:0.00M | Scene, ViewLayer | Synchronizing object | Scholar orbit yoke.002
Fra:1 Mem:107.59M (Peak 107.59M) | Time:00:00.06 | Mem:0.00M, Peak:0.00M | Scene, ViewLayer | Synchronizing object | Orb.001
Fra:1 Mem:107.66M (Peak 107.66M) | Time:00:00.06 | Mem:0.00M, Peak:0.00M | Scene, ViewLayer | Synchronizing object | Arch scholar star ray.005
Fra:1 Mem:107.66M (Peak 107.66M) | Time:00:00.06 | Mem:0.00M, Peak:0.00M | Scene, ViewLayer | Synchronizing object | Forearm Bracer.006
Fra:1 Mem:107.72M (Peak 107.72M) | Time:00:00.06 | Mem:0.00M, Peak:0.00M | Scene, ViewLayer | Synchronizing object | Split scholar rear stole.005
Fra:1 Mem:107.75M (Peak 107.75M) | Time:00:00.06 | Mem:0.00M, Peak:0.00M | Scene, ViewLayer | Synchronizing object | Cuff Trim.006
Fra:1 Mem:107.77M (Peak 107.77M) | Time:00:00.06 | Mem:0.00M, Peak:0.00M | Scene, ViewLayer | Synchronizing object | Raised scholar collar.005
Fra:1 Mem:107.78M (Peak 107.78M) | Time:00:00.06 | Mem:0.00M, Peak:0.00M | Scene, ViewLayer | Synchronizing object | Sleeve.007
Fra:1 Mem:107.83M (Peak 107.83M) | Time:00:00.06 | Mem:0.00M, Peak:0.00M | Scene, ViewLayer | Synchronizing object | Scholar split side lining.005
Fra:1 Mem:107.86M (Peak 107.86M) | Time:00:00.06 | Mem:0.00M, Peak:0.00M | Scene, ViewLayer | Synchronizing object | Glove.007
Fra:1 Mem:107.89M (Peak 107.89M) | Time:00:00.06 | Mem:0.00M, Peak:0.00M | Scene, ViewLayer | Synchronizing object | Arch scholar star ray.004
Fra:1 Mem:107.93M (Peak 107.93M) | Time:00:00.06 | Mem:0.00M, Peak:0.00M | Scene, ViewLayer | Synchronizing object | Forearm Bracer.007
Fra:1 Mem:107.93M (Peak 107.93M) | Time:00:00.06 | Mem:0.00M, Peak:0.00M | Scene, ViewLayer | Synchronizing object | Split scholar rear stole.004
Fra:1 Mem:107.99M (Peak 107.99M) | Time:00:00.06 | Mem:0.00M, Peak:0.00M | Scene, ViewLayer | Synchronizing object | Raised scholar collar.004
Fra:1 Mem:108.02M (Peak 108.02M) | Time:00:00.06 | Mem:0.00M, Peak:0.00M | Scene, ViewLayer | Synchronizing object | Cuff Trim.007
Fra:1 Mem:108.04M (Peak 108.04M) | Time:00:00.06 | Mem:0.00M, Peak:0.00M | Scene, ViewLayer | Synchronizing object | Staff.001
Fra:1 Mem:108.04M (Peak 108.04M) | Time:00:00.06 | Mem:0.00M, Peak:0.00M | Scene, ViewLayer | Synchronizing object | Scholar split side lining.004
Fra:1 Mem:108.06M (Peak 108.06M) | Time:00:00.06 | Mem:0.00M, Peak:0.00M | Scene, ViewLayer | Synchronizing object | Staff Gold.001
Fra:1 Mem:108.07M (Peak 108.07M) | Time:00:00.06 | Mem:0.00M, Peak:0.00M | Scene, ViewLayer | Synchronizing object | Arcane Crystal.001
Fra:1 Mem:108.10M (Peak 108.10M) | Time:00:00.06 | Mem:0.00M, Peak:0.00M | Scene, ViewLayer | Synchronizing object | Costume fastening.004
Fra:1 Mem:108.14M (Peak 108.14M) | Time:00:00.06 | Mem:0.00M, Peak:0.00M | Scene, ViewLayer | Synchronizing object | Staff Crystal Crown.002
Fra:1 Mem:108.15M (Peak 108.15M) | Time:00:00.06 | Mem:0.00M, Peak:0.00M | Scene, ViewLayer | Synchronizing object | Robe metal seam.005
Fra:1 Mem:108.17M (Peak 108.17M) | Time:00:00.06 | Mem:0.00M, Peak:0.00M | Scene, ViewLayer | Synchronizing object | Staff Crystal Crown.003
Fra:1 Mem:108.19M (Peak 108.19M) | Time:00:00.06 | Mem:0.00M, Peak:0.00M | Scene, ViewLayer | Synchronizing object | Tailored Cloak.003
Fra:1 Mem:108.20M (Peak 108.20M) | Time:00:00.06 | Mem:0.00M, Peak:0.00M | Scene, ViewLayer | Synchronizing object | Embroidered robe panel.005
Fra:1 Mem:108.22M (Peak 108.22M) | Time:00:00.06 | Mem:0.00M, Peak:0.00M | Scene, ViewLayer | Synchronizing object | Robe metal seam.004
Fra:1 Mem:108.23M (Peak 108.23M) | Time:00:00.06 | Mem:0.00M, Peak:0.00M | Scene, ViewLayer | Synchronizing object | Collar.003
Fra:1 Mem:108.26M (Peak 108.26M) | Time:00:00.06 | Mem:0.00M, Peak:0.00M | Scene, ViewLayer | Synchronizing object | Arcane Brooch.001
Fra:1 Mem:108.28M (Peak 108.28M) | Time:00:00.06 | Mem:0.00M, Peak:0.00M | Scene, ViewLayer | Synchronizing object | Embroidered robe panel.004
Fra:1 Mem:108.30M (Peak 108.30M) | Time:00:00.06 | Mem:0.00M, Peak:0.00M | Scene, ViewLayer | Synchronizing object | Equipped robe skirt.002
Fra:1 Mem:108.31M (Peak 108.31M) | Time:00:00.06 | Mem:0.00M, Peak:0.00M | Scene, ViewLayer | Synchronizing object | Scholar rear high collar.007
Fra:1 Mem:108.33M (Peak 108.33M) | Time:00:00.06 | Mem:0.00M, Peak:0.00M | Scene, ViewLayer | Synchronizing object | Head.003
Fra:1 Mem:108.37M (Peak 108.37M) | Time:00:00.06 | Mem:0.00M, Peak:0.00M | Scene, ViewLayer | Synchronizing object | Scholar rear high collar.006
Fra:1 Mem:108.40M (Peak 108.40M) | Time:00:00.06 | Mem:0.00M, Peak:0.00M | Scene, ViewLayer | Synchronizing object | Eyes L.003
Fra:1 Mem:108.44M (Peak 108.44M) | Time:00:00.06 | Mem:0.00M, Peak:0.00M | Scene, ViewLayer | Synchronizing object | Pointed Wizard Hat.003
Fra:1 Mem:108.44M (Peak 108.44M) | Time:00:00.06 | Mem:0.00M, Peak:0.00M | Scene, ViewLayer | Synchronizing object | Nose.009
Fra:1 Mem:108.48M (Peak 108.48M) | Time:00:00.06 | Mem:0.00M, Peak:0.00M | Scene, ViewLayer | Synchronizing object | Eyes R.003
Fra:1 Mem:108.51M (Peak 108.51M) | Time:00:00.06 | Mem:0.00M, Peak:0.00M | Scene, ViewLayer | Synchronizing object | Ear.019
Fra:1 Mem:108.55M (Peak 108.55M) | Time:00:00.06 | Mem:0.00M, Peak:0.00M | Scene, ViewLayer | Synchronizing object | Hair Side Lock.006
Fra:1 Mem:108.58M (Peak 108.58M) | Time:00:00.06 | Mem:0.00M, Peak:0.00M | Scene, ViewLayer | Synchronizing object | Hair Side Lock.019
Fra:1 Mem:108.61M (Peak 108.61M) | Time:00:00.06 | Mem:0.00M, Peak:0.00M | Scene, ViewLayer | Synchronizing object | Ear.018
Fra:1 Mem:108.65M (Peak 108.65M) | Time:00:00.06 | Mem:0.00M, Peak:0.00M | Scene, ViewLayer | Synchronizing object | Hair Side Lock.018
Fra:1 Mem:108.68M (Peak 108.68M) | Time:00:00.06 | Mem:0.00M, Peak:0.00M | Scene, ViewLayer | Synchronizing object | Hat Gem.003
Fra:1 Mem:108.73M (Peak 108.73M) | Time:00:00.06 | Mem:0.00M, Peak:0.00M | Scene, ViewLayer | Synchronizing object | Ear.006
Fra:1 Mem:108.73M (Peak 108.73M) | Time:00:00.06 | Mem:0.00M, Peak:0.00M | Scene, ViewLayer | Synchronizing object | Hat Brim.003
Fra:1 Mem:108.77M (Peak 108.77M) | Time:00:00.06 | Mem:0.00M, Peak:0.00M | Scene, ViewLayer | Synchronizing object | Eyes R.009
Fra:1 Mem:108.81M (Peak 108.81M) | Time:00:00.06 | Mem:0.00M, Peak:0.00M | Scene, ViewLayer | Synchronizing object | Hair Side Lock.007
Fra:1 Mem:108.84M (Peak 108.84M) | Time:00:00.06 | Mem:0.00M, Peak:0.00M | Scene, ViewLayer | Synchronizing object | Eyes L.009
Fra:1 Mem:108.88M (Peak 108.88M) | Time:00:00.06 | Mem:0.00M, Peak:0.00M | Scene, ViewLayer | Synchronizing object | Ear.007
Fra:1 Mem:108.90M (Peak 108.90M) | Time:00:00.06 | Mem:0.00M, Peak:0.00M | Scene, ViewLayer | Synchronizing object | Head.009
Fra:1 Mem:108.95M (Peak 108.95M) | Time:00:00.06 | Mem:0.00M, Peak:0.00M | Scene, ViewLayer | Synchronizing object | Nose.003
Fra:1 Mem:108.96M (Peak 108.96M) | Time:00:00.06 | Mem:0.00M, Peak:0.00M | Scene, ViewLayer | Synchronizing object | Collar.009
Fra:1 Mem:108.99M (Peak 108.99M) | Time:00:00.06 | Mem:0.00M, Peak:0.00M | Scene, ViewLayer | Synchronizing object | Tailored Cloak.009
Fra:1 Mem:109.01M (Peak 109.01M) | Time:00:00.06 | Mem:0.00M, Peak:0.00M | Scene, ViewLayer | Synchronizing object | Spirit antler
Fra:1 Mem:109.01M (Peak 109.01M) | Time:00:00.06 | Mem:0.00M, Peak:0.00M | Scene, ViewLayer | Synchronizing object | Tailored shoulder mantle.006
Fra:1 Mem:109.06M (Peak 109.06M) | Time:00:00.06 | Mem:0.00M, Peak:0.00M | Scene, ViewLayer | Synchronizing object | Spirit antler branch
Fra:1 Mem:109.07M (Peak 109.07M) | Time:00:00.06 | Mem:0.00M, Peak:0.00M | Scene, ViewLayer | Synchronizing object | Fashion focus fin.007
Fra:1 Mem:109.10M (Peak 109.10M) | Time:00:00.06 | Mem:0.00M, Peak:0.00M | Scene, ViewLayer | Synchronizing object | Spirit antler.001
Fra:1 Mem:109.11M (Peak 109.11M) | Time:00:00.06 | Mem:0.00M, Peak:0.00M | Scene, ViewLayer | Synchronizing object | Fashion focus fin.006
Fra:1 Mem:109.14M (Peak 109.14M) | Time:00:00.06 | Mem:0.00M, Peak:0.00M | Scene, ViewLayer | Synchronizing object | Spirit antler branch.001
Fra:1 Mem:109.14M (Peak 109.14M) | Time:00:00.06 | Mem:0.00M, Peak:0.00M | Scene, ViewLayer | Synchronizing object | Fashion focus collar.003
Fra:1 Mem:109.17M (Peak 109.17M) | Time:00:00.06 | Mem:0.00M, Peak:0.00M | Scene, ViewLayer | Synchronizing object | Moonstone circlet
Fra:1 Mem:109.18M (Peak 109.18M) | Time:00:00.06 | Mem:0.00M, Peak:0.00M | Scene, ViewLayer | Synchronizing object | Weapon aura shard.011
Fra:1 Mem:109.20M (Peak 109.20M) | Time:00:00.06 | Mem:0.00M, Peak:0.00M | Scene, ViewLayer | Synchronizing object | Weapon aura shard.010
Fra:1 Mem:109.21M (Peak 109.21M) | Time:00:00.06 | Mem:0.00M, Peak:0.00M | Scene, ViewLayer | Synchronizing object | Staff forging mark.039
Fra:1 Mem:109.21M (Peak 109.21M) | Time:00:00.06 | Mem:0.00M, Peak:0.00M | Scene, ViewLayer | Synchronizing object | Staff forging mark.038
Fra:1 Mem:109.21M (Peak 109.21M) | Time:00:00.06 | Mem:0.00M, Peak:0.00M | Scene, ViewLayer | Synchronizing object | Staff forging mark.037
Fra:1 Mem:109.22M (Peak 109.22M) | Time:00:00.06 | Mem:0.00M, Peak:0.00M | Scene, ViewLayer | Synchronizing object | Leaf ritual mantle
Fra:1 Mem:109.22M (Peak 109.22M) | Time:00:00.06 | Mem:0.00M, Peak:0.00M | Scene, ViewLayer | Synchronizing object | Staff forging mark.036
Fra:1 Mem:109.22M (Peak 109.22M) | Time:00:00.06 | Mem:0.00M, Peak:0.00M | Scene, ViewLayer | Synchronizing object | Staff forging mark.035
Fra:1 Mem:109.22M (Peak 109.22M) | Time:00:00.06 | Mem:0.00M, Peak:0.00M | Scene, ViewLayer | Synchronizing object | Leaf ritual mantle.001
Fra:1 Mem:109.23M (Peak 109.23M) | Time:00:00.06 | Mem:0.00M, Peak:0.00M | Scene, ViewLayer | Synchronizing object | Staff forging mark.034
Fra:1 Mem:109.23M (Peak 109.23M) | Time:00:00.06 | Mem:0.00M, Peak:0.00M | Scene, ViewLayer | Synchronizing object | Leaf ritual mantle.002
Fra:1 Mem:109.24M (Peak 109.24M) | Time:00:00.06 | Mem:0.00M, Peak:0.00M | Scene, ViewLayer | Synchronizing object | Staff forging mark.033
Fra:1 Mem:109.24M (Peak 109.24M) | Time:00:00.06 | Mem:0.00M, Peak:0.00M | Scene, ViewLayer | Synchronizing object | Leaf ritual mantle.003
Fra:1 Mem:109.25M (Peak 109.25M) | Time:00:00.06 | Mem:0.00M, Peak:0.00M | Scene, ViewLayer | Synchronizing object | Staff forging mark.032
Fra:1 Mem:109.25M (Peak 109.25M) | Time:00:00.06 | Mem:0.00M, Peak:0.00M | Scene, ViewLayer | Synchronizing object | Leaf ritual mantle.004
Fra:1 Mem:109.25M (Peak 109.25M) | Time:00:00.06 | Mem:0.00M, Peak:0.00M | Scene, ViewLayer | Synchronizing object | Staff forging mark.031
Fra:1 Mem:109.26M (Peak 109.26M) | Time:00:00.06 | Mem:0.00M, Peak:0.00M | Scene, ViewLayer | Synchronizing object | Staff forging mark.030
Fra:1 Mem:109.26M (Peak 109.26M) | Time:00:00.06 | Mem:0.00M, Peak:0.00M | Scene, ViewLayer | Synchronizing object | Leaf ritual mantle.005
Fra:1 Mem:109.26M (Peak 109.26M) | Time:00:00.06 | Mem:0.00M, Peak:0.00M | Scene, ViewLayer | Synchronizing object | Staff rune.011
Fra:1 Mem:109.27M (Peak 109.27M) | Time:00:00.06 | Mem:0.00M, Peak:0.00M | Scene, ViewLayer | Synchronizing object | Bound spirit totem
Fra:1 Mem:109.27M (Peak 109.27M) | Time:00:00.06 | Mem:0.00M, Peak:0.00M | Scene, ViewLayer | Synchronizing object | Staff rune.010
Fra:1 Mem:109.28M (Peak 109.28M) | Time:00:00.06 | Mem:0.00M, Peak:0.00M | Scene, ViewLayer | Synchronizing object | Staff rune.009
Fra:1 Mem:109.29M (Peak 109.29M) | Time:00:00.06 | Mem:0.00M, Peak:0.00M | Scene, ViewLayer | Synchronizing object | Totem moonstone
Fra:1 Mem:109.29M (Peak 109.29M) | Time:00:00.06 | Mem:0.00M, Peak:0.00M | Scene, ViewLayer | Synchronizing object | Floating shard.007
Fra:1 Mem:109.32M (Peak 109.32M) | Time:00:00.06 | Mem:0.00M, Peak:0.00M | Scene, ViewLayer | Synchronizing object | Crystal prong.007
Fra:1 Mem:109.33M (Peak 109.33M) | Time:00:00.06 | Mem:0.00M, Peak:0.00M | Scene, ViewLayer | Synchronizing object | Floating shard.006
Fra:1 Mem:109.34M (Peak 109.34M) | Time:00:00.06 | Mem:0.00M, Peak:0.00M | Scene, ViewLayer | Synchronizing object | Crystal prong.006
Fra:1 Mem:109.34M (Peak 109.34M) | Time:00:00.06 | Mem:0.00M, Peak:0.00M | Scene, ViewLayer | Synchronizing object | Trouser.006
Fra:1 Mem:109.38M (Peak 109.38M) | Time:00:00.06 | Mem:0.00M, Peak:0.00M | Scene, ViewLayer | Synchronizing object | Focus crystal.003
Fra:1 Mem:109.41M (Peak 109.41M) | Time:00:00.06 | Mem:0.00M, Peak:0.00M | Scene, ViewLayer | Synchronizing object | Staff collar.003
Fra:1 Mem:109.41M (Peak 109.41M) | Time:00:00.06 | Mem:0.00M, Peak:0.00M | Scene, ViewLayer | Synchronizing object | Boot.006
Fra:1 Mem:109.42M (Peak 109.42M) | Time:00:00.06 | Mem:0.00M, Peak:0.00M | Scene, ViewLayer | Synchronizing object | Inlaid staff.003
Fra:1 Mem:109.43M (Peak 109.43M) | Time:00:00.06 | Mem:0.00M, Peak:0.00M | Scene, ViewLayer | Synchronizing object | Cuff Trim.019
Fra:1 Mem:109.44M (Peak 109.44M) | Time:00:00.06 | Mem:0.00M, Peak:0.00M | Scene, ViewLayer | Synchronizing object | Shin Guard.006
Fra:1 Mem:109.48M (Peak 109.48M) | Time:00:00.06 | Mem:0.00M, Peak:0.00M | Scene, ViewLayer | Synchronizing object | Forearm Bracer.019
Fra:1 Mem:109.51M (Peak 109.51M) | Time:00:00.06 | Mem:0.00M, Peak:0.00M | Scene, ViewLayer | Synchronizing object | Knee Guard.006
Fra:1 Mem:109.54M (Peak 109.54M) | Time:00:00.06 | Mem:0.00M, Peak:0.00M | Scene, ViewLayer | Synchronizing object | Glove.019
Fra:1 Mem:109.58M (Peak 109.58M) | Time:00:00.06 | Mem:0.00M, Peak:0.00M | Scene, ViewLayer | Synchronizing object | Trouser.007
Fra:1 Mem:109.61M (Peak 109.61M) | Time:00:00.06 | Mem:0.00M, Peak:0.00M | Scene, ViewLayer | Synchronizing object | Sleeve.019
Fra:1 Mem:109.66M (Peak 109.66M) | Time:00:00.06 | Mem:0.00M, Peak:0.00M | Scene, ViewLayer | Synchronizing object | Boot.007
Fra:1 Mem:109.68M (Peak 109.68M) | Time:00:00.06 | Mem:0.00M, Peak:0.00M | Scene, ViewLayer | Synchronizing object | Tailored shoulder mantle.005
Fra:1 Mem:109.70M (Peak 109.70M) | Time:00:00.06 | Mem:0.00M, Peak:0.00M | Scene, ViewLayer | Synchronizing object | Shin Guard.007
Fra:1 Mem:109.74M (Peak 109.74M) | Time:00:00.06 | Mem:0.00M, Peak:0.00M | Scene, ViewLayer | Synchronizing object | Cuff Trim.018
Fra:1 Mem:109.76M (Peak 109.76M) | Time:00:00.06 | Mem:0.00M, Peak:0.00M | Scene, ViewLayer | Synchronizing object | Forearm Bracer.018
Fra:1 Mem:109.79M (Peak 109.79M) | Time:00:00.06 | Mem:0.00M, Peak:0.00M | Scene, ViewLayer | Synchronizing object | Knee Guard.007
Fra:1 Mem:109.83M (Peak 109.83M) | Time:00:00.06 | Mem:0.00M, Peak:0.00M | Scene, ViewLayer | Synchronizing object | Orb.005
Fra:1 Mem:109.84M (Peak 109.84M) | Time:00:00.06 | Mem:0.00M, Peak:0.00M | Scene, ViewLayer | Synchronizing object | Actual protection.003
Fra:1 Mem:109.92M (Peak 109.92M) | Time:00:00.06 | Mem:0.00M, Peak:0.00M | Scene, ViewLayer | Synchronizing object | Glove.018
Fra:1 Mem:109.96M (Peak 109.96M) | Time:00:00.06 | Mem:0.00M, Peak:0.00M | Scene, ViewLayer | Synchronizing object | Breastplate.004
Fra:1 Mem:109.98M (Peak 109.98M) | Time:00:00.06 | Mem:0.00M, Peak:0.00M | Scene, ViewLayer | Synchronizing object | Sleeve.018
Fra:1 Mem:110.03M (Peak 110.03M) | Time:00:00.06 | Mem:0.00M, Peak:0.00M | Scene, ViewLayer | Synchronizing object | Belt.004
Fra:1 Mem:110.06M (Peak 110.06M) | Time:00:00.06 | Mem:0.00M, Peak:0.00M | Scene, ViewLayer | Synchronizing object | Buckle.009
Fra:1 Mem:110.09M (Peak 110.09M) | Time:00:00.06 | Mem:0.00M, Peak:0.00M | Scene, ViewLayer | Synchronizing object | Buckle.004
Fra:1 Mem:110.12M (Peak 110.12M) | Time:00:00.06 | Mem:0.00M, Peak:0.00M | Scene, ViewLayer | Synchronizing object | Belt.009
Fra:1 Mem:110.14M (Peak 110.14M) | Time:00:00.06 | Mem:0.00M, Peak:0.00M | Scene, ViewLayer | Synchronizing object | Sleeve.008
Fra:1 Mem:110.18M (Peak 110.18M) | Time:00:00.06 | Mem:0.00M, Peak:0.00M | Scene, ViewLayer | Synchronizing object | Breastplate.009
Fra:1 Mem:110.22M (Peak 110.22M) | Time:00:00.06 | Mem:0.00M, Peak:0.00M | Scene, ViewLayer | Synchronizing object | Glove.008
Fra:1 Mem:110.26M (Peak 110.26M) | Time:00:00.06 | Mem:0.00M, Peak:0.00M | Scene, ViewLayer | Synchronizing object | Actual protection.008
Fra:1 Mem:110.31M (Peak 110.31M) | Time:00:00.06 | Mem:0.00M, Peak:0.00M | Scene, ViewLayer | Synchronizing object | Round Shield.001
Fra:1 Mem:110.33M (Peak 110.33M) | Time:00:00.06 | Mem:0.00M, Peak:0.00M | Scene, ViewLayer | Synchronizing object | Shield Boss.001
Fra:1 Mem:110.36M (Peak 110.36M) | Time:00:00.06 | Mem:0.00M, Peak:0.00M | Scene, ViewLayer | Synchronizing object | Forearm Bracer.008
Fra:1 Mem:110.40M (Peak 110.40M) | Time:00:00.06 | Mem:0.00M, Peak:0.00M | Scene, ViewLayer | Synchronizing object | Cuff Trim.008
Fra:1 Mem:110.41M (Peak 110.41M) | Time:00:00.06 | Mem:0.00M, Peak:0.00M | Scene, ViewLayer | Synchronizing object | Shield Inlay.002
Fra:1 Mem:110.45M (Peak 110.45M) | Time:00:00.06 | Mem:0.00M, Peak:0.00M | Scene, ViewLayer | Synchronizing object | Knee Guard.017
Fra:1 Mem:110.47M (Peak 110.47M) | Time:00:00.06 | Mem:0.00M, Peak:0.00M | Scene, ViewLayer | Synchronizing object | Shield Inlay.003
Fra:1 Mem:110.51M (Peak 110.51M) | Time:00:00.06 | Mem:0.00M, Peak:0.00M | Scene, ViewLayer | Synchronizing object | Shin Guard.017
Fra:1 Mem:110.54M (Peak 110.54M) | Time:00:00.06 | Mem:0.00M, Peak:0.00M | Scene, ViewLayer | Synchronizing object | Shoulder shell
Fra:1 Mem:110.58M (Peak 110.58M) | Time:00:00.06 | Mem:0.00M, Peak:0.00M | Scene, ViewLayer | Synchronizing object | Layered pauldron
Fra:1 Mem:110.60M (Peak 110.60M) | Time:00:00.06 | Mem:0.00M, Peak:0.00M | Scene, ViewLayer | Synchronizing object | Boot.017
Fra:1 Mem:110.62M (Peak 110.62M) | Time:00:00.06 | Mem:0.00M, Peak:0.00M | Scene, ViewLayer | Synchronizing object | Trouser.017
Fra:1 Mem:110.65M (Peak 110.65M) | Time:00:00.06 | Mem:0.00M, Peak:0.00M | Scene, ViewLayer | Synchronizing object | Armor horn
Fra:1 Mem:110.70M (Peak 110.70M) | Time:00:00.06 | Mem:0.00M, Peak:0.00M | Scene, ViewLayer | Synchronizing object | Knee Guard.016
Fra:1 Mem:110.72M (Peak 110.72M) | Time:00:00.06 | Mem:0.00M, Peak:0.00M | Scene, ViewLayer | Synchronizing object | Sleeve.009
Fra:1 Mem:110.77M (Peak 110.77M) | Time:00:00.06 | Mem:0.00M, Peak:0.00M | Scene, ViewLayer | Synchronizing object | Shin Guard.016
Fra:1 Mem:110.80M (Peak 110.80M) | Time:00:00.06 | Mem:0.00M, Peak:0.00M | Scene, ViewLayer | Synchronizing object | Glove.009
Fra:1 Mem:110.84M (Peak 110.84M) | Time:00:00.06 | Mem:0.00M, Peak:0.00M | Scene, ViewLayer | Synchronizing object | Boot.016
Fra:1 Mem:110.85M (Peak 110.85M) | Time:00:00.06 | Mem:0.00M, Peak:0.00M | Scene, ViewLayer | Synchronizing object | Forearm Bracer.009
Fra:1 Mem:110.89M (Peak 110.89M) | Time:00:00.06 | Mem:0.00M, Peak:0.00M | Scene, ViewLayer | Synchronizing object | Trouser.016
Fra:1 Mem:110.93M (Peak 110.93M) | Time:00:00.06 | Mem:0.00M, Peak:0.00M | Scene, ViewLayer | Synchronizing object | Cuff Trim.009
Fra:1 Mem:110.95M (Peak 110.95M) | Time:00:00.06 | Mem:0.00M, Peak:0.00M | Scene, ViewLayer | Synchronizing object | Wing clasp.004
Fra:1 Mem:110.95M (Peak 110.95M) | Time:00:00.06 | Mem:0.00M, Peak:0.00M | Scene, ViewLayer | Synchronizing object | Wrapped grip
Fra:1 Mem:110.99M (Peak 110.99M) | Time:00:00.06 | Mem:0.00M, Peak:0.00M | Scene, ViewLayer | Synchronizing object | Faceted pommel
Fra:1 Mem:110.99M (Peak 110.99M) | Time:00:00.06 | Mem:0.00M, Peak:0.00M | Scene, ViewLayer | Synchronizing object | Swept guard
Fra:1 Mem:111.01M (Peak 111.01M) | Time:00:00.06 | Mem:0.00M, Peak:0.00M | Scene, ViewLayer | Synchronizing object | Star-ring focus crystal.039
Fra:1 Mem:111.04M (Peak 111.04M) | Time:00:00.06 | Mem:0.00M, Peak:0.00M | Scene, ViewLayer | Synchronizing object | Tiered blade
Fra:1 Mem:111.05M (Peak 111.05M) | Time:00:00.06 | Mem:0.00M, Peak:0.00M | Scene, ViewLayer | Synchronizing object | Blade spine
Fra:1 Mem:111.05M (Peak 111.05M) | Time:00:00.06 | Mem:0.00M, Peak:0.00M | Scene, ViewLayer | Synchronizing object | Guard wing
Fra:1 Mem:111.06M (Peak 111.06M) | Time:00:00.06 | Mem:0.00M, Peak:0.00M | Scene, ViewLayer | Synchronizing object | Star-ring radial vane.039
Fra:1 Mem:111.08M (Peak 111.08M) | Time:00:00.06 | Mem:0.00M, Peak:0.00M | Scene, ViewLayer | Synchronizing object | Blade fang
Fra:1 Mem:111.09M (Peak 111.09M) | Time:00:00.06 | Mem:0.00M, Peak:0.00M | Scene, ViewLayer | Synchronizing object | Guard wing.001
Fra:1 Mem:111.10M (Peak 111.10M) | Time:00:00.06 | Mem:0.00M, Peak:0.00M | Scene, ViewLayer | Synchronizing object | Blade fang.001
Fra:1 Mem:111.10M (Peak 111.10M) | Time:00:00.06 | Mem:0.00M, Peak:0.00M | Scene, ViewLayer | Synchronizing object | Star-ring focus crystal.038
Fra:1 Mem:111.13M (Peak 111.13M) | Time:00:00.06 | Mem:0.00M, Peak:0.00M | Scene, ViewLayer | Synchronizing object | Blade rune
Fra:1 Mem:111.14M (Peak 111.14M) | Time:00:00.06 | Mem:0.00M, Peak:0.00M | Scene, ViewLayer | Synchronizing object | Blade rune.001
Fra:1 Mem:111.14M (Peak 111.14M) | Time:00:00.06 | Mem:0.00M, Peak:0.00M | Scene, ViewLayer | Synchronizing object | Blade rune.002
Fra:1 Mem:111.15M (Peak 111.15M) | Time:00:00.06 | Mem:0.00M, Peak:0.00M | Scene, ViewLayer | Synchronizing object | Forging mark
Fra:1 Mem:111.14M (Peak 111.15M) | Time:00:00.06 | Mem:0.00M, Peak:0.00M | Scene, ViewLayer | Synchronizing object | Star-ring radial vane.038
Fra:1 Mem:111.16M (Peak 111.16M) | Time:00:00.06 | Mem:0.00M, Peak:0.00M | Scene, ViewLayer | Synchronizing object | Forging mark.001
Fra:1 Mem:111.17M (Peak 111.17M) | Time:00:00.06 | Mem:0.00M, Peak:0.00M | Scene, ViewLayer | Synchronizing object | Forging mark.002
Fra:1 Mem:111.17M (Peak 111.17M) | Time:00:00.06 | Mem:0.00M, Peak:0.00M | Scene, ViewLayer | Synchronizing object | Forging mark.003
Fra:1 Mem:111.18M (Peak 111.18M) | Time:00:00.06 | Mem:0.00M, Peak:0.00M | Scene, ViewLayer | Synchronizing object | Forging mark.004
Fra:1 Mem:111.18M (Peak 111.18M) | Time:00:00.06 | Mem:0.00M, Peak:0.00M | Scene, ViewLayer | Synchronizing object | Star-ring focus crystal.037
Fra:1 Mem:111.20M (Peak 111.20M) | Time:00:00.06 | Mem:0.00M, Peak:0.00M | Scene, ViewLayer | Synchronizing object | Forging mark.005
Fra:1 Mem:111.21M (Peak 111.21M) | Time:00:00.06 | Mem:0.00M, Peak:0.00M | Scene, ViewLayer | Synchronizing object | Forging mark.006
Fra:1 Mem:111.22M (Peak 111.22M) | Time:00:00.06 | Mem:0.00M, Peak:0.00M | Scene, ViewLayer | Synchronizing object | Forging mark.007
Fra:1 Mem:111.22M (Peak 111.22M) | Time:00:00.06 | Mem:0.00M, Peak:0.00M | Scene, ViewLayer | Synchronizing object | Forging mark.008
Fra:1 Mem:111.23M (Peak 111.23M) | Time:00:00.06 | Mem:0.00M, Peak:0.00M | Scene, ViewLayer | Synchronizing object | Star-ring radial vane.037
Fra:1 Mem:111.23M (Peak 111.23M) | Time:00:00.06 | Mem:0.00M, Peak:0.00M | Scene, ViewLayer | Synchronizing object | Forging mark.009
Fra:1 Mem:111.25M (Peak 111.25M) | Time:00:00.06 | Mem:0.00M, Peak:0.00M | Scene, ViewLayer | Synchronizing object | Weapon aura shard
Fra:1 Mem:111.25M (Peak 111.25M) | Time:00:00.06 | Mem:0.00M, Peak:0.00M | Scene, ViewLayer | Synchronizing object | Weapon aura shard.001
Fra:1 Mem:111.26M (Peak 111.26M) | Time:00:00.06 | Mem:0.00M, Peak:0.00M | Scene, ViewLayer | Synchronizing object | Fashion sword guard
Fra:1 Mem:111.27M (Peak 111.27M) | Time:00:00.06 | Mem:0.00M, Peak:0.00M | Scene, ViewLayer | Synchronizing object | Star-ring focus crystal.036
Fra:1 Mem:111.30M (Peak 111.30M) | Time:00:00.06 | Mem:0.00M, Peak:0.00M | Scene, ViewLayer | Synchronizing object | Fashion sword guard.001
Fra:1 Mem:111.32M (Peak 111.32M) | Time:00:00.06 | Mem:0.00M, Peak:0.00M | Scene, ViewLayer | Synchronizing object | Shoulder shell.001
Fra:1 Mem:111.35M (Peak 111.35M) | Time:00:00.06 | Mem:0.00M, Peak:0.00M | Scene, ViewLayer | Synchronizing object | Star-ring radial vane.036
Fra:1 Mem:111.38M (Peak 111.38M) | Time:00:00.06 | Mem:0.00M, Peak:0.00M | Scene, ViewLayer | Synchronizing object | Layered pauldron.001
Fra:1 Mem:111.41M (Peak 111.41M) | Time:00:00.06 | Mem:0.00M, Peak:0.00M | Scene, ViewLayer | Synchronizing object | Star-ring focus crystal.035
Fra:1 Mem:111.44M (Peak 111.44M) | Time:00:00.06 | Mem:0.00M, Peak:0.00M | Scene, ViewLayer | Synchronizing object | Armor horn.001
Fra:1 Mem:111.48M (Peak 111.48M) | Time:00:00.06 | Mem:0.00M, Peak:0.00M | Scene, ViewLayer | Synchronizing object | Star-ring radial vane.035
Fra:1 Mem:111.52M (Peak 111.52M) | Time:00:00.06 | Mem:0.00M, Peak:0.00M | Scene, ViewLayer | Synchronizing object | Tailored Cloak.004
Fra:1 Mem:111.52M (Peak 111.52M) | Time:00:00.06 | Mem:0.00M, Peak:0.00M | Scene, ViewLayer | Synchronizing object | Star-ring focus crystal.034
Fra:1 Mem:111.56M (Peak 111.56M) | Time:00:00.06 | Mem:0.00M, Peak:0.00M | Scene, ViewLayer | Synchronizing object | Collar.004
Fra:1 Mem:111.58M (Peak 111.58M) | Time:00:00.06 | Mem:0.00M, Peak:0.00M | Scene, ViewLayer | Synchronizing object | Star-ring radial vane.034
Fra:1 Mem:111.58M (Peak 111.58M) | Time:00:00.06 | Mem:0.00M, Peak:0.00M | Scene, ViewLayer | Synchronizing object | Head.004
Fra:1 Mem:111.64M (Peak 111.64M) | Time:00:00.06 | Mem:0.00M, Peak:0.00M | Scene, ViewLayer | Synchronizing object | Star-ring focus crystal.033
Fra:1 Mem:111.67M (Peak 111.67M) | Time:00:00.06 | Mem:0.00M, Peak:0.00M | Scene, ViewLayer | Synchronizing object | Eyes L.004
Fra:1 Mem:111.71M (Peak 111.71M) | Time:00:00.06 | Mem:0.00M, Peak:0.00M | Scene, ViewLayer | Synchronizing object | Star-ring radial vane.033
Fra:1 Mem:111.74M (Peak 111.74M) | Time:00:00.06 | Mem:0.00M, Peak:0.00M | Scene, ViewLayer | Synchronizing object | Eyes R.004
Fra:1 Mem:111.77M (Peak 111.77M) | Time:00:00.06 | Mem:0.00M, Peak:0.00M | Scene, ViewLayer | Synchronizing object | Star-ring focus crystal.032
Fra:1 Mem:111.80M (Peak 111.80M) | Time:00:00.06 | Mem:0.00M, Peak:0.00M | Scene, ViewLayer | Synchronizing object | Helmet.001
Fra:1 Mem:111.83M (Peak 111.83M) | Time:00:00.06 | Mem:0.00M, Peak:0.00M | Scene, ViewLayer | Synchronizing object | Star-ring radial vane.032
Fra:1 Mem:111.85M (Peak 111.85M) | Time:00:00.06 | Mem:0.00M, Peak:0.00M | Scene, ViewLayer | Synchronizing object | Helmet Crest.001
Fra:1 Mem:111.89M (Peak 111.89M) | Time:00:00.06 | Mem:0.00M, Peak:0.00M | Scene, ViewLayer | Synchronizing object | Inclined inner astrolabe.004
Fra:1 Mem:111.93M (Peak 111.93M) | Time:00:00.06 | Mem:0.00M, Peak:0.00M | Scene, ViewLayer | Synchronizing object | Nose Guard.001
Fra:1 Mem:111.97M (Peak 111.97M) | Time:00:00.06 | Mem:0.00M, Peak:0.00M | Scene, ViewLayer | Synchronizing object | Bronze outer astrolabe.004
Fra:1 Mem:111.98M (Peak 111.98M) | Time:00:00.06 | Mem:0.00M, Peak:0.00M | Scene, ViewLayer | Synchronizing object | Hair Side Lock.008
Fra:1 Mem:112.06M (Peak 112.06M) | Time:00:00.06 | Mem:0.00M, Peak:0.00M | Scene, ViewLayer | Synchronizing object | Ear.008
Fra:1 Mem:112.06M (Peak 112.06M) | Time:00:00.06 | Mem:0.00M, Peak:0.00M | Scene, ViewLayer | Synchronizing object | Master chart collar fin.003
Fra:1 Mem:112.13M (Peak 112.13M) | Time:00:00.06 | Mem:0.00M, Peak:0.00M | Scene, ViewLayer | Synchronizing object | Hair Side Lock.009
Fra:1 Mem:112.12M (Peak 112.13M) | Time:00:00.06 | Mem:0.00M, Peak:0.00M | Scene, ViewLayer | Synchronizing object | Master chart collar fin.002
Fra:1 Mem:112.19M (Peak 112.19M) | Time:00:00.06 | Mem:0.00M, Peak:0.00M | Scene, ViewLayer | Synchronizing object | Astrolabe chest frame.001
Fra:1 Mem:112.22M (Peak 112.22M) | Time:00:00.06 | Mem:0.00M, Peak:0.00M | Scene, ViewLayer | Synchronizing object | Ear.009
Fra:1 Mem:112.28M (Peak 112.28M) | Time:00:00.06 | Mem:0.00M, Peak:0.00M | Scene, ViewLayer | Synchronizing object | Nose.004
Fra:1 Mem:112.28M (Peak 112.28M) | Time:00:00.06 | Mem:0.00M, Peak:0.00M | Scene, ViewLayer | Synchronizing object | Stitched star-chart point.005
Fra:1 Mem:112.34M (Peak 112.34M) | Time:00:00.06 | Mem:0.00M, Peak:0.00M | Scene, ViewLayer | Synchronizing object | Stitched star-chart point.004
Fra:1 Mem:112.34M (Peak 112.34M) | Time:00:00.06 | Mem:0.00M, Peak:0.00M | Scene, ViewLayer | Synchronizing object | Helmet Cheek Guard.002
Fra:1 Mem:112.39M (Peak 112.39M) | Time:00:00.06 | Mem:0.00M, Peak:0.00M | Scene, ViewLayer | Synchronizing object | Stitched star-chart point.003
Fra:1 Mem:112.41M (Peak 112.41M) | Time:00:00.06 | Mem:0.00M, Peak:0.00M | Scene, ViewLayer | Synchronizing object | Helmet Cheek Guard.003
Fra:1 Mem:112.45M (Peak 112.45M) | Time:00:00.06 | Mem:0.00M, Peak:0.00M | Scene, ViewLayer | Synchronizing object | Arch scholar under-robe hem.001
Fra:1 Mem:112.47M (Peak 112.47M) | Time:00:00.06 | Mem:0.00M, Peak:0.00M | Scene, ViewLayer | Synchronizing object | Raised breastplate
Fra:1 Mem:112.51M (Peak 112.51M) | Time:00:00.06 | Mem:0.00M, Peak:0.00M | Scene, ViewLayer | Synchronizing object | Central crest
Fra:1 Mem:112.51M (Peak 112.51M) | Time:00:00.06 | Mem:0.00M, Peak:0.00M | Scene, ViewLayer | Synchronizing object | Scholar orbit yoke.001
Fra:1 Mem:112.58M (Peak 112.58M) | Time:00:00.06 | Mem:0.00M, Peak:0.00M | Scene, ViewLayer | Synchronizing object | Armor rune
Fra:1 Mem:112.61M (Peak 112.61M) | Time:00:00.06 | Mem:0.00M, Peak:0.00M | Scene, ViewLayer | Synchronizing object | Arch scholar star ray.003
Fra:1 Mem:112.64M (Peak 112.64M) | Time:00:00.06 | Mem:0.00M, Peak:0.00M | Scene, ViewLayer | Synchronizing object | Split scholar rear stole.003
Fra:1 Mem:112.67M (Peak 112.67M) | Time:00:00.06 | Mem:0.00M, Peak:0.00M | Scene, ViewLayer | Synchronizing object | Raised scholar collar.003
Fra:1 Mem:112.70M (Peak 112.70M) | Time:00:00.06 | Mem:0.00M, Peak:0.00M | Scene, ViewLayer | Synchronizing object | Scholar split side lining.003
Fra:1 Mem:112.74M (Peak 112.74M) | Time:00:00.06 | Mem:0.00M, Peak:0.00M | Scene, ViewLayer | Synchronizing object | Arch scholar star ray.002
Fra:1 Mem:112.76M (Peak 112.76M) | Time:00:00.06 | Mem:0.00M, Peak:0.00M | Scene, ViewLayer | Synchronizing object | Armor rune.001
Fra:1 Mem:112.80M (Peak 112.80M) | Time:00:00.06 | Mem:0.00M, Peak:0.00M | Scene, ViewLayer | Synchronizing object | Split scholar rear stole.002
Fra:1 Mem:112.83M (Peak 112.83M) | Time:00:00.06 | Mem:0.00M, Peak:0.00M | Scene, ViewLayer | Synchronizing object | Waist plate
Fra:1 Mem:112.86M (Peak 112.86M) | Time:00:00.06 | Mem:0.00M, Peak:0.00M | Scene, ViewLayer | Synchronizing object | Raised scholar collar.002
Fra:1 Mem:112.89M (Peak 112.89M) | Time:00:00.06 | Mem:0.00M, Peak:0.00M | Scene, ViewLayer | Synchronizing object | Waist plate.001
Fra:1 Mem:112.92M (Peak 112.92M) | Time:00:00.06 | Mem:0.00M, Peak:0.00M | Scene, ViewLayer | Synchronizing object | Scholar split side lining.002
Fra:1 Mem:112.94M (Peak 112.94M) | Time:00:00.06 | Mem:0.00M, Peak:0.00M | Scene, ViewLayer | Synchronizing object | Waist plate.002
Fra:1 Mem:112.98M (Peak 112.98M) | Time:00:00.06 | Mem:0.00M, Peak:0.00M | Scene, ViewLayer | Synchronizing object | Costume fastening.003
Fra:1 Mem:113.01M (Peak 113.01M) | Time:00:00.06 | Mem:0.00M, Peak:0.00M | Scene, ViewLayer | Synchronizing object | Waist plate.003
Fra:1 Mem:113.04M (Peak 113.04M) | Time:00:00.06 | Mem:0.00M, Peak:0.00M | Scene, ViewLayer | Synchronizing object | Robe metal seam.003
Fra:1 Mem:113.06M (Peak 113.06M) | Time:00:00.06 | Mem:0.00M, Peak:0.00M | Scene, ViewLayer | Synchronizing object | Armor forging mark
Fra:1 Mem:113.10M (Peak 113.10M) | Time:00:00.06 | Mem:0.00M, Peak:0.00M | Scene, ViewLayer | Synchronizing object | Embroidered robe panel.003
Fra:1 Mem:113.12M (Peak 113.12M) | Time:00:00.06 | Mem:0.00M, Peak:0.00M | Scene, ViewLayer | Synchronizing object | Armor forging mark.001
Fra:1 Mem:113.12M (Peak 113.12M) | Time:00:00.06 | Mem:0.00M, Peak:0.00M | Scene, ViewLayer | Synchronizing object | Robe metal seam.002
Fra:1 Mem:113.18M (Peak 113.18M) | Time:00:00.06 | Mem:0.00M, Peak:0.00M | Scene, ViewLayer | Synchronizing object | Armor forging mark.002
Fra:1 Mem:113.19M (Peak 113.19M) | Time:00:00.06 | Mem:0.00M, Peak:0.00M | Scene, ViewLayer | Synchronizing object | Embroidered robe panel.002
Fra:1 Mem:113.22M (Peak 113.22M) | Time:00:00.06 | Mem:0.00M, Peak:0.00M | Scene, ViewLayer | Synchronizing object | Equipped robe skirt.001
Fra:1 Mem:113.23M (Peak 113.23M) | Time:00:00.06 | Mem:0.00M, Peak:0.00M | Scene, ViewLayer | Synchronizing object | Scholar rear high collar.005
Fra:1 Mem:113.24M (Peak 113.24M) | Time:00:00.06 | Mem:0.00M, Peak:0.00M | Scene, ViewLayer | Synchronizing object | Armor forging mark.003
Fra:1 Mem:113.29M (Peak 113.29M) | Time:00:00.06 | Mem:0.00M, Peak:0.00M | Scene, ViewLayer | Synchronizing object | Scholar rear high collar.004
Fra:1 Mem:113.32M (Peak 113.32M) | Time:00:00.06 | Mem:0.00M, Peak:0.00M | Scene, ViewLayer | Synchronizing object | Armor forging mark.004
Fra:1 Mem:113.36M (Peak 113.36M) | Time:00:00.06 | Mem:0.00M, Peak:0.00M | Scene, ViewLayer | Synchronizing object | Pointed Wizard Hat.002
Fra:1 Mem:113.37M (Peak 113.37M) | Time:00:00.06 | Mem:0.00M, Peak:0.00M | Scene, ViewLayer | Synchronizing object | Armor forging mark.005
Fra:1 Mem:113.37M (Peak 113.37M) | Time:00:00.06 | Mem:0.00M, Peak:0.00M | Scene, ViewLayer | Synchronizing object | Nose.008
Fra:1 Mem:113.44M (Peak 113.44M) | Time:00:00.06 | Mem:0.00M, Peak:0.00M | Scene, ViewLayer | Synchronizing object | Armor forging mark.006
Fra:1 Mem:113.44M (Peak 113.44M) | Time:00:00.06 | Mem:0.00M, Peak:0.00M | Scene, ViewLayer | Synchronizing object | Ear.017
Fra:1 Mem:113.51M (Peak 113.51M) | Time:00:00.06 | Mem:0.00M, Peak:0.00M | Scene, ViewLayer | Synchronizing object | Armor forging mark.007
Fra:1 Mem:113.50M (Peak 113.51M) | Time:00:00.06 | Mem:0.00M, Peak:0.00M | Scene, ViewLayer | Synchronizing object | Hair Side Lock.017
Fra:1 Mem:113.57M (Peak 113.57M) | Time:00:00.06 | Mem:0.00M, Peak:0.00M | Scene, ViewLayer | Synchronizing object | Armor forging mark.008
Fra:1 Mem:113.60M (Peak 113.60M) | Time:00:00.06 | Mem:0.00M, Peak:0.00M | Scene, ViewLayer | Synchronizing object | Ear.016
Fra:1 Mem:113.64M (Peak 113.64M) | Time:00:00.06 | Mem:0.00M, Peak:0.00M | Scene, ViewLayer | Synchronizing object | Armor forging mark.009
Fra:1 Mem:113.67M (Peak 113.67M) | Time:00:00.06 | Mem:0.00M, Peak:0.00M | Scene, ViewLayer | Synchronizing object | Hair Side Lock.016
Fra:1 Mem:113.71M (Peak 113.71M) | Time:00:00.06 | Mem:0.00M, Peak:0.00M | Scene, ViewLayer | Synchronizing object | Armor heart
Fra:1 Mem:113.74M (Peak 113.74M) | Time:00:00.06 | Mem:0.00M, Peak:0.00M | Scene, ViewLayer | Synchronizing object | Hat Gem.002
Fra:1 Mem:113.78M (Peak 113.78M) | Time:00:00.06 | Mem:0.00M, Peak:0.00M | Scene, ViewLayer | Synchronizing object | Bronze outer astrolabe
Fra:1 Mem:113.83M (Peak 113.83M) | Time:00:00.06 | Mem:0.00M, Peak:0.00M | Scene, ViewLayer | Synchronizing object | Hat Brim.002
Fra:1 Mem:113.84M (Peak 113.84M) | Time:00:00.06 | Mem:0.00M, Peak:0.00M | Scene, ViewLayer | Synchronizing object | Eyes R.008
Fra:1 Mem:113.87M (Peak 113.87M) | Time:00:00.06 | Mem:0.00M, Peak:0.00M | Scene, ViewLayer | Synchronizing object | Inclined inner astrolabe
Fra:1 Mem:113.92M (Peak 113.92M) | Time:00:00.06 | Mem:0.00M, Peak:0.00M | Scene, ViewLayer | Synchronizing object | Eyes L.008
Fra:1 Mem:113.96M (Peak 113.96M) | Time:00:00.06 | Mem:0.00M, Peak:0.00M | Scene, ViewLayer | Synchronizing object | Star-ring radial vane
Fra:1 Mem:113.98M (Peak 113.98M) | Time:00:00.06 | Mem:0.00M, Peak:0.00M | Scene, ViewLayer | Synchronizing object | Head.008
Fra:1 Mem:114.02M (Peak 114.02M) | Time:00:00.06 | Mem:0.00M, Peak:0.00M | Scene, ViewLayer | Synchronizing object | Star-ring focus crystal
Fra:1 Mem:114.05M (Peak 114.05M) | Time:00:00.06 | Mem:0.00M, Peak:0.00M | Scene, ViewLayer | Synchronizing object | Collar.008
Fra:1 Mem:114.07M (Peak 114.07M) | Time:00:00.06 | Mem:0.00M, Peak:0.00M | Scene, ViewLayer | Synchronizing object | Tailored Cloak.008
Fra:1 Mem:114.08M (Peak 114.08M) | Time:00:00.06 | Mem:0.00M, Peak:0.00M | Scene, ViewLayer | Synchronizing object | Star-ring radial vane.001
Fra:1 Mem:114.11M (Peak 114.11M) | Time:00:00.06 | Mem:0.00M, Peak:0.00M | Scene, ViewLayer | Synchronizing object | Tailored shoulder mantle.004
Fra:1 Mem:114.16M (Peak 114.16M) | Time:00:00.06 | Mem:0.00M, Peak:0.00M | Scene, ViewLayer | Synchronizing object | Star-ring focus crystal.001
Fra:1 Mem:114.15M (Peak 114.16M) | Time:00:00.06 | Mem:0.00M, Peak:0.00M | Scene, ViewLayer | Synchronizing object | Fashion focus fin.005
Fra:1 Mem:114.20M (Peak 114.20M) | Time:00:00.06 | Mem:0.00M, Peak:0.00M | Scene, ViewLayer | Synchronizing object | Fashion focus fin.004
Fra:1 Mem:114.22M (Peak 114.22M) | Time:00:00.06 | Mem:0.00M, Peak:0.00M | Scene, ViewLayer | Synchronizing object | Star-ring radial vane.002
Fra:1 Mem:114.24M (Peak 114.24M) | Time:00:00.06 | Mem:0.00M, Peak:0.00M | Scene, ViewLayer | Synchronizing object | Fashion focus collar.002
Fra:1 Mem:114.26M (Peak 114.26M) | Time:00:00.06 | Mem:0.00M, Peak:0.00M | Scene, ViewLayer | Synchronizing object | Weapon aura shard.009
Fra:1 Mem:114.27M (Peak 114.27M) | Time:00:00.06 | Mem:0.00M, Peak:0.00M | Scene, ViewLayer | Synchronizing object | Star-ring focus crystal.002
Fra:1 Mem:114.27M (Peak 114.27M) | Time:00:00.06 | Mem:0.00M, Peak:0.00M | Scene, ViewLayer | Synchronizing object | Weapon aura shard.008
Fra:1 Mem:114.30M (Peak 114.30M) | Time:00:00.06 | Mem:0.00M, Peak:0.00M | Scene, ViewLayer | Synchronizing object | Staff forging mark.029
Fra:1 Mem:114.30M (Peak 114.30M) | Time:00:00.06 | Mem:0.00M, Peak:0.00M | Scene, ViewLayer | Synchronizing object | Staff forging mark.028
Fra:1 Mem:114.30M (Peak 114.30M) | Time:00:00.06 | Mem:0.00M, Peak:0.00M | Scene, ViewLayer | Synchronizing object | Staff forging mark.027
Fra:1 Mem:114.31M (Peak 114.31M) | Time:00:00.06 | Mem:0.00M, Peak:0.00M | Scene, ViewLayer | Synchronizing object | Star-ring radial vane.003
Fra:1 Mem:114.31M (Peak 114.31M) | Time:00:00.06 | Mem:0.00M, Peak:0.00M | Scene, ViewLayer | Synchronizing object | Staff forging mark.026
Fra:1 Mem:114.33M (Peak 114.33M) | Time:00:00.06 | Mem:0.00M, Peak:0.00M | Scene, ViewLayer | Synchronizing object | Staff forging mark.025
Fra:1 Mem:114.34M (Peak 114.34M) | Time:00:00.06 | Mem:0.00M, Peak:0.00M | Scene, ViewLayer | Synchronizing object | Staff forging mark.024
Fra:1 Mem:114.34M (Peak 114.34M) | Time:00:00.06 | Mem:0.00M, Peak:0.00M | Scene, ViewLayer | Synchronizing object | Staff forging mark.023
Fra:1 Mem:114.35M (Peak 114.35M) | Time:00:00.06 | Mem:0.00M, Peak:0.00M | Scene, ViewLayer | Synchronizing object | Star-ring focus crystal.003
Fra:1 Mem:114.35M (Peak 114.35M) | Time:00:00.06 | Mem:0.00M, Peak:0.00M | Scene, ViewLayer | Synchronizing object | Staff forging mark.022
Fra:1 Mem:114.37M (Peak 114.37M) | Time:00:00.06 | Mem:0.00M, Peak:0.00M | Scene, ViewLayer | Synchronizing object | Staff forging mark.021
Fra:1 Mem:114.38M (Peak 114.38M) | Time:00:00.06 | Mem:0.00M, Peak:0.00M | Scene, ViewLayer | Synchronizing object | Staff forging mark.020
Fra:1 Mem:114.38M (Peak 114.38M) | Time:00:00.06 | Mem:0.00M, Peak:0.00M | Scene, ViewLayer | Synchronizing object | Staff rune.008
Fra:1 Mem:114.39M (Peak 114.39M) | Time:00:00.06 | Mem:0.00M, Peak:0.00M | Scene, ViewLayer | Synchronizing object | Staff rune.007
Fra:1 Mem:114.39M (Peak 114.39M) | Time:00:00.06 | Mem:0.00M, Peak:0.00M | Scene, ViewLayer | Synchronizing object | Star-ring radial vane.004
Fra:1 Mem:114.39M (Peak 114.39M) | Time:00:00.06 | Mem:0.00M, Peak:0.00M | Scene, ViewLayer | Synchronizing object | Staff rune.006
Fra:1 Mem:114.41M (Peak 114.41M) | Time:00:00.06 | Mem:0.00M, Peak:0.00M | Scene, ViewLayer | Synchronizing object | Floating shard.005
Fra:1 Mem:114.42M (Peak 114.42M) | Time:00:00.06 | Mem:0.00M, Peak:0.00M | Scene, ViewLayer | Synchronizing object | Crystal prong.005
Fra:1 Mem:114.44M (Peak 114.44M) | Time:00:00.06 | Mem:0.00M, Peak:0.00M | Scene, ViewLayer | Synchronizing object | Star-ring focus crystal.004
Fra:1 Mem:114.44M (Peak 114.44M) | Time:00:00.06 | Mem:0.00M, Peak:0.00M | Scene, ViewLayer | Synchronizing object | Floating shard.004
Fra:1 Mem:114.47M (Peak 114.47M) | Time:00:00.06 | Mem:0.00M, Peak:0.00M | Scene, ViewLayer | Synchronizing object | Crystal prong.004
Fra:1 Mem:114.48M (Peak 114.48M) | Time:00:00.06 | Mem:0.00M, Peak:0.00M | Scene, ViewLayer | Synchronizing object | Focus crystal.002
Fra:1 Mem:114.50M (Peak 114.50M) | Time:00:00.06 | Mem:0.00M, Peak:0.00M | Scene, ViewLayer | Synchronizing object | Star-ring radial vane.005
Fra:1 Mem:114.53M (Peak 114.53M) | Time:00:00.06 | Mem:0.00M, Peak:0.00M | Scene, ViewLayer | Synchronizing object | Staff collar.002
Fra:1 Mem:114.53M (Peak 114.53M) | Time:00:00.06 | Mem:0.00M, Peak:0.00M | Scene, ViewLayer | Synchronizing object | Inlaid staff.002
Fra:1 Mem:114.54M (Peak 114.54M) | Time:00:00.06 | Mem:0.00M, Peak:0.00M | Scene, ViewLayer | Synchronizing object | Cuff Trim.017
Fra:1 Mem:114.55M (Peak 114.55M) | Time:00:00.06 | Mem:0.00M, Peak:0.00M | Scene, ViewLayer | Synchronizing object | Star-ring focus crystal.005
Fra:1 Mem:114.58M (Peak 114.58M) | Time:00:00.06 | Mem:0.00M, Peak:0.00M | Scene, ViewLayer | Synchronizing object | Forearm Bracer.017
Fra:1 Mem:114.62M (Peak 114.62M) | Time:00:00.06 | Mem:0.00M, Peak:0.00M | Scene, ViewLayer | Synchronizing object | Star-ring radial vane.006
Fra:1 Mem:114.65M (Peak 114.65M) | Time:00:00.06 | Mem:0.00M, Peak:0.00M | Scene, ViewLayer | Synchronizing object | Glove.017
Fra:1 Mem:114.68M (Peak 114.68M) | Time:00:00.06 | Mem:0.00M, Peak:0.00M | Scene, ViewLayer | Synchronizing object | Star-ring focus crystal.006
Fra:1 Mem:114.72M (Peak 114.72M) | Time:00:00.06 | Mem:0.00M, Peak:0.00M | Scene, ViewLayer | Synchronizing object | Sleeve.017
Fra:1 Mem:114.76M (Peak 114.76M) | Time:00:00.06 | Mem:0.00M, Peak:0.00M | Scene, ViewLayer | Synchronizing object | Star-ring radial vane.007
Fra:1 Mem:114.79M (Peak 114.79M) | Time:00:00.06 | Mem:0.00M, Peak:0.00M | Scene, ViewLayer | Synchronizing object | Tailored shoulder mantle.003
Fra:1 Mem:114.82M (Peak 114.82M) | Time:00:00.06 | Mem:0.00M, Peak:0.00M | Scene, ViewLayer | Synchronizing object | Star-ring focus crystal.007
Fra:1 Mem:114.85M (Peak 114.85M) | Time:00:00.06 | Mem:0.00M, Peak:0.00M | Scene, ViewLayer | Synchronizing object | Cuff Trim.016
Fra:1 Mem:114.86M (Peak 114.86M) | Time:00:00.06 | Mem:0.00M, Peak:0.00M | Scene, ViewLayer | Synchronizing object | Forearm Bracer.016
Fra:1 Mem:114.89M (Peak 114.89M) | Time:00:00.06 | Mem:0.00M, Peak:0.00M | Scene, ViewLayer | Synchronizing object | Wing clasp
Fra:1 Mem:114.94M (Peak 114.94M) | Time:00:00.06 | Mem:0.00M, Peak:0.00M | Scene, ViewLayer | Synchronizing object | Orb.004
Fra:1 Mem:114.96M (Peak 114.96M) | Time:00:00.06 | Mem:0.00M, Peak:0.00M | Scene, ViewLayer | Synchronizing object | Trouser.008
Fra:1 Mem:115.01M (Peak 115.01M) | Time:00:00.06 | Mem:0.00M, Peak:0.00M | Scene, ViewLayer | Synchronizing object | Glove.016
Fra:1 Mem:115.04M (Peak 115.04M) | Time:00:00.06 | Mem:0.00M, Peak:0.00M | Scene, ViewLayer | Synchronizing object | Boot.008
Fra:1 Mem:115.06M (Peak 115.06M) | Time:00:00.07 | Mem:0.00M, Peak:0.00M | Scene, ViewLayer | Synchronizing object | Shin Guard.008
Fra:1 Mem:115.06M (Peak 115.06M) | Time:00:00.07 | Mem:0.00M, Peak:0.00M | Scene, ViewLayer | Synchronizing object | Sleeve.016
Fra:1 Mem:115.14M (Peak 115.14M) | Time:00:00.07 | Mem:0.00M, Peak:0.00M | Scene, ViewLayer | Synchronizing object | Knee Guard.008
Fra:1 Mem:115.16M (Peak 115.16M) | Time:00:00.07 | Mem:0.00M, Peak:0.00M | Scene, ViewLayer | Synchronizing object | Buckle.008
Fra:1 Mem:115.20M (Peak 115.20M) | Time:00:00.07 | Mem:0.00M, Peak:0.00M | Scene, ViewLayer | Synchronizing object | Trouser.009
Fra:1 Mem:115.21M (Peak 115.21M) | Time:00:00.07 | Mem:0.00M, Peak:0.00M | Scene, ViewLayer | Synchronizing object | Belt.008
Fra:1 Mem:115.27M (Peak 115.27M) | Time:00:00.07 | Mem:0.00M, Peak:0.00M | Scene, ViewLayer | Synchronizing object | Breastplate.008
Fra:1 Mem:115.27M (Peak 115.27M) | Time:00:00.07 | Mem:0.00M, Peak:0.00M | Scene, ViewLayer | Synchronizing object | Boot.009
Fra:1 Mem:115.32M (Peak 115.32M) | Time:00:00.07 | Mem:0.00M, Peak:0.00M | Scene, ViewLayer | Synchronizing object | Shin Guard.009
Fra:1 Mem:115.35M (Peak 115.35M) | Time:00:00.07 | Mem:0.00M, Peak:0.00M | Scene, ViewLayer | Synchronizing object | Actual protection.007
Fra:1 Mem:115.42M (Peak 115.42M) | Time:00:00.07 | Mem:0.00M, Peak:0.00M | Scene, ViewLayer | Synchronizing object | Knee Guard.009
Fra:1 Mem:115.46M (Peak 115.46M) | Time:00:00.07 | Mem:0.00M, Peak:0.00M | Scene, ViewLayer | Synchronizing object | Knee Guard.015
Fra:1 Mem:115.49M (Peak 115.49M) | Time:00:00.07 | Mem:0.00M, Peak:0.00M | Scene, ViewLayer | Synchronizing object | Actual protection.004
Fra:1 Mem:115.55M (Peak 115.55M) | Time:00:00.07 | Mem:0.00M, Peak:0.00M | Scene, ViewLayer | Synchronizing object | Shin Guard.015
Fra:1 Mem:115.60M (Peak 115.60M) | Time:00:00.07 | Mem:0.00M, Peak:0.00M | Scene, ViewLayer | Synchronizing object | Breastplate.005
Fra:1 Mem:115.63M (Peak 115.63M) | Time:00:00.07 | Mem:0.00M, Peak:0.00M | Scene, ViewLayer | Synchronizing object | Boot.015
Fra:1 Mem:115.67M (Peak 115.67M) | Time:00:00.07 | Mem:0.00M, Peak:0.00M | Scene, ViewLayer | Synchronizing object | Trouser.015
Fra:1 Mem:115.66M (Peak 115.67M) | Time:00:00.07 | Mem:0.00M, Peak:0.00M | Scene, ViewLayer | Synchronizing object | Belt.005
Fra:1 Mem:115.72M (Peak 115.72M) | Time:00:00.07 | Mem:0.00M, Peak:0.00M | Scene, ViewLayer | Synchronizing object | Buckle.005
Fra:1 Mem:115.73M (Peak 115.73M) | Time:00:00.07 | Mem:0.00M, Peak:0.00M | Scene, ViewLayer | Synchronizing object | Knee Guard.014
Fra:1 Mem:115.79M (Peak 115.79M) | Time:00:00.07 | Mem:0.00M, Peak:0.00M | Scene, ViewLayer | Synchronizing object | Sleeve.010
Fra:1 Mem:115.79M (Peak 115.79M) | Time:00:00.07 | Mem:0.00M, Peak:0.00M | Scene, ViewLayer | Synchronizing object | Shin Guard.014
Fra:1 Mem:115.83M (Peak 115.83M) | Time:00:00.07 | Mem:0.00M, Peak:0.00M | Scene, ViewLayer | Synchronizing object | Glove.010
Fra:1 Mem:115.87M (Peak 115.87M) | Time:00:00.07 | Mem:0.00M, Peak:0.00M | Scene, ViewLayer | Synchronizing object | Orb.002
Fra:1 Mem:115.93M (Peak 115.93M) | Time:00:00.07 | Mem:0.00M, Peak:0.00M | Scene, ViewLayer | Synchronizing object | Forearm Bracer.010
Fra:1 Mem:115.96M (Peak 115.96M) | Time:00:00.07 | Mem:0.00M, Peak:0.00M | Scene, ViewLayer | Synchronizing object | Boot.014
Fra:1 Mem:115.98M (Peak 115.98M) | Time:00:00.07 | Mem:0.00M, Peak:0.00M | Scene, ViewLayer | Synchronizing object | Cuff Trim.010
Fra:1 Mem:116.00M (Peak 116.00M) | Time:00:00.07 | Mem:0.00M, Peak:0.00M | Scene, ViewLayer | Synchronizing object | Trouser.014
Fra:1 Mem:116.02M (Peak 116.02M) | Time:00:00.07 | Mem:0.00M, Peak:0.00M | Scene, ViewLayer | Synchronizing object | Tailored shoulder mantle
Fra:1 Mem:116.07M (Peak 116.07M) | Time:00:00.07 | Mem:0.00M, Peak:0.00M | Scene, ViewLayer | Synchronizing object | Sleeve.011
Fra:1 Mem:116.07M (Peak 116.07M) | Time:00:00.07 | Mem:0.00M, Peak:0.00M | Scene, ViewLayer | Synchronizing object | Wing clasp.003
Fra:1 Mem:116.14M (Peak 116.14M) | Time:00:00.07 | Mem:0.00M, Peak:0.00M | Scene, ViewLayer | Synchronizing object | Star-ring focus crystal.031
Fra:1 Mem:116.14M (Peak 116.14M) | Time:00:00.07 | Mem:0.00M, Peak:0.00M | Scene, ViewLayer | Synchronizing object | Glove.011
Fra:1 Mem:116.21M (Peak 116.21M) | Time:00:00.07 | Mem:0.00M, Peak:0.00M | Scene, ViewLayer | Synchronizing object | Star-ring radial vane.031
Fra:1 Mem:116.21M (Peak 116.21M) | Time:00:00.07 | Mem:0.00M, Peak:0.00M | Scene, ViewLayer | Synchronizing object | Forearm Bracer.011
Fra:1 Mem:116.27M (Peak 116.27M) | Time:00:00.07 | Mem:0.00M, Peak:0.00M | Scene, ViewLayer | Synchronizing object | Star-ring focus crystal.030
Fra:1 Mem:116.30M (Peak 116.30M) | Time:00:00.07 | Mem:0.00M, Peak:0.00M | Scene, ViewLayer | Synchronizing object | Cuff Trim.011
Fra:1 Mem:116.32M (Peak 116.32M) | Time:00:00.07 | Mem:0.00M, Peak:0.00M | Scene, ViewLayer | Synchronizing object | Inlaid staff
Fra:1 Mem:116.33M (Peak 116.33M) | Time:00:00.07 | Mem:0.00M, Peak:0.00M | Scene, ViewLayer | Synchronizing object | Star-ring radial vane.030
Fra:1 Mem:116.33M (Peak 116.33M) | Time:00:00.07 | Mem:0.00M, Peak:0.00M | Scene, ViewLayer | Synchronizing object | Staff collar
Fra:1 Mem:116.35M (Peak 116.35M) | Time:00:00.07 | Mem:0.00M, Peak:0.00M | Scene, ViewLayer | Synchronizing object | Focus crystal
Fra:1 Mem:116.37M (Peak 116.37M) | Time:00:00.07 | Mem:0.00M, Peak:0.00M | Scene, ViewLayer | Synchronizing object | Star-ring focus crystal.029
Fra:1 Mem:116.40M (Peak 116.40M) | Time:00:00.07 | Mem:0.00M, Peak:0.00M | Scene, ViewLayer | Synchronizing object | Star-ring radial vane.029
Fra:1 Mem:116.43M (Peak 116.43M) | Time:00:00.07 | Mem:0.00M, Peak:0.00M | Scene, ViewLayer | Synchronizing object | Star-ring focus crystal.028
Fra:1 Mem:116.47M (Peak 116.47M) | Time:00:00.07 | Mem:0.00M, Peak:0.00M | Scene, ViewLayer | Synchronizing object | Star-ring radial vane.028
Fra:1 Mem:116.50M (Peak 116.50M) | Time:00:00.07 | Mem:0.00M, Peak:0.00M | Scene, ViewLayer | Synchronizing object | Crystal prong
Fra:1 Mem:116.52M (Peak 116.52M) | Time:00:00.07 | Mem:0.00M, Peak:0.00M | Scene, ViewLayer | Synchronizing object | Star-ring focus crystal.027
Fra:1 Mem:116.55M (Peak 116.55M) | Time:00:00.07 | Mem:0.00M, Peak:0.00M | Scene, ViewLayer | Synchronizing object | Floating shard
Fra:1 Mem:116.55M (Peak 116.55M) | Time:00:00.07 | Mem:0.00M, Peak:0.00M | Scene, ViewLayer | Synchronizing object | Crystal prong.001
Fra:1 Mem:116.57M (Peak 116.57M) | Time:00:00.07 | Mem:0.00M, Peak:0.00M | Scene, ViewLayer | Synchronizing object | Star-ring radial vane.027
Fra:1 Mem:116.57M (Peak 116.57M) | Time:00:00.07 | Mem:0.00M, Peak:0.00M | Scene, ViewLayer | Synchronizing object | Floating shard.001
Fra:1 Mem:116.59M (Peak 116.59M) | Time:00:00.07 | Mem:0.00M, Peak:0.00M | Scene, ViewLayer | Synchronizing object | Staff rune
Fra:1 Mem:116.60M (Peak 116.60M) | Time:00:00.07 | Mem:0.00M, Peak:0.00M | Scene, ViewLayer | Synchronizing object | Staff rune.001
Fra:1 Mem:116.60M (Peak 116.60M) | Time:00:00.07 | Mem:0.00M, Peak:0.00M | Scene, ViewLayer | Synchronizing object | Staff rune.002
Fra:1 Mem:116.60M (Peak 116.60M) | Time:00:00.07 | Mem:0.00M, Peak:0.00M | Scene, ViewLayer | Synchronizing object | Star-ring focus crystal.026
Fra:1 Mem:116.61M (Peak 116.61M) | Time:00:00.07 | Mem:0.00M, Peak:0.00M | Scene, ViewLayer | Synchronizing object | Staff forging mark
Fra:1 Mem:116.63M (Peak 116.63M) | Time:00:00.07 | Mem:0.00M, Peak:0.00M | Scene, ViewLayer | Synchronizing object | Staff forging mark.001
Fra:1 Mem:116.64M (Peak 116.64M) | Time:00:00.07 | Mem:0.00M, Peak:0.00M | Scene, ViewLayer | Synchronizing object | Staff forging mark.002
Fra:1 Mem:116.64M (Peak 116.64M) | Time:00:00.07 | Mem:0.00M, Peak:0.00M | Scene, ViewLayer | Synchronizing object | Staff forging mark.003
Fra:1 Mem:116.65M (Peak 116.65M) | Time:00:00.07 | Mem:0.00M, Peak:0.00M | Scene, ViewLayer | Synchronizing object | Staff forging mark.004
Fra:1 Mem:116.65M (Peak 116.65M) | Time:00:00.07 | Mem:0.00M, Peak:0.00M | Scene, ViewLayer | Synchronizing object | Star-ring radial vane.026
Fra:1 Mem:116.67M (Peak 116.67M) | Time:00:00.07 | Mem:0.00M, Peak:0.00M | Scene, ViewLayer | Synchronizing object | Staff forging mark.005
Fra:1 Mem:116.68M (Peak 116.68M) | Time:00:00.07 | Mem:0.00M, Peak:0.00M | Scene, ViewLayer | Synchronizing object | Staff forging mark.006
Fra:1 Mem:116.68M (Peak 116.68M) | Time:00:00.07 | Mem:0.00M, Peak:0.00M | Scene, ViewLayer | Synchronizing object | Staff forging mark.007
Fra:1 Mem:116.69M (Peak 116.69M) | Time:00:00.07 | Mem:0.00M, Peak:0.00M | Scene, ViewLayer | Synchronizing object | Staff forging mark.008
Fra:1 Mem:116.69M (Peak 116.69M) | Time:00:00.07 | Mem:0.00M, Peak:0.00M | Scene, ViewLayer | Synchronizing object | Star-ring focus crystal.025
Fra:1 Mem:116.69M (Peak 116.69M) | Time:00:00.07 | Mem:0.00M, Peak:0.00M | Scene, ViewLayer | Synchronizing object | Staff forging mark.009
Fra:1 Mem:116.71M (Peak 116.71M) | Time:00:00.07 | Mem:0.00M, Peak:0.00M | Scene, ViewLayer | Synchronizing object | Weapon aura shard.002
Fra:1 Mem:116.72M (Peak 116.72M) | Time:00:00.07 | Mem:0.00M, Peak:0.00M | Scene, ViewLayer | Synchronizing object | Weapon aura shard.003
Fra:1 Mem:116.72M (Peak 116.72M) | Time:00:00.07 | Mem:0.00M, Peak:0.00M | Scene, ViewLayer | Synchronizing object | Fashion focus collar
Fra:1 Mem:116.74M (Peak 116.74M) | Time:00:00.07 | Mem:0.00M, Peak:0.00M | Scene, ViewLayer | Synchronizing object | Star-ring radial vane.025
Fra:1 Mem:116.76M (Peak 116.76M) | Time:00:00.07 | Mem:0.00M, Peak:0.00M | Scene, ViewLayer | Synchronizing object | Fashion focus fin
Fra:1 Mem:116.79M (Peak 116.79M) | Time:00:00.07 | Mem:0.00M, Peak:0.00M | Scene, ViewLayer | Synchronizing object | Fashion focus fin.001
Fra:1 Mem:116.80M (Peak 116.80M) | Time:00:00.07 | Mem:0.00M, Peak:0.00M | Scene, ViewLayer | Synchronizing object | Star-ring focus crystal.024
Fra:1 Mem:116.83M (Peak 116.83M) | Time:00:00.07 | Mem:0.00M, Peak:0.00M | Scene, ViewLayer | Synchronizing object | Tailored shoulder mantle.001
Fra:1 Mem:116.87M (Peak 116.87M) | Time:00:00.07 | Mem:0.00M, Peak:0.00M | Scene, ViewLayer | Synchronizing object | Tailored Cloak.005
Fra:1 Mem:116.88M (Peak 116.88M) | Time:00:00.07 | Mem:0.00M, Peak:0.00M | Scene, ViewLayer | Synchronizing object | Star-ring radial vane.024
Fra:1 Mem:116.91M (Peak 116.91M) | Time:00:00.07 | Mem:0.00M, Peak:0.00M | Scene, ViewLayer | Synchronizing object | Collar.005
Fra:1 Mem:116.93M (Peak 116.93M) | Time:00:00.07 | Mem:0.00M, Peak:0.00M | Scene, ViewLayer | Synchronizing object | Inclined inner astrolabe.003
Fra:1 Mem:117.01M (Peak 117.01M) | Time:00:00.07 | Mem:0.00M, Peak:0.00M | Scene, ViewLayer | Synchronizing object | Eyes L.005
Fra:1 Mem:117.04M (Peak 117.04M) | Time:00:00.07 | Mem:0.00M, Peak:0.00M | Scene, ViewLayer | Synchronizing object | Bronze outer astrolabe.003
Fra:1 Mem:117.09M (Peak 117.09M) | Time:00:00.07 | Mem:0.00M, Peak:0.00M | Scene, ViewLayer | Synchronizing object | Eyes R.005
Fra:1 Mem:117.13M (Peak 117.13M) | Time:00:00.07 | Mem:0.00M, Peak:0.00M | Scene, ViewLayer | Synchronizing object | Forked contract bough.001
Fra:1 Mem:117.15M (Peak 117.15M) | Time:00:00.07 | Mem:0.00M, Peak:0.00M | Scene, ViewLayer | Synchronizing object | Hat Brim.001
Fra:1 Mem:117.17M (Peak 117.17M) | Time:00:00.07 | Mem:0.00M, Peak:0.00M | Scene, ViewLayer | Synchronizing object | Hat Gem.001
Fra:1 Mem:117.21M (Peak 117.21M) | Time:00:00.07 | Mem:0.00M, Peak:0.00M | Scene, ViewLayer | Synchronizing object | Forked contract bough
Fra:1 Mem:117.25M (Peak 117.25M) | Time:00:00.07 | Mem:0.00M, Peak:0.00M | Scene, ViewLayer | Synchronizing object | Hair Side Lock.010
Fra:1 Mem:117.28M (Peak 117.28M) | Time:00:00.07 | Mem:0.00M, Peak:0.00M | Scene, ViewLayer | Synchronizing object | Contract branch ring
Fra:1 Mem:117.33M (Peak 117.33M) | Time:00:00.07 | Mem:0.00M, Peak:0.00M | Scene, ViewLayer | Synchronizing object | Ear.010
Fra:1 Mem:117.37M (Peak 117.37M) | Time:00:00.07 | Mem:0.00M, Peak:0.00M | Scene, ViewLayer | Synchronizing object | Elder contract split clasp.001
Fra:1 Mem:117.37M (Peak 117.37M) | Time:00:00.07 | Mem:0.00M, Peak:0.00M | Scene, ViewLayer | Synchronizing object | Hair Side Lock.011
Fra:1 Mem:117.43M (Peak 117.43M) | Time:00:00.07 | Mem:0.00M, Peak:0.00M | Scene, ViewLayer | Synchronizing object | Ear.011
Fra:1 Mem:117.47M (Peak 117.47M) | Time:00:00.07 | Mem:0.00M, Peak:0.00M | Scene, ViewLayer | Synchronizing object | Elder contract split clasp
Fra:1 Mem:117.49M (Peak 117.49M) | Time:00:00.07 | Mem:0.00M, Peak:0.00M | Scene, ViewLayer | Synchronizing object | Nose.005
Fra:1 Mem:117.53M (Peak 117.53M) | Time:00:00.07 | Mem:0.00M, Peak:0.00M | Scene, ViewLayer | Synchronizing object | Pointed Wizard Hat.001
Fra:1 Mem:117.54M (Peak 117.54M) | Time:00:00.07 | Mem:0.00M, Peak:0.00M | Scene, ViewLayer | Synchronizing object | Hanging contract tablet.001
Fra:1 Mem:117.55M (Peak 117.55M) | Time:00:00.07 | Mem:0.00M, Peak:0.00M | Scene, ViewLayer | Synchronizing object | Scholar rear high collar.002
Fra:1 Mem:117.60M (Peak 117.60M) | Time:00:00.07 | Mem:0.00M, Peak:0.00M | Scene, ViewLayer | Synchronizing object | Split contract shawl tail.001
Fra:1 Mem:117.60M (Peak 117.60M) | Time:00:00.07 | Mem:0.00M, Peak:0.00M | Scene, ViewLayer | Synchronizing object | Scholar rear high collar.003
Fra:1 Mem:117.66M (Peak 117.66M) | Time:00:00.07 | Mem:0.00M, Peak:0.00M | Scene, ViewLayer | Synchronizing object | Hanging contract tablet
Fra:1 Mem:117.66M (Peak 117.66M) | Time:00:00.07 | Mem:0.00M, Peak:0.00M | Scene, ViewLayer | Synchronizing object | Equipped robe skirt
Fra:1 Mem:117.69M (Peak 117.69M) | Time:00:00.07 | Mem:0.00M, Peak:0.00M | Scene, ViewLayer | Synchronizing object | Embroidered robe panel
Fra:1 Mem:117.71M (Peak 117.71M) | Time:00:00.07 | Mem:0.00M, Peak:0.00M | Scene, ViewLayer | Synchronizing object | Robe metal seam
Fra:1 Mem:117.71M (Peak 117.71M) | Time:00:00.07 | Mem:0.00M, Peak:0.00M | Scene, ViewLayer | Synchronizing object | Split contract shawl tail
Fra:1 Mem:117.77M (Peak 117.77M) | Time:00:00.07 | Mem:0.00M, Peak:0.00M | Scene, ViewLayer | Synchronizing object | Embroidered robe panel.001
Fra:1 Mem:117.77M (Peak 117.77M) | Time:00:00.07 | Mem:0.00M, Peak:0.00M | Scene, ViewLayer | Synchronizing object | Costume fastening.002
Fra:1 Mem:117.78M (Peak 117.78M) | Time:00:00.07 | Mem:0.00M, Peak:0.00M | Scene, ViewLayer | Synchronizing object | Robe metal seam.001
Fra:1 Mem:117.84M (Peak 117.84M) | Time:00:00.07 | Mem:0.00M, Peak:0.00M | Scene, ViewLayer | Synchronizing object | Costume fastening
Fra:1 Mem:117.87M (Peak 117.87M) | Time:00:00.07 | Mem:0.00M, Peak:0.00M | Scene, ViewLayer | Synchronizing object | Contract chest crystal
Fra:1 Mem:117.87M (Peak 117.87M) | Time:00:00.07 | Mem:0.00M, Peak:0.00M | Scene, ViewLayer | Synchronizing object | Spirit ritual bib
Fra:1 Mem:117.90M (Peak 117.90M) | Time:00:00.07 | Mem:0.00M, Peak:0.00M | Scene, ViewLayer | Synchronizing object | Scholar split side lining
Fra:1 Mem:117.93M (Peak 117.93M) | Time:00:00.07 | Mem:0.00M, Peak:0.00M | Scene, ViewLayer | Synchronizing object | Elder contract crown branch.001
Fra:1 Mem:117.97M (Peak 117.97M) | Time:00:00.07 | Mem:0.00M, Peak:0.00M | Scene, ViewLayer | Synchronizing object | Raised scholar collar
Fra:1 Mem:118.00M (Peak 118.00M) | Time:00:00.07 | Mem:0.00M, Peak:0.00M | Scene, ViewLayer | Synchronizing object | Contract crown outer fork.001
Fra:1 Mem:118.02M (Peak 118.02M) | Time:00:00.07 | Mem:0.00M, Peak:0.00M | Scene, ViewLayer | Synchronizing object | Split scholar rear stole
Fra:1 Mem:118.07M (Peak 118.07M) | Time:00:00.07 | Mem:0.00M, Peak:0.00M | Scene, ViewLayer | Synchronizing object | Arch scholar star ray
Fra:1 Mem:118.07M (Peak 118.07M) | Time:00:00.07 | Mem:0.00M, Peak:0.00M | Scene, ViewLayer | Synchronizing object | Elder contract crown branch
Fra:1 Mem:118.13M (Peak 118.13M) | Time:00:00.07 | Mem:0.00M, Peak:0.00M | Scene, ViewLayer | Synchronizing object | Scholar split side lining.001
Fra:1 Mem:118.16M (Peak 118.16M) | Time:00:00.07 | Mem:0.00M, Peak:0.00M | Scene, ViewLayer | Synchronizing object | Contract crown outer fork
Fra:1 Mem:118.20M (Peak 118.20M) | Time:00:00.07 | Mem:0.00M, Peak:0.00M | Scene, ViewLayer | Synchronizing object | Raised scholar collar.001
Fra:1 Mem:118.23M (Peak 118.23M) | Time:00:00.07 | Mem:0.00M, Peak:0.00M | Scene, ViewLayer | Synchronizing object | Moonstone circlet.001
Fra:1 Mem:118.26M (Peak 118.26M) | Time:00:00.07 | Mem:0.00M, Peak:0.00M | Scene, ViewLayer | Synchronizing object | Split scholar rear stole.001
Fra:1 Mem:118.30M (Peak 118.30M) | Time:00:00.07 | Mem:0.00M, Peak:0.00M | Scene, ViewLayer | Synchronizing object | Spirit antler branch.003
Fra:1 Mem:118.31M (Peak 118.31M) | Time:00:00.07 | Mem:0.00M, Peak:0.00M | Scene, ViewLayer | Synchronizing object | Arch scholar star ray.001
Fra:1 Mem:118.34M (Peak 118.34M) | Time:00:00.07 | Mem:0.00M, Peak:0.00M | Scene, ViewLayer | Synchronizing object | Spirit antler.003
Fra:1 Mem:118.37M (Peak 118.37M) | Time:00:00.07 | Mem:0.00M, Peak:0.00M | Scene, ViewLayer | Synchronizing object | Scholar orbit yoke
Fra:1 Mem:118.36M (Peak 118.37M) | Time:00:00.07 | Mem:0.00M, Peak:0.00M | Scene, ViewLayer | Synchronizing object | Spirit antler branch.002
Fra:1 Mem:118.43M (Peak 118.43M) | Time:00:00.07 | Mem:0.00M, Peak:0.00M | Scene, ViewLayer | Synchronizing object | Spirit antler.002
Fra:1 Mem:118.44M (Peak 118.44M) | Time:00:00.07 | Mem:0.00M, Peak:0.00M | Scene, ViewLayer | Synchronizing object | Nose.007
Fra:1 Mem:118.47M (Peak 118.47M) | Time:00:00.07 | Mem:0.00M, Peak:0.00M | Scene, ViewLayer | Synchronizing object | Arch scholar under-robe hem
Fra:1 Mem:118.51M (Peak 118.51M) | Time:00:00.07 | Mem:0.00M, Peak:0.00M | Scene, ViewLayer | Synchronizing object | Ear.015
Fra:1 Mem:118.53M (Peak 118.53M) | Time:00:00.07 | Mem:0.00M, Peak:0.00M | Scene, ViewLayer | Synchronizing object | Stitched star-chart point
Fra:1 Mem:118.58M (Peak 118.58M) | Time:00:00.07 | Mem:0.00M, Peak:0.00M | Scene, ViewLayer | Synchronizing object | Stitched star-chart point.001
Fra:1 Mem:118.60M (Peak 118.60M) | Time:00:00.07 | Mem:0.00M, Peak:0.00M | Scene, ViewLayer | Synchronizing object | Hair Side Lock.015
Fra:1 Mem:118.64M (Peak 118.64M) | Time:00:00.07 | Mem:0.00M, Peak:0.00M | Scene, ViewLayer | Synchronizing object | Stitched star-chart point.002
Fra:1 Mem:118.67M (Peak 118.67M) | Time:00:00.07 | Mem:0.00M, Peak:0.00M | Scene, ViewLayer | Synchronizing object | Ear.014
Fra:1 Mem:118.70M (Peak 118.70M) | Time:00:00.07 | Mem:0.00M, Peak:0.00M | Scene, ViewLayer | Synchronizing object | Astrolabe chest frame
Fra:1 Mem:118.75M (Peak 118.75M) | Time:00:00.07 | Mem:0.00M, Peak:0.00M | Scene, ViewLayer | Synchronizing object | Hair Side Lock.014
Fra:1 Mem:118.79M (Peak 118.79M) | Time:00:00.07 | Mem:0.00M, Peak:0.00M | Scene, ViewLayer | Synchronizing object | Master chart collar fin
Fra:1 Mem:118.82M (Peak 118.82M) | Time:00:00.07 | Mem:0.00M, Peak:0.00M | Scene, ViewLayer | Synchronizing object | Eyes R.007
Fra:1 Mem:118.85M (Peak 118.85M) | Time:00:00.07 | Mem:0.00M, Peak:0.00M | Scene, ViewLayer | Synchronizing object | Master chart collar fin.001
Fra:1 Mem:118.88M (Peak 118.88M) | Time:00:00.07 | Mem:0.00M, Peak:0.00M | Scene, ViewLayer | Synchronizing object | Eyes L.007
Fra:1 Mem:118.92M (Peak 118.92M) | Time:00:00.07 | Mem:0.00M, Peak:0.00M | Scene, ViewLayer | Synchronizing object | Bronze outer astrolabe.001
Fra:1 Mem:118.97M (Peak 118.97M) | Time:00:00.07 | Mem:0.00M, Peak:0.00M | Scene, ViewLayer | Synchronizing object | Head.007
Fra:1 Mem:119.00M (Peak 119.00M) | Time:00:00.07 | Mem:0.00M, Peak:0.00M | Scene, ViewLayer | Synchronizing object | Inclined inner astrolabe.001
Fra:1 Mem:119.04M (Peak 119.04M) | Time:00:00.07 | Mem:0.00M, Peak:0.00M | Scene, ViewLayer | Synchronizing object | Collar.007
Fra:1 Mem:119.06M (Peak 119.06M) | Time:00:00.07 | Mem:0.00M, Peak:0.00M | Scene, ViewLayer | Synchronizing object | Tailored Cloak.007
Fra:1 Mem:119.08M (Peak 119.08M) | Time:00:00.07 | Mem:0.00M, Peak:0.00M | Scene, ViewLayer | Synchronizing object | Master contract leaf.001
Fra:1 Mem:119.08M (Peak 119.08M) | Time:00:00.07 | Mem:0.00M, Peak:0.00M | Scene, ViewLayer | Synchronizing object | Star-ring radial vane.008
Fra:1 Mem:119.11M (Peak 119.11M) | Time:00:00.07 | Mem:0.00M, Peak:0.00M | Scene, ViewLayer | Synchronizing object | Divided contract shoulder fan.001
Fra:1 Mem:119.12M (Peak 119.12M) | Time:00:00.07 | Mem:0.00M, Peak:0.00M | Scene, ViewLayer | Synchronizing object | Tiered leaf shoulder.005
Fra:1 Mem:119.13M (Peak 119.13M) | Time:00:00.07 | Mem:0.00M, Peak:0.00M | Scene, ViewLayer | Synchronizing object | Star-ring focus crystal.008
Fra:1 Mem:119.13M (Peak 119.13M) | Time:00:00.07 | Mem:0.00M, Peak:0.00M | Scene, ViewLayer | Synchronizing object | Tiered leaf shoulder.004
Fra:1 Mem:119.16M (Peak 119.16M) | Time:00:00.07 | Mem:0.00M, Peak:0.00M | Scene, ViewLayer | Synchronizing object | Tiered leaf shoulder.003
Fra:1 Mem:119.17M (Peak 119.17M) | Time:00:00.07 | Mem:0.00M, Peak:0.00M | Scene, ViewLayer | Synchronizing object | Fashion focus fin.003
Fra:1 Mem:119.18M (Peak 119.18M) | Time:00:00.07 | Mem:0.00M, Peak:0.00M | Scene, ViewLayer | Synchronizing object | Star-ring radial vane.009
Fra:1 Mem:119.22M (Peak 119.22M) | Time:00:00.07 | Mem:0.00M, Peak:0.00M | Scene, ViewLayer | Synchronizing object | Fashion focus fin.002
Fra:1 Mem:119.24M (Peak 119.24M) | Time:00:00.07 | Mem:0.00M, Peak:0.00M | Scene, ViewLayer | Synchronizing object | Fashion focus collar.001
Fra:1 Mem:119.24M (Peak 119.24M) | Time:00:00.07 | Mem:0.00M, Peak:0.00M | Scene, ViewLayer | Synchronizing object | Star-ring focus crystal.009
Fra:1 Mem:119.28M (Peak 119.28M) | Time:00:00.07 | Mem:0.00M, Peak:0.00M | Scene, ViewLayer | Synchronizing object | Weapon aura shard.007
Fra:1 Mem:119.29M (Peak 119.29M) | Time:00:00.07 | Mem:0.00M, Peak:0.00M | Scene, ViewLayer | Synchronizing object | Weapon aura shard.006
Fra:1 Mem:119.30M (Peak 119.30M) | Time:00:00.07 | Mem:0.00M, Peak:0.00M | Scene, ViewLayer | Synchronizing object | Staff forging mark.019
Fra:1 Mem:119.29M (Peak 119.30M) | Time:00:00.07 | Mem:0.00M, Peak:0.00M | Scene, ViewLayer | Synchronizing object | Star-ring radial vane.010
Fra:1 Mem:119.31M (Peak 119.31M) | Time:00:00.07 | Mem:0.00M, Peak:0.00M | Scene, ViewLayer | Synchronizing object | Staff forging mark.018
Fra:1 Mem:119.32M (Peak 119.32M) | Time:00:00.07 | Mem:0.00M, Peak:0.00M | Scene, ViewLayer | Synchronizing object | Staff forging mark.017
Fra:1 Mem:119.33M (Peak 119.33M) | Time:00:00.07 | Mem:0.00M, Peak:0.00M | Scene, ViewLayer | Synchronizing object | Staff forging mark.016
Fra:1 Mem:119.33M (Peak 119.33M) | Time:00:00.07 | Mem:0.00M, Peak:0.00M | Scene, ViewLayer | Synchronizing object | Star-ring focus crystal.010
Fra:1 Mem:119.34M (Peak 119.34M) | Time:00:00.07 | Mem:0.00M, Peak:0.00M | Scene, ViewLayer | Synchronizing object | Staff forging mark.015
Fra:1 Mem:119.36M (Peak 119.36M) | Time:00:00.07 | Mem:0.00M, Peak:0.00M | Scene, ViewLayer | Synchronizing object | Staff forging mark.014
Fra:1 Mem:119.36M (Peak 119.36M) | Time:00:00.07 | Mem:0.00M, Peak:0.00M | Scene, ViewLayer | Synchronizing object | Staff forging mark.013
Fra:1 Mem:119.37M (Peak 119.37M) | Time:00:00.07 | Mem:0.00M, Peak:0.00M | Scene, ViewLayer | Synchronizing object | Staff forging mark.012
Fra:1 Mem:119.37M (Peak 119.37M) | Time:00:00.07 | Mem:0.00M, Peak:0.00M | Scene, ViewLayer | Synchronizing object | Star-ring radial vane.011
Fra:1 Mem:119.37M (Peak 119.37M) | Time:00:00.07 | Mem:0.00M, Peak:0.00M | Scene, ViewLayer | Synchronizing object | Staff forging mark.011
Fra:1 Mem:119.39M (Peak 119.39M) | Time:00:00.07 | Mem:0.00M, Peak:0.00M | Scene, ViewLayer | Synchronizing object | Staff forging mark.010
Fra:1 Mem:119.40M (Peak 119.40M) | Time:00:00.07 | Mem:0.00M, Peak:0.00M | Scene, ViewLayer | Synchronizing object | Staff rune.005
Fra:1 Mem:119.40M (Peak 119.40M) | Time:00:00.07 | Mem:0.00M, Peak:0.00M | Scene, ViewLayer | Synchronizing object | Staff rune.004
Fra:1 Mem:119.41M (Peak 119.41M) | Time:00:00.07 | Mem:0.00M, Peak:0.00M | Scene, ViewLayer | Synchronizing object | Star-ring focus crystal.011
Fra:1 Mem:119.41M (Peak 119.41M) | Time:00:00.07 | Mem:0.00M, Peak:0.00M | Scene, ViewLayer | Synchronizing object | Staff rune.003
Fra:1 Mem:119.43M (Peak 119.43M) | Time:00:00.07 | Mem:0.00M, Peak:0.00M | Scene, ViewLayer | Synchronizing object | Floating shard.003
Fra:1 Mem:119.44M (Peak 119.44M) | Time:00:00.07 | Mem:0.00M, Peak:0.00M | Scene, ViewLayer | Synchronizing object | Crystal prong.003
Fra:1 Mem:119.46M (Peak 119.46M) | Time:00:00.07 | Mem:0.00M, Peak:0.00M | Scene, ViewLayer | Synchronizing object | Star-ring radial vane.012
Fra:1 Mem:119.48M (Peak 119.48M) | Time:00:00.07 | Mem:0.00M, Peak:0.00M | Scene, ViewLayer | Synchronizing object | Floating shard.002
Fra:1 Mem:119.49M (Peak 119.49M) | Time:00:00.07 | Mem:0.00M, Peak:0.00M | Scene, ViewLayer | Synchronizing object | Crystal prong.002
Fra:1 Mem:119.51M (Peak 119.51M) | Time:00:00.07 | Mem:0.00M, Peak:0.00M | Scene, ViewLayer | Synchronizing object | Focus crystal.001
Fra:1 Mem:119.51M (Peak 119.51M) | Time:00:00.07 | Mem:0.00M, Peak:0.00M | Scene, ViewLayer | Synchronizing object | Star-ring focus crystal.012
Fra:1 Mem:119.55M (Peak 119.55M) | Time:00:00.07 | Mem:0.00M, Peak:0.00M | Scene, ViewLayer | Synchronizing object | Staff collar.001
Fra:1 Mem:119.56M (Peak 119.56M) | Time:00:00.07 | Mem:0.00M, Peak:0.00M | Scene, ViewLayer | Synchronizing object | Inlaid staff.001
Fra:1 Mem:119.57M (Peak 119.57M) | Time:00:00.07 | Mem:0.00M, Peak:0.00M | Scene, ViewLayer | Synchronizing object | Star-ring radial vane.013
Fra:1 Mem:119.57M (Peak 119.57M) | Time:00:00.07 | Mem:0.00M, Peak:0.00M | Scene, ViewLayer | Synchronizing object | Cuff Trim.015
Fra:1 Mem:119.60M (Peak 119.60M) | Time:00:00.07 | Mem:0.00M, Peak:0.00M | Scene, ViewLayer | Synchronizing object | Forearm Bracer.015
Fra:1 Mem:119.64M (Peak 119.64M) | Time:00:00.07 | Mem:0.00M, Peak:0.00M | Scene, ViewLayer | Synchronizing object | Star-ring focus crystal.013
Fra:1 Mem:119.68M (Peak 119.68M) | Time:00:00.07 | Mem:0.00M, Peak:0.00M | Scene, ViewLayer | Synchronizing object | Glove.015
Fra:1 Mem:119.70M (Peak 119.70M) | Time:00:00.07 | Mem:0.00M, Peak:0.00M | Scene, ViewLayer | Synchronizing object | Star-ring radial vane.014
Fra:1 Mem:119.74M (Peak 119.74M) | Time:00:00.07 | Mem:0.00M, Peak:0.00M | Scene, ViewLayer | Synchronizing object | Sleeve.015
Fra:1 Mem:119.75M (Peak 119.75M) | Time:00:00.07 | Mem:0.00M, Peak:0.00M | Scene, ViewLayer | Synchronizing object | Star-ring focus crystal.014
Fra:1 Mem:119.82M (Peak 119.82M) | Time:00:00.07 | Mem:0.00M, Peak:0.00M | Scene, ViewLayer | Synchronizing object | Star-ring radial vane.015
Fra:1 Mem:119.84M (Peak 119.84M) | Time:00:00.07 | Mem:0.00M, Peak:0.00M | Scene, ViewLayer | Synchronizing object | Divided contract shoulder fan
Fra:1 Mem:119.85M (Peak 119.85M) | Time:00:00.07 | Mem:0.00M, Peak:0.00M | Scene, ViewLayer | Synchronizing object | Tiered leaf shoulder.002
Fra:1 Mem:119.86M (Peak 119.86M) | Time:00:00.07 | Mem:0.00M, Peak:0.00M | Scene, ViewLayer | Synchronizing object | Star-ring focus crystal.015
Fra:1 Mem:119.87M (Peak 119.87M) | Time:00:00.07 | Mem:0.00M, Peak:0.00M | Scene, ViewLayer | Synchronizing object | Tiered leaf shoulder.001
Fra:1 Mem:119.89M (Peak 119.89M) | Time:00:00.07 | Mem:0.00M, Peak:0.00M | Scene, ViewLayer | Synchronizing object | Tiered leaf shoulder
Fra:1 Mem:119.89M (Peak 119.89M) | Time:00:00.07 | Mem:0.00M, Peak:0.00M | Scene, ViewLayer | Synchronizing object | Cuff Trim.014
Fra:1 Mem:119.90M (Peak 119.90M) | Time:00:00.07 | Mem:0.00M, Peak:0.00M | Scene, ViewLayer | Synchronizing object | Forearm Bracer.014
Fra:1 Mem:119.94M (Peak 119.94M) | Time:00:00.07 | Mem:0.00M, Peak:0.00M | Scene, ViewLayer | Synchronizing object | Orb.003
Fra:1 Mem:119.98M (Peak 119.98M) | Time:00:00.07 | Mem:0.00M, Peak:0.00M | Scene, ViewLayer | Synchronizing object | Glove.014
Fra:1 Mem:120.03M (Peak 120.03M) | Time:00:00.07 | Mem:0.00M, Peak:0.00M | Scene, ViewLayer | Synchronizing object | Wing clasp.001
Fra:1 Mem:120.03M (Peak 120.03M) | Time:00:00.07 | Mem:0.00M, Peak:0.00M | Scene, ViewLayer | Synchronizing object | Sleeve.014
Fra:1 Mem:120.10M (Peak 120.10M) | Time:00:00.07 | Mem:0.00M, Peak:0.00M | Scene, ViewLayer | Synchronizing object | Trouser.010
Fra:1 Mem:120.12M (Peak 120.12M) | Time:00:00.07 | Mem:0.00M, Peak:0.00M | Scene, ViewLayer | Synchronizing object | Buckle.007
Fra:1 Mem:120.16M (Peak 120.16M) | Time:00:00.07 | Mem:0.00M, Peak:0.00M | Scene, ViewLayer | Synchronizing object | Boot.010
Fra:1 Mem:120.18M (Peak 120.18M) | Time:00:00.07 | Mem:0.00M, Peak:0.00M | Scene, ViewLayer | Synchronizing object | Shin Guard.010
Fra:1 Mem:120.22M (Peak 120.22M) | Time:00:00.07 | Mem:0.00M, Peak:0.00M | Scene, ViewLayer | Synchronizing object | Knee Guard.010
Fra:1 Mem:120.25M (Peak 120.25M) | Time:00:00.07 | Mem:0.00M, Peak:0.00M | Scene, ViewLayer | Synchronizing object | Trouser.011
Fra:1 Mem:120.29M (Peak 120.29M) | Time:00:00.07 | Mem:0.00M, Peak:0.00M | Scene, ViewLayer | Synchronizing object | Boot.011
Fra:1 Mem:120.31M (Peak 120.31M) | Time:00:00.07 | Mem:0.00M, Peak:0.00M | Scene, ViewLayer | Synchronizing object | Shin Guard.011
Fra:1 Mem:120.35M (Peak 120.35M) | Time:00:00.07 | Mem:0.00M, Peak:0.00M | Scene, ViewLayer | Synchronizing object | Knee Guard.011
Fra:1 Mem:120.38M (Peak 120.38M) | Time:00:00.07 | Mem:0.00M, Peak:0.00M | Scene, ViewLayer | Synchronizing object | Actual protection.005
Fra:1 Mem:120.45M (Peak 120.45M) | Time:00:00.07 | Mem:0.00M, Peak:0.00M | Scene, ViewLayer | Synchronizing object | Breastplate.006
Fra:1 Mem:120.49M (Peak 120.49M) | Time:00:00.07 | Mem:0.00M, Peak:0.00M | Scene, ViewLayer | Synchronizing object | Belt.006
Fra:1 Mem:120.52M (Peak 120.52M) | Time:00:00.07 | Mem:0.00M, Peak:0.00M | Scene, ViewLayer | Synchronizing object | Buckle.006
Fra:1 Mem:120.55M (Peak 120.55M) | Time:00:00.07 | Mem:0.00M, Peak:0.00M | Scene, ViewLayer | Synchronizing object | Sleeve.012
Fra:1 Mem:120.59M (Peak 120.59M) | Time:00:00.07 | Mem:0.00M, Peak:0.00M | Scene, ViewLayer | Synchronizing object | Glove.012
Fra:1 Mem:120.62M (Peak 120.62M) | Time:00:00.07 | Mem:0.00M, Peak:0.00M | Scene, ViewLayer | Synchronizing object | Forearm Bracer.012
Fra:1 Mem:120.64M (Peak 120.64M) | Time:00:00.07 | Mem:0.00M, Peak:0.00M | Scene, ViewLayer | Synchronizing object | Belt.007
Fra:1 Mem:120.68M (Peak 120.68M) | Time:00:00.07 | Mem:0.00M, Peak:0.00M | Scene, ViewLayer | Synchronizing object | Cuff Trim.012
Fra:1 Mem:120.69M (Peak 120.69M) | Time:00:00.07 | Mem:0.00M, Peak:0.00M | Scene, ViewLayer | Synchronizing object | Breastplate.007
Fra:1 Mem:120.70M (Peak 120.70M) | Time:00:00.07 | Mem:0.00M, Peak:0.00M | Scene, ViewLayer | Synchronizing object | Arrow rest.001
Fra:1 Mem:120.73M (Peak 120.73M) | Time:00:00.07 | Mem:0.00M, Peak:0.00M | Scene, ViewLayer | Synchronizing object | Arrow Shaft.001
Fra:1 Mem:120.74M (Peak 120.74M) | Time:00:00.07 | Mem:0.00M, Peak:0.00M | Scene, ViewLayer | Synchronizing object | Arrow Head.001
Fra:1 Mem:120.74M (Peak 120.74M) | Time:00:00.07 | Mem:0.00M, Peak:0.00M | Scene, ViewLayer | Synchronizing object | Arrow Fletching.003
Fra:1 Mem:120.75M (Peak 120.75M) | Time:00:00.07 | Mem:0.00M, Peak:0.00M | Scene, ViewLayer | Synchronizing object | Actual protection.006
Fra:1 Mem:120.77M (Peak 120.77M) | Time:00:00.07 | Mem:0.00M, Peak:0.00M | Scene, ViewLayer | Synchronizing object | Arrow Fletching.004
Fra:1 Mem:120.80M (Peak 120.80M) | Time:00:00.07 | Mem:0.00M, Peak:0.00M | Scene, ViewLayer | Synchronizing object | Arrow Fletching.005
Fra:1 Mem:120.81M (Peak 120.81M) | Time:00:00.07 | Mem:0.00M, Peak:0.00M | Scene, ViewLayer | Synchronizing object | Bow grip
Fra:1 Mem:120.83M (Peak 120.83M) | Time:00:00.07 | Mem:0.00M, Peak:0.00M | Scene, ViewLayer | Synchronizing object | Layered bow limb
Fra:1 Mem:120.84M (Peak 120.84M) | Time:00:00.07 | Mem:0.00M, Peak:0.00M | Scene, ViewLayer | Synchronizing object | Layered bow limb.001
Fra:1 Mem:120.84M (Peak 120.84M) | Time:00:00.07 | Mem:0.00M, Peak:0.00M | Scene, ViewLayer | Synchronizing object | Knee Guard.013
Fra:1 Mem:120.86M (Peak 120.86M) | Time:00:00.07 | Mem:0.00M, Peak:0.00M | Scene, ViewLayer | Synchronizing object | Layered bow limb.002
Fra:1 Mem:120.88M (Peak 120.88M) | Time:00:00.07 | Mem:0.00M, Peak:0.00M | Scene, ViewLayer | Synchronizing object | Layered bow limb.003
Fra:1 Mem:120.89M (Peak 120.89M) | Time:00:00.07 | Mem:0.00M, Peak:0.00M | Scene, ViewLayer | Synchronizing object | Bow tip
Fra:1 Mem:120.90M (Peak 120.90M) | Time:00:00.07 | Mem:0.00M, Peak:0.00M | Scene, ViewLayer | Synchronizing object | Bow horn
Fra:1 Mem:120.90M (Peak 120.90M) | Time:00:00.07 | Mem:0.00M, Peak:0.00M | Scene, ViewLayer | Synchronizing object | Shin Guard.013
Fra:1 Mem:120.93M (Peak 120.93M) | Time:00:00.07 | Mem:0.00M, Peak:0.00M | Scene, ViewLayer | Synchronizing object | Layered bow limb.004
Fra:1 Mem:120.94M (Peak 120.94M) | Time:00:00.07 | Mem:0.00M, Peak:0.00M | Scene, ViewLayer | Synchronizing object | Layered bow limb.005
Fra:1 Mem:120.95M (Peak 120.95M) | Time:00:00.07 | Mem:0.00M, Peak:0.00M | Scene, ViewLayer | Synchronizing object | Layered bow limb.006
Fra:1 Mem:120.96M (Peak 120.96M) | Time:00:00.07 | Mem:0.00M, Peak:0.00M | Scene, ViewLayer | Synchronizing object | Boot.013
Fra:1 Mem:120.97M (Peak 120.97M) | Time:00:00.07 | Mem:0.00M, Peak:0.00M | Scene, ViewLayer | Synchronizing object | Layered bow limb.007
Fra:1 Mem:120.99M (Peak 120.99M) | Time:00:00.07 | Mem:0.00M, Peak:0.00M | Scene, ViewLayer | Synchronizing object | Bow tip.001
Fra:1 Mem:120.99M (Peak 120.99M) | Time:00:00.07 | Mem:0.00M, Peak:0.00M | Scene, ViewLayer | Synchronizing object | Trouser.013
Fra:1 Mem:120.99M (Peak 120.99M) | Time:00:00.07 | Mem:0.00M, Peak:0.00M | Scene, ViewLayer | Synchronizing object | Bow horn.001
Fra:1 Mem:121.03M (Peak 121.03M) | Time:00:00.07 | Mem:0.00M, Peak:0.00M | Scene, ViewLayer | Synchronizing object | Bow focus
Fra:1 Mem:121.03M (Peak 121.03M) | Time:00:00.07 | Mem:0.00M, Peak:0.00M | Scene, ViewLayer | Synchronizing object | Bow forging mark
Fra:1 Mem:121.04M (Peak 121.04M) | Time:00:00.07 | Mem:0.00M, Peak:0.00M | Scene, ViewLayer | Synchronizing object | Bow forging mark.001
Fra:1 Mem:121.04M (Peak 121.04M) | Time:00:00.07 | Mem:0.00M, Peak:0.00M | Scene, ViewLayer | Synchronizing object | Bow forging mark.002
Fra:1 Mem:121.04M (Peak 121.04M) | Time:00:00.07 | Mem:0.00M, Peak:0.00M | Scene, ViewLayer | Synchronizing object | Knee Guard.012
Fra:1 Mem:121.05M (Peak 121.05M) | Time:00:00.07 | Mem:0.00M, Peak:0.00M | Scene, ViewLayer | Synchronizing object | Bow forging mark.003
Fra:1 Mem:121.07M (Peak 121.07M) | Time:00:00.07 | Mem:0.00M, Peak:0.00M | Scene, ViewLayer | Synchronizing object | Bow forging mark.004
Fra:1 Mem:121.08M (Peak 121.08M) | Time:00:00.07 | Mem:0.00M, Peak:0.00M | Scene, ViewLayer | Synchronizing object | Bow forging mark.005
Fra:1 Mem:121.08M (Peak 121.08M) | Time:00:00.07 | Mem:0.00M, Peak:0.00M | Scene, ViewLayer | Synchronizing object | Bow forging mark.006
Fra:1 Mem:121.09M (Peak 121.09M) | Time:00:00.07 | Mem:0.00M, Peak:0.00M | Scene, ViewLayer | Synchronizing object | Shin Guard.012
Fra:1 Mem:121.09M (Peak 121.09M) | Time:00:00.07 | Mem:0.00M, Peak:0.00M | Scene, ViewLayer | Synchronizing object | Bow forging mark.007
Fra:1 Mem:121.11M (Peak 121.11M) | Time:00:00.07 | Mem:0.00M, Peak:0.00M | Scene, ViewLayer | Synchronizing object | Bow forging mark.008
Fra:1 Mem:121.12M (Peak 121.12M) | Time:00:00.07 | Mem:0.00M, Peak:0.00M | Scene, ViewLayer | Synchronizing object | Bow forging mark.009
Fra:1 Mem:121.12M (Peak 121.12M) | Time:00:00.07 | Mem:0.00M, Peak:0.00M | Scene, ViewLayer | Synchronizing object | Weapon aura shard.004
Fra:1 Mem:121.13M (Peak 121.13M) | Time:00:00.07 | Mem:0.00M, Peak:0.00M | Scene, ViewLayer | Synchronizing object | Weapon aura shard.005
Fra:1 Mem:121.13M (Peak 121.13M) | Time:00:00.07 | Mem:0.00M, Peak:0.00M | Scene, ViewLayer | Synchronizing object | Fashion bow limb crest
Fra:1 Mem:121.15M (Peak 121.15M) | Time:00:00.07 | Mem:0.00M, Peak:0.00M | Scene, ViewLayer | Synchronizing object | Boot.012
Fra:1 Mem:121.16M (Peak 121.16M) | Time:00:00.07 | Mem:0.00M, Peak:0.00M | Scene, ViewLayer | Synchronizing object | Fashion bow limb crest.001
Fra:1 Mem:121.19M (Peak 121.19M) | Time:00:00.07 | Mem:0.00M, Peak:0.00M | Scene, ViewLayer | Synchronizing object | Trouser.012
Fra:1 Mem:121.19M (Peak 121.19M) | Time:00:00.07 | Mem:0.00M, Peak:0.00M | Scene, ViewLayer | Synchronizing object | Tailored shoulder mantle.002
Fra:1 Mem:121.25M (Peak 121.25M) | Time:00:00.07 | Mem:0.00M, Peak:0.00M | Scene, ViewLayer | Synchronizing object | Master hunter raised left guard
Fra:1 Mem:121.27M (Peak 121.27M) | Time:00:00.07 | Mem:0.00M, Peak:0.00M | Scene, ViewLayer | Synchronizing object | Wing clasp.002
Fra:1 Mem:121.31M (Peak 121.31M) | Time:00:00.07 | Mem:0.00M, Peak:0.00M | Scene, ViewLayer | Synchronizing object | Layered ranger arm guard
Fra:1 Mem:121.34M (Peak 121.34M) | Time:00:00.07 | Mem:0.00M, Peak:0.00M | Scene, ViewLayer | Synchronizing object | Star-ring focus crystal.023
Fra:1 Mem:121.38M (Peak 121.38M) | Time:00:00.07 | Mem:0.00M, Peak:0.00M | Scene, ViewLayer | Synchronizing object | Layered ranger arm guard.001
Fra:1 Mem:121.41M (Peak 121.41M) | Time:00:00.07 | Mem:0.00M, Peak:0.00M | Scene, ViewLayer | Synchronizing object | Star-ring radial vane.023
Fra:1 Mem:121.44M (Peak 121.44M) | Time:00:00.07 | Mem:0.00M, Peak:0.00M | Scene, ViewLayer | Synchronizing object | Master ranger feather crest
Fra:1 Mem:121.45M (Peak 121.45M) | Time:00:00.07 | Mem:0.00M, Peak:0.00M | Scene, ViewLayer | Synchronizing object | Sleeve.013
Fra:1 Mem:121.45M (Peak 121.45M) | Time:00:00.07 | Mem:0.00M, Peak:0.00M | Scene, ViewLayer | Synchronizing object | Star-ring focus crystal.022
Fra:1 Mem:121.52M (Peak 121.52M) | Time:00:00.07 | Mem:0.00M, Peak:0.00M | Scene, ViewLayer | Synchronizing object | Glove.013
Fra:1 Mem:121.52M (Peak 121.52M) | Time:00:00.07 | Mem:0.00M, Peak:0.00M | Scene, ViewLayer | Synchronizing object | Star-ring radial vane.022
Fra:1 Mem:121.59M (Peak 121.59M) | Time:00:00.07 | Mem:0.00M, Peak:0.00M | Scene, ViewLayer | Synchronizing object | Forearm Bracer.013
Fra:1 Mem:121.58M (Peak 121.59M) | Time:00:00.07 | Mem:0.00M, Peak:0.00M | Scene, ViewLayer | Synchronizing object | Star-ring focus crystal.021
Fra:1 Mem:121.66M (Peak 121.66M) | Time:00:00.07 | Mem:0.00M, Peak:0.00M | Scene, ViewLayer | Synchronizing object | Cuff Trim.013
Fra:1 Mem:121.65M (Peak 121.66M) | Time:00:00.07 | Mem:0.00M, Peak:0.00M | Scene, ViewLayer | Synchronizing object | Star-ring radial vane.021
Fra:1 Mem:121.69M (Peak 121.69M) | Time:00:00.07 | Mem:0.00M, Peak:0.00M | Scene, ViewLayer | Synchronizing object | Tailored Cloak.006
Fra:1 Mem:121.71M (Peak 121.71M) | Time:00:00.07 | Mem:0.00M, Peak:0.00M | Scene, ViewLayer | Synchronizing object | Star-ring focus crystal.020
Fra:1 Mem:121.73M (Peak 121.73M) | Time:00:00.07 | Mem:0.00M, Peak:0.00M | Scene, ViewLayer | Synchronizing object | Quiver.001
Fra:1 Mem:121.79M (Peak 121.79M) | Time:00:00.07 | Mem:0.00M, Peak:0.00M | Scene, ViewLayer | Synchronizing object | Star-ring radial vane.020
Fra:1 Mem:121.79M (Peak 121.79M) | Time:00:00.07 | Mem:0.00M, Peak:0.00M | Scene, ViewLayer | Synchronizing object | Spare Arrow.003
Fra:1 Mem:121.82M (Peak 121.82M) | Time:00:00.07 | Mem:0.00M, Peak:0.00M | Scene, ViewLayer | Synchronizing object | Spare Arrow.004
Fra:1 Mem:121.84M (Peak 121.84M) | Time:00:00.07 | Mem:0.00M, Peak:0.00M | Scene, ViewLayer | Synchronizing object | Star-ring focus crystal.019
Fra:1 Mem:121.84M (Peak 121.84M) | Time:00:00.07 | Mem:0.00M, Peak:0.00M | Scene, ViewLayer | Synchronizing object | Spare Arrow.005
Fra:1 Mem:121.88M (Peak 121.88M) | Time:00:00.07 | Mem:0.00M, Peak:0.00M | Scene, ViewLayer | Synchronizing object | Collar.006
Fra:1 Mem:121.90M (Peak 121.90M) | Time:00:00.07 | Mem:0.00M, Peak:0.00M | Scene, ViewLayer | Synchronizing object | Star-ring radial vane.019
Fra:1 Mem:121.92M (Peak 121.92M) | Time:00:00.07 | Mem:0.00M, Peak:0.00M | Scene, ViewLayer | Synchronizing object | Scarf.001
Fra:1 Mem:121.95M (Peak 121.95M) | Time:00:00.07 | Mem:0.00M, Peak:0.00M | Scene, ViewLayer | Synchronizing object | Star-ring focus crystal.018
Fra:1 Mem:121.99M (Peak 121.99M) | Time:00:00.07 | Mem:0.00M, Peak:0.00M | Scene, ViewLayer | Synchronizing object | Scarf Tail.001
Fra:1 Mem:122.02M (Peak 122.02M) | Time:00:00.07 | Mem:0.00M, Peak:0.00M | Scene, ViewLayer | Synchronizing object | Star-ring radial vane.018
Fra:1 Mem:122.04M (Peak 122.04M) | Time:00:00.07 | Mem:0.00M, Peak:0.00M | Scene, ViewLayer | Synchronizing object | Head.006
Fra:1 Mem:122.08M (Peak 122.08M) | Time:00:00.07 | Mem:0.00M, Peak:0.00M | Scene, ViewLayer | Synchronizing object | Star-ring focus crystal.017
Fra:1 Mem:122.11M (Peak 122.11M) | Time:00:00.07 | Mem:0.00M, Peak:0.00M | Scene, ViewLayer | Synchronizing object | Eyes L.006
Fra:1 Mem:122.15M (Peak 122.15M) | Time:00:00.07 | Mem:0.00M, Peak:0.00M | Scene, ViewLayer | Synchronizing object | Star-ring radial vane.017
Fra:1 Mem:122.18M (Peak 122.18M) | Time:00:00.07 | Mem:0.00M, Peak:0.00M | Scene, ViewLayer | Synchronizing object | Eyes R.006
Fra:1 Mem:122.21M (Peak 122.21M) | Time:00:00.07 | Mem:0.00M, Peak:0.00M | Scene, ViewLayer | Synchronizing object | Star-ring focus crystal.016
Fra:1 Mem:122.25M (Peak 122.25M) | Time:00:00.07 | Mem:0.00M, Peak:0.00M | Scene, ViewLayer | Synchronizing object | Forest Hood.001
Fra:1 Mem:122.29M (Peak 122.29M) | Time:00:00.07 | Mem:0.00M, Peak:0.00M | Scene, ViewLayer | Synchronizing object | Star-ring radial vane.016
Fra:1 Mem:122.31M (Peak 122.31M) | Time:00:00.07 | Mem:0.00M, Peak:0.00M | Scene, ViewLayer | Synchronizing object | Feather.001
Fra:1 Mem:122.36M (Peak 122.36M) | Time:00:00.07 | Mem:0.00M, Peak:0.00M | Scene, ViewLayer | Synchronizing object | Inclined inner astrolabe.002
Fra:1 Mem:122.40M (Peak 122.40M) | Time:00:00.07 | Mem:0.00M, Peak:0.00M | Scene, ViewLayer | Synchronizing object | Hair Side Lock.012
Fra:1 Mem:122.44M (Peak 122.44M) | Time:00:00.07 | Mem:0.00M, Peak:0.00M | Scene, ViewLayer | Synchronizing object | Bronze outer astrolabe.002
Fra:1 Mem:122.47M (Peak 122.47M) | Time:00:00.07 | Mem:0.00M, Peak:0.00M | Scene, ViewLayer | Synchronizing object | Ear.012
Fra:1 Mem:122.53M (Peak 122.53M) | Time:00:00.07 | Mem:0.00M, Peak:0.00M | Scene, ViewLayer | Synchronizing object | Hair Side Lock.013
Fra:1 Mem:122.55M (Peak 122.55M) | Time:00:00.07 | Mem:0.00M, Peak:0.00M | Scene, ViewLayer | Synchronizing object | Ranger clasp.001
Fra:1 Mem:122.60M (Peak 122.60M) | Time:00:00.07 | Mem:0.00M, Peak:0.00M | Scene, ViewLayer | Synchronizing object | Ear.013
Fra:1 Mem:122.62M (Peak 122.62M) | Time:00:00.07 | Mem:0.00M, Peak:0.00M | Scene, ViewLayer | Synchronizing object | Ranger clasp
Fra:1 Mem:122.66M (Peak 122.66M) | Time:00:00.07 | Mem:0.00M, Peak:0.00M | Scene, ViewLayer | Synchronizing object | Nose.006
Fra:1 Mem:122.68M (Peak 122.68M) | Time:00:00.07 | Mem:0.00M, Peak:0.00M | Scene, ViewLayer | Synchronizing object | Master hunter quiver rail.001
Fra:1 Mem:122.72M (Peak 122.72M) | Time:00:00.07 | Mem:0.00M, Peak:0.00M | Scene, ViewLayer | Synchronizing object | Asymmetric leather chest wrap
Fra:1 Mem:122.74M (Peak 122.74M) | Time:00:00.07 | Mem:0.00M, Peak:0.00M | Scene, ViewLayer | Synchronizing object | Master hunter quiver rail
Fra:1 Mem:122.78M (Peak 122.78M) | Time:00:00.07 | Mem:0.00M, Peak:0.00M | Scene, ViewLayer | Synchronizing object | Costume fastening.001
Fra:1 Mem:122.81M (Peak 122.81M) | Time:00:00.07 | Mem:0.00M, Peak:0.00M | Scene, ViewLayer | Synchronizing object | Hunter layered hip tab.002
Fra:1 Mem:122.84M (Peak 122.84M) | Time:00:00.07 | Mem:0.00M, Peak:0.00M | Scene, ViewLayer | Synchronizing object | Hunter quiver harness
Fra:1 Mem:122.85M (Peak 122.85M) | Time:00:00.07 | Mem:0.00M, Peak:0.00M | Scene, ViewLayer | Synchronizing object | Hunter layered hip tab.001
Fra:1 Mem:122.90M (Peak 122.90M) | Time:00:00.07 | Mem:0.00M, Peak:0.00M | Scene, ViewLayer | Synchronizing object | Hunter quiver retaining hoop
Fra:1 Mem:122.92M (Peak 122.92M) | Time:00:00.07 | Mem:0.00M, Peak:0.00M | Scene, ViewLayer | Synchronizing object | Hunter layered hip tab
Fra:1 Mem:122.96M (Peak 122.96M) | Time:00:00.07 | Mem:0.00M, Peak:0.00M | Scene, ViewLayer | Synchronizing object | Hunter quiver retaining hoop.001
Fra:1 Mem:122.98M (Peak 122.98M) | Time:00:00.07 | Mem:0.00M, Peak:0.00M | Scene, ViewLayer | Synchronizing object | Hunter offside utility flap
Fra:1 Mem:123.02M (Peak 123.02M) | Time:00:00.07 | Mem:0.00M, Peak:0.00M | Scene, ViewLayer | Initializing
Fra:1 Mem:86.29M (Peak 123.02M) | Time:00:00.09 | Mem:0.00M, Peak:0.00M | Scene, ViewLayer | Waiting for render to start
Fra:1 Mem:86.29M (Peak 123.02M) | Time:00:00.09 | Mem:0.00M, Peak:0.00M | Scene, ViewLayer | Loading render kernels (may take a few minutes the first time)
Fra:1 Mem:86.29M (Peak 123.02M) | Time:00:00.09 | Mem:0.00M, Peak:0.00M | Scene, ViewLayer | Updating Scene
Fra:1 Mem:86.29M (Peak 123.02M) | Time:00:00.09 | Mem:0.00M, Peak:0.00M | Scene, ViewLayer | Updating Shaders
Fra:1 Mem:86.42M (Peak 123.02M) | Time:00:00.09 | Mem:0.04M, Peak:0.04M | Scene, ViewLayer | Updating Procedurals
Fra:1 Mem:86.42M (Peak 123.02M) | Time:00:00.09 | Mem:0.04M, Peak:0.04M | Scene, ViewLayer | Updating Background
Fra:1 Mem:86.42M (Peak 123.02M) | Time:00:00.09 | Mem:0.04M, Peak:0.04M | Scene, ViewLayer | Updating Camera
Fra:1 Mem:86.42M (Peak 123.02M) | Time:00:00.09 | Mem:0.04M, Peak:0.04M | Scene, ViewLayer | Updating Meshes Flags
Fra:1 Mem:86.42M (Peak 123.02M) | Time:00:00.09 | Mem:0.04M, Peak:0.04M | Scene, ViewLayer | Updating Objects
Fra:1 Mem:86.42M (Peak 123.02M) | Time:00:00.09 | Mem:0.04M, Peak:0.04M | Scene, ViewLayer | Updating Objects | Copying Transformations to device
Fra:1 Mem:86.62M (Peak 123.02M) | Time:00:00.09 | Mem:0.24M, Peak:0.24M | Scene, ViewLayer | Updating Objects | Applying Static Transformations
Fra:1 Mem:86.62M (Peak 123.02M) | Time:00:00.09 | Mem:0.24M, Peak:0.24M | Scene, ViewLayer | Updating Particle Systems
Fra:1 Mem:86.62M (Peak 123.02M) | Time:00:00.09 | Mem:0.24M, Peak:0.24M | Scene, ViewLayer | Updating Particle Systems | Copying Particles to device
Fra:1 Mem:86.62M (Peak 123.02M) | Time:00:00.09 | Mem:0.24M, Peak:0.24M | Scene, ViewLayer | Updating Meshes
Fra:1 Mem:90.19M (Peak 123.02M) | Time:00:00.10 | Mem:0.24M, Peak:0.24M | Scene, ViewLayer | Updating Mesh | Computing attributes
Fra:1 Mem:92.24M (Peak 123.02M) | Time:00:00.10 | Mem:0.29M, Peak:0.29M | Scene, ViewLayer | Updating Mesh | Copying Attributes to device
Fra:1 Mem:92.11M (Peak 123.02M) | Time:00:00.10 | Mem:2.16M, Peak:2.16M | Scene, ViewLayer | Updating Scene BVH | Building
Fra:1 Mem:92.12M (Peak 123.02M) | Time:00:00.10 | Mem:2.16M, Peak:2.16M | Scene, ViewLayer | Updating Scene BVH | Building BVH
Fra:1 Mem:92.12M (Peak 123.02M) | Time:00:00.10 | Mem:9.30M, Peak:9.30M | Scene, ViewLayer | Updating Scene BVH | Building BVH 0%
Fra:1 Mem:92.12M (Peak 123.02M) | Time:00:00.13 | Mem:17.07M, Peak:24.21M | Scene, ViewLayer | Updating Scene BVH | Copying BVH to device
Fra:1 Mem:92.12M (Peak 123.02M) | Time:00:00.13 | Mem:17.07M, Peak:24.21M | Scene, ViewLayer | Updating Mesh | Computing normals
Fra:1 Mem:102.39M (Peak 123.02M) | Time:00:00.14 | Mem:17.07M, Peak:24.21M | Scene, ViewLayer | Updating Mesh | Copying Mesh to device
Fra:1 Mem:102.39M (Peak 123.02M) | Time:00:00.14 | Mem:27.34M, Peak:27.34M | Scene, ViewLayer | Updating Objects Flags
Fra:1 Mem:102.39M (Peak 123.02M) | Time:00:00.14 | Mem:27.34M, Peak:27.34M | Scene, ViewLayer | Updating Primitive Offsets
Fra:1 Mem:102.40M (Peak 123.02M) | Time:00:00.14 | Mem:27.35M, Peak:27.35M | Scene, ViewLayer | Updating Images
Fra:1 Mem:102.40M (Peak 123.02M) | Time:00:00.14 | Mem:27.35M, Peak:27.35M | Scene, ViewLayer | Updating Camera Volume
Fra:1 Mem:102.40M (Peak 123.02M) | Time:00:00.14 | Mem:27.35M, Peak:27.35M | Scene, ViewLayer | Updating Lookup Tables
Fra:1 Mem:102.40M (Peak 123.02M) | Time:00:00.14 | Mem:27.43M, Peak:27.43M | Scene, ViewLayer | Updating Lights
Fra:1 Mem:102.40M (Peak 123.02M) | Time:00:00.14 | Mem:27.43M, Peak:27.43M | Scene, ViewLayer | Updating Lights | Computing tree
Fra:1 Mem:102.40M (Peak 123.02M) | Time:00:00.14 | Mem:27.43M, Peak:27.43M | Scene, ViewLayer | Updating Integrator
Fra:1 Mem:102.40M (Peak 123.02M) | Time:00:00.14 | Mem:27.43M, Peak:27.43M | Scene, ViewLayer | Updating Film
Fra:1 Mem:102.41M (Peak 123.02M) | Time:00:00.14 | Mem:27.35M, Peak:27.43M | Scene, ViewLayer | Updating Lookup Tables
Fra:1 Mem:102.41M (Peak 123.02M) | Time:00:00.14 | Mem:27.44M, Peak:27.44M | Scene, ViewLayer | Updating Baking
Fra:1 Mem:102.41M (Peak 123.02M) | Time:00:00.14 | Mem:27.44M, Peak:27.44M | Scene, ViewLayer | Updating Device | Writing constant memory
Fra:1 Mem:102.42M (Peak 123.02M) | Time:00:00.14 | Mem:27.44M, Peak:27.44M | Scene, ViewLayer | Sample 0/16
Fra:1 Mem:213.67M (Peak 213.67M) | Time:00:03.71 | Remaining:00:53.62 | Mem:138.67M, Peak:138.67M | Scene, ViewLayer | Sample 1/16
Fra:1 Mem:213.67M (Peak 213.67M) | Time:00:30.70 | Remaining:00:23.76 | Mem:138.67M, Peak:138.67M | Scene, ViewLayer | Sample 9/16
Fra:1 Mem:263.11M (Peak 361.98M) | Time:00:54.53 | Mem:138.67M, Peak:138.67M | Scene, ViewLayer | Sample 16/16
Fra:1 Mem:263.11M (Peak 361.98M) | Time:00:54.53 | Mem:138.67M, Peak:138.67M | Scene, ViewLayer | Finished
Saved: 'ArtSource/FinalBodyEnvelope/Combined-Protection-Actions.png'
Time: 00:55.03 (Saving: 00:00.49)

Actual BSDF Alpha values: [0.35, 1]
PASS eight combined body/protection and real weapon pose samples, actual palette and line positions; Blender reconstruction NOT Unity

Blender quit
